Hour,Charging_Cost (USCts/kWh),Discharging_Revenue (USCts/kWh),LMC (USCts/kWh),Peak_Hour,Net_Profit (USCts/kWh),Date
1,0,0,17,0,0,1/1/2025 0:00
2,0,62.78385093,17,0,62.78385093,1/1/2025 1:00
3,0,41.84732215,15,0,41.84732215,1/1/2025 2:00
4,0,26.67454939,14,0,26.67454939,1/1/2025 3:00
5,0,58.97031351,16,0,58.97031351,1/1/2025 4:00
6,0,46.17538953,17,1,46.17538953,1/1/2025 5:00
7,0,70.23064365,17,1,70.23064365,1/1/2025 6:00
8,0,47.67466553,17,1,47.67466553,1/1/2025 7:00
9,0,76.47146943,14,1,76.47146943,1/1/2025 8:00
10,18.41199053,45.28083942,16,0,26.86884889,1/1/2025 9:00
11,38.46444366,0,16,0,-38.46444366,1/1/2025 10:00
12,38.81399128,14.25301238,16,0,-24.5609789,1/1/2025 11:00
13,0,60.01016553,17,0,60.01016553,1/1/2025 12:00
14,39.99751786,31.33502638,17,0,-8.662491485,1/1/2025 13:00
15,21.39013901,47.09086706,17,0,25.70072804,1/1/2025 14:00
16,0,14.97418718,17,0,14.97418718,1/1/2025 15:00
17,0,92.52431877,17,1,92.52431877,1/1/2025 16:00
18,0,46.36796919,17,1,46.36796919,1/1/2025 17:00
19,0,172.040099,32,1,172.040099,1/1/2025 18:00
20,0,71.83753132,17,1,71.83753132,1/1/2025 19:00
21,0,46.41081941,17,1,46.41081941,1/1/2025 20:00
22,0,48.42930804,17,0,48.42930804,1/1/2025 21:00
23,0,62.52781172,17,0,62.52781172,1/1/2025 22:00
24,0,15.22293558,17,0,15.22293558,1/1/2025 23:00
25,0,46.68407933,17,0,46.68407933,1/2/2025 0:00
26,0,46.3975329,17,0,46.3975329,1/2/2025 1:00
27,0,48.1503846,17,0,48.1503846,1/2/2025 2:00
28,0,46.72720116,17,0,46.72720116,1/2/2025 3:00
29,0,46.95804307,17,0,46.95804307,1/2/2025 4:00
30,0,45.81868915,17,1,45.81868915,1/2/2025 5:00
31,0,73.58432144,17,1,73.58432144,1/2/2025 6:00
32,0,48.52089968,17,1,48.52089968,1/2/2025 7:00
33,21.33102423,47.77736099,17,1,26.44633675,1/2/2025 8:00
34,21.17425201,46.45010556,17,0,25.27585355,1/2/2025 9:00
35,59.42699539,14.92308462,17,0,-44.50391077,1/2/2025 10:00
36,39.33548695,31.81165999,17,0,-7.523826966,1/2/2025 11:00
37,39.42664439,32.6533013,17,0,-6.773343087,1/2/2025 12:00
38,39.36704294,15.41178542,17,0,-23.95525751,1/2/2025 13:00
39,0,47.76423884,17,0,47.76423884,1/2/2025 14:00
40,0,31.833006,17,0,31.833006,1/2/2025 15:00
41,0,69.56490034,17,1,69.56490034,1/2/2025 16:00
42,0,70.56827938,17,1,70.56827938,1/2/2025 17:00
43,0,310.4672775,74,1,310.4672775,1/2/2025 18:00
44,0,97.08163474,74,1,97.08163474,1/2/2025 19:00
45,0,68.124852,17,1,68.124852,1/2/2025 20:00
46,0,46.36368611,17,0,46.36368611,1/2/2025 21:00
47,0,15.99869596,17,0,15.99869596,1/2/2025 22:00
48,0,32.20228548,17,0,32.20228548,1/2/2025 23:00
49,0,15.1505395,17,0,15.1505395,1/3/2025 0:00
50,0,15.35150628,17,0,15.35150628,1/3/2025 1:00
51,0,14.22674187,16,0,14.22674187,1/3/2025 2:00
52,0,45.05770048,16,0,45.05770048,1/3/2025 3:00
53,0,43.76035231,16,0,43.76035231,1/3/2025 4:00
54,0,69.36804615,17,1,69.36804615,1/3/2025 5:00
55,0,48.73082486,17,1,48.73082486,1/3/2025 6:00
56,28.73417681,33.52700138,12,1,4.792824574,1/3/2025 7:00
57,23.47278617,24.63155052,9,1,1.158764357,1/3/2025 8:00
58,41.37384957,11.08493971,12,0,-30.28890985,1/3/2025 9:00
59,23.82665572,16.99015529,9,0,-6.83650043,1/3/2025 10:00
60,35.39637398,30.4939914,16,0,-4.902382578,1/3/2025 11:00
61,53.93242877,14.2326467,16,0,-39.69978207,1/3/2025 12:00
62,25.13094205,20.5397502,11,0,-4.591191849,1/3/2025 13:00
63,38.9553777,31.61243344,17,0,-7.342944256,1/3/2025 14:00
64,40.8952469,15.62516523,17,0,-25.27008166,1/3/2025 15:00
65,0,22.78432525,17,1,22.78432525,1/3/2025 16:00
66,0,48.71932688,17,1,48.71932688,1/3/2025 17:00
67,0,0,24,1,0,1/3/2025 18:00
68,0,106.235959,39,1,106.235959,1/3/2025 19:00
69,0,24.19993613,17,1,24.19993613,1/3/2025 20:00
70,0,31.57535662,17,0,31.57535662,1/3/2025 21:00
71,0,32.2038804,17,0,32.2038804,1/3/2025 22:00
72,0,15.476486,17,0,15.476486,1/3/2025 23:00
73,0,46.64040963,17,0,46.64040963,1/4/2025 0:00
74,0,29.93913789,17,0,29.93913789,1/4/2025 1:00
75,0,15.97106983,17,0,15.97106983,1/4/2025 2:00
76,0,15.31327731,17,0,15.31327731,1/4/2025 3:00
77,0,15.38758098,17,0,15.38758098,1/4/2025 4:00
78,0,46.6894988,17,1,46.6894988,1/4/2025 5:00
79,0,68.91195585,17,1,68.91195585,1/4/2025 6:00
80,40.26212012,48.27192135,17,1,8.009801229,1/4/2025 7:00
81,58.12916978,22.9438534,17,1,-35.18531637,1/4/2025 8:00
82,19.37615379,47.37145896,17,0,27.99530516,1/4/2025 9:00
83,81.00090821,22.53401132,24,0,-58.46689689,1/4/2025 10:00
84,81.27707521,22.04332378,24,0,-59.23375143,1/4/2025 11:00
85,58.20455819,15.80769882,17,0,-42.39685937,1/4/2025 12:00
86,54.52403156,44.54583922,24,0,-9.978192339,1/4/2025 13:00
87,73.88114792,55.51689483,31,0,-18.36425309,1/4/2025 14:00
88,28.76041941,46.63380187,25,0,17.87338246,1/4/2025 15:00
89,0,196.0061901,46,1,196.0061901,1/4/2025 16:00
90,0,145.9323615,53,1,145.9323615,1/4/2025 17:00
91,0,94.14918714,67,1,94.14918714,1/4/2025 18:00
92,0,168.8804111,60,1,168.8804111,1/4/2025 19:00
93,0,0,17,1,0,1/4/2025 20:00
94,0,47.67763458,17,0,47.67763458,1/4/2025 21:00
95,0,15.87157678,17,0,15.87157678,1/4/2025 22:00
96,0,15.08384929,17,0,15.08384929,1/4/2025 23:00
97,0,31.77080113,17,0,31.77080113,1/5/2025 0:00
98,0,32.35205284,17,0,32.35205284,1/5/2025 1:00
99,0,31.46021547,17,0,31.46021547,1/5/2025 2:00
100,0,14.99100276,17,0,14.99100276,1/5/2025 3:00
101,0,0,17,0,0,1/5/2025 4:00
102,0,24.30627796,17,1,24.30627796,1/5/2025 5:00
103,0,46.01268426,17,1,46.01268426,1/5/2025 6:00
104,21.07960124,46.55155865,17,1,25.47195741,1/5/2025 7:00
105,59.95867746,22.51417355,17,1,-37.44450392,1/5/2025 8:00
106,78.88421703,0,17,0,-78.88421703,1/5/2025 9:00
107,39.77368865,31.20170176,17,0,-8.571986887,1/5/2025 10:00
108,39.12489816,31.36732369,17,0,-7.757574465,1/5/2025 11:00
109,19.80404912,46.4944909,17,0,26.69044178,1/5/2025 12:00
110,58.97640379,16.15754432,17,0,-42.81885947,1/5/2025 13:00
111,82.49167054,22.35493435,24,0,-60.13673619,1/5/2025 14:00
112,35.79026923,85.96578737,31,0,50.17551815,1/5/2025 15:00
113,0,157.7314136,38,1,157.7314136,1/5/2025 16:00
114,0,128.2120512,46,1,128.2120512,1/5/2025 17:00
115,0,140.7894851,53,1,140.7894851,1/5/2025 18:00
116,0,0,46,1,0,1/5/2025 19:00
117,0,70.95484131,17,1,70.95484131,1/5/2025 20:00
118,0,0,17,0,0,1/5/2025 21:00
119,0,29.99169079,17,0,29.99169079,1/5/2025 22:00
120,0,46.58011635,17,0,46.58011635,1/5/2025 23:00
121,0,48.23591882,17,0,48.23591882,1/6/2025 0:00
122,0,0,17,0,0,1/6/2025 1:00
123,0,0,17,0,0,1/6/2025 2:00
124,0,46.54785995,17,0,46.54785995,1/6/2025 3:00
125,0,14.93353315,17,0,14.93353315,1/6/2025 4:00
126,0,72.27655831,17,1,72.27655831,1/6/2025 5:00
127,0,68.78705988,17,1,68.78705988,1/6/2025 6:00
128,41.73056075,46.98802856,17,1,5.257467815,1/6/2025 7:00
129,39.97008202,46.17322426,17,1,6.203142237,1/6/2025 8:00
130,59.17164351,15.42769595,17,0,-43.74394756,1/6/2025 9:00
131,19.68513699,46.54669484,17,0,26.86155785,1/6/2025 10:00
132,39.01523717,30.72273602,17,0,-8.292501157,1/6/2025 11:00
133,39.21595032,32.04208665,17,0,-7.173863667,1/6/2025 12:00
134,19.71035478,46.55561437,17,0,26.84525958,1/6/2025 13:00
135,39.59098848,30.73696975,17,0,-8.854018721,1/6/2025 14:00
136,29.35690791,66.83475083,24,0,37.47784291,1/6/2025 15:00
137,0,129.9944884,31,1,129.9944884,1/6/2025 16:00
138,0,244.304986,60,1,244.304986,1/6/2025 17:00
139,0,368.3132267,88,1,368.3132267,1/6/2025 18:00
140,0,181.0151569,67,1,181.0151569,1/6/2025 19:00
141,0,69.7736159,17,1,69.7736159,1/6/2025 20:00
142,0,31.19132567,17,0,31.19132567,1/6/2025 21:00
143,0,15.81942849,17,0,15.81942849,1/6/2025 22:00
144,0,15.99022258,17,0,15.99022258,1/6/2025 23:00
145,0,31.75105525,17,0,31.75105525,1/7/2025 0:00
146,0,0,17,0,0,1/7/2025 1:00
147,0,31.6998779,17,0,31.6998779,1/7/2025 2:00
148,0,47.91709879,17,0,47.91709879,1/7/2025 3:00
149,0,47.68192041,17,0,47.68192041,1/7/2025 4:00
150,0,46.76948514,17,1,46.76948514,1/7/2025 5:00
151,0,69.91433919,17,1,69.91433919,1/7/2025 6:00
152,0,70.79251448,17,1,70.79251448,1/7/2025 7:00
153,27.93250564,97.8741481,24,1,69.94164246,1/7/2025 8:00
154,53.83788549,43.40421019,24,0,-10.4336753,1/7/2025 9:00
155,80.96668359,21.26085949,24,0,-59.7058241,1/7/2025 10:00
156,38.46287892,31.27507848,17,0,-7.187800443,1/7/2025 11:00
157,39.24134036,32.32306154,17,0,-6.918278821,1/7/2025 12:00
158,77.94202414,0,17,0,-77.94202414,1/7/2025 13:00
159,58.73819234,16.18956051,17,0,-42.54863183,1/7/2025 14:00
160,20.12948807,47.50911959,17,0,27.37963151,1/7/2025 15:00
161,0,67.90351124,24,1,67.90351124,1/7/2025 16:00
162,0,176.8557499,67,1,176.8557499,1/7/2025 17:00
163,0,93.97205293,67,1,93.97205293,1/7/2025 18:00
164,0,269.9578153,67,1,269.9578153,1/7/2025 19:00
165,0,85.23199907,31,1,85.23199907,1/7/2025 20:00
166,0,31.81623668,17,0,31.81623668,1/7/2025 21:00
167,0,48.1788318,17,0,48.1788318,1/7/2025 22:00
168,0,15.39314481,17,0,15.39314481,1/7/2025 23:00
169,0,30.52790436,17,0,30.52790436,1/8/2025 0:00
170,0,45.11499402,17,0,45.11499402,1/8/2025 1:00
171,0,15.36259225,17,0,15.36259225,1/8/2025 2:00
172,0,0,17,0,0,1/8/2025 3:00
173,0,15.52491521,17,0,15.52491521,1/8/2025 4:00
174,0,92.18168738,17,1,92.18168738,1/8/2025 5:00
175,0,24.379714,17,1,24.379714,1/8/2025 6:00
176,41.70013732,47.52886301,17,1,5.828725685,1/8/2025 7:00
177,20.26958574,72.63012232,17,1,52.36053658,1/8/2025 8:00
178,38.27980436,30.30566852,17,0,-7.974135833,1/8/2025 9:00
179,40.40316197,31.14844545,17,0,-9.254716521,1/8/2025 10:00
180,18.79950087,46.80073827,17,0,28.0012374,1/8/2025 11:00
181,39.04639458,30.582489,17,0,-8.463905585,1/8/2025 12:00
182,19.40964621,47.94711397,17,0,28.53746776,1/8/2025 13:00
183,39.152943,31.44950487,17,0,-7.70343813,1/8/2025 14:00
184,29.34287,68.18201449,25,0,38.83914448,1/8/2025 15:00
185,0,252.4829199,46,1,252.4829199,1/8/2025 16:00
186,0,66.04466527,46,1,66.04466527,1/8/2025 17:00
187,0,82.85336614,61,1,82.85336614,1/8/2025 18:00
188,0,247.7496547,60,1,247.7496547,1/8/2025 19:00
189,0,124.0213343,46,1,124.0213343,1/8/2025 20:00
190,0,33.30955252,18,0,33.30955252,1/8/2025 21:00
191,0,30.2083231,17,0,30.2083231,1/8/2025 22:00
192,0,31.2951609,17,0,31.2951609,1/8/2025 23:00
193,0,46.77379834,17,0,46.77379834,1/9/2025 0:00
194,0,0,17,0,0,1/9/2025 1:00
195,0,47.57800457,17,0,47.57800457,1/9/2025 2:00
196,0,31.09839159,17,0,31.09839159,1/9/2025 3:00
197,0,16.33173693,17,0,16.33173693,1/9/2025 4:00
198,0,45.72087966,17,1,45.72087966,1/9/2025 5:00
199,0,47.03047229,17,1,47.03047229,1/9/2025 6:00
200,39.89029326,47.35169005,17,1,7.461396791,1/9/2025 7:00
201,18.90727836,70.94690274,17,1,52.03962438,1/9/2025 8:00
202,108.3229927,0,24,0,-108.3229927,1/9/2025 9:00
203,108.5958993,0,24,0,-108.5958993,1/9/2025 10:00
204,39.31612688,30.82928552,17,0,-8.486841359,1/9/2025 11:00
205,39.20316993,31.44492721,17,0,-7.758242724,1/9/2025 12:00
206,19.69988003,46.21696781,17,0,26.51708778,1/9/2025 13:00
207,40.26327078,31.78952456,17,0,-8.473746216,1/9/2025 14:00
208,40.52198756,31.28447617,17,0,-9.237511387,1/9/2025 15:00
209,0,103.880534,25,1,103.880534,1/9/2025 16:00
210,0,47.62741817,17,1,47.62741817,1/9/2025 17:00
211,0,250.0422874,46,1,250.0422874,1/9/2025 18:00
212,0,50.92310472,18,1,50.92310472,1/9/2025 19:00
213,0,47.1619464,17,1,47.1619464,1/9/2025 20:00
214,0,46.18867807,17,0,46.18867807,1/9/2025 21:00
215,0,15.26117242,17,0,15.26117242,1/9/2025 22:00
216,0,47.40979835,17,0,47.40979835,1/9/2025 23:00
217,0,14.99371275,17,0,14.99371275,1/10/2025 0:00
218,0,32.31814644,17,0,32.31814644,1/10/2025 1:00
219,0,44.44438164,16,0,44.44438164,1/10/2025 2:00
220,0,29.8940125,16,0,29.8940125,1/10/2025 3:00
221,0,14.64449666,16,0,14.64449666,1/10/2025 4:00
222,0,48.54927549,17,1,48.54927549,1/10/2025 5:00
223,0,71.87621191,17,1,71.87621191,1/10/2025 6:00
224,48.07267351,17.76984942,13,1,-30.30282408,1/10/2025 7:00
225,35.123097,11.87465974,9,1,-23.24843727,1/10/2025 8:00
226,11.20782139,27.09406186,10,0,15.88624047,1/10/2025 9:00
227,23.01270234,14.28412062,8,0,-8.728581721,1/10/2025 10:00
228,38.78399023,9.868898319,11,0,-28.91509191,1/10/2025 11:00
229,55.12730838,14.54805797,16,0,-40.57925042,1/10/2025 12:00
230,16.73508662,38.16394858,14,0,21.42886196,1/10/2025 13:00
231,74.35008336,0,16,0,-74.35008336,1/10/2025 14:00
232,41.22800092,31.66314796,17,0,-9.564852958,1/10/2025 15:00
233,0,70.92322147,17,1,70.92322147,1/10/2025 16:00
234,0,67.20696823,17,1,67.20696823,1/10/2025 17:00
235,0,100.5250704,18,1,100.5250704,1/10/2025 18:00
236,0,103.6577205,25,1,103.6577205,1/10/2025 19:00
237,0,73.51943596,18,1,73.51943596,1/10/2025 20:00
238,0,31.26937717,17,0,31.26937717,1/10/2025 21:00
239,0,29.9843884,17,0,29.9843884,1/10/2025 22:00
240,0,45.7951667,17,0,45.7951667,1/10/2025 23:00
241,0,31.38779281,17,0,31.38779281,1/11/2025 0:00
242,0,15.81123421,17,0,15.81123421,1/11/2025 1:00
243,0,47.62964096,17,0,47.62964096,1/11/2025 2:00
244,0,30.2207423,17,0,30.2207423,1/11/2025 3:00
245,0,48.13291406,17,0,48.13291406,1/11/2025 4:00
246,0,45.14908029,17,1,45.14908029,1/11/2025 5:00
247,0,47.90816098,17,1,47.90816098,1/11/2025 6:00
248,0,47.55063397,17,1,47.55063397,1/11/2025 7:00
249,20.02347575,69.69900782,17,1,49.67553207,1/11/2025 8:00
250,39.07795554,31.69998781,17,0,-7.377967739,1/11/2025 9:00
251,0,48.3519907,17,0,48.3519907,1/11/2025 10:00
252,21.58396163,47.24578617,17,0,25.66182454,1/11/2025 11:00
253,20.23980162,47.28252809,17,0,27.04272647,1/11/2025 12:00
254,20.26080206,31.23433428,17,0,10.97353222,1/11/2025 13:00
255,0,16.17132361,17,0,16.17132361,1/11/2025 14:00
256,21.47769624,30.30968775,17,0,8.831991513,1/11/2025 15:00
257,0,0,45,1,0,1/11/2025 16:00
258,0,75.50007075,53,1,75.50007075,1/11/2025 17:00
259,0,114.0367442,81,1,114.0367442,1/11/2025 18:00
260,0,99.01757024,74,1,99.01757024,1/11/2025 19:00
261,0,103.0244545,25,1,103.0244545,1/11/2025 20:00
262,0,31.36064779,17,0,31.36064779,1/11/2025 21:00
263,0,62.03634986,17,0,62.03634986,1/11/2025 22:00
264,0,31.85258656,17,0,31.85258656,1/11/2025 23:00
265,0,30.91400702,17,0,30.91400702,1/12/2025 0:00
266,0,31.72432282,17,0,31.72432282,1/12/2025 1:00
267,0,30.98793284,17,0,30.98793284,1/12/2025 2:00
268,0,48.03289329,17,0,48.03289329,1/12/2025 3:00
269,0,47.79521651,17,0,47.79521651,1/12/2025 4:00
270,0,47.38218986,17,1,47.38218986,1/12/2025 5:00
271,0,69.05532839,17,1,69.05532839,1/12/2025 6:00
272,0,46.8358641,17,1,46.8358641,1/12/2025 7:00
273,40.31308037,45.85703044,17,1,5.543950076,1/12/2025 8:00
274,41.82702907,15.87858912,17,0,-25.94843996,1/12/2025 9:00
275,20.06034457,45.80137341,17,0,25.74102884,1/12/2025 10:00
276,59.15992351,15.80810753,17,0,-43.35181598,1/12/2025 11:00
277,18.93238512,45.88750799,17,0,26.95512286,1/12/2025 12:00
278,59.96475198,15.17407875,17,0,-44.79067323,1/12/2025 13:00
279,0,48.28867877,17,0,48.28867877,1/12/2025 14:00
280,41.49831664,31.15273584,17,0,-10.34558081,1/12/2025 15:00
281,0,53.2638156,38,1,53.2638156,1/12/2025 16:00
282,0,105.6581882,74,1,105.6581882,1/12/2025 17:00
283,0,360.4198784,88,1,360.4198784,1/12/2025 18:00
284,0,0,88,1,0,1/12/2025 19:00
285,0,45.39124948,32,1,45.39124948,1/12/2025 20:00
286,0,47.67212825,17,0,47.67212825,1/12/2025 21:00
287,0,16.10787475,17,0,16.10787475,1/12/2025 22:00
288,0,30.4693772,17,0,30.4693772,1/12/2025 23:00
289,0,45.77948577,17,0,45.77948577,1/13/2025 0:00
290,0,62.21291756,17,0,62.21291756,1/13/2025 1:00
291,0,45.28484629,17,0,45.28484629,1/13/2025 2:00
292,0,31.69589008,17,0,31.69589008,1/13/2025 3:00
293,0,31.22115173,17,0,31.22115173,1/13/2025 4:00
294,0,22.48898275,17,1,22.48898275,1/13/2025 5:00
295,0,72.41442701,17,1,72.41442701,1/13/2025 6:00
296,39.80447671,46.37663375,17,1,6.572157043,1/13/2025 7:00
297,38.46224303,47.77677165,17,1,9.314528613,1/13/2025 8:00
298,37.2962157,31.47707277,17,0,-5.819142928,1/13/2025 9:00
299,54.35092229,44.55761853,24,0,-9.793303761,1/13/2025 10:00
300,81.34766243,22.03622564,24,0,-59.31143679,1/13/2025 11:00
301,26.23849444,68.0018275,24,0,41.76333305,1/13/2025 12:00
302,39.25514972,30.68199581,17,0,-8.573153909,1/13/2025 13:00
303,81.7534734,21.15604585,24,0,-60.59742756,1/13/2025 14:00
304,28.59674258,66.29626002,24,0,37.69951744,1/13/2025 15:00
305,0,161.0130631,38,1,161.0130631,1/13/2025 16:00
306,0,79.6981485,60,1,79.6981485,1/13/2025 17:00
307,0,229.4754882,81,1,229.4754882,1/13/2025 18:00
308,0,199.7968298,74,1,199.7968298,1/13/2025 19:00
309,0,24.53224419,18,1,24.53224419,1/13/2025 20:00
310,0,62.71712362,17,0,62.71712362,1/13/2025 21:00
311,0,32.35098303,17,0,32.35098303,1/13/2025 22:00
312,0,30.77418592,17,0,30.77418592,1/13/2025 23:00
313,0,31.24491718,17,0,31.24491718,1/14/2025 0:00
314,0,0,17,0,0,1/14/2025 1:00
315,0,45.96221488,17,0,45.96221488,1/14/2025 2:00
316,0,29.99365914,16,0,29.99365914,1/14/2025 3:00
317,0,31.42621845,17,0,31.42621845,1/14/2025 4:00
318,0,47.09080093,17,1,47.09080093,1/14/2025 5:00
319,0,0,17,1,0,1/14/2025 6:00
320,22.53279676,46.68759555,17,1,24.15479879,1/14/2025 7:00
321,14.50506088,41.36337231,10,1,26.85831143,1/14/2025 8:00
322,0,0,12,0,0,1/14/2025 9:00
323,0,41.57714239,15,0,41.57714239,1/14/2025 10:00
324,17.13939458,42.20740245,15,0,25.06800786,1/14/2025 11:00
325,58.52663125,14.59189596,16,0,-43.93473529,1/14/2025 12:00
326,0,16.31546117,17,0,16.31546117,1/14/2025 13:00
327,0,15.15906862,17,0,15.15906862,1/14/2025 14:00
328,0,46.44002523,17,0,46.44002523,1/14/2025 15:00
329,0,70.68143338,17,1,70.68143338,1/14/2025 16:00
330,0,71.64234129,17,1,71.64234129,1/14/2025 17:00
331,0,34.02805188,25,1,34.02805188,1/14/2025 18:00
332,0,69.07512775,25,1,69.07512775,1/14/2025 19:00
333,0,46.70747098,17,1,46.70747098,1/14/2025 20:00
334,0,15.51657959,17,0,15.51657959,1/14/2025 21:00
335,0,30.58685185,17,0,30.58685185,1/14/2025 22:00
336,0,30.88286659,17,0,30.88286659,1/14/2025 23:00
337,0,31.22761291,17,0,31.22761291,1/15/2025 0:00
338,0,14.28712781,16,0,14.28712781,1/15/2025 1:00
339,0,43.18217457,16,0,43.18217457,1/15/2025 2:00
340,0,29.24607128,16,0,29.24607128,1/15/2025 3:00
341,0,29.64052968,16,0,29.64052968,1/15/2025 4:00
342,0,0,17,1,0,1/15/2025 5:00
343,0,22.39267056,17,1,22.39267056,1/15/2025 6:00
344,0,48.60782445,17,1,48.60782445,1/15/2025 7:00
345,44.58045994,0,17,1,-44.58045994,1/15/2025 8:00
346,22.42768308,46.10639859,17,0,23.67871551,1/15/2025 9:00
347,84.4470524,0,17,0,-84.4470524,1/15/2025 10:00
348,22.56344126,14.90462758,17,0,-7.658813682,1/15/2025 11:00
349,58.1418657,13.35436899,15,0,-44.78749671,1/15/2025 12:00
350,0,32.31360559,17,0,32.31360559,1/15/2025 13:00
351,0,47.35451282,17,0,47.35451282,1/15/2025 14:00
352,0,0,17,0,0,1/15/2025 15:00
353,0,69.94367448,17,1,69.94367448,1/15/2025 16:00
354,0,106.4490261,38,1,106.4490261,1/15/2025 17:00
355,0,281.2597437,67,1,281.2597437,1/15/2025 18:00
356,0,85.71472999,60,1,85.71472999,1/15/2025 19:00
357,0,68.12989243,24,1,68.12989243,1/15/2025 20:00
358,0,30.39946813,17,0,30.39946813,1/15/2025 21:00
359,0,15.82452462,17,0,15.82452462,1/15/2025 22:00
360,0,15.26189976,17,0,15.26189976,1/15/2025 23:00
361,0,16.19029068,17,0,16.19029068,1/16/2025 0:00
362,0,46.84790096,17,0,46.84790096,1/16/2025 1:00
363,0,31.24581658,17,0,31.24581658,1/16/2025 2:00
364,0,30.32650276,17,0,30.32650276,1/16/2025 3:00
365,0,32.06869814,17,0,32.06869814,1/16/2025 4:00
366,0,45.23511928,17,1,45.23511928,1/16/2025 5:00
367,0,46.34232236,17,1,46.34232236,1/16/2025 6:00
368,0,0,17,1,0,1/16/2025 7:00
369,43.18903154,23.11247722,17,1,-20.07655432,1/16/2025 8:00
370,38.6697911,16.32790606,17,0,-22.34188504,1/16/2025 9:00
371,17.85904304,29.23348381,16,0,11.37444077,1/16/2025 10:00
372,59.19635267,14.73277371,16,0,-44.46357897,1/16/2025 11:00
373,39.91881589,29.25071716,16,0,-10.66809874,1/16/2025 12:00
374,18.36541807,43.61809275,16,0,25.25267468,1/16/2025 13:00
375,21.47797282,45.52910099,16,0,24.05112817,1/16/2025 14:00
376,63.01899211,15.53690923,17,0,-47.48208288,1/16/2025 15:00
377,0,71.14742268,17,1,71.14742268,1/16/2025 16:00
378,0,91.6665879,17,1,91.6665879,1/16/2025 17:00
379,0,158.2013872,38,1,158.2013872,1/16/2025 18:00
380,0,49.85944733,38,1,49.85944733,1/16/2025 19:00
381,0,23.03536863,17,1,23.03536863,1/16/2025 20:00
382,0,32.66806955,17,0,32.66806955,1/16/2025 21:00
383,0,31.29968534,17,0,31.29968534,1/16/2025 22:00
384,0,31.45320125,17,0,31.45320125,1/16/2025 23:00
385,0,47.43079611,17,0,47.43079611,1/17/2025 0:00
386,0,43.34711858,16,0,43.34711858,1/17/2025 1:00
387,0,14.07032663,16,0,14.07032663,1/17/2025 2:00
388,0,14.13985039,16,0,14.13985039,1/17/2025 3:00
389,0,43.06139134,16,0,43.06139134,1/17/2025 4:00
390,0,71.28288396,17,1,71.28288396,1/17/2025 5:00
391,0,72.54436799,17,1,72.54436799,1/17/2025 6:00
392,14.83436937,53.26726875,13,1,38.43289938,1/17/2025 7:00
393,33.53538309,8.689608083,6,1,-24.845775,1/17/2025 8:00
394,14.16884829,21.79955385,8,0,7.630705562,1/17/2025 9:00
395,47.79261863,0,5,0,-47.79261863,1/17/2025 10:00
396,14.58535458,27.72746627,10,0,13.14211169,1/17/2025 11:00
397,50.04454123,13.13923229,14,0,-36.90530894,1/17/2025 12:00
398,22.29717664,14.69970442,8,0,-7.597472229,1/17/2025 13:00
399,52.69184042,0,11,0,-52.69184042,1/17/2025 14:00
400,58.52711275,14.83254854,16,0,-43.69456421,1/17/2025 15:00
401,0,47.38739329,17,1,47.38739329,1/17/2025 16:00
402,0,46.730742,17,1,46.730742,1/17/2025 17:00
403,0,71.209504,17,1,71.209504,1/17/2025 18:00
404,0,50.73051206,18,1,50.73051206,1/17/2025 19:00
405,0,48.41650012,17,1,48.41650012,1/17/2025 20:00
406,0,16.2667553,17,0,16.2667553,1/17/2025 21:00
407,0,31.41810572,17,0,31.41810572,1/17/2025 22:00
408,0,31.65159756,17,0,31.65159756,1/17/2025 23:00
409,0,30.95864624,17,0,30.95864624,1/18/2025 0:00
410,0,30.61458434,17,0,30.61458434,1/18/2025 1:00
411,0,14.84515897,16,0,14.84515897,1/18/2025 2:00
412,0,29.2769075,16,0,29.2769075,1/18/2025 3:00
413,0,14.99952768,17,0,14.99952768,1/18/2025 4:00
414,0,70.94877161,17,1,70.94877161,1/18/2025 5:00
415,0,0,17,1,0,1/18/2025 6:00
416,18.98526681,43.52987758,16,1,24.54461078,1/18/2025 7:00
417,18.80357545,46.58286034,17,1,27.77928489,1/18/2025 8:00
418,37.83635639,30.80136455,17,0,-7.034991846,1/18/2025 9:00
419,60.78904745,15.9770368,17,0,-44.81201065,1/18/2025 10:00
420,28.16473308,66.30957447,24,0,38.14484139,1/18/2025 11:00
421,81.91221103,0,17,0,-81.91221103,1/18/2025 12:00
422,39.34368475,30.97964311,17,0,-8.364041646,1/18/2025 13:00
423,23.70850065,31.69588313,17,0,7.987382477,1/18/2025 14:00
424,0,45.02468323,24,0,45.02468323,1/18/2025 15:00
425,0,158.382165,38,1,158.382165,1/18/2025 16:00
426,0,150.8336585,53,1,150.8336585,1/18/2025 17:00
427,0,65.44704839,46,1,65.44704839,1/18/2025 18:00
428,0,0,46,1,0,1/18/2025 19:00
429,0,47.64601437,17,1,47.64601437,1/18/2025 20:00
430,0,48.06812131,17,0,48.06812131,1/18/2025 21:00
431,0,46.57900369,17,0,46.57900369,1/18/2025 22:00
432,0,46.4845723,17,0,46.4845723,1/18/2025 23:00
433,0,31.88009583,17,0,31.88009583,1/19/2025 0:00
434,0,31.35294275,17,0,31.35294275,1/19/2025 1:00
435,0,0,17,0,0,1/19/2025 2:00
436,0,30.39401095,17,0,30.39401095,1/19/2025 3:00
437,0,31.19279473,17,0,31.19279473,1/19/2025 4:00
438,0,47.0461865,17,1,47.0461865,1/19/2025 5:00
439,0,24.31374231,17,1,24.31374231,1/19/2025 6:00
440,0,22.04414639,16,1,22.04414639,1/19/2025 7:00
441,0,70.31591313,17,1,70.31591313,1/19/2025 8:00
442,0,28.2603881,15,0,28.2603881,1/19/2025 9:00
443,0,43.27391944,16,0,43.27391944,1/19/2025 10:00
444,0,48.47291817,17,0,48.47291817,1/19/2025 11:00
445,0,45.71275342,17,0,45.71275342,1/19/2025 12:00
446,0,15.51582325,17,0,15.51582325,1/19/2025 13:00
447,0,61.99258844,17,0,61.99258844,1/19/2025 14:00
448,0,45.95813152,17,0,45.95813152,1/19/2025 15:00
449,0,157.129036,38,1,157.129036,1/19/2025 16:00
450,0,130.2374967,46,1,130.2374967,1/19/2025 17:00
451,0,159.8881883,60,1,159.8881883,1/19/2025 18:00
452,0,91.51595749,67,1,91.51595749,1/19/2025 19:00
453,0,24.45824418,17,1,24.45824418,1/19/2025 20:00
454,0,47.34329468,17,0,47.34329468,1/19/2025 21:00
455,0,46.38727864,17,0,46.38727864,1/19/2025 22:00
456,0,15.58974559,17,0,15.58974559,1/19/2025 23:00
457,0,31.48155785,17,0,31.48155785,1/20/2025 0:00
458,0,0,17,0,0,1/20/2025 1:00
459,0,32.07412616,17,0,32.07412616,1/20/2025 2:00
460,0,15.11678057,17,0,15.11678057,1/20/2025 3:00
461,0,30.91985028,17,0,30.91985028,1/20/2025 4:00
462,0,23.74806686,17,1,23.74806686,1/20/2025 5:00
463,0,47.93778674,17,1,47.93778674,1/20/2025 6:00
464,21.76673154,0,17,1,-21.76673154,1/20/2025 7:00
465,82.00044072,0,17,1,-82.00044072,1/20/2025 8:00
466,41.98139663,32.12372237,17,0,-9.857674266,1/20/2025 9:00
467,37.67684843,31.60626235,17,0,-6.070586078,1/20/2025 10:00
468,79.53565333,0,17,0,-79.53565333,1/20/2025 11:00
469,57.49794646,15.76130023,17,0,-41.73664622,1/20/2025 12:00
470,0,63.6082884,17,0,63.6082884,1/20/2025 13:00
471,61.28660383,15.40294482,17,0,-45.88365901,1/20/2025 14:00
472,43.29248699,30.71174815,17,0,-12.58073884,1/20/2025 15:00
473,0,166.8564094,60,1,166.8564094,1/20/2025 16:00
474,0,326.0156861,60,1,326.0156861,1/20/2025 17:00
475,0,128.2268113,46,1,128.2268113,1/20/2025 18:00
476,0,189.5447071,46,1,189.5447071,1/20/2025 19:00
477,0,47.56719936,17,1,47.56719936,1/20/2025 20:00
478,0,48.27246555,17,0,48.27246555,1/20/2025 21:00
479,0,15.2740354,17,0,15.2740354,1/20/2025 22:00
480,0,47.30796266,17,0,47.30796266,1/20/2025 23:00
481,0,15.2192416,17,0,15.2192416,1/21/2025 0:00
482,0,30.93094391,17,0,30.93094391,1/21/2025 1:00
483,0,31.39954951,17,0,31.39954951,1/21/2025 2:00
484,0,46.78327229,17,0,46.78327229,1/21/2025 3:00
485,0,47.43359852,17,0,47.43359852,1/21/2025 4:00
486,0,23.35148083,17,1,23.35148083,1/21/2025 5:00
487,0,24.4362308,17,1,24.4362308,1/21/2025 6:00
488,0,46.24596111,17,1,46.24596111,1/21/2025 7:00
489,41.3053906,48.25474137,17,1,6.949350766,1/21/2025 8:00
490,80.077834,0,17,0,-80.077834,1/21/2025 9:00
491,61.43045955,15.44477975,17,0,-45.9856798,1/21/2025 10:00
492,57.78612163,15.65091177,17,0,-42.13520987,1/21/2025 11:00
493,39.04247485,32.48745115,17,0,-6.555023699,1/21/2025 12:00
494,58.6894682,15.23840133,17,0,-43.45106687,1/21/2025 13:00
495,62.47359078,15.08140064,17,0,-47.39219013,1/21/2025 14:00
496,29.56375197,65.84909435,24,0,36.28534238,1/21/2025 15:00
497,0,46.86129191,17,1,46.86129191,1/21/2025 16:00
498,0,128.9112065,31,1,128.9112065,1/21/2025 17:00
499,0,139.6825078,53,1,139.6825078,1/21/2025 18:00
500,0,146.6075072,53,1,146.6075072,1/21/2025 19:00
501,0,72.3877079,53,1,72.3877079,1/21/2025 20:00
502,0,15.08242477,17,0,15.08242477,1/21/2025 21:00
503,0,16.34413383,17,0,16.34413383,1/21/2025 22:00
504,0,15.12711056,17,0,15.12711056,1/21/2025 23:00
505,0,31.43923404,17,0,31.43923404,1/22/2025 0:00
506,0,16.10608972,17,0,16.10608972,1/22/2025 1:00
507,0,16.07107597,17,0,16.07107597,1/22/2025 2:00
508,0,16.39733404,17,0,16.39733404,1/22/2025 3:00
509,0,62.49723143,17,0,62.49723143,1/22/2025 4:00
510,0,22.64463923,17,1,22.64463923,1/22/2025 5:00
511,0,46.93391455,17,1,46.93391455,1/22/2025 6:00
512,0,23.85233807,17,1,23.85233807,1/22/2025 7:00
513,22.43234373,48.72839303,17,1,26.2960493,1/22/2025 8:00
514,0,32.64530202,17,0,32.64530202,1/22/2025 9:00
515,40.63547469,31.13560637,17,0,-9.499868321,1/22/2025 10:00
516,21.09040859,32.57247415,17,0,11.48206556,1/22/2025 11:00
517,19.53432304,46.83828969,17,0,27.30396665,1/22/2025 12:00
518,84.4277547,0,17,0,-84.4277547,1/22/2025 13:00
519,21.11962418,30.44196734,17,0,9.322343166,1/22/2025 14:00
520,23.24684301,16.41049413,17,0,-6.836348877,1/22/2025 15:00
521,0,54.16237618,39,1,54.16237618,1/22/2025 16:00
522,0,121.4990175,46,1,121.4990175,1/22/2025 17:00
523,0,142.9830573,52,1,142.9830573,1/22/2025 18:00
524,0,0,53,1,0,1/22/2025 19:00
525,0,62.88407517,46,1,62.88407517,1/22/2025 20:00
526,0,21.34924454,24,0,21.34924454,1/22/2025 21:00
527,0,15.32040761,17,0,15.32040761,1/22/2025 22:00
528,0,15.00980642,17,0,15.00980642,1/22/2025 23:00
529,0,0,17,0,0,1/23/2025 0:00
530,0,31.38747499,17,0,31.38747499,1/23/2025 1:00
531,0,15.51425629,17,0,15.51425629,1/23/2025 2:00
532,0,46.52693223,17,0,46.52693223,1/23/2025 3:00
533,0,32.63216396,17,0,32.63216396,1/23/2025 4:00
534,0,46.72813682,17,1,46.72813682,1/23/2025 5:00
535,0,69.07089908,17,1,69.07089908,1/23/2025 6:00
536,0,24.57461192,17,1,24.57461192,1/23/2025 7:00
537,64.25788888,23.00292664,17,1,-41.25496225,1/23/2025 8:00
538,64.20014834,15.01939062,17,0,-49.18075772,1/23/2025 9:00
539,60.47057002,0,17,0,-60.47057002,1/23/2025 10:00
540,41.45828776,31.93920801,17,0,-9.519079752,1/23/2025 11:00
541,60.59421393,14.86800083,17,0,-45.7262131,1/23/2025 12:00
542,64.15844245,15.39327198,17,0,-48.76517047,1/23/2025 13:00
543,39.88803853,31.08854662,17,0,-8.799491912,1/23/2025 14:00
544,43.54922192,31.01858237,17,0,-12.53063955,1/23/2025 15:00
545,0,41.03078157,31,1,41.03078157,1/23/2025 16:00
546,0,0,38,1,0,1/23/2025 17:00
547,0,144.169343,53,1,144.169343,1/23/2025 18:00
548,0,0,67,1,0,1/23/2025 19:00
549,0,41.51636017,31,1,41.51636017,1/23/2025 20:00
550,0,30.80655415,17,0,30.80655415,1/23/2025 21:00
551,0,31.0400309,17,0,31.0400309,1/23/2025 22:00
552,0,14.9366229,17,0,14.9366229,1/23/2025 23:00
553,0,30.36054748,17,0,30.36054748,1/24/2025 0:00
554,0,63.23149417,17,0,63.23149417,1/24/2025 1:00
555,0,43.68039309,16,0,43.68039309,1/24/2025 2:00
556,0,15.03309954,16,0,15.03309954,1/24/2025 3:00
557,0,29.2591452,16,0,29.2591452,1/24/2025 4:00
558,0,46.44085646,17,1,46.44085646,1/24/2025 5:00
559,0,46.49213965,17,1,46.49213965,1/24/2025 6:00
560,0,55.35805008,13,1,55.35805008,1/24/2025 7:00
561,15.27776104,19.1728162,7,1,3.895055161,1/24/2025 8:00
562,43.25325145,6.462942518,7,0,-36.79030893,1/24/2025 9:00
563,39.52639696,7.123549291,8,0,-32.40284767,1/24/2025 10:00
564,35.86667808,25.7804945,14,0,-10.08618358,1/24/2025 11:00
565,39.31798784,26.78512546,15,0,-12.53286238,1/24/2025 12:00
566,53.67845346,12.91333355,14,0,-40.76511991,1/24/2025 13:00
567,19.82967796,24.39902542,13,0,4.56934746,1/24/2025 14:00
568,0,48.14593794,17,0,48.14593794,1/24/2025 15:00
569,0,47.48951564,17,1,47.48951564,1/24/2025 16:00
570,0,46.31212177,17,1,46.31212177,1/24/2025 17:00
571,0,66.60544483,24,1,66.60544483,1/24/2025 18:00
572,0,330.7699523,81,1,330.7699523,1/24/2025 19:00
573,0,189.5740934,45,1,189.5740934,1/24/2025 20:00
574,0,22.74907591,24,0,22.74907591,1/24/2025 21:00
575,0,30.80465776,17,0,30.80465776,1/24/2025 22:00
576,0,31.32521911,17,0,31.32521911,1/24/2025 23:00
577,0,16.18495622,17,0,16.18495622,1/25/2025 0:00
578,0,16.0890745,17,0,16.0890745,1/25/2025 1:00
579,0,47.37702092,17,0,47.37702092,1/25/2025 2:00
580,0,31.13128262,17,0,31.13128262,1/25/2025 3:00
581,0,32.00306153,17,0,32.00306153,1/25/2025 4:00
582,0,46.55923345,17,1,46.55923345,1/25/2025 5:00
583,0,23.26504017,17,1,23.26504017,1/25/2025 6:00
584,42.07352276,24.04202297,17,1,-18.03149979,1/25/2025 7:00
585,44.88172365,23.66025091,17,1,-21.22147274,1/25/2025 8:00
586,43.15463834,15.72745719,17,0,-27.42718115,1/25/2025 9:00
587,19.16451663,15.26163606,17,0,-3.90288057,1/25/2025 10:00
588,0,46.93185552,17,0,46.93185552,1/25/2025 11:00
589,41.88497117,31.54814783,17,0,-10.33682335,1/25/2025 12:00
590,85.02735754,0,17,0,-85.02735754,1/25/2025 13:00
591,85.01812556,0,24,0,-85.01812556,1/25/2025 14:00
592,35.64883807,28.71117635,31,0,-6.937661712,1/25/2025 15:00
593,0,125.7465266,46,1,125.7465266,1/25/2025 16:00
594,0,131.4495826,32,1,131.4495826,1/25/2025 17:00
595,0,101.7871539,24,1,101.7871539,1/25/2025 18:00
596,0,72.38480382,17,1,72.38480382,1/25/2025 19:00
597,0,48.07118905,17,1,48.07118905,1/25/2025 20:00
598,0,16.08763558,17,0,16.08763558,1/25/2025 21:00
599,0,0,17,0,0,1/25/2025 22:00
600,0,16.07749279,17,0,16.07749279,1/25/2025 23:00
601,0,30.98441578,17,0,30.98441578,1/26/2025 0:00
602,0,46.97295754,17,0,46.97295754,1/26/2025 1:00
603,0,14.00624545,16,0,14.00624545,1/26/2025 2:00
604,0,45.16207294,16,0,45.16207294,1/26/2025 3:00
605,0,16.28258289,17,0,16.28258289,1/26/2025 4:00
606,0,48.8878889,17,1,48.8878889,1/26/2025 5:00
607,0,45.38145757,17,1,45.38145757,1/26/2025 6:00
608,42.234973,46.08621415,17,1,3.851241153,1/26/2025 7:00
609,43.84260711,46.37396172,17,1,2.531354609,1/26/2025 8:00
610,0,63.70006505,17,0,63.70006505,1/26/2025 9:00
611,61.49499734,15.03920349,17,0,-46.45579384,1/26/2025 10:00
612,0,60.70376077,17,0,60.70376077,1/26/2025 11:00
613,61.47067583,15.67869493,17,0,-45.7919809,1/26/2025 12:00
614,22.23452256,46.39659811,17,0,24.16207555,1/26/2025 13:00
615,42.87635295,30.75939636,17,0,-12.1169566,1/26/2025 14:00
616,68.60653693,0,17,0,-68.60653693,1/26/2025 15:00
617,0,24.50811399,17,1,24.50811399,1/26/2025 16:00
618,0,74.43723669,18,1,74.43723669,1/26/2025 17:00
619,0,91.54895857,17,1,91.54895857,1/26/2025 18:00
620,0,24.57627929,17,1,24.57627929,1/26/2025 19:00
621,0,43.07334545,31,1,43.07334545,1/26/2025 20:00
622,0,0,17,0,0,1/26/2025 21:00
623,0,14.86070714,17,0,14.86070714,1/26/2025 22:00
624,0,62.43420305,17,0,62.43420305,1/26/2025 23:00
625,0,63.10275519,17,0,63.10275519,1/27/2025 0:00
626,0,16.2922378,17,0,16.2922378,1/27/2025 1:00
627,0,31.36469052,17,0,31.36469052,1/27/2025 2:00
628,0,29.53806711,16,0,29.53806711,1/27/2025 3:00
629,0,31.05460753,17,0,31.05460753,1/27/2025 4:00
630,0,22.90167983,17,1,22.90167983,1/27/2025 5:00
631,0,23.74568698,17,1,23.74568698,1/27/2025 6:00
632,21.63311901,46.89816226,17,1,25.26504325,1/27/2025 7:00
633,20.47525454,46.27901468,17,1,25.80376013,1/27/2025 8:00
634,41.79854916,15.60141004,17,0,-26.19713912,1/27/2025 9:00
635,21.53018284,47.67711983,17,0,26.14693699,1/27/2025 10:00
636,42.05480163,31.20876526,17,0,-10.84603637,1/27/2025 11:00
637,83.95381134,0,17,0,-83.95381134,1/27/2025 12:00
638,84.29821537,0,17,0,-84.29821537,1/27/2025 13:00
639,39.95751861,30.83507581,17,0,-9.122442802,1/27/2025 14:00
640,40.69828721,31.47425701,17,0,-9.224030202,1/27/2025 15:00
641,0,133.957954,24,1,133.957954,1/27/2025 16:00
642,0,41.31044112,31,1,41.31044112,1/27/2025 17:00
643,0,128.2117961,31,1,128.2117961,1/27/2025 18:00
644,0,84.53951094,31,1,84.53951094,1/27/2025 19:00
645,0,272.6577539,67,1,272.6577539,1/27/2025 20:00
646,0,15.54949279,17,0,15.54949279,1/27/2025 21:00
647,0,15.6778799,17,0,15.6778799,1/27/2025 22:00
648,0,31.05380634,17,0,31.05380634,1/27/2025 23:00
649,0,31.21476096,17,0,31.21476096,1/28/2025 0:00
650,0,31.16827949,17,0,31.16827949,1/28/2025 1:00
651,0,32.47760029,17,0,32.47760029,1/28/2025 2:00
652,0,14.99905421,17,0,14.99905421,1/28/2025 3:00
653,0,31.58820169,17,0,31.58820169,1/28/2025 4:00
654,0,45.18580348,17,1,45.18580348,1/28/2025 5:00
655,0,46.67285933,17,1,46.67285933,1/28/2025 6:00
656,23.01794307,23.01276432,17,1,-0.005178748,1/28/2025 7:00
657,0,48.68055927,17,1,48.68055927,1/28/2025 8:00
658,41.34141488,15.11662991,17,0,-26.22478497,1/28/2025 9:00
659,18.41636563,13.52678927,15,0,-4.88957636,1/28/2025 10:00
660,42.04893756,15.62143905,17,0,-26.4274985,1/28/2025 11:00
661,41.7372828,29.81697092,16,0,-11.92031188,1/28/2025 12:00
662,43.14733569,31.40473129,17,0,-11.7426044,1/28/2025 13:00
663,42.47598381,15.64625791,17,0,-26.8297259,1/28/2025 14:00
664,21.50579505,46.72601912,17,0,25.22022407,1/28/2025 15:00
665,0,0,17,1,0,1/28/2025 16:00
666,0,127.1362134,31,1,127.1362134,1/28/2025 17:00
667,0,207.2740704,74,1,207.2740704,1/28/2025 18:00
668,0,115.0498603,81,1,115.0498603,1/28/2025 19:00
669,0,86.34394615,31,1,86.34394615,1/28/2025 20:00
670,0,47.13044731,17,0,47.13044731,1/28/2025 21:00
671,0,30.64318503,17,0,30.64318503,1/28/2025 22:00
672,0,31.9420145,17,0,31.9420145,1/28/2025 23:00
673,0,15.00708389,17,0,15.00708389,1/29/2025 0:00
674,0,30.53033242,17,0,30.53033242,1/29/2025 1:00
675,0,32.21770759,17,0,32.21770759,1/29/2025 2:00
676,0,15.13199507,17,0,15.13199507,1/29/2025 3:00
677,0,15.8083562,17,0,15.8083562,1/29/2025 4:00
678,0,48.25784574,17,1,48.25784574,1/29/2025 5:00
679,0,47.17729648,17,1,47.17729648,1/29/2025 6:00
680,22.88855617,47.37061789,17,1,24.48206172,1/29/2025 7:00
681,63.83685959,24.60139979,17,1,-39.2354598,1/29/2025 8:00
682,43.06002091,31.99473245,17,0,-11.06528846,1/29/2025 9:00
683,20.93730979,44.79791806,17,0,23.86060827,1/29/2025 10:00
684,84.86876301,0,17,0,-84.86876301,1/29/2025 11:00
685,64.69434557,15.02825405,17,0,-49.66609152,1/29/2025 12:00
686,65.05123529,15.48948566,17,0,-49.56174963,1/29/2025 13:00
687,29.014837,43.93733713,24,0,14.92250013,1/29/2025 14:00
688,43.06974593,16.2419429,17,0,-26.82780302,1/29/2025 15:00
689,0,161.2377541,60,1,161.2377541,1/29/2025 16:00
690,0,41.93666923,31,1,41.93666923,1/29/2025 17:00
691,0,0,24,1,0,1/29/2025 18:00
692,0,69.98527929,25,1,69.98527929,1/29/2025 19:00
693,0,146.0776497,53,1,146.0776497,1/29/2025 20:00
694,0,84.49820966,31,0,84.49820966,1/29/2025 21:00
695,0,29.80017527,17,0,29.80017527,1/29/2025 22:00
696,0,32.05456016,17,0,32.05456016,1/29/2025 23:00
697,0,30.66001673,17,0,30.66001673,1/30/2025 0:00
698,0,31.15326669,17,0,31.15326669,1/30/2025 1:00
699,0,62.34809434,17,0,62.34809434,1/30/2025 2:00
700,0,16.38416213,17,0,16.38416213,1/30/2025 3:00
701,0,48.08942816,17,0,48.08942816,1/30/2025 4:00
702,0,0,17,1,0,1/30/2025 5:00
703,0,23.39518104,17,1,23.39518104,1/30/2025 6:00
704,0,24.14751598,17,1,24.14751598,1/30/2025 7:00
705,44.2009257,47.58431164,17,1,3.383385937,1/30/2025 8:00
706,20.41720295,46.58114207,17,0,26.16393912,1/30/2025 9:00
707,43.36213274,30.59664775,17,0,-12.76548498,1/30/2025 10:00
708,65.2509878,14.94962915,17,0,-50.30135865,1/30/2025 11:00
709,21.27643738,45.17028452,17,0,23.89384714,1/30/2025 12:00
710,42.84079971,31.4629222,17,0,-11.37787751,1/30/2025 13:00
711,41.62640044,31.12200672,17,0,-10.50439373,1/30/2025 14:00
712,45.2611162,31.41431635,17,0,-13.84679985,1/30/2025 15:00
713,0,42.48157189,31,1,42.48157189,1/30/2025 16:00
714,0,130.1923448,46,1,130.1923448,1/30/2025 17:00
715,0,225.2161422,53,1,225.2161422,1/30/2025 18:00
716,0,0,53,1,0,1/30/2025 19:00
717,0,46.9643215,17,1,46.9643215,1/30/2025 20:00
718,0,15.52322454,17,0,15.52322454,1/30/2025 21:00
719,0,30.74760644,17,0,30.74760644,1/30/2025 22:00
720,0,15.76036843,17,0,15.76036843,1/30/2025 23:00
721,0,63.42593445,17,0,63.42593445,1/31/2025 0:00
722,0,16.12042758,17,0,16.12042758,1/31/2025 1:00
723,0,29.27227357,16,0,29.27227357,1/31/2025 2:00
724,0,30.10005779,16,0,30.10005779,1/31/2025 3:00
725,0,45.17715702,16,0,45.17715702,1/31/2025 4:00
726,0,91.18478014,17,1,91.18478014,1/31/2025 5:00
727,0,45.76848605,17,1,45.76848605,1/31/2025 6:00
728,18.07425697,56.70857182,14,1,38.63431485,1/31/2025 7:00
729,31.22090493,33.9784982,12,1,2.757593268,1/31/2025 8:00
730,29.19377582,20.32630495,11,0,-8.867470875,1/31/2025 9:00
731,46.82349434,11.01972122,12,0,-35.80377313,1/31/2025 10:00
732,20.89777972,46.65120323,17,0,25.75342351,1/31/2025 11:00
733,19.70892558,41.88760632,15,0,22.17868073,1/31/2025 12:00
734,32.93797059,23.792566,13,0,-9.145404589,1/31/2025 13:00
735,77.80204287,0,15,0,-77.80204287,1/31/2025 14:00
736,43.11953207,29.78116303,17,0,-13.33836904,1/31/2025 15:00
737,23.48358708,47.57948061,17,1,24.09589354,1/31/2025 16:00
738,0,68.38230279,17,1,68.38230279,1/31/2025 17:00
739,0,22.80455487,17,1,22.80455487,1/31/2025 18:00
740,0,73.11236001,53,1,73.11236001,1/31/2025 19:00
741,0,54.26079096,38,1,54.26079096,1/31/2025 20:00
742,0,15.32151955,17,0,15.32151955,1/31/2025 21:00
743,0,31.20646071,17,0,31.20646071,1/31/2025 22:00
744,0,31.01473126,17,0,31.01473126,1/31/2025 23:00
745,0,16.23013293,17,0,16.23013293,2/1/2025 0:00
746,0,31.79912164,17,0,31.79912164,2/1/2025 1:00
747,0,15.56692148,17,0,15.56692148,2/1/2025 2:00
748,0,14.88471737,17,0,14.88471737,2/1/2025 3:00
749,0,48.07064666,17,0,48.07064666,2/1/2025 4:00
750,0,22.43165043,17,1,22.43165043,2/1/2025 5:00
751,0,69.80437075,17,1,69.80437075,2/1/2025 6:00
752,22.66812631,70.56370362,17,1,47.89557731,2/1/2025 7:00
753,42.65281841,47.27994499,17,1,4.627126579,2/1/2025 8:00
754,42.62038029,30.54100033,17,0,-12.07937996,2/1/2025 9:00
755,43.07164312,30.79759346,17,0,-12.27404966,2/1/2025 10:00
756,20.88484626,46.97980046,17,0,26.0949542,2/1/2025 11:00
757,85.39133096,0,17,0,-85.39133096,2/1/2025 12:00
758,85.9210408,0,17,0,-85.9210408,2/1/2025 13:00
759,43.00580358,32.4480702,17,0,-10.55773338,2/1/2025 14:00
760,59.27527547,44.24486524,24,0,-15.03041024,2/1/2025 15:00
761,51.13741224,54.20920018,39,1,3.071787938,2/1/2025 16:00
762,0,254.7081451,46,1,254.7081451,2/1/2025 17:00
763,0,187.7849637,46,1,187.7849637,2/1/2025 18:00
764,0,123.6119533,46,1,123.6119533,2/1/2025 19:00
765,0,186.1245195,46,1,186.1245195,2/1/2025 20:00
766,0,45.75963015,17,0,45.75963015,2/1/2025 21:00
767,0,31.29020512,17,0,31.29020512,2/1/2025 22:00
768,0,15.21379058,17,0,15.21379058,2/1/2025 23:00
769,0,46.79873135,17,0,46.79873135,2/2/2025 0:00
770,0,62.87661161,17,0,62.87661161,2/2/2025 1:00
771,0,48.35711659,17,0,48.35711659,2/2/2025 2:00
772,0,0,17,0,0,2/2/2025 3:00
773,0,15.70881129,17,0,15.70881129,2/2/2025 4:00
774,0,45.90150883,17,1,45.90150883,2/2/2025 5:00
775,0,70.73392045,17,1,70.73392045,2/2/2025 6:00
776,88.16870185,0,17,1,-88.16870185,2/2/2025 7:00
777,43.21561482,47.60264828,17,1,4.387033466,2/2/2025 8:00
778,85.38860913,0,17,0,-85.38860913,2/2/2025 9:00
779,42.43913013,30.38256047,17,0,-12.05656966,2/2/2025 10:00
780,43.55509599,31.91258424,17,0,-11.64251175,2/2/2025 11:00
781,42.1545052,30.7549746,17,0,-11.39953061,2/2/2025 12:00
782,65.13465462,15.07466259,17,0,-50.05999203,2/2/2025 13:00
783,21.01411133,47.34338508,17,0,26.32927375,2/2/2025 14:00
784,43.21337386,31.18618735,17,0,-12.02718651,2/2/2025 15:00
785,168.2312346,0,32,1,-168.2312346,2/2/2025 16:00
786,0,46.3043467,17,1,46.3043467,2/2/2025 17:00
787,0,25.96248037,18,1,25.96248037,2/2/2025 18:00
788,0,69.24704737,17,1,69.24704737,2/2/2025 19:00
789,0,90.38078981,67,1,90.38078981,2/2/2025 20:00
790,0,31.57078857,17,0,31.57078857,2/2/2025 21:00
791,0,48.14039439,17,0,48.14039439,2/2/2025 22:00
792,0,31.02795489,17,0,31.02795489,2/2/2025 23:00
793,0,31.78193166,17,0,31.78193166,2/3/2025 0:00
794,0,30.95644338,17,0,30.95644338,2/3/2025 1:00
795,0,47.28510275,17,0,47.28510275,2/3/2025 2:00
796,0,64.37283238,17,0,64.37283238,2/3/2025 3:00
797,0,46.86652301,17,0,46.86652301,2/3/2025 4:00
798,0,46.97831724,17,1,46.97831724,2/3/2025 5:00
799,0,71.03442356,17,1,71.03442356,2/3/2025 6:00
800,67.47439375,22.87796185,17,1,-44.59643189,2/3/2025 7:00
801,44.59359548,48.09036048,17,1,3.496764996,2/3/2025 8:00
802,19.94337893,47.18803581,17,0,27.24465688,2/3/2025 9:00
803,43.4537132,30.6822059,17,0,-12.7715073,2/3/2025 10:00
804,22.59617001,47.72923579,17,0,25.13306578,2/3/2025 11:00
805,66.28931415,15.18087358,17,0,-51.10844057,2/3/2025 12:00
806,41.54103591,14.87120838,17,0,-26.66982753,2/3/2025 13:00
807,41.731009,31.88854802,17,0,-9.842460978,2/3/2025 14:00
808,43.86766293,31.36944261,17,0,-12.49822032,2/3/2025 15:00
809,124.8046269,44.11415867,32,1,-80.69046821,2/3/2025 16:00
810,0,110.7807,39,1,110.7807,2/3/2025 17:00
811,0,64.14300656,47,1,64.14300656,2/3/2025 18:00
812,0,65.29763499,46,1,65.29763499,2/3/2025 19:00
813,0,145.0296911,53,1,145.0296911,2/3/2025 20:00
814,0,61.70629738,17,0,61.70629738,2/3/2025 21:00
815,0,46.18721531,17,0,46.18721531,2/3/2025 22:00
816,0,30.19112031,17,0,30.19112031,2/3/2025 23:00
817,0,15.12854534,17,0,15.12854534,2/4/2025 0:00
818,0,0,16,0,0,2/4/2025 1:00
819,0,27.51263288,15,0,27.51263288,2/4/2025 2:00
820,0,26.5175472,15,0,26.5175472,2/4/2025 3:00
821,0,29.03510877,16,0,29.03510877,2/4/2025 4:00
822,0,23.04009863,17,1,23.04009863,2/4/2025 5:00
823,0,48.58216441,17,1,48.58216441,2/4/2025 6:00
824,43.22004229,47.42263552,17,1,4.202593224,2/4/2025 7:00
825,42.39102276,43.20608727,16,1,0.815064518,2/4/2025 8:00
826,44.39783768,9.743466243,11,0,-34.65437144,2/4/2025 9:00
827,44.79102538,10.14213031,11,0,-34.64889507,2/4/2025 10:00
828,38.30684961,26.28220727,14,0,-12.02464233,2/4/2025 11:00
829,42.01996754,31.29877257,17,0,-10.72119498,2/4/2025 12:00
830,48.46866423,10.96929695,12,0,-37.49936728,2/4/2025 13:00
831,20.26314276,41.89727677,15,0,21.63413401,2/4/2025 14:00
832,65.89534897,15.4042117,17,0,-50.49113727,2/4/2025 15:00
833,22.18710187,72.90258144,17,1,50.71547956,2/4/2025 16:00
834,0,22.8714594,17,1,22.8714594,2/4/2025 17:00
835,0,133.3079345,32,1,133.3079345,2/4/2025 18:00
836,0,219.0158179,53,1,219.0158179,2/4/2025 19:00
837,0,22.90954015,17,1,22.90954015,2/4/2025 20:00
838,0,16.34007858,17,0,16.34007858,2/4/2025 21:00
839,0,30.64456196,17,0,30.64456196,2/4/2025 22:00
840,0,47.53146026,17,0,47.53146026,2/4/2025 23:00
841,0,31.28887064,17,0,31.28887064,2/5/2025 0:00
842,0,15.08666941,17,0,15.08666941,2/5/2025 1:00
843,0,28.96341623,16,0,28.96341623,2/5/2025 2:00
844,0,30.1706685,16,0,30.1706685,2/5/2025 3:00
845,0,32.13109679,17,0,32.13109679,2/5/2025 4:00
846,0,70.06702888,17,1,70.06702888,2/5/2025 5:00
847,0,0,17,1,0,2/5/2025 6:00
848,23.89025212,69.02973137,17,1,45.13947926,2/5/2025 7:00
849,21.86579595,70.73564772,17,1,48.86985177,2/5/2025 8:00
850,21.63040305,47.28097726,17,0,25.65057421,2/5/2025 9:00
851,86.31809526,0,17,0,-86.31809526,2/5/2025 10:00
852,41.83726598,30.32989899,17,0,-11.50736699,2/5/2025 11:00
853,86.50257764,0,17,0,-86.50257764,2/5/2025 12:00
854,0,62.01543734,17,0,62.01543734,2/5/2025 13:00
855,65.12925914,15.73638355,17,0,-49.39287558,2/5/2025 14:00
856,58.34661117,45.64169264,24,0,-12.70491853,2/5/2025 15:00
857,24.96713472,48.97645653,17,1,24.0093218,2/5/2025 16:00
858,0,122.5319514,46,1,122.5319514,2/5/2025 17:00
859,0,88.33386101,32,1,88.33386101,2/5/2025 18:00
860,0,88.08795264,32,1,88.08795264,2/5/2025 19:00
861,0,109.1014457,39,1,109.1014457,2/5/2025 20:00
862,0,67.27580179,18,0,67.27580179,2/5/2025 21:00
863,0,46.90760058,17,0,46.90760058,2/5/2025 22:00
864,0,30.27295551,17,0,30.27295551,2/5/2025 23:00
865,0,31.44800945,17,0,31.44800945,2/6/2025 0:00
866,0,15.83271433,17,0,15.83271433,2/6/2025 1:00
867,0,14.98527946,17,0,14.98527946,2/6/2025 2:00
868,0,45.93479455,17,0,45.93479455,2/6/2025 3:00
869,0,31.35050568,17,0,31.35050568,2/6/2025 4:00
870,0,45.11384136,17,1,45.11384136,2/6/2025 5:00
871,0,47.64259108,17,1,47.64259108,2/6/2025 6:00
872,67.81745724,22.493279,17,1,-45.32417824,2/6/2025 7:00
873,64.87836229,24.38492646,17,1,-40.49343583,2/6/2025 8:00
874,44.73988333,31.25112257,17,0,-13.48876076,2/6/2025 9:00
875,86.90146789,0,17,0,-86.90146789,2/6/2025 10:00
876,64.26879488,15.90985116,17,0,-48.35894372,2/6/2025 11:00
877,65.13935461,14.94362176,17,0,-50.19573285,2/6/2025 12:00
878,22.10006447,46.79429468,17,0,24.69423021,2/6/2025 13:00
879,44.91324766,31.24270847,17,0,-13.67053919,2/6/2025 14:00
880,43.61781562,32.62841504,17,0,-10.98940058,2/6/2025 15:00
881,101.1503181,36.10390685,25,1,-65.04641127,2/6/2025 16:00
882,0,109.6623769,39,1,109.6623769,2/6/2025 17:00
883,0,170.7594023,60,1,170.7594023,2/6/2025 18:00
884,0,208.3694697,74,1,208.3694697,2/6/2025 19:00
885,0,46.56693647,17,1,46.56693647,2/6/2025 20:00
886,0,63.17959109,17,0,63.17959109,2/6/2025 21:00
887,0,15.85749776,17,0,15.85749776,2/6/2025 22:00
888,0,45.96015335,17,0,45.96015335,2/6/2025 23:00
889,0,32.25981556,17,0,32.25981556,2/7/2025 0:00
890,0,15.5147123,17,0,15.5147123,2/7/2025 1:00
891,0,30.12340766,16,0,30.12340766,2/7/2025 2:00
892,0,29.3544515,16,0,29.3544515,2/7/2025 3:00
893,0,43.91421926,16,0,43.91421926,2/7/2025 4:00
894,0,46.89858536,17,1,46.89858536,2/7/2025 5:00
895,0,47.90632926,17,1,47.90632926,2/7/2025 6:00
896,19.79787714,18.80478425,14,1,-0.993092896,2/7/2025 7:00
897,0,24.66710392,6,1,24.66710392,2/7/2025 8:00
898,29.99858346,13.37808443,7,0,-16.62049903,2/7/2025 9:00
899,26.2469006,12.89775748,7,0,-13.34914312,2/7/2025 10:00
900,35.38214998,25.36949156,14,0,-10.01265843,2/7/2025 11:00
901,54.67118087,12.50017112,14,0,-42.17100976,2/7/2025 12:00
902,41.90814475,8.194317011,9,0,-33.71382774,2/7/2025 13:00
903,15.01105718,25.00825391,9,0,9.997196729,2/7/2025 14:00
904,51.99291807,11.85656164,13,0,-40.13635643,2/7/2025 15:00
905,70.70588443,24.00616514,17,1,-46.69971929,2/7/2025 16:00
906,0,47.60333845,17,1,47.60333845,2/7/2025 17:00
907,0,23.90782579,17,1,23.90782579,2/7/2025 18:00
908,0,145.2009871,53,1,145.2009871,2/7/2025 19:00
909,0,107.5036087,39,1,107.5036087,2/7/2025 20:00
910,0,68.1631434,25,0,68.1631434,2/7/2025 21:00
911,0,47.22382808,17,0,47.22382808,2/7/2025 22:00
912,0,48.40920882,17,0,48.40920882,2/7/2025 23:00
913,0,0,17,0,0,2/8/2025 0:00
914,0,45.96952088,17,0,45.96952088,2/8/2025 1:00
915,0,46.55994435,17,0,46.55994435,2/8/2025 2:00
916,0,15.3277707,17,0,15.3277707,2/8/2025 3:00
917,0,46.77647718,17,0,46.77647718,2/8/2025 4:00
918,0,70.89606794,17,1,70.89606794,2/8/2025 5:00
919,0,47.69666474,17,1,47.69666474,2/8/2025 6:00
920,20.07151645,48.74335361,17,1,28.67183716,2/8/2025 7:00
921,40.9133264,45.46023326,17,1,4.546906856,2/8/2025 8:00
922,86.23200428,0,17,0,-86.23200428,2/8/2025 9:00
923,63.7429446,0,17,0,-63.7429446,2/8/2025 10:00
924,44.53872143,30.99769364,17,0,-13.54102779,2/8/2025 11:00
925,65.21457344,16.26582814,17,0,-48.9487453,2/8/2025 12:00
926,21.62350909,30.45018657,17,0,8.826677482,2/8/2025 13:00
927,19.54364734,31.96338154,17,0,12.4197342,2/8/2025 14:00
928,59.27734069,23.24816431,25,0,-36.02917638,2/8/2025 15:00
929,63.61926847,66.42260102,24,1,2.803332552,2/8/2025 16:00
930,0,0,25,1,0,2/8/2025 17:00
931,0,43.29168293,32,1,43.29168293,2/8/2025 18:00
932,0,94.32099643,33,1,94.32099643,2/8/2025 19:00
933,0,80.13424701,60,1,80.13424701,2/8/2025 20:00
934,0,32.96965109,18,0,32.96965109,2/8/2025 21:00
935,0,31.65571518,17,0,31.65571518,2/8/2025 22:00
936,0,45.8017314,17,0,45.8017314,2/8/2025 23:00
937,0,30.56285416,17,0,30.56285416,2/9/2025 0:00
938,0,47.37863029,17,0,47.37863029,2/9/2025 1:00
939,0,31.31452905,17,0,31.31452905,2/9/2025 2:00
940,0,16.26009853,17,0,16.26009853,2/9/2025 3:00
941,0,30.46431307,17,0,30.46431307,2/9/2025 4:00
942,0,46.19448882,17,1,46.19448882,2/9/2025 5:00
943,0,47.4111175,17,1,47.4111175,2/9/2025 6:00
944,41.88239519,23.21910669,17,1,-18.6632885,2/9/2025 7:00
945,23.01285836,70.64353526,17,1,47.6306769,2/9/2025 8:00
946,85.79119933,0,17,0,-85.79119933,2/9/2025 9:00
947,43.53953593,15.22466308,17,0,-28.31487286,2/9/2025 10:00
948,22.88566446,46.49367556,17,0,23.60801109,2/9/2025 11:00
949,63.1889464,0,17,0,-63.1889464,2/9/2025 12:00
950,20.97380035,30.47537681,17,0,9.501576455,2/9/2025 13:00
951,19.42670662,47.81933758,17,0,28.39263096,2/9/2025 14:00
952,66.97026652,16.74278177,18,0,-50.22748475,2/9/2025 15:00
953,51.00129219,163.5849061,39,1,112.5836139,2/9/2025 16:00
954,0,53.55591181,19,1,53.55591181,2/9/2025 17:00
955,0,76.66041361,19,1,76.66041361,2/9/2025 18:00
956,0,72.82294993,18,1,72.82294993,2/9/2025 19:00
957,0,208.9889963,74,1,208.9889963,2/9/2025 20:00
958,0,0,18,0,0,2/9/2025 21:00
959,0,64.36561054,18,0,64.36561054,2/9/2025 22:00
960,0,30.46004804,17,0,30.46004804,2/9/2025 23:00
961,0,47.97191397,17,0,47.97191397,2/10/2025 0:00
962,0,31.63677871,17,0,31.63677871,2/10/2025 1:00
963,0,15.68076525,17,0,15.68076525,2/10/2025 2:00
964,0,47.95050918,17,0,47.95050918,2/10/2025 3:00
965,0,15.89221786,17,0,15.89221786,2/10/2025 4:00
966,0,0,17,1,0,2/10/2025 5:00
967,0,71.58307849,17,1,71.58307849,2/10/2025 6:00
968,65.24758493,22.64050279,17,1,-42.60708214,2/10/2025 7:00
969,19.92103815,71.36056953,17,1,51.43953138,2/10/2025 8:00
970,0,63.11769687,17,0,63.11769687,2/10/2025 9:00
971,43.12259977,30.80861566,17,0,-12.31398411,2/10/2025 10:00
972,21.59650227,48.8763702,17,0,27.27986793,2/10/2025 11:00
973,64.08638825,16.34761861,17,0,-47.73876964,2/10/2025 12:00
974,64.29876467,15.58748888,17,0,-48.71127579,2/10/2025 13:00
975,19.80318176,30.4845608,17,0,10.68137903,2/10/2025 14:00
976,29.07565944,44.98952991,25,0,15.91387047,2/10/2025 15:00
977,49.89143474,108.8408706,39,1,58.9494359,2/10/2025 16:00
978,0,69.36413407,25,1,69.36413407,2/10/2025 17:00
979,0,51.23098848,18,1,51.23098848,2/10/2025 18:00
980,0,49.8343877,18,1,49.8343877,2/10/2025 19:00
981,0,88.84579364,32,1,88.84579364,2/10/2025 20:00
982,0,0,18,0,0,2/10/2025 21:00
983,0,16.35074758,18,0,16.35074758,2/10/2025 22:00
984,0,31.24540949,17,0,31.24540949,2/10/2025 23:00
985,0,48.41516102,17,0,48.41516102,2/11/2025 0:00
986,0,31.60797261,17,0,31.60797261,2/11/2025 1:00
987,0,14.88585636,17,0,14.88585636,2/11/2025 2:00
988,0,62.7165017,17,0,62.7165017,2/11/2025 3:00
989,0,31.03503097,17,0,31.03503097,2/11/2025 4:00
990,0,23.85109238,17,1,23.85109238,2/11/2025 5:00
991,0,72.26070402,17,1,72.26070402,2/11/2025 6:00
992,42.50094183,44.94226694,17,1,2.441325117,2/11/2025 7:00
993,61.2633063,23.83353674,17,1,-37.42976956,2/11/2025 8:00
994,63.54842923,16.01870944,17,0,-47.52971979,2/11/2025 9:00
995,83.78393004,0,17,0,-83.78393004,2/11/2025 10:00
996,63.76100183,15.31140379,17,0,-48.44959805,2/11/2025 11:00
997,64.15445529,14.92534168,17,0,-49.22911361,2/11/2025 12:00
998,0,62.30674664,17,0,62.30674664,2/11/2025 13:00
999,64.42887417,16.28496884,17,0,-48.14390533,2/11/2025 14:00
1000,67.36967856,16.81519481,18,0,-50.55448374,2/11/2025 15:00
1001,50.65848558,23.98276629,18,1,-26.67571929,2/11/2025 16:00
1002,0,33.05782439,25,1,33.05782439,2/11/2025 17:00
1003,0,51.05243781,19,1,51.05243781,2/11/2025 18:00
1004,0,23.95601649,18,1,23.95601649,2/11/2025 19:00
1005,0,44.75752485,32,1,44.75752485,2/11/2025 20:00
1006,0,50.89275178,18,0,50.89275178,2/11/2025 21:00
1007,0,33.25477698,18,0,33.25477698,2/11/2025 22:00
1008,0,46.39558625,17,0,46.39558625,2/11/2025 23:00
1009,0,30.92652485,17,0,30.92652485,2/12/2025 0:00
1010,0,15.76558124,17,0,15.76558124,2/12/2025 1:00
1011,0,31.27931083,17,0,31.27931083,2/12/2025 2:00
1012,0,45.74345507,17,0,45.74345507,2/12/2025 3:00
1013,0,47.22058858,17,0,47.22058858,2/12/2025 4:00
1014,0,47.07842503,17,1,47.07842503,2/12/2025 5:00
1015,0,69.97416065,17,1,69.97416065,2/12/2025 6:00
1016,43.88549822,47.32353716,17,1,3.438038935,2/12/2025 7:00
1017,64.26970537,22.84657214,17,1,-41.42313323,2/12/2025 8:00
1018,43.42190027,31.88515668,17,0,-11.53674358,2/12/2025 9:00
1019,41.0686672,32.56485952,17,0,-8.503807672,2/12/2025 10:00
1020,42.29784863,31.56971499,17,0,-10.72813364,2/12/2025 11:00
1021,21.26500122,47.63629871,17,0,26.37129749,2/12/2025 12:00
1022,84.11864833,0,17,0,-84.11864833,2/12/2025 13:00
1023,42.87217264,31.41701523,17,0,-11.45515741,2/12/2025 14:00
1024,67.07634888,16.38235982,18,0,-50.69398906,2/12/2025 15:00
1025,48.95133769,106.6549634,39,1,57.70362569,2/12/2025 16:00
1026,0,71.57537178,25,1,71.57537178,2/12/2025 17:00
1027,0,49.68699461,18,1,49.68699461,2/12/2025 18:00
1028,0,76.85962165,18,1,76.85962165,2/12/2025 19:00
1029,0,42.07990696,32,1,42.07990696,2/12/2025 20:00
1030,0,69.00201575,25,0,69.00201575,2/12/2025 21:00
1031,0,0,18,0,0,2/12/2025 22:00
1032,0,62.58506079,17,0,62.58506079,2/12/2025 23:00
1033,0,62.49306123,17,0,62.49306123,2/13/2025 0:00
1034,0,31.16067127,17,0,31.16067127,2/13/2025 1:00
1035,0,31.78335826,17,0,31.78335826,2/13/2025 2:00
1036,0,47.72044553,17,0,47.72044553,2/13/2025 3:00
1037,0,31.11010817,17,0,31.11010817,2/13/2025 4:00
1038,0,68.83566155,17,1,68.83566155,2/13/2025 5:00
1039,0,72.71065318,17,1,72.71065318,2/13/2025 6:00
1040,86.01396057,0,17,1,-86.01396057,2/13/2025 7:00
1041,83.40567947,0,17,1,-83.40567947,2/13/2025 8:00
1042,83.66936967,0,17,0,-83.66936967,2/13/2025 9:00
1043,21.72587194,47.92904547,17,0,26.20317354,2/13/2025 10:00
1044,84.06186973,0,17,0,-84.06186973,2/13/2025 11:00
1045,63.33020446,14.89419427,17,0,-48.43601019,2/13/2025 12:00
1046,42.19094459,30.58962401,17,0,-11.60132059,2/13/2025 13:00
1047,21.42565946,47.85711261,17,0,26.43145315,2/13/2025 14:00
1048,23.13239526,49.56275418,18,0,26.43035892,2/13/2025 15:00
1049,127.8409416,0,25,1,-127.8409416,2/13/2025 16:00
1050,0,285.5639443,67,1,285.5639443,2/13/2025 17:00
1051,0,129.5499865,46,1,129.5499865,2/13/2025 18:00
1052,0,128.2288129,46,1,128.2288129,2/13/2025 19:00
1053,0,166.351553,60,1,166.351553,2/13/2025 20:00
1054,0,49.68575861,18,0,49.68575861,2/13/2025 21:00
1055,0,16.22644925,18,0,16.22644925,2/13/2025 22:00
1056,0,31.69841622,17,0,31.69841622,2/13/2025 23:00
1057,0,30.68383274,17,0,30.68383274,2/14/2025 0:00
1058,0,48.08617051,17,0,48.08617051,2/14/2025 1:00
1059,0,0,17,0,0,2/14/2025 2:00
1060,0,44.62653291,16,0,44.62653291,2/14/2025 3:00
1061,0,44.93947307,16,0,44.93947307,2/14/2025 4:00
1062,0,45.91571253,17,1,45.91571253,2/14/2025 5:00
1063,0,67.70743564,17,1,67.70743564,2/14/2025 6:00
1064,77.5757974,0,15,1,-77.5757974,2/14/2025 7:00
1065,43.24619087,15.93314907,11,1,-27.3130418,2/14/2025 8:00
1066,53.54813877,13.14394297,14,0,-40.4041958,2/14/2025 9:00
1067,32.29563002,23.45825577,13,0,-8.837374249,2/14/2025 10:00
1068,44.02108156,10.22076796,11,0,-33.8003136,2/14/2025 11:00
1069,53.47718341,12.50186127,14,0,-40.97532214,2/14/2025 12:00
1070,32.43995554,21.88969673,12,0,-10.55025881,2/14/2025 13:00
1071,19.22325381,43.65515065,16,0,24.43189684,2/14/2025 14:00
1072,62.78164267,15.28107391,17,0,-47.50056875,2/14/2025 15:00
1073,72.96601371,24.22212299,18,1,-48.74389072,2/14/2025 16:00
1074,0,49.94534417,18,1,49.94534417,2/14/2025 17:00
1075,0,128.5545802,46,1,128.5545802,2/14/2025 18:00
1076,0,202.2413518,74,1,202.2413518,2/14/2025 19:00
1077,0,191.6814166,67,1,191.6814166,2/14/2025 20:00
1078,0,0,60,0,0,2/14/2025 21:00
1079,0,48.77321666,18,0,48.77321666,2/14/2025 22:00
1080,0,33.6754782,18,0,33.6754782,2/14/2025 23:00
1081,0,31.11044771,17,0,31.11044771,2/15/2025 0:00
1082,0,30.53922418,17,0,30.53922418,2/15/2025 1:00
1083,0,45.19263869,17,0,45.19263869,2/15/2025 2:00
1084,0,14.86333318,17,0,14.86333318,2/15/2025 3:00
1085,0,16.30984045,17,0,16.30984045,2/15/2025 4:00
1086,0,46.60515385,17,1,46.60515385,2/15/2025 5:00
1087,0,48.19229502,17,1,48.19229502,2/15/2025 6:00
1088,44.30596715,45.17524826,17,1,0.869281109,2/15/2025 7:00
1089,86.10027996,0,17,1,-86.10027996,2/15/2025 8:00
1090,63.49483139,15.66988611,17,0,-47.82494528,2/15/2025 9:00
1091,63.64808099,15.30748056,17,0,-48.34060043,2/15/2025 10:00
1092,63.89778106,15.26460875,17,0,-48.63317232,2/15/2025 11:00
1093,43.85456901,32.25068185,17,0,-11.60388716,2/15/2025 12:00
1094,63.01800984,14.80523687,16,0,-48.21277297,2/15/2025 13:00
1095,44.14694615,31.03613376,17,0,-13.11081239,2/15/2025 14:00
1096,44.70636673,31.73290557,17,0,-12.97346116,2/15/2025 15:00
1097,52.13673205,164.588776,39,1,112.4520439,2/15/2025 16:00
1098,0,24.24096892,18,1,24.24096892,2/15/2025 17:00
1099,0,73.24225591,18,1,73.24225591,2/15/2025 18:00
1100,0,123.8368779,31,1,123.8368779,2/15/2025 19:00
1101,0,69.18845219,25,1,69.18845219,2/15/2025 20:00
1102,0,46.63642967,17,0,46.63642967,2/15/2025 21:00
1103,0,61.71076558,17,0,61.71076558,2/15/2025 22:00
1104,0,16.35297605,17,0,16.35297605,2/15/2025 23:00
1105,0,46.58264711,17,0,46.58264711,2/16/2025 0:00
1106,0,31.17852936,17,0,31.17852936,2/16/2025 1:00
1107,0,45.78973598,17,0,45.78973598,2/16/2025 2:00
1108,0,61.81681945,17,0,61.81681945,2/16/2025 3:00
1109,0,30.92047616,17,0,30.92047616,2/16/2025 4:00
1110,0,0,17,1,0,2/16/2025 5:00
1111,0,47.24969336,17,1,47.24969336,2/16/2025 6:00
1112,41.05525681,24.01652927,17,1,-17.03872755,2/16/2025 7:00
1113,19.81884426,68.88713965,17,1,49.06829539,2/16/2025 8:00
1114,65.16066027,15.86649988,17,0,-49.29416039,2/16/2025 9:00
1115,40.21635133,30.84804692,17,0,-9.368304411,2/16/2025 10:00
1116,42.35713353,30.42022492,17,0,-11.93690861,2/16/2025 11:00
1117,20.13746404,45.9351044,17,0,25.79764035,2/16/2025 12:00
1118,42.52557884,31.29828756,17,0,-11.22729128,2/16/2025 13:00
1119,40.34587758,31.68840749,17,0,-8.657470093,2/16/2025 14:00
1120,45.09270154,30.86140879,17,0,-14.23129275,2/16/2025 15:00
1121,98.87629932,35.0071627,25,1,-63.86913662,2/16/2025 16:00
1122,0,49.88555777,18,1,49.88555777,2/16/2025 17:00
1123,0,75.41083017,18,1,75.41083017,2/16/2025 18:00
1124,0,70.888091,25,1,70.888091,2/16/2025 19:00
1125,0,25.62200723,18,1,25.62200723,2/16/2025 20:00
1126,0,15.95989636,17,0,15.95989636,2/16/2025 21:00
1127,0,15.84467103,17,0,15.84467103,2/16/2025 22:00
1128,0,30.21988022,17,0,30.21988022,2/16/2025 23:00
1129,0,30.49063194,17,0,30.49063194,2/17/2025 0:00
1130,0,46.08454389,17,0,46.08454389,2/17/2025 1:00
1131,0,15.39249397,17,0,15.39249397,2/17/2025 2:00
1132,0,15.07683577,17,0,15.07683577,2/17/2025 3:00
1133,0,30.48494149,17,0,30.48494149,2/17/2025 4:00
1134,0,72.46691851,17,1,72.46691851,2/17/2025 5:00
1135,0,23.82950066,17,1,23.82950066,2/17/2025 6:00
1136,88.16393216,0,17,1,-88.16393216,2/17/2025 7:00
1137,85.88342448,0,17,1,-85.88342448,2/17/2025 8:00
1138,86.08199207,0,17,0,-86.08199207,2/17/2025 9:00
1139,86.66984978,0,17,0,-86.66984978,2/17/2025 10:00
1140,43.45469633,30.28123913,17,0,-13.17345719,2/17/2025 11:00
1141,43.80157426,31.52063009,17,0,-12.28094417,2/17/2025 12:00
1142,21.06299313,48.4447427,17,0,27.38174957,2/17/2025 13:00
1143,64.60896977,15.00845404,17,0,-49.60051573,2/17/2025 14:00
1144,43.95458676,31.38390353,17,0,-12.57068324,2/17/2025 15:00
1145,0,104.6086033,25,1,104.6086033,2/17/2025 16:00
1146,0,89.86725815,32,1,89.86725815,2/17/2025 17:00
1147,0,69.59214024,25,1,69.59214024,2/17/2025 18:00
1148,0,134.8125206,32,1,134.8125206,2/17/2025 19:00
1149,0,24.48597626,18,1,24.48597626,2/17/2025 20:00
1150,0,30.6199887,17,0,30.6199887,2/17/2025 21:00
1151,0,15.86572958,17,0,15.86572958,2/17/2025 22:00
1152,0,30.99072488,17,0,30.99072488,2/17/2025 23:00
1153,0,15.66602623,17,0,15.66602623,2/18/2025 0:00
1154,0,30.52035942,17,0,30.52035942,2/18/2025 1:00
1155,0,46.44710556,17,0,46.44710556,2/18/2025 2:00
1156,0,15.79363115,17,0,15.79363115,2/18/2025 3:00
1157,0,15.01729852,17,0,15.01729852,2/18/2025 4:00
1158,0,45.02073051,17,1,45.02073051,2/18/2025 5:00
1159,0,71.66549784,17,1,71.66549784,2/18/2025 6:00
1160,21.12336463,68.65646571,17,1,47.53310108,2/18/2025 7:00
1161,43.93695931,47.01203606,17,1,3.075076753,2/18/2025 8:00
1162,43.95978053,31.03398874,17,0,-12.92579179,2/18/2025 9:00
1163,22.15778325,47.74024888,17,0,25.58246563,2/18/2025 10:00
1164,64.685228,15.58850242,17,0,-49.09672558,2/18/2025 11:00
1165,64.03477392,15.58552959,17,0,-48.44924433,2/18/2025 12:00
1166,65.08226556,14.99058786,17,0,-50.0916777,2/18/2025 13:00
1167,64.51608704,15.45939553,17,0,-49.05669151,2/18/2025 14:00
1168,21.68210977,31.057395,17,0,9.375285228,2/18/2025 15:00
1169,42.31321299,44.13251595,32,1,1.819302962,2/18/2025 16:00
1170,0,69.29489209,25,1,69.29489209,2/18/2025 17:00
1171,0,0,18,1,0,2/18/2025 18:00
1172,0,182.049438,32,1,182.049438,2/18/2025 19:00
1173,0,98.64123335,18,1,98.64123335,2/18/2025 20:00
1174,0,31.1814332,17,0,31.1814332,2/18/2025 21:00
1175,0,31.97818414,17,0,31.97818414,2/18/2025 22:00
1176,0,31.19803556,17,0,31.19803556,2/18/2025 23:00
1177,0,15.52068537,17,0,15.52068537,2/19/2025 0:00
1178,0,47.12761465,17,0,47.12761465,2/19/2025 1:00
1179,0,15.28284511,17,0,15.28284511,2/19/2025 2:00
1180,0,15.8522849,17,0,15.8522849,2/19/2025 3:00
1181,0,31.07487969,17,0,31.07487969,2/19/2025 4:00
1182,0,70.75248388,17,1,70.75248388,2/19/2025 5:00
1183,0,69.49477889,17,1,69.49477889,2/19/2025 6:00
1184,67.7426555,24.1753634,17,1,-43.5672921,2/19/2025 7:00
1185,20.29944982,72.20688164,17,1,51.90743182,2/19/2025 8:00
1186,21.9692992,47.37167237,17,0,25.40237317,2/19/2025 9:00
1187,43.49327294,31.77452924,17,0,-11.7187437,2/19/2025 10:00
1188,65.80079743,15.59875007,17,0,-50.20204736,2/19/2025 11:00
1189,21.93605105,47.03086842,17,0,25.09481737,2/19/2025 12:00
1190,41.59806633,32.19608086,17,0,-9.401985464,2/19/2025 13:00
1191,42.12521848,30.96546727,17,0,-11.15975121,2/19/2025 14:00
1192,64.42286732,14.8645825,17,0,-49.55828482,2/19/2025 15:00
1193,40.70246672,89.70130652,32,1,48.99883981,2/19/2025 16:00
1194,0,51.65544161,19,1,51.65544161,2/19/2025 17:00
1195,0,75.39585863,18,1,75.39585863,2/19/2025 18:00
1196,0,68.35085096,25,1,68.35085096,2/19/2025 19:00
1197,0,49.58814398,18,1,49.58814398,2/19/2025 20:00
1198,0,58.10748781,32,0,58.10748781,2/19/2025 21:00
1199,0,47.20637851,17,0,47.20637851,2/19/2025 22:00
1200,0,48.07021217,17,0,48.07021217,2/19/2025 23:00
1201,0,47.88670688,17,0,47.88670688,2/20/2025 0:00
1202,0,30.82991063,17,0,30.82991063,2/20/2025 1:00
1203,0,31.88848768,17,0,31.88848768,2/20/2025 2:00
1204,0,46.94420349,17,0,46.94420349,2/20/2025 3:00
1205,0,15.22535112,17,0,15.22535112,2/20/2025 4:00
1206,0,44.94618294,17,1,44.94618294,2/20/2025 5:00
1207,0,23.58351736,17,1,23.58351736,2/20/2025 6:00
1208,45.22173807,47.01356304,17,1,1.791824967,2/20/2025 7:00
1209,86.03996432,0,17,1,-86.03996432,2/20/2025 8:00
1210,63.70518156,15.94627475,17,0,-47.75890682,2/20/2025 9:00
1211,42.90622301,29.40876403,16,0,-13.49745898,2/20/2025 10:00
1212,40.07909664,28.13561451,16,0,-11.94348213,2/20/2025 11:00
1213,44.23717634,30.62390076,17,0,-13.61327558,2/20/2025 12:00
1214,37.45170965,28.47314407,15,0,-8.978565573,2/20/2025 13:00
1215,44.90626718,31.43690225,17,0,-13.46936493,2/20/2025 14:00
1216,19.68005353,46.47391973,17,0,26.7938662,2/20/2025 15:00
1217,68.59881483,23.98291172,17,1,-44.6159031,2/20/2025 16:00
1218,0,65.29987391,46,1,65.29987391,2/20/2025 17:00
1219,0,104.7553247,25,1,104.7553247,2/20/2025 18:00
1220,0,0,25,1,0,2/20/2025 19:00
1221,0,103.5799979,25,1,103.5799979,2/20/2025 20:00
1222,0,15.92624606,18,0,15.92624606,2/20/2025 21:00
1223,0,16.16041754,17,0,16.16041754,2/20/2025 22:00
1224,0,32.02860805,17,0,32.02860805,2/20/2025 23:00
1225,0,14.95406321,17,0,14.95406321,2/21/2025 0:00
1226,0,64.77505433,17,0,64.77505433,2/21/2025 1:00
1227,0,31.11642027,17,0,31.11642027,2/21/2025 2:00
1228,0,44.51033442,16,0,44.51033442,2/21/2025 3:00
1229,0,30.1953064,17,0,30.1953064,2/21/2025 4:00
1230,0,92.8152313,17,1,92.8152313,2/21/2025 5:00
1231,0,47.85371147,17,1,47.85371147,2/21/2025 6:00
1232,41.16327997,45.57640494,16,1,4.41312497,2/21/2025 7:00
1233,55.70480705,0,9,1,-55.70480705,2/21/2025 8:00
1234,31.88062575,10.98979221,12,0,-20.89083354,2/21/2025 9:00
1235,29.62507463,10.59217462,12,0,-19.03290001,2/21/2025 10:00
1236,41.47084122,29.73218455,16,0,-11.73865667,2/21/2025 11:00
1237,17.73458349,41.42923731,15,0,23.69465382,2/21/2025 12:00
1238,77.48929177,0,15,0,-77.48929177,2/21/2025 13:00
1239,52.8170947,11.80944631,13,0,-41.00764839,2/21/2025 14:00
1240,37.13135252,27.55644009,15,0,-9.574912435,2/21/2025 15:00
1241,46.50502992,46.95532674,17,1,0.450296813,2/21/2025 16:00
1242,0,49.31655751,18,1,49.31655751,2/21/2025 17:00
1243,0,0,40,1,0,2/21/2025 18:00
1244,0,0,67,1,0,2/21/2025 19:00
1245,0,270.1819072,67,1,270.1819072,2/21/2025 20:00
1246,0,100.0266075,54,0,100.0266075,2/21/2025 21:00
1247,0,49.84227701,18,0,49.84227701,2/21/2025 22:00
1248,0,16.943789,18,0,16.943789,2/21/2025 23:00
1249,0,16.00494118,17,0,16.00494118,2/22/2025 0:00
1250,0,16.34011657,17,0,16.34011657,2/22/2025 1:00
1251,0,30.03750254,17,0,30.03750254,2/22/2025 2:00
1252,0,0,17,0,0,2/22/2025 3:00
1253,0,47.87826982,17,0,47.87826982,2/22/2025 4:00
1254,0,69.4570501,17,1,69.4570501,2/22/2025 5:00
1255,0,24.07621821,17,1,24.07621821,2/22/2025 6:00
1256,46.45165231,48.18307722,17,1,1.731424914,2/22/2025 7:00
1257,44.02700805,45.61576558,17,1,1.588757532,2/22/2025 8:00
1258,22.85637913,46.68632845,17,0,23.82994932,2/22/2025 9:00
1259,86.23523951,0,17,0,-86.23523951,2/22/2025 10:00
1260,21.30700944,30.94039594,17,0,9.633386497,2/22/2025 11:00
1261,42.2242119,16.31876383,17,0,-25.90544806,2/22/2025 12:00
1262,44.03779381,16.25671476,17,0,-27.78107905,2/22/2025 13:00
1263,40.99081381,31.83851058,17,0,-9.152303231,2/22/2025 14:00
1264,60.48429255,45.13719721,25,0,-15.34709535,2/22/2025 15:00
1265,46.7518977,51.80069914,18,1,5.04880144,2/22/2025 16:00
1266,0,92.50997001,32,1,92.50997001,2/22/2025 17:00
1267,0,43.25410377,32,1,43.25410377,2/22/2025 18:00
1268,0,0,32,1,0,2/22/2025 19:00
1269,0,106.3979149,39,1,106.3979149,2/22/2025 20:00
1270,0,31.85914034,17,0,31.85914034,2/22/2025 21:00
1271,0,31.32374528,17,0,31.32374528,2/22/2025 22:00
1272,0,0,17,0,0,2/22/2025 23:00
1273,0,31.40831743,17,0,31.40831743,2/23/2025 0:00
1274,0,16.21769532,17,0,16.21769532,2/23/2025 1:00
1275,0,46.70448536,17,0,46.70448536,2/23/2025 2:00
1276,0,32.41609794,17,0,32.41609794,2/23/2025 3:00
1277,0,47.37722617,17,0,47.37722617,2/23/2025 4:00
1278,0,45.76771928,17,1,45.76771928,2/23/2025 5:00
1279,0,92.27718834,17,1,92.27718834,2/23/2025 6:00
1280,23.17179231,70.98637979,17,1,47.81458748,2/23/2025 7:00
1281,22.73706598,70.89282039,17,1,48.15575441,2/23/2025 8:00
1282,67.26268742,16.41101093,17,0,-50.85167649,2/23/2025 9:00
1283,41.88192883,16.07873336,17,0,-25.80319547,2/23/2025 10:00
1284,44.62086563,30.60338215,17,0,-14.01748348,2/23/2025 11:00
1285,64.46534253,16.09188553,17,0,-48.373457,2/23/2025 12:00
1286,68.22155238,16.17491834,17,0,-52.04663403,2/23/2025 13:00
1287,22.71448232,31.15766115,17,0,8.443178828,2/23/2025 14:00
1288,0,46.15129,17,0,46.15129,2/23/2025 15:00
1289,0,137.6125289,32,1,137.6125289,2/23/2025 16:00
1290,0,0,32,1,0,2/23/2025 17:00
1291,0,84.83922733,32,1,84.83922733,2/23/2025 18:00
1292,0,148.8785961,53,1,148.8785961,2/23/2025 19:00
1293,0,73.15470101,18,1,73.15470101,2/23/2025 20:00
1294,0,44.28339837,24,0,44.28339837,2/23/2025 21:00
1295,0,32.78558956,17,0,32.78558956,2/23/2025 22:00
1296,0,15.92333693,17,0,15.92333693,2/23/2025 23:00
1297,0,30.65692926,17,0,30.65692926,2/24/2025 0:00
1298,0,32.06629851,17,0,32.06629851,2/24/2025 1:00
1299,0,32.07732408,17,0,32.07732408,2/24/2025 2:00
1300,0,16.10686069,17,0,16.10686069,2/24/2025 3:00
1301,0,31.79034558,17,0,31.79034558,2/24/2025 4:00
1302,0,70.10430019,17,1,70.10430019,2/24/2025 5:00
1303,0,23.33959225,17,1,23.33959225,2/24/2025 6:00
1304,46.02155448,22.75271966,17,1,-23.26883482,2/24/2025 7:00
1305,42.05860001,46.06189723,17,1,4.003297212,2/24/2025 8:00
1306,41.97769792,16.10605738,17,0,-25.87164054,2/24/2025 9:00
1307,41.23255066,31.01251213,17,0,-10.22003853,2/24/2025 10:00
1308,64.44957328,15.73803784,17,0,-48.71153544,2/24/2025 11:00
1309,64.56342279,16.15551637,17,0,-48.40790642,2/24/2025 12:00
1310,68.1545386,15.33391917,17,0,-52.82061943,2/24/2025 13:00
1311,42.31772708,15.20794615,17,0,-27.10978093,2/24/2025 14:00
1312,42.46034114,15.62004622,17,0,-26.84029492,2/24/2025 15:00
1313,65.4396178,33.74010441,25,1,-31.69951339,2/24/2025 16:00
1314,0,92.91116719,17,1,92.91116719,2/24/2025 17:00
1315,0,173.294507,32,1,173.294507,2/24/2025 18:00
1316,0,43.33348517,32,1,43.33348517,2/24/2025 19:00
1317,0,78.60956132,19,1,78.60956132,2/24/2025 20:00
1318,0,66.08305039,24,0,66.08305039,2/24/2025 21:00
1319,0,47.51855188,17,0,47.51855188,2/24/2025 22:00
1320,0,31.01418778,17,0,31.01418778,2/24/2025 23:00
1321,0,61.37532931,17,0,61.37532931,2/25/2025 0:00
1322,0,31.16316208,17,0,31.16316208,2/25/2025 1:00
1323,0,47.1832782,17,0,47.1832782,2/25/2025 2:00
1324,0,32.03590765,17,0,32.03590765,2/25/2025 3:00
1325,0,0,17,0,0,2/25/2025 4:00
1326,0,46.53921391,17,1,46.53921391,2/25/2025 5:00
1327,0,47.82345122,17,1,47.82345122,2/25/2025 6:00
1328,23.48703508,67.89256344,17,1,44.40552836,2/25/2025 7:00
1329,22.95825103,70.89794671,17,1,47.93969568,2/25/2025 8:00
1330,40.46904753,32.21737552,17,0,-8.25167201,2/25/2025 9:00
1331,63.00214795,15.31264439,17,0,-47.68950357,2/25/2025 10:00
1332,63.53198675,15.52072902,17,0,-48.01125773,2/25/2025 11:00
1333,21.66300512,47.06518063,17,0,25.40217551,2/25/2025 12:00
1334,19.50633037,48.78723167,17,0,29.2809013,2/25/2025 13:00
1335,19.45742718,46.84368553,17,0,27.38625835,2/25/2025 14:00
1336,41.75164106,31.66685304,17,0,-10.08478802,2/25/2025 15:00
1337,42.56712155,88.40954471,32,1,45.84242315,2/25/2025 16:00
1338,0,45.60712993,17,1,45.60712993,2/25/2025 17:00
1339,0,100.82504,24,1,100.82504,2/25/2025 18:00
1340,0,0,53,1,0,2/25/2025 19:00
1341,0,47.55507977,17,1,47.55507977,2/25/2025 20:00
1342,0,22.79610571,24,0,22.79610571,2/25/2025 21:00
1343,0,47.86851648,17,0,47.86851648,2/25/2025 22:00
1344,0,47.99150384,17,0,47.99150384,2/25/2025 23:00
1345,0,0,17,0,0,2/26/2025 0:00
1346,0,30.63331752,17,0,30.63331752,2/26/2025 1:00
1347,0,31.52852478,17,0,31.52852478,2/26/2025 2:00
1348,0,0,17,0,0,2/26/2025 3:00
1349,0,0,17,0,0,2/26/2025 4:00
1350,0,46.7884571,17,1,46.7884571,2/26/2025 5:00
1351,0,95.49868014,17,1,95.49868014,2/26/2025 6:00
1352,48.5477726,45.54855709,17,1,-2.99921551,2/26/2025 7:00
1353,18.81880969,66.57125093,16,1,47.75244124,2/26/2025 8:00
1354,44.31348377,30.20551753,17,0,-14.10796624,2/26/2025 9:00
1355,22.52585232,47.63865167,17,0,25.11279934,2/26/2025 10:00
1356,64.1536856,15.0493556,17,0,-49.10433,2/26/2025 11:00
1357,64.7917251,15.76330138,17,0,-49.02842372,2/26/2025 12:00
1358,45.27576253,30.96650769,17,0,-14.30925484,2/26/2025 13:00
1359,44.91330499,32.20471195,17,0,-12.70859305,2/26/2025 14:00
1360,23.69771637,48.20600763,17,0,24.50829126,2/26/2025 15:00
1361,0,0,17,1,0,2/26/2025 16:00
1362,0,22.35994413,17,1,22.35994413,2/26/2025 17:00
1363,0,82.62722033,60,1,82.62722033,2/26/2025 18:00
1364,0,169.4023302,60,1,169.4023302,2/26/2025 19:00
1365,0,81.94823141,60,1,81.94823141,2/26/2025 20:00
1366,0,16.33898036,17,0,16.33898036,2/26/2025 21:00
1367,0,30.77594483,17,0,30.77594483,2/26/2025 22:00
1368,0,16.40679257,17,0,16.40679257,2/26/2025 23:00
1369,0,15.17187277,17,0,15.17187277,2/27/2025 0:00
1370,0,31.23694098,17,0,31.23694098,2/27/2025 1:00
1371,0,14.81906947,16,0,14.81906947,2/27/2025 2:00
1372,0,0,17,0,0,2/27/2025 3:00
1373,0,47.77033828,17,0,47.77033828,2/27/2025 4:00
1374,0,71.14387228,17,1,71.14387228,2/27/2025 5:00
1375,0,71.46569114,17,1,71.46569114,2/27/2025 6:00
1376,23.8250137,22.31778421,17,1,-1.507229488,2/27/2025 7:00
1377,23.04727188,69.2908494,17,1,46.24357753,2/27/2025 8:00
1378,41.9944346,31.4521251,17,0,-10.5423095,2/27/2025 9:00
1379,44.67742138,30.8365635,17,0,-13.84085788,2/27/2025 10:00
1380,21.93431026,46.46263406,17,0,24.52832381,2/27/2025 11:00
1381,87.63536602,0,17,0,-87.63536602,2/27/2025 12:00
1382,88.34693177,0,17,0,-88.34693177,2/27/2025 13:00
1383,44.69005486,32.05324313,17,0,-12.63681173,2/27/2025 14:00
1384,23.70780181,30.79675107,17,0,7.088949261,2/27/2025 15:00
1385,0,138.432904,25,1,138.432904,2/27/2025 16:00
1386,0,0,39,1,0,2/27/2025 17:00
1387,0,0,18,1,0,2/27/2025 18:00
1388,0,23.81583377,17,1,23.81583377,2/27/2025 19:00
1389,0,42.70106687,32,1,42.70106687,2/27/2025 20:00
1390,0,15.18681541,17,0,15.18681541,2/27/2025 21:00
1391,0,31.4331381,17,0,31.4331381,2/27/2025 22:00
1392,0,16.40144783,17,0,16.40144783,2/27/2025 23:00
1393,0,30.67747212,17,0,30.67747212,2/28/2025 0:00
1394,0,47.45919596,17,0,47.45919596,2/28/2025 1:00
1395,0,15.53896634,17,0,15.53896634,2/28/2025 2:00
1396,0,15.12363867,17,0,15.12363867,2/28/2025 3:00
1397,0,31.61201204,17,0,31.61201204,2/28/2025 4:00
1398,0,23.39200558,17,1,23.39200558,2/28/2025 5:00
1399,0,67.92938619,17,1,67.92938619,2/28/2025 6:00
1400,22.77136332,23.03209634,16,1,0.260733028,2/28/2025 7:00
1401,31.0707742,21.73227874,8,1,-9.338495456,2/28/2025 8:00
1402,29.92624805,19.80232727,11,0,-10.12392078,2/28/2025 9:00
1403,67.29855871,0,12,0,-67.29855871,2/28/2025 10:00
1404,39.43900776,25.45198589,14,0,-13.98702187,2/28/2025 11:00
1405,20.73334279,28.24909002,15,0,7.515747234,2/28/2025 12:00
1406,38.9156769,0,15,0,-38.9156769,2/28/2025 13:00
1407,18.34948253,13.18457411,15,0,-5.164908423,2/28/2025 14:00
1408,0,62.80237344,17,0,62.80237344,2/28/2025 15:00
1409,0,48.5790263,17,1,48.5790263,2/28/2025 16:00
1410,0,72.1897198,17,1,72.1897198,2/28/2025 17:00
1411,0,65.27180122,24,1,65.27180122,2/28/2025 18:00
1412,0,35.45151021,25,1,35.45151021,2/28/2025 19:00
1413,0,134.8360805,32,1,134.8360805,2/28/2025 20:00
1414,0,57.94840895,32,0,57.94840895,2/28/2025 21:00
1415,0,46.2445469,17,0,46.2445469,2/28/2025 22:00
1416,0,47.07693547,17,0,47.07693547,2/28/2025 23:00
1417,0,47.67763596,17,0,47.67763596,3/1/2025 0:00
1418,0,29.55861086,16,0,29.55861086,3/1/2025 1:00
1419,0,14.07074954,16,0,14.07074954,3/1/2025 2:00
1420,0,43.97304315,16,0,43.97304315,3/1/2025 3:00
1421,0,14.82194706,16,0,14.82194706,3/1/2025 4:00
1422,0,0,17,1,0,3/1/2025 5:00
1423,0,69.61446388,17,1,69.61446388,3/1/2025 6:00
1424,25.23556249,47.45070685,17,1,22.21514436,3/1/2025 7:00
1425,43.60101233,23.18065765,17,1,-20.42035468,3/1/2025 8:00
1426,58.44048208,43.97323277,24,0,-14.46724931,3/1/2025 9:00
1427,43.78668813,31.14645288,17,0,-12.64023525,3/1/2025 10:00
1428,43.77244622,31.02508755,17,0,-12.74735867,3/1/2025 11:00
1429,65.18455553,15.22952578,17,0,-49.95502975,3/1/2025 12:00
1430,67.69689707,16.11764982,17,0,-51.57924725,3/1/2025 13:00
1431,67.84410569,15.90111844,17,0,-51.94298725,3/1/2025 14:00
1432,23.7718835,32.00720481,17,0,8.23532131,3/1/2025 15:00
1433,0,180.4694239,32,1,180.4694239,3/1/2025 16:00
1434,0,48.17430561,18,1,48.17430561,3/1/2025 17:00
1435,0,0,24,1,0,3/1/2025 18:00
1436,0,65.68541667,24,1,65.68541667,3/1/2025 19:00
1437,0,150.7365022,53,1,150.7365022,3/1/2025 20:00
1438,0,31.53939445,17,0,31.53939445,3/1/2025 21:00
1439,0,62.4659386,17,0,62.4659386,3/1/2025 22:00
1440,0,31.48973853,17,0,31.48973853,3/1/2025 23:00
1441,0,15.86319047,17,0,15.86319047,3/2/2025 0:00
1442,0,29.74122851,16,0,29.74122851,3/2/2025 1:00
1443,0,43.86528043,16,0,43.86528043,3/2/2025 2:00
1444,0,13.98653555,16,0,13.98653555,3/2/2025 3:00
1445,0,14.66883035,16,0,14.66883035,3/2/2025 4:00
1446,0,47.37276914,17,1,47.37276914,3/2/2025 5:00
1447,0,70.2699442,17,1,70.2699442,3/2/2025 6:00
1448,22.2762902,46.53214177,17,1,24.25585157,3/2/2025 7:00
1449,43.76286106,46.35878429,17,1,2.595923225,3/2/2025 8:00
1450,66.88287215,16.08457136,17,0,-50.79830078,3/2/2025 9:00
1451,23.54942766,31.49602457,17,0,7.946596911,3/2/2025 10:00
1452,44.24842685,15.72263644,17,0,-28.52579041,3/2/2025 11:00
1453,20.50937957,48.3746089,17,0,27.86522933,3/2/2025 12:00
1454,65.07855144,15.55936746,17,0,-49.51918398,3/2/2025 13:00
1455,44.68470138,16.38118735,17,0,-28.30351403,3/2/2025 14:00
1456,69.91140176,15.99344862,17,0,-53.91795314,3/2/2025 15:00
1457,0,49.90614337,18,1,49.90614337,3/2/2025 16:00
1458,0,34.60693211,25,1,34.60693211,3/2/2025 17:00
1459,0,98.53340821,24,1,98.53340821,3/2/2025 18:00
1460,0,34.58478237,24,1,34.58478237,3/2/2025 19:00
1461,0,166.8660837,60,1,166.8660837,3/2/2025 20:00
1462,0,48.11423986,17,0,48.11423986,3/2/2025 21:00
1463,0,45.81398595,17,0,45.81398595,3/2/2025 22:00
1464,0,46.5514332,17,0,46.5514332,3/2/2025 23:00
1465,0,46.9058764,17,0,46.9058764,3/3/2025 0:00
1466,0,29.45262399,16,0,29.45262399,3/3/2025 1:00
1467,0,58.69822616,16,0,58.69822616,3/3/2025 2:00
1468,0,14.05927731,16,0,14.05927731,3/3/2025 3:00
1469,0,58.19463979,16,0,58.19463979,3/3/2025 4:00
1470,0,45.43020802,17,1,45.43020802,3/3/2025 5:00
1471,0,46.03602659,17,1,46.03602659,3/3/2025 6:00
1472,22.56958168,45.27333789,17,1,22.70375622,3/3/2025 7:00
1473,64.78693445,24.60397099,17,1,-40.18296345,3/3/2025 8:00
1474,43.14427007,32.27360463,17,0,-10.87066544,3/3/2025 9:00
1475,20.38184718,46.18069277,17,0,25.79884559,3/3/2025 10:00
1476,63.85619067,16.39296861,17,0,-47.46322206,3/3/2025 11:00
1477,64.96282541,15.42840289,17,0,-49.53442252,3/3/2025 12:00
1478,20.94704714,46.68943507,17,0,25.74238793,3/3/2025 13:00
1479,45.33375231,31.31795812,17,0,-14.01579419,3/3/2025 14:00
1480,23.31500183,46.06969883,17,0,22.754697,3/3/2025 15:00
1481,39.64563009,43.0444264,31,1,3.398796318,3/3/2025 16:00
1482,0,48.29448929,17,1,48.29448929,3/3/2025 17:00
1483,0,23.21727599,17,1,23.21727599,3/3/2025 18:00
1484,0,90.9456347,17,1,90.9456347,3/3/2025 19:00
1485,0,0,46,1,0,3/3/2025 20:00
1486,0,31.1142271,17,0,31.1142271,3/3/2025 21:00
1487,0,45.27149806,17,0,45.27149806,3/3/2025 22:00
1488,0,62.18034305,17,0,62.18034305,3/3/2025 23:00
1489,0,16.41587477,17,0,16.41587477,3/4/2025 0:00
1490,0,47.25413837,17,0,47.25413837,3/4/2025 1:00
1491,0,15.00562186,16,0,15.00562186,3/4/2025 2:00
1492,0,14.94562022,16,0,14.94562022,3/4/2025 3:00
1493,0,44.15741341,16,0,44.15741341,3/4/2025 4:00
1494,0,24.14215002,17,1,24.14215002,3/4/2025 5:00
1495,0,47.91839654,17,1,47.91839654,3/4/2025 6:00
1496,67.81256079,0,17,1,-67.81256079,3/4/2025 7:00
1497,64.07822868,24.61450287,17,1,-39.4637258,3/4/2025 8:00
1498,86.46361899,0,17,0,-86.46361899,3/4/2025 9:00
1499,0,63.01060971,17,0,63.01060971,3/4/2025 10:00
1500,0,60.45808752,17,0,60.45808752,3/4/2025 11:00
1501,43.32770922,30.53034084,17,0,-12.79736838,3/4/2025 12:00
1502,43.62788994,31.34164646,17,0,-12.28624348,3/4/2025 13:00
1503,43.74981516,31.76426657,17,0,-11.98554859,3/4/2025 14:00
1504,20.69517196,47.42094981,17,0,26.72577785,3/4/2025 15:00
1505,25.07622642,49.12958563,18,1,24.0533592,3/4/2025 16:00
1506,0,0,25,1,0,3/4/2025 17:00
1507,0,35.62805248,25,1,35.62805248,3/4/2025 18:00
1508,0,102.8579545,25,1,102.8579545,3/4/2025 19:00
1509,0,217.8886189,53,1,217.8886189,3/4/2025 20:00
1510,0,15.85022454,17,0,15.85022454,3/4/2025 21:00
1511,0,61.98981009,17,0,61.98981009,3/4/2025 22:00
1512,0,32.45669751,17,0,32.45669751,3/4/2025 23:00
1513,0,15.99277918,17,0,15.99277918,3/5/2025 0:00
1514,0,29.29883103,16,0,29.29883103,3/5/2025 1:00
1515,0,30.36278957,16,0,30.36278957,3/5/2025 2:00
1516,0,0,16,0,0,3/5/2025 3:00
1517,0,14.42688748,16,0,14.42688748,3/5/2025 4:00
1518,0,45.52942802,17,1,45.52942802,3/5/2025 5:00
1519,0,47.57557335,17,1,47.57557335,3/5/2025 6:00
1520,43.67418801,44.92152364,17,1,1.247335629,3/5/2025 7:00
1521,85.74108297,0,17,1,-85.74108297,3/5/2025 8:00
1522,64.63664616,16.00996762,17,0,-48.62667854,3/5/2025 9:00
1523,20.47880822,47.59238954,17,0,27.11358132,3/5/2025 10:00
1524,42.59685263,30.95224165,17,0,-11.64461098,3/5/2025 11:00
1525,42.97945606,31.76798149,17,0,-11.21147458,3/5/2025 12:00
1526,64.43548854,15.82768384,17,0,-48.60780471,3/5/2025 13:00
1527,64.61544303,15.06705047,17,0,-49.54839256,3/5/2025 14:00
1528,42.19763051,30.98127132,17,0,-11.21635919,3/5/2025 15:00
1529,97.74454133,108.2484735,39,1,10.50393218,3/5/2025 16:00
1530,0,35.76894982,25,1,35.76894982,3/5/2025 17:00
1531,0,101.7542945,25,1,101.7542945,3/5/2025 18:00
1532,0,31.55048828,24,1,31.55048828,3/5/2025 19:00
1533,0,33.0173601,24,1,33.0173601,3/5/2025 20:00
1534,0,33.21970646,18,0,33.21970646,3/5/2025 21:00
1535,0,31.59454524,17,0,31.59454524,3/5/2025 22:00
1536,0,15.25521646,17,0,15.25521646,3/5/2025 23:00
1537,0,0,17,0,0,3/6/2025 0:00
1538,0,44.23737581,16,0,44.23737581,3/6/2025 1:00
1539,0,29.50842622,16,0,29.50842622,3/6/2025 2:00
1540,0,59.4752777,16,0,59.4752777,3/6/2025 3:00
1541,0,45.05456597,16,0,45.05456597,3/6/2025 4:00
1542,0,0,17,1,0,3/6/2025 5:00
1543,0,69.09371359,17,1,69.09371359,3/6/2025 6:00
1544,42.62236972,44.1443276,16,1,1.521957885,3/6/2025 7:00
1545,22.01443116,45.13802646,17,1,23.1235953,3/6/2025 8:00
1546,62.8511479,0,17,0,-62.8511479,3/6/2025 9:00
1547,40.76771059,14.93669947,16,0,-25.83101112,3/6/2025 10:00
1548,0,62.19939615,17,0,62.19939615,3/6/2025 11:00
1549,65.04553626,15.85168444,17,0,-49.19385182,3/6/2025 12:00
1550,63.16472528,15.589566,17,0,-47.57515928,3/6/2025 13:00
1551,65.58773792,16.39518139,17,0,-49.19255653,3/6/2025 14:00
1552,89.69683822,22.12994164,24,0,-67.56689658,3/6/2025 15:00
1553,94.3076779,0,24,1,-94.3076779,3/6/2025 16:00
1554,0,159.7442122,39,1,159.7442122,3/6/2025 17:00
1555,0,63.33155699,46,1,63.33155699,3/6/2025 18:00
1556,0,253.5898311,46,1,253.5898311,3/6/2025 19:00
1557,0,0,17,1,0,3/6/2025 20:00
1558,0,45.74679666,17,0,45.74679666,3/6/2025 21:00
1559,0,30.19551807,17,0,30.19551807,3/6/2025 22:00
1560,0,30.45586921,17,0,30.45586921,3/6/2025 23:00
1561,0,28.06066151,16,0,28.06066151,3/7/2025 0:00
1562,0,43.16942771,16,0,43.16942771,3/7/2025 1:00
1563,0,28.40020772,15,0,28.40020772,3/7/2025 2:00
1564,0,28.84686019,16,0,28.84686019,3/7/2025 3:00
1565,0,15.13231507,16,0,15.13231507,3/7/2025 4:00
1566,0,45.63640774,16,1,45.63640774,3/7/2025 5:00
1567,0,0,16,1,0,3/7/2025 6:00
1568,15.55267982,46.85460857,11,1,31.30192875,3/7/2025 7:00
1569,30.32525878,14.2874592,5,1,-16.03779959,3/7/2025 8:00
1570,12.80395883,24.7579701,9,0,11.95401127,3/7/2025 9:00
1571,16.16650132,29.34194359,11,0,13.17544227,3/7/2025 10:00
1572,20.24429558,41.43332632,15,0,21.18903073,3/7/2025 11:00
1573,40.68470967,29.25641297,16,0,-11.4282967,3/7/2025 12:00
1574,27.75519054,14.32711536,8,0,-13.42807518,3/7/2025 13:00
1575,38.79671772,28.52204346,15,0,-10.27467426,3/7/2025 14:00
1576,60.72778182,15.26180662,16,0,-45.4659752,3/7/2025 15:00
1577,46.15922854,48.22896647,17,1,2.069737937,3/7/2025 16:00
1578,0,70.15022829,17,1,70.15022829,3/7/2025 17:00
1579,0,24.01048692,17,1,24.01048692,3/7/2025 18:00
1580,0,125.8175483,46,1,125.8175483,3/7/2025 19:00
1581,0,51.23180922,18,1,51.23180922,3/7/2025 20:00
1582,0,46.84963771,17,0,46.84963771,3/7/2025 21:00
1583,0,46.85057796,17,0,46.85057796,3/7/2025 22:00
1584,0,16.28782575,17,0,16.28782575,3/7/2025 23:00
1585,0,15.54581461,17,0,15.54581461,3/8/2025 0:00
1586,0,14.3214025,16,0,14.3214025,3/8/2025 1:00
1587,0,29.52472026,16,0,29.52472026,3/8/2025 2:00
1588,0,29.20654,16,0,29.20654,3/8/2025 3:00
1589,0,0,16,0,0,3/8/2025 4:00
1590,0,22.8258241,17,1,22.8258241,3/8/2025 5:00
1591,0,23.62091156,17,1,23.62091156,3/8/2025 6:00
1592,42.99723486,24.62667109,17,1,-18.37056378,3/8/2025 7:00
1593,44.12063295,24.34807886,17,1,-19.77255409,3/8/2025 8:00
1594,64.23504345,0,17,0,-64.23504345,3/8/2025 9:00
1595,42.44055105,15.42366813,17,0,-27.01688292,3/8/2025 10:00
1596,64.70528695,15.61936338,17,0,-49.08592357,3/8/2025 11:00
1597,22.19567432,48.5594473,17,0,26.36377298,3/8/2025 12:00
1598,65.03283413,16.23965346,17,0,-48.79318067,3/8/2025 13:00
1599,67.86237402,14.88474257,17,0,-52.97763145,3/8/2025 14:00
1600,0,63.20224275,17,0,63.20224275,3/8/2025 15:00
1601,97.55010877,35.84820495,25,1,-61.70190381,3/8/2025 16:00
1602,0,104.5699504,38,1,104.5699504,3/8/2025 17:00
1603,0,43.42400094,32,1,43.42400094,3/8/2025 18:00
1604,0,132.41117,32,1,132.41117,3/8/2025 19:00
1605,0,161.6141865,39,1,161.6141865,3/8/2025 20:00
1606,0,31.52466433,17,0,31.52466433,3/8/2025 21:00
1607,0,15.74517662,17,0,15.74517662,3/8/2025 22:00
1608,0,30.8344586,17,0,30.8344586,3/8/2025 23:00
1609,0,15.04449176,17,0,15.04449176,3/9/2025 0:00
1610,0,14.52062988,16,0,14.52062988,3/9/2025 1:00
1611,0,28.48893845,16,0,28.48893845,3/9/2025 2:00
1612,0,14.41763482,16,0,14.41763482,3/9/2025 3:00
1613,0,44.76130229,16,0,44.76130229,3/9/2025 4:00
1614,0,47.59403879,17,1,47.59403879,3/9/2025 5:00
1615,0,46.71967544,17,1,46.71967544,3/9/2025 6:00
1616,43.63993796,46.54259101,17,1,2.90265305,3/9/2025 7:00
1617,42.85082096,46.72483484,17,1,3.874013881,3/9/2025 8:00
1618,22.88521435,46.98023501,17,0,24.09502066,3/9/2025 9:00
1619,42.49202351,15.07858888,17,0,-27.41343462,3/9/2025 10:00
1620,42.38495806,15.98862088,17,0,-26.39633718,3/9/2025 11:00
1621,65.0123392,16.41273359,17,0,-48.59960561,3/9/2025 12:00
1622,65.59719377,16.05738641,17,0,-49.53980736,3/9/2025 13:00
1623,65.38649786,16.25460378,17,0,-49.13189408,3/9/2025 14:00
1624,66.22630989,15.24170324,17,0,-50.98460665,3/9/2025 15:00
1625,48.23059755,48.27569635,17,1,0.045098798,3/9/2025 16:00
1626,0,49.96034438,18,1,49.96034438,3/9/2025 17:00
1627,0,23.62466692,18,1,23.62466692,3/9/2025 18:00
1628,0,72.11260226,17,1,72.11260226,3/9/2025 19:00
1629,0,149.8670617,53,1,149.8670617,3/9/2025 20:00
1630,0,15.17091851,17,0,15.17091851,3/9/2025 21:00
1631,0,30.58035146,17,0,30.58035146,3/9/2025 22:00
1632,0,0,17,0,0,3/9/2025 23:00
1633,0,31.35575892,17,0,31.35575892,3/10/2025 0:00
1634,0,29.0410268,16,0,29.0410268,3/10/2025 1:00
1635,0,29.69110143,16,0,29.69110143,3/10/2025 2:00
1636,0,29.23471406,16,0,29.23471406,3/10/2025 3:00
1637,0,0,16,0,0,3/10/2025 4:00
1638,0,45.33786001,17,1,45.33786001,3/10/2025 5:00
1639,0,48.25239177,17,1,48.25239177,3/10/2025 6:00
1640,22.29710751,21.93103005,16,1,-0.366077459,3/10/2025 7:00
1641,46.81213074,47.44776666,17,1,0.635635914,3/10/2025 8:00
1642,23.41033842,31.58157148,17,0,8.171233061,3/10/2025 9:00
1643,22.38111604,30.63744757,17,0,8.256331527,3/10/2025 10:00
1644,88.65613611,0,17,0,-88.65613611,3/10/2025 11:00
1645,62.92114584,13.99046867,16,0,-48.93067717,3/10/2025 12:00
1646,66.44884694,15.28454936,17,0,-51.16429759,3/10/2025 13:00
1647,45.4217769,30.50086657,17,0,-14.92091032,3/10/2025 14:00
1648,0,61.73061541,17,0,61.73061541,3/10/2025 15:00
1649,0,47.94246766,17,1,47.94246766,3/10/2025 16:00
1650,0,194.8052468,46,1,194.8052468,3/10/2025 17:00
1651,0,128.3538096,46,1,128.3538096,3/10/2025 18:00
1652,0,124.3218546,46,1,124.3218546,3/10/2025 19:00
1653,0,67.83616896,25,1,67.83616896,3/10/2025 20:00
1654,0,47.00612217,17,0,47.00612217,3/10/2025 21:00
1655,0,16.33338672,17,0,16.33338672,3/10/2025 22:00
1656,0,15.66265775,17,0,15.66265775,3/10/2025 23:00
1657,0,57.69092865,16,0,57.69092865,3/11/2025 0:00
1658,0,44.74043276,16,0,44.74043276,3/11/2025 1:00
1659,0,15.20432911,16,0,15.20432911,3/11/2025 2:00
1660,0,29.6780396,16,0,29.6780396,3/11/2025 3:00
1661,0,14.2117209,16,0,14.2117209,3/11/2025 4:00
1662,0,44.79516565,16,1,44.79516565,3/11/2025 5:00
1663,0,68.19031548,17,1,68.19031548,3/11/2025 6:00
1664,0,45.30579326,16,1,45.30579326,3/11/2025 7:00
1665,43.94543387,22.0981643,16,1,-21.84726956,3/11/2025 8:00
1666,43.55279186,14.60014031,16,0,-28.95265155,3/11/2025 9:00
1667,22.27159105,46.44732289,17,0,24.17573184,3/11/2025 10:00
1668,67.57793403,15.50809586,17,0,-52.06983817,3/11/2025 11:00
1669,63.8384562,14.24917946,16,0,-49.58927674,3/11/2025 12:00
1670,45.28386457,30.39044384,17,0,-14.89342073,3/11/2025 13:00
1671,46.83875397,14.98501851,17,0,-31.85373546,3/11/2025 14:00
1672,0,15.54121374,17,0,15.54121374,3/11/2025 15:00
1673,0,50.46967101,18,1,50.46967101,3/11/2025 16:00
1674,0,103.622936,25,1,103.622936,3/11/2025 17:00
1675,0,69.86165874,53,1,69.86165874,3/11/2025 18:00
1676,0,163.4465362,60,1,163.4465362,3/11/2025 19:00
1677,0,99.5410054,18,1,99.5410054,3/11/2025 20:00
1678,0,30.94542596,17,0,30.94542596,3/11/2025 21:00
1679,0,32.39183174,17,0,32.39183174,3/11/2025 22:00
1680,0,31.80110142,17,0,31.80110142,3/11/2025 23:00
1681,0,0,16,0,0,3/12/2025 0:00
1682,0,44.693328,16,0,44.693328,3/12/2025 1:00
1683,0,29.70322117,16,0,29.70322117,3/12/2025 2:00
1684,0,44.82434878,16,0,44.82434878,3/12/2025 3:00
1685,0,28.65245447,16,0,28.65245447,3/12/2025 4:00
1686,0,0,16,1,0,3/12/2025 5:00
1687,0,22.45509759,17,1,22.45509759,3/12/2025 6:00
1688,68.88412619,23.37618324,17,1,-45.50794295,3/12/2025 7:00
1689,22.14984922,71.74459041,17,1,49.59474119,3/12/2025 8:00
1690,0,63.20714987,17,0,63.20714987,3/12/2025 9:00
1691,66.07701509,16.01243782,17,0,-50.06457728,3/12/2025 10:00
1692,21.85383273,46.50345395,17,0,24.64962122,3/12/2025 11:00
1693,41.9148153,29.31624846,16,0,-12.59856685,3/12/2025 12:00
1694,21.08495184,47.50779516,17,0,26.42284331,3/12/2025 13:00
1695,88.04720335,0,17,0,-88.04720335,3/12/2025 14:00
1696,22.16980686,46.15065575,17,0,23.98084888,3/12/2025 15:00
1697,43.04018733,133.2080212,32,1,90.16783386,3/12/2025 16:00
1698,0,108.9408088,39,1,108.9408088,3/12/2025 17:00
1699,0,103.6698301,25,1,103.6698301,3/12/2025 18:00
1700,0,90.67362082,32,1,90.67362082,3/12/2025 19:00
1701,0,68.78757831,25,1,68.78757831,3/12/2025 20:00
1702,0,48.53791426,18,0,48.53791426,3/12/2025 21:00
1703,0,47.19425512,17,0,47.19425512,3/12/2025 22:00
1704,0,31.6178481,17,0,31.6178481,3/12/2025 23:00
1705,0,42.95803953,16,0,42.95803953,3/13/2025 0:00
1706,0,15.2859082,16,0,15.2859082,3/13/2025 1:00
1707,0,14.64412932,16,0,14.64412932,3/13/2025 2:00
1708,0,29.23816176,16,0,29.23816176,3/13/2025 3:00
1709,0,29.16198206,16,0,29.16198206,3/13/2025 4:00
1710,0,44.75851128,16,1,44.75851128,3/13/2025 5:00
1711,0,66.68810312,16,1,66.68810312,3/13/2025 6:00
1712,64.65436105,22.51134029,16,1,-42.14302076,3/13/2025 7:00
1713,83.34638932,0,16,1,-83.34638932,3/13/2025 8:00
1714,21.59809377,44.21086388,16,0,22.61277011,3/13/2025 9:00
1715,43.03230063,29.65690829,16,0,-13.37539234,3/13/2025 10:00
1716,40.82239211,15.2300755,16,0,-25.59231661,3/13/2025 11:00
1717,19.51181798,29.67522597,16,0,10.16340799,3/13/2025 12:00
1718,20.6411023,28.66789228,16,0,8.026789976,3/13/2025 13:00
1719,64.87678968,15.36580046,17,0,-49.51098922,3/13/2025 14:00
1720,88.91386909,0,17,0,-88.91386909,3/13/2025 15:00
1721,32.89727548,65.06329653,24,1,32.16602105,3/13/2025 16:00
1722,0,75.16402322,18,1,75.16402322,3/13/2025 17:00
1723,0,54.29992372,39,1,54.29992372,3/13/2025 18:00
1724,0,162.86455,39,1,162.86455,3/13/2025 19:00
1725,0,50.82726011,18,1,50.82726011,3/13/2025 20:00
1726,0,16.30114098,17,0,16.30114098,3/13/2025 21:00
1727,0,14.91654599,17,0,14.91654599,3/13/2025 22:00
1728,0,46.0362031,17,0,46.0362031,3/13/2025 23:00
1729,0,0,16,0,0,3/14/2025 0:00
1730,0,43.80073413,16,0,43.80073413,3/14/2025 1:00
1731,0,15.24740045,16,0,15.24740045,3/14/2025 2:00
1732,0,43.69981009,16,0,43.69981009,3/14/2025 3:00
1733,0,14.20460061,16,0,14.20460061,3/14/2025 4:00
1734,0,22.53713613,16,1,22.53713613,3/14/2025 5:00
1735,0,65.06959428,16,1,65.06959428,3/14/2025 6:00
1736,57.39124986,19.17470409,14,1,-38.21654577,3/14/2025 7:00
1737,27.893322,0,3,1,-27.893322,3/14/2025 8:00
1738,15.00821045,5.629380005,6,0,-9.378830449,3/14/2025 9:00
1739,16.11808326,19.56529544,11,0,3.447212173,3/14/2025 10:00
1740,13.80067499,30.69918372,11,0,16.89850873,3/14/2025 11:00
1741,55.25795936,11.72244495,13,0,-43.53551441,3/14/2025 12:00
1742,30.28756102,9.659421658,11,0,-20.62813936,3/14/2025 13:00
1743,21.51746752,30.47847838,16,0,8.961010866,3/14/2025 14:00
1744,66.97732444,0,17,0,-66.97732444,3/14/2025 15:00
1745,24.97294254,71.33682654,17,1,46.363884,3/14/2025 16:00
1746,0,23.48891264,17,1,23.48891264,3/14/2025 17:00
1747,0,0,25,1,0,3/14/2025 18:00
1748,0,107.7153449,26,1,107.7153449,3/14/2025 19:00
1749,0,34.77067176,25,1,34.77067176,3/14/2025 20:00
1750,0,0,25,0,0,3/14/2025 21:00
1751,0,66.63308064,18,0,66.63308064,3/14/2025 22:00
1752,0,30.35949703,17,0,30.35949703,3/14/2025 23:00
1753,0,47.44351047,17,0,47.44351047,3/15/2025 0:00
1754,0,28.22348529,16,0,28.22348529,3/15/2025 1:00
1755,0,28.86732832,16,0,28.86732832,3/15/2025 2:00
1756,0,15.35621695,16,0,15.35621695,3/15/2025 3:00
1757,0,14.47658276,16,0,14.47658276,3/15/2025 4:00
1758,0,69.400347,17,1,69.400347,3/15/2025 5:00
1759,0,69.71989114,17,1,69.71989114,3/15/2025 6:00
1760,23.41375526,70.2525741,17,1,46.83881883,3/15/2025 7:00
1761,22.97175299,71.61045682,17,1,48.63870382,3/15/2025 8:00
1762,43.92817553,32.17874201,17,0,-11.74943352,3/15/2025 9:00
1763,43.46669162,31.57735477,17,0,-11.88933685,3/15/2025 10:00
1764,42.48985318,31.12298098,17,0,-11.3668722,3/15/2025 11:00
1765,43.65628727,30.72070981,17,0,-12.93557747,3/15/2025 12:00
1766,87.29998899,0,17,0,-87.29998899,3/15/2025 13:00
1767,21.96413065,45.99420729,17,0,24.03007664,3/15/2025 14:00
1768,44.93181001,30.8882107,17,0,-14.04359931,3/15/2025 15:00
1769,83.69613406,91.13807629,32,1,7.441942229,3/15/2025 16:00
1770,0,72.44757414,18,1,72.44757414,3/15/2025 17:00
1771,0,49.73415818,18,1,49.73415818,3/15/2025 18:00
1772,0,35.78920215,25,1,35.78920215,3/15/2025 19:00
1773,0,63.73399064,46,1,63.73399064,3/15/2025 20:00
1774,0,51.29087572,18,0,51.29087572,3/15/2025 21:00
1775,0,48.60158016,18,0,48.60158016,3/15/2025 22:00
1776,0,31.40309884,17,0,31.40309884,3/15/2025 23:00
1777,0,31.51534133,17,0,31.51534133,3/16/2025 0:00
1778,0,44.92780985,16,0,44.92780985,3/16/2025 1:00
1779,0,29.6820653,16,0,29.6820653,3/16/2025 2:00
1780,0,14.17815517,16,0,14.17815517,3/16/2025 3:00
1781,0,29.5386254,16,0,29.5386254,3/16/2025 4:00
1782,0,0,17,1,0,3/16/2025 5:00
1783,0,23.21585025,17,1,23.21585025,3/16/2025 6:00
1784,21.2342608,44.12672524,16,1,22.89246445,3/16/2025 7:00
1785,24.50484159,23.83990032,17,1,-0.66494127,3/16/2025 8:00
1786,44.99778845,30.98100997,17,0,-14.01677848,3/16/2025 9:00
1787,24.59615001,46.61529913,17,0,22.01914913,3/16/2025 10:00
1788,0,47.198163,17,0,47.198163,3/16/2025 11:00
1789,68.26489881,15.11456327,17,0,-53.15033554,3/16/2025 12:00
1790,45.6958526,30.58323364,17,0,-15.11261896,3/16/2025 13:00
1791,22.74062168,46.96461163,17,0,24.22398995,3/16/2025 14:00
1792,34.12234181,69.33795725,25,0,35.21561544,3/16/2025 15:00
1793,0,135.5652874,25,1,135.5652874,3/16/2025 16:00
1794,0,44.06166252,32,1,44.06166252,3/16/2025 17:00
1795,0,35.02317469,25,1,35.02317469,3/16/2025 18:00
1796,0,0,25,1,0,3/16/2025 19:00
1797,0,88.44540716,32,1,88.44540716,3/16/2025 20:00
1798,0,32.90945956,18,0,32.90945956,3/16/2025 21:00
1799,0,16.85335683,18,0,16.85335683,3/16/2025 22:00
1800,0,15.2980642,17,0,15.2980642,3/16/2025 23:00
1801,0,31.34373908,17,0,31.34373908,3/17/2025 0:00
1802,0,30.4090701,16,0,30.4090701,3/17/2025 1:00
1803,0,14.57313066,16,0,14.57313066,3/17/2025 2:00
1804,0,28.46209451,16,0,28.46209451,3/17/2025 3:00
1805,0,29.86453669,16,0,29.86453669,3/17/2025 4:00
1806,0,22.47161632,17,1,22.47161632,3/17/2025 5:00
1807,0,22.70874817,17,1,22.70874817,3/17/2025 6:00
1808,48.94127974,46.88542799,17,1,-2.055851749,3/17/2025 7:00
1809,22.08858257,46.97760825,17,1,24.88902567,3/17/2025 8:00
1810,66.02023056,0,17,0,-66.02023056,3/17/2025 9:00
1811,43.87057282,16.00917338,17,0,-27.86139944,3/17/2025 10:00
1812,66.42632894,15.44078958,17,0,-50.98553936,3/17/2025 11:00
1813,43.97849757,30.06212661,17,0,-13.91637096,3/17/2025 12:00
1814,22.70203103,46.48600908,17,0,23.78397806,3/17/2025 13:00
1815,44.79146014,31.31431101,17,0,-13.47714913,3/17/2025 14:00
1816,72.15542136,17.32917954,18,0,-54.82624182,3/17/2025 15:00
1817,0,105.2674099,25,1,105.2674099,3/17/2025 16:00
1818,0,70.88097682,25,1,70.88097682,3/17/2025 17:00
1819,0,49.05293319,18,1,49.05293319,3/17/2025 18:00
1820,0,75.3345731,18,1,75.3345731,3/17/2025 19:00
1821,0,88.03364295,32,1,88.03364295,3/17/2025 20:00
1822,0,32.12129093,18,0,32.12129093,3/17/2025 21:00
1823,0,15.87220175,18,0,15.87220175,3/17/2025 22:00
1824,0,31.76537754,17,0,31.76537754,3/17/2025 23:00
1825,0,46.56106282,17,0,46.56106282,3/18/2025 0:00
1826,0,28.98252314,16,0,28.98252314,3/18/2025 1:00
1827,0,14.40288857,16,0,14.40288857,3/18/2025 2:00
1828,0,45.55173026,16,0,45.55173026,3/18/2025 3:00
1829,0,32.34839998,17,0,32.34839998,3/18/2025 4:00
1830,0,69.96887661,17,1,69.96887661,3/18/2025 5:00
1831,0,45.63650888,17,1,45.63650888,3/18/2025 6:00
1832,68.39285485,22.69510332,17,1,-45.69775153,3/18/2025 7:00
1833,44.3437364,48.37056053,17,1,4.026824124,3/18/2025 8:00
1834,44.6070148,30.96977925,17,0,-13.63723555,3/18/2025 9:00
1835,22.88458994,46.61107764,17,0,23.7264877,3/18/2025 10:00
1836,22.44617585,32.17560839,17,0,9.729432537,3/18/2025 11:00
1837,65.78967932,0,17,0,-65.78967932,3/18/2025 12:00
1838,22.81090506,30.05871122,17,0,7.247806156,3/18/2025 13:00
1839,66.77760437,15.49351344,17,0,-51.28409093,3/18/2025 14:00
1840,47.78736669,16.90786411,18,0,-30.87950258,3/18/2025 15:00
1841,0,45.18118357,32,1,45.18118357,3/18/2025 16:00
1842,0,68.76426225,25,1,68.76426225,3/18/2025 17:00
1843,0,50.13405882,18,1,50.13405882,3/18/2025 18:00
1844,0,24.43471029,18,1,24.43471029,3/18/2025 19:00
1845,0,50.61587997,18,1,50.61587997,3/18/2025 20:00
1846,0,32.98894838,18,0,32.98894838,3/18/2025 21:00
1847,0,49.78338033,18,0,49.78338033,3/18/2025 22:00
1848,0,30.9547526,17,0,30.9547526,3/18/2025 23:00
1849,0,30.23296563,17,0,30.23296563,3/19/2025 0:00
1850,0,14.55992924,16,0,14.55992924,3/19/2025 1:00
1851,0,13.36653129,14,0,13.36653129,3/19/2025 2:00
1852,0,13.3015632,14,0,13.3015632,3/19/2025 3:00
1853,0,14.41958899,16,0,14.41958899,3/19/2025 4:00
1854,0,69.12382617,17,1,69.12382617,3/19/2025 5:00
1855,0,22.42810262,17,1,22.42810262,3/19/2025 6:00
1856,23.01223307,44.06918429,16,1,21.05695122,3/19/2025 7:00
1857,45.05390734,46.49492237,17,1,1.441015031,3/19/2025 8:00
1858,66.09243307,16.3048949,17,0,-49.78753818,3/19/2025 9:00
1859,66.54697652,15.83493318,17,0,-50.71204333,3/19/2025 10:00
1860,89.85607078,0,17,0,-89.85607078,3/19/2025 11:00
1861,68.67974688,15.12056806,17,0,-53.55917882,3/19/2025 12:00
1862,45.53608262,16.40729683,17,0,-29.12878579,3/19/2025 13:00
1863,0,30.37367923,17,0,30.37367923,3/19/2025 14:00
1864,47.82279061,0,18,0,-47.82279061,3/19/2025 15:00
1865,0,108.2992484,39,1,108.2992484,3/19/2025 16:00
1866,0,161.6955686,39,1,161.6955686,3/19/2025 17:00
1867,0,48.94420081,18,1,48.94420081,3/19/2025 18:00
1868,0,76.16129335,18,1,76.16129335,3/19/2025 19:00
1869,0,102.141285,25,1,102.141285,3/19/2025 20:00
1870,0,50.66966816,18,0,50.66966816,3/19/2025 21:00
1871,0,33.06370465,18,0,33.06370465,3/19/2025 22:00
1872,0,47.00119401,17,0,47.00119401,3/19/2025 23:00
1873,0,48.12353881,17,0,48.12353881,3/20/2025 0:00
1874,0,15.12275549,17,0,15.12275549,3/20/2025 1:00
1875,0,29.07958067,16,0,29.07958067,3/20/2025 2:00
1876,0,43.02858858,16,0,43.02858858,3/20/2025 3:00
1877,0,14.3739106,16,0,14.3739106,3/20/2025 4:00
1878,0,47.47634077,17,1,47.47634077,3/20/2025 5:00
1879,0,0,17,1,0,3/20/2025 6:00
1880,21.95758541,46.00960678,17,1,24.05202138,3/20/2025 7:00
1881,21.91754131,70.87739333,17,1,48.95985202,3/20/2025 8:00
1882,44.38268222,31.17112929,17,0,-13.21155293,3/20/2025 9:00
1883,22.70752203,46.75150917,17,0,24.04398713,3/20/2025 10:00
1884,42.56764634,29.15411421,16,0,-13.41353213,3/20/2025 11:00
1885,44.95541364,15.86998248,17,0,-29.08543116,3/20/2025 12:00
1886,21.30022973,15.07609157,17,0,-6.22413816,3/20/2025 13:00
1887,43.64905939,31.36819937,17,0,-12.28086002,3/20/2025 14:00
1888,69.39739897,15.32642933,17,0,-54.07096964,3/20/2025 15:00
1889,26.05115407,0,18,1,-26.05115407,3/20/2025 16:00
1890,0,44.05884239,32,1,44.05884239,3/20/2025 17:00
1891,0,123.3719789,46,1,123.3719789,3/20/2025 18:00
1892,0,0,53,1,0,3/20/2025 19:00
1893,0,54.954519,39,1,54.954519,3/20/2025 20:00
1894,0,16.60587109,18,0,16.60587109,3/20/2025 21:00
1895,0,61.31400435,17,0,61.31400435,3/20/2025 22:00
1896,0,62.63774512,17,0,62.63774512,3/20/2025 23:00
1897,0,47.12147766,17,0,47.12147766,3/21/2025 0:00
1898,0,44.14278738,16,0,44.14278738,3/21/2025 1:00
1899,0,57.11429416,16,0,57.11429416,3/21/2025 2:00
1900,0,14.75224491,16,0,14.75224491,3/21/2025 3:00
1901,0,15.19339507,16,0,15.19339507,3/21/2025 4:00
1902,0,0,16,1,0,3/21/2025 5:00
1903,0,45.48960336,16,1,45.48960336,3/21/2025 6:00
1904,14.91078251,41.16629077,10,1,26.25550826,3/21/2025 7:00
1905,28.76975188,16.75905559,6,1,-12.01069629,3/21/2025 8:00
1906,43.78778032,6.662827071,7,0,-37.12495325,3/21/2025 9:00
1907,44.07969856,9.125130616,10,0,-34.95456794,3/21/2025 10:00
1908,19.26557651,38.65689088,14,0,19.39131436,3/21/2025 11:00
1909,35.83895227,24.46288286,13,0,-11.37606941,3/21/2025 12:00
1910,47.2718466,10.44092415,11,0,-36.83092245,3/21/2025 13:00
1911,72.11864595,0,13,0,-72.11864595,3/21/2025 14:00
1912,69.68141058,16.11062445,17,0,-53.57078613,3/21/2025 15:00
1913,73.52226948,22.74755903,17,1,-50.77471045,3/21/2025 16:00
1914,0,70.51632745,17,1,70.51632745,3/21/2025 17:00
1915,0,25.66490666,18,1,25.66490666,3/21/2025 18:00
1916,0,70.79807917,25,1,70.79807917,3/21/2025 19:00
1917,0,74.43676335,18,1,74.43676335,3/21/2025 20:00
1918,0,66.71855726,18,0,66.71855726,3/21/2025 21:00
1919,0,30.92950743,17,0,30.92950743,3/21/2025 22:00
1920,0,15.90795103,17,0,15.90795103,3/21/2025 23:00
1921,0,32.78081515,17,0,32.78081515,3/22/2025 0:00
1922,0,31.73348876,17,0,31.73348876,3/22/2025 1:00
1923,0,16.04014961,17,0,16.04014961,3/22/2025 2:00
1924,0,31.48129815,17,0,31.48129815,3/22/2025 3:00
1925,0,30.76294765,17,0,30.76294765,3/22/2025 4:00
1926,0,23.57784089,17,1,23.57784089,3/22/2025 5:00
1927,0,22.95595871,17,1,22.95595871,3/22/2025 6:00
1928,46.59977069,22.40903982,17,1,-24.19073087,3/22/2025 7:00
1929,22.33474218,69.4779135,17,1,47.14317132,3/22/2025 8:00
1930,68.33964665,15.3886585,17,0,-52.95098815,3/22/2025 9:00
1931,22.65211843,31.56022782,17,0,8.908109397,3/22/2025 10:00
1932,67.29914002,0,17,0,-67.29914002,3/22/2025 11:00
1933,45.78185264,15.93916639,17,0,-29.84268625,3/22/2025 12:00
1934,0,15.8659273,17,0,15.8659273,3/22/2025 13:00
1935,0,15.84010184,17,0,15.84010184,3/22/2025 14:00
1936,0,31.11504705,17,0,31.11504705,3/22/2025 15:00
1937,0,35.24775744,25,1,35.24775744,3/22/2025 16:00
1938,0,33.93688683,25,1,33.93688683,3/22/2025 17:00
1939,0,46.87906788,17,1,46.87906788,3/22/2025 18:00
1940,0,23.0792897,17,1,23.0792897,3/22/2025 19:00
1941,0,88.6359107,32,1,88.6359107,3/22/2025 20:00
1942,0,47.65760431,17,0,47.65760431,3/22/2025 21:00
1943,0,15.98253405,17,0,15.98253405,3/22/2025 22:00
1944,0,14.93038585,17,0,14.93038585,3/22/2025 23:00
1945,0,63.42056623,17,0,63.42056623,3/23/2025 0:00
1946,0,15.73006929,17,0,15.73006929,3/23/2025 1:00
1947,0,15.47058054,17,0,15.47058054,3/23/2025 2:00
1948,0,29.57725236,16,0,29.57725236,3/23/2025 3:00
1949,0,14.93957362,17,0,14.93957362,3/23/2025 4:00
1950,0,22.90332734,17,1,22.90332734,3/23/2025 5:00
1951,0,46.4307534,17,1,46.4307534,3/23/2025 6:00
1952,66.74796812,0,17,1,-66.74796812,3/23/2025 7:00
1953,66.15526252,0,17,1,-66.15526252,3/23/2025 8:00
1954,21.63447842,30.96457786,17,0,9.330099441,3/23/2025 9:00
1955,22.75521798,30.25221218,17,0,7.496994198,3/23/2025 10:00
1956,44.64247416,15.08599998,17,0,-29.55647418,3/23/2025 11:00
1957,0,30.49499416,17,0,30.49499416,3/23/2025 12:00
1958,42.97033173,0,17,0,-42.97033173,3/23/2025 13:00
1959,21.26339768,31.60080189,17,0,10.3374042,3/23/2025 14:00
1960,90.04416521,0,24,0,-90.04416521,3/23/2025 15:00
1961,101.7387243,33.36820878,25,1,-68.37051556,3/23/2025 16:00
1962,0,47.12662349,17,1,47.12662349,3/23/2025 17:00
1963,0,92.53384997,17,1,92.53384997,3/23/2025 18:00
1964,0,32.03396834,24,1,32.03396834,3/23/2025 19:00
1965,0,102.7120083,25,1,102.7120083,3/23/2025 20:00
1966,0,16.26215135,18,0,16.26215135,3/23/2025 21:00
1967,0,61.69499818,17,0,61.69499818,3/23/2025 22:00
1968,0,46.51769675,17,0,46.51769675,3/23/2025 23:00
1969,0,30.57265813,17,0,30.57265813,3/24/2025 0:00
1970,0,16.15334773,17,0,16.15334773,3/24/2025 1:00
1971,0,15.40302657,16,0,15.40302657,3/24/2025 2:00
1972,0,43.84102346,16,0,43.84102346,3/24/2025 3:00
1973,0,45.87528639,17,0,45.87528639,3/24/2025 4:00
1974,0,0,17,1,0,3/24/2025 5:00
1975,0,47.74430009,17,1,47.74430009,3/24/2025 6:00
1976,45.02100918,45.98053732,17,1,0.959528143,3/24/2025 7:00
1977,44.08834671,44.76348429,17,1,0.675137574,3/24/2025 8:00
1978,45.50076616,30.47815612,17,0,-15.02261004,3/24/2025 9:00
1979,44.29638256,15.22654323,17,0,-29.06983933,3/24/2025 10:00
1980,21.77825617,46.84567148,17,0,25.0674153,3/24/2025 11:00
1981,43.62920301,30.9370743,17,0,-12.69212871,3/24/2025 12:00
1982,88.30408899,0,17,0,-88.30408899,3/24/2025 13:00
1983,22.92271631,45.88391843,17,0,22.96120212,3/24/2025 14:00
1984,61.9353266,44.10163045,25,0,-17.83369615,3/24/2025 15:00
1985,0,53.90200956,39,1,53.90200956,3/24/2025 16:00
1986,0,0,25,1,0,3/24/2025 17:00
1987,0,32.16698191,24,1,32.16698191,3/24/2025 18:00
1988,0,34.21418721,24,1,34.21418721,3/24/2025 19:00
1989,0,89.56804381,32,1,89.56804381,3/24/2025 20:00
1990,0,46.53679946,17,0,46.53679946,3/24/2025 21:00
1991,0,30.79854584,17,0,30.79854584,3/24/2025 22:00
1992,0,31.58556861,17,0,31.58556861,3/24/2025 23:00
1993,0,32.56658715,17,0,32.56658715,3/25/2025 0:00
1994,0,15.13419176,17,0,15.13419176,3/25/2025 1:00
1995,0,43.99582191,16,0,43.99582191,3/25/2025 2:00
1996,0,44.07678264,16,0,44.07678264,3/25/2025 3:00
1997,0,16.31607273,17,0,16.31607273,3/25/2025 4:00
1998,0,23.35416372,17,1,23.35416372,3/25/2025 5:00
1999,0,23.72483442,17,1,23.72483442,3/25/2025 6:00
2000,64.26528251,22.05635355,16,1,-42.20892896,3/25/2025 7:00
2001,0,95.4836106,17,1,95.4836106,3/25/2025 8:00
2002,45.38031199,31.58279226,17,0,-13.79751973,3/25/2025 9:00
2003,45.14912791,30.35747639,17,0,-14.79165152,3/25/2025 10:00
2004,22.83760651,30.74187249,17,0,7.904265974,3/25/2025 11:00
2005,43.11584592,15.22777889,17,0,-27.88806704,3/25/2025 12:00
2006,21.23747205,30.34148388,17,0,9.104011828,3/25/2025 13:00
2007,66.66498263,15.51238632,17,0,-51.15259631,3/25/2025 14:00
2008,46.73417117,32.10086727,17,0,-14.6333039,3/25/2025 15:00
2009,0,23.95080528,18,1,23.95080528,3/25/2025 16:00
2010,0,45.78708264,17,1,45.78708264,3/25/2025 17:00
2011,0,72.79991807,18,1,72.79991807,3/25/2025 18:00
2012,0,68.70307864,24,1,68.70307864,3/25/2025 19:00
2013,0,91.79175665,32,1,91.79175665,3/25/2025 20:00
2014,0,31.54576932,17,0,31.54576932,3/25/2025 21:00
2015,0,47.44614102,17,0,47.44614102,3/25/2025 22:00
2016,0,30.85549462,17,0,30.85549462,3/25/2025 23:00
2017,0,46.84208765,17,0,46.84208765,3/26/2025 0:00
2018,0,28.78347089,16,0,28.78347089,3/26/2025 1:00
2019,0,28.6762223,15,0,28.6762223,3/26/2025 2:00
2020,0,40.19552655,15,0,40.19552655,3/26/2025 3:00
2021,0,30.15339026,17,0,30.15339026,3/26/2025 4:00
2022,0,47.5533189,17,1,47.5533189,3/26/2025 5:00
2023,0,0,17,1,0,3/26/2025 6:00
2024,66.64295366,22.48991339,17,1,-44.15304027,3/26/2025 7:00
2025,65.73190127,22.82811769,17,1,-42.90378358,3/26/2025 8:00
2026,0,46.06184143,17,0,46.06184143,3/26/2025 9:00
2027,21.85938915,47.29620272,17,0,25.43681358,3/26/2025 10:00
2028,65.87061558,15.80382563,17,0,-50.06678996,3/26/2025 11:00
2029,20.9833718,32.11531292,17,0,11.13194111,3/26/2025 12:00
2030,21.18365011,31.39630074,17,0,10.21265063,3/26/2025 13:00
2031,43.68032025,31.87468613,17,0,-11.80563412,3/26/2025 14:00
2032,21.87706658,29.9631085,17,0,8.086041918,3/26/2025 15:00
2033,0,89.82708873,32,1,89.82708873,3/26/2025 16:00
2034,0,23.51638065,17,1,23.51638065,3/26/2025 17:00
2035,0,49.88444275,18,1,49.88444275,3/26/2025 18:00
2036,0,47.7916815,17,1,47.7916815,3/26/2025 19:00
2037,0,68.3382309,25,1,68.3382309,3/26/2025 20:00
2038,0,45.15551228,17,0,45.15551228,3/26/2025 21:00
2039,0,15.75169444,17,0,15.75169444,3/26/2025 22:00
2040,0,15.11229222,17,0,15.11229222,3/26/2025 23:00
2041,0,46.930484,17,0,46.930484,3/27/2025 0:00
2042,0,43.03125848,16,0,43.03125848,3/27/2025 1:00
2043,0,13.30670668,15,0,13.30670668,3/27/2025 2:00
2044,0,26.56776065,15,0,26.56776065,3/27/2025 3:00
2045,0,27.76408253,15,0,27.76408253,3/27/2025 4:00
2046,0,24.01929893,17,1,24.01929893,3/27/2025 5:00
2047,0,93.03196288,17,1,93.03196288,3/27/2025 6:00
2048,64.13023478,22.09023452,16,1,-42.04000026,3/27/2025 7:00
2049,20.64505022,66.43873483,16,1,45.79368461,3/27/2025 8:00
2050,84.13137863,0,16,0,-84.13137863,3/27/2025 9:00
2051,60.36641416,14.10215265,15,0,-46.26426151,3/27/2025 10:00
2052,20.94680758,44.18530794,16,0,23.23850036,3/27/2025 11:00
2053,59.45382658,13.76203819,15,0,-45.69178839,3/27/2025 12:00
2054,44.90348633,31.22562959,17,0,-13.67785674,3/27/2025 13:00
2055,67.06452424,15.29972444,17,0,-51.7647998,3/27/2025 14:00
2056,69.21237633,16.34057191,17,0,-52.87180442,3/27/2025 15:00
2057,33.51072471,103.5831875,25,1,70.07246284,3/27/2025 16:00
2058,0,47.19514499,17,1,47.19514499,3/27/2025 17:00
2059,0,42.84887543,32,1,42.84887543,3/27/2025 18:00
2060,0,133.3271531,32,1,133.3271531,3/27/2025 19:00
2061,0,22.92634971,17,1,22.92634971,3/27/2025 20:00
2062,0,30.65810408,17,0,30.65810408,3/27/2025 21:00
2063,0,16.37852969,17,0,16.37852969,3/27/2025 22:00
2064,0,46.38734759,17,0,46.38734759,3/27/2025 23:00
2065,0,45.35481418,16,0,45.35481418,3/28/2025 0:00
2066,0,28.23506848,15,0,28.23506848,3/28/2025 1:00
2067,0,32.93944957,12,0,32.93944957,3/28/2025 2:00
2068,0,22.6482712,12,0,22.6482712,3/28/2025 3:00
2069,0,48.01525933,13,0,48.01525933,3/28/2025 4:00
2070,0,21.64382222,16,1,21.64382222,3/28/2025 5:00
2071,0,43.86931893,16,1,43.86931893,3/28/2025 6:00
2072,58.77114516,0,10,1,-58.77114516,3/28/2025 7:00
2073,29.97471048,11.02129344,4,1,-18.95341704,3/28/2025 8:00
2074,14.80195326,14.52228595,8,0,-0.279667301,3/28/2025 9:00
2075,49.54871154,10.88970624,12,0,-38.6590053,3/28/2025 10:00
2076,17.07056864,35.91142318,13,0,18.84085453,3/28/2025 11:00
2077,18.52647594,35.79478974,13,0,17.2683138,3/28/2025 12:00
2078,32.95559214,22.26107539,12,0,-10.69451676,3/28/2025 13:00
2079,59.72040871,13.23547343,15,0,-46.48493527,3/28/2025 14:00
2080,21.96357054,47.46986708,17,0,25.50629654,3/28/2025 15:00
2081,0,71.76441712,17,1,71.76441712,3/28/2025 16:00
2082,0,95.37173185,17,1,95.37173185,3/28/2025 17:00
2083,0,23.04968755,17,1,23.04968755,3/28/2025 18:00
2084,0,49.3239542,18,1,49.3239542,3/28/2025 19:00
2085,0,48.24972661,17,1,48.24972661,3/28/2025 20:00
2086,0,31.19315895,17,0,31.19315895,3/28/2025 21:00
2087,0,0,17,0,0,3/28/2025 22:00
2088,0,48.62460795,17,0,48.62460795,3/28/2025 23:00
2089,0,14.90639263,17,0,14.90639263,3/29/2025 0:00
2090,0,46.80016127,17,0,46.80016127,3/29/2025 1:00
2091,0,15.76405175,17,0,15.76405175,3/29/2025 2:00
2092,0,15.42108684,17,0,15.42108684,3/29/2025 3:00
2093,0,46.95566659,17,0,46.95566659,3/29/2025 4:00
2094,0,68.52859528,17,1,68.52859528,3/29/2025 5:00
2095,0,24.47797653,17,1,24.47797653,3/29/2025 6:00
2096,66.63997051,0,17,1,-66.63997051,3/29/2025 7:00
2097,43.61667516,23.46211261,17,1,-20.15456255,3/29/2025 8:00
2098,43.97401783,31.69927553,17,0,-12.2747423,3/29/2025 9:00
2099,89.30782548,0,17,0,-89.30782548,3/29/2025 10:00
2100,44.74338207,32.05163136,17,0,-12.69175071,3/29/2025 11:00
2101,89.93179785,0,17,0,-89.93179785,3/29/2025 12:00
2102,42.46818648,14.50785296,16,0,-27.96033353,3/29/2025 13:00
2103,44.9386733,15.84798352,17,0,-29.09068978,3/29/2025 14:00
2104,22.71398638,47.40679106,17,0,24.69280468,3/29/2025 15:00
2105,0,75.42539657,18,1,75.42539657,3/29/2025 16:00
2106,0,44.80443461,32,1,44.80443461,3/29/2025 17:00
2107,0,160.3096589,39,1,160.3096589,3/29/2025 18:00
2108,0,86.40246497,32,1,86.40246497,3/29/2025 19:00
2109,0,74.24398921,18,1,74.24398921,3/29/2025 20:00
2110,0,15.42510977,17,0,15.42510977,3/29/2025 21:00
2111,0,16.28184331,17,0,16.28184331,3/29/2025 22:00
2112,0,15.49241353,17,0,15.49241353,3/29/2025 23:00
2113,0,15.90720303,17,0,15.90720303,3/30/2025 0:00
2114,0,47.69940524,17,0,47.69940524,3/30/2025 1:00
2115,0,45.67766196,16,0,45.67766196,3/30/2025 2:00
2116,0,0,16,0,0,3/30/2025 3:00
2117,0,32.23362058,17,0,32.23362058,3/30/2025 4:00
2118,0,22.54976318,17,1,22.54976318,3/30/2025 5:00
2119,0,71.8226049,17,1,71.8226049,3/30/2025 6:00
2120,69.32324375,23.7587282,17,1,-45.56451554,3/30/2025 7:00
2121,45.6694912,45.08421955,17,1,-0.585271649,3/30/2025 8:00
2122,68.65766853,15.57123398,17,0,-53.08643455,3/30/2025 9:00
2123,0,30.19487425,17,0,30.19487425,3/30/2025 10:00
2124,45.49254189,15.15107938,17,0,-30.34146251,3/30/2025 11:00
2125,22.88639049,31.39361229,17,0,8.507221803,3/30/2025 12:00
2126,22.86480604,31.25059523,17,0,8.385789186,3/30/2025 13:00
2127,68.21261784,15.733432,17,0,-52.47918584,3/30/2025 14:00
2128,70.92848374,15.661365,17,0,-55.26711874,3/30/2025 15:00
2129,42.2164644,45.91452314,32,1,3.698058746,3/30/2025 16:00
2130,0,65.41496515,46,1,65.41496515,3/30/2025 17:00
2131,0,195.6375157,46,1,195.6375157,3/30/2025 18:00
2132,0,63.79495309,46,1,63.79495309,3/30/2025 19:00
2133,0,0,39,1,0,3/30/2025 20:00
2134,0,48.14161661,17,0,48.14161661,3/30/2025 21:00
2135,0,31.70426454,17,0,31.70426454,3/30/2025 22:00
2136,0,31.39739576,17,0,31.39739576,3/30/2025 23:00
2137,0,31.10098793,17,0,31.10098793,3/31/2025 0:00
2138,0,46.11238217,17,0,46.11238217,3/31/2025 1:00
2139,0,14.25463552,15,0,14.25463552,3/31/2025 2:00
2140,0,40.82985064,15,0,40.82985064,3/31/2025 3:00
2141,0,15.34375005,16,0,15.34375005,3/31/2025 4:00
2142,0,23.45187729,17,1,23.45187729,3/31/2025 5:00
2143,0,46.88798255,17,1,46.88798255,3/31/2025 6:00
2144,43.266972,0,16,1,-43.266972,3/31/2025 7:00
2145,44.98163724,0,17,1,-44.98163724,3/31/2025 8:00
2146,45.65779947,30.85913777,17,0,-14.79866169,3/31/2025 9:00
2147,45.64772777,31.98748144,17,0,-13.66024633,3/31/2025 10:00
2148,22.44666616,30.41359678,17,0,7.966930617,3/31/2025 11:00
2149,64.63517826,14.75523698,16,0,-49.87994128,3/31/2025 12:00
2150,68.52415551,15.12208997,17,0,-53.40206553,3/31/2025 13:00
2151,0,64.53850059,18,0,64.53850059,3/31/2025 14:00
2152,47.87006839,16.1198558,18,0,-31.75021259,3/31/2025 15:00
2153,0,52.54608723,39,1,52.54608723,3/31/2025 16:00
2154,0,126.1324425,46,1,126.1324425,3/31/2025 17:00
2155,0,85.12623957,32,1,85.12623957,3/31/2025 18:00
2156,0,56.49975055,39,1,56.49975055,3/31/2025 19:00
2157,0,0,32,1,0,3/31/2025 20:00
2158,0,47.01534253,17,0,47.01534253,3/31/2025 21:00
2159,0,31.90194159,17,0,31.90194159,3/31/2025 22:00
2160,0,49.0408545,17,0,49.0408545,3/31/2025 23:00
2161,0,43.40703846,16,0,43.40703846,4/1/2025 0:00
2162,0,29.13600146,16,0,29.13600146,4/1/2025 1:00
2163,0,13.25749105,15,0,13.25749105,4/1/2025 2:00
2164,0,27.96161235,15,0,27.96161235,4/1/2025 3:00
2165,0,29.5382985,16,0,29.5382985,4/1/2025 4:00
2166,0,45.59767181,17,1,45.59767181,4/1/2025 5:00
2167,0,0,17,1,0,4/1/2025 6:00
2168,21.88704233,21.22060278,16,1,-0.66643955,4/1/2025 7:00
2169,21.8795968,22.35066463,17,1,0.471067826,4/1/2025 8:00
2170,21.54074604,29.93347735,16,0,8.392731311,4/1/2025 9:00
2171,22.09886116,46.38439622,17,0,24.28553505,4/1/2025 10:00
2172,68.4567354,15.52379032,17,0,-52.93294508,4/1/2025 11:00
2173,45.09870127,32.46225258,17,0,-12.6364487,4/1/2025 12:00
2174,44.31894867,30.70047548,17,0,-13.61847319,4/1/2025 13:00
2175,68.6190552,15.25854887,17,0,-53.36050634,4/1/2025 14:00
2176,45.36638158,0,17,0,-45.36638158,4/1/2025 15:00
2177,0,46.74847138,17,1,46.74847138,4/1/2025 16:00
2178,0,70.24042645,17,1,70.24042645,4/1/2025 17:00
2179,0,69.25826532,17,1,69.25826532,4/1/2025 18:00
2180,0,94.12390776,17,1,94.12390776,4/1/2025 19:00
2181,0,88.03197639,31,1,88.03197639,4/1/2025 20:00
2182,0,47.95050341,17,0,47.95050341,4/1/2025 21:00
2183,0,32.10196206,17,0,32.10196206,4/1/2025 22:00
2184,0,16.12685458,17,0,16.12685458,4/1/2025 23:00
2185,0,59.32213855,16,0,59.32213855,4/2/2025 0:00
2186,0,28.42457371,16,0,28.42457371,4/2/2025 1:00
2187,0,27.97685296,15,0,27.97685296,4/2/2025 2:00
2188,0,42.20138496,15,0,42.20138496,4/2/2025 3:00
2189,0,0,15,0,0,4/2/2025 4:00
2190,0,46.04592816,17,1,46.04592816,4/2/2025 5:00
2191,0,46.08958645,17,1,46.08958645,4/2/2025 6:00
2192,46.90010337,48.82936559,17,1,1.929262225,4/2/2025 7:00
2193,90.52009281,0,17,1,-90.52009281,4/2/2025 8:00
2194,46.00482997,30.97242185,17,0,-15.03240811,4/2/2025 9:00
2195,20.33677906,28.51780831,16,0,8.181029257,4/2/2025 10:00
2196,21.68080983,31.24557748,17,0,9.564767647,4/2/2025 11:00
2197,21.93338652,31.52245855,17,0,9.589072029,4/2/2025 12:00
2198,21.06099384,44.1956301,16,0,23.13463626,4/2/2025 13:00
2199,44.69217417,30.48560869,17,0,-14.20656548,4/2/2025 14:00
2200,23.32811811,31.37811373,17,0,8.04999562,4/2/2025 15:00
2201,0,70.88648755,17,1,70.88648755,4/2/2025 16:00
2202,0,101.6527322,24,1,101.6527322,4/2/2025 17:00
2203,0,63.91541294,24,1,63.91541294,4/2/2025 18:00
2204,0,32.18641832,24,1,32.18641832,4/2/2025 19:00
2205,0,66.13033872,24,1,66.13033872,4/2/2025 20:00
2206,0,48.01261101,17,0,48.01261101,4/2/2025 21:00
2207,0,47.1632131,17,0,47.1632131,4/2/2025 22:00
2208,0,46.93558172,17,0,46.93558172,4/2/2025 23:00
2209,0,29.24456521,16,0,29.24456521,4/3/2025 0:00
2210,0,0,16,0,0,4/3/2025 1:00
2211,0,26.38707908,15,0,26.38707908,4/3/2025 2:00
2212,0,41.59621007,15,0,41.59621007,4/3/2025 3:00
2213,0,13.16323816,15,0,13.16323816,4/3/2025 4:00
2214,0,44.87357377,16,1,44.87357377,4/3/2025 5:00
2215,0,45.94473151,17,1,45.94473151,4/3/2025 6:00
2216,45.58431363,42.31175564,16,1,-3.272557988,4/3/2025 7:00
2217,42.23040657,45.3733046,16,1,3.142898024,4/3/2025 8:00
2218,41.26992547,29.30248504,16,0,-11.96744043,4/3/2025 9:00
2219,41.2248428,29.3444146,16,0,-11.88042819,4/3/2025 10:00
2220,62.13547357,14.43939598,16,0,-47.69607759,4/3/2025 11:00
2221,62.84609205,15.42942523,16,0,-47.41666682,4/3/2025 12:00
2222,88.99364642,0,17,0,-88.99364642,4/3/2025 13:00
2223,45.83712164,29.87815525,17,0,-15.95896639,4/3/2025 14:00
2224,46.48966506,31.30828512,17,0,-15.18137995,4/3/2025 15:00
2225,0,68.1371871,17,1,68.1371871,4/3/2025 16:00
2226,0,71.41438109,17,1,71.41438109,4/3/2025 17:00
2227,0,23.60608919,17,1,23.60608919,4/3/2025 18:00
2228,0,68.74131163,24,1,68.74131163,4/3/2025 19:00
2229,0,23.05331159,17,1,23.05331159,4/3/2025 20:00
2230,0,31.52141655,17,0,31.52141655,4/3/2025 21:00
2231,0,16.08941369,17,0,16.08941369,4/3/2025 22:00
2232,0,15.70882756,17,0,15.70882756,4/3/2025 23:00
2233,0,15.45575101,16,0,15.45575101,4/4/2025 0:00
2234,0,29.45945434,16,0,29.45945434,4/4/2025 1:00
2235,0,28.56695484,15,0,28.56695484,4/4/2025 2:00
2236,0,14.2326558,15,0,14.2326558,4/4/2025 3:00
2237,0,27.89263142,15,0,27.89263142,4/4/2025 4:00
2238,0,66.04887049,16,1,66.04887049,4/4/2025 5:00
2239,0,44.76591712,16,1,44.76591712,4/4/2025 6:00
2240,29.31657683,28.04077118,10,1,-1.275805645,4/4/2025 7:00
2241,43.27319244,5.73427535,4,1,-37.53891709,4/4/2025 8:00
2242,43.5517153,8.574852909,9,0,-34.97686239,4/4/2025 9:00
2243,43.99655216,9.067896888,10,0,-34.92865527,4/4/2025 10:00
2244,33.8551059,22.75690358,12,0,-11.09820232,4/4/2025 11:00
2245,38.75188695,25.66885462,14,0,-13.08303234,4/4/2025 12:00
2246,20.3566663,41.98043587,15,0,21.62376957,4/4/2025 13:00
2247,0,44.1277856,16,0,44.1277856,4/4/2025 14:00
2248,23.07938828,16.32994493,17,0,-6.749443352,4/4/2025 15:00
2249,0,70.48788448,17,1,70.48788448,4/4/2025 16:00
2250,0,71.85563184,17,1,71.85563184,4/4/2025 17:00
2251,0,23.34896138,17,1,23.34896138,4/4/2025 18:00
2252,0,107.4803608,38,1,107.4803608,4/4/2025 19:00
2253,0,22.58247377,17,1,22.58247377,4/4/2025 20:00
2254,0,32.19530337,17,0,32.19530337,4/4/2025 21:00
2255,0,31.25865594,17,0,31.25865594,4/4/2025 22:00
2256,0,46.65825645,17,0,46.65825645,4/4/2025 23:00
2257,0,15.4190927,16,0,15.4190927,4/5/2025 0:00
2258,0,29.56378106,16,0,29.56378106,4/5/2025 1:00
2259,0,27.54508125,15,0,27.54508125,4/5/2025 2:00
2260,0,27.94433271,15,0,27.94433271,4/5/2025 3:00
2261,0,29.83362385,16,0,29.83362385,4/5/2025 4:00
2262,0,91.78997717,17,1,91.78997717,4/5/2025 5:00
2263,0,24.32741317,17,1,24.32741317,4/5/2025 6:00
2264,23.09101246,44.11847849,16,1,21.02746603,4/5/2025 7:00
2265,43.8379165,43.10664488,16,1,-0.731271624,4/5/2025 8:00
2266,43.56631049,29.72122938,16,0,-13.84508111,4/5/2025 9:00
2267,22.68150704,47.45549957,17,0,24.77399253,4/5/2025 10:00
2268,45.69334751,32.14339291,17,0,-13.5499546,4/5/2025 11:00
2269,22.21899247,30.8526254,17,0,8.63363293,4/5/2025 12:00
2270,43.21189841,15.7457698,17,0,-27.46612861,4/5/2025 13:00
2271,23.63660542,45.82803671,17,0,22.19143128,4/5/2025 14:00
2272,22.87133707,16.1652295,17,0,-6.706107566,4/5/2025 15:00
2273,0,64.91972187,24,1,64.91972187,4/5/2025 16:00
2274,0,24.25126197,17,1,24.25126197,4/5/2025 17:00
2275,0,157.9683802,38,1,157.9683802,4/5/2025 18:00
2276,0,0,38,1,0,4/5/2025 19:00
2277,0,46.72109295,17,1,46.72109295,4/5/2025 20:00
2278,0,66.22113291,24,0,66.22113291,4/5/2025 21:00
2279,0,31.95177746,17,0,31.95177746,4/5/2025 22:00
2280,0,62.47032518,17,0,62.47032518,4/5/2025 23:00
2281,0,32.07512045,17,0,32.07512045,4/6/2025 0:00
2282,0,44.40653092,16,0,44.40653092,4/6/2025 1:00
2283,0,14.12689358,16,0,14.12689358,4/6/2025 2:00
2284,0,30.05693895,16,0,30.05693895,4/6/2025 3:00
2285,0,29.52951672,16,0,29.52951672,4/6/2025 4:00
2286,0,24.16023801,17,1,24.16023801,4/6/2025 5:00
2287,0,48.66167979,17,1,48.66167979,4/6/2025 6:00
2288,45.89009713,44.44844357,16,1,-1.441653556,4/6/2025 7:00
2289,44.47595996,46.27977527,17,1,1.803815312,4/6/2025 8:00
2290,44.39909754,31.84333207,17,0,-12.55576548,4/6/2025 9:00
2291,0,61.59260599,17,0,61.59260599,4/6/2025 10:00
2292,44.39744793,29.93271377,17,0,-14.46473416,4/6/2025 11:00
2293,44.21729858,14.99501072,17,0,-29.22228785,4/6/2025 12:00
2294,44.43245735,30.57821874,17,0,-13.85423861,4/6/2025 13:00
2295,23.18879125,31.05286705,17,0,7.864075804,4/6/2025 14:00
2296,45.45953639,69.7876019,38,0,24.32806551,4/6/2025 15:00
2297,0,103.5518105,25,1,103.5518105,4/6/2025 16:00
2298,0,68.44902909,24,1,68.44902909,4/6/2025 17:00
2299,0,50.82091094,38,1,50.82091094,4/6/2025 18:00
2300,0,107.1197083,38,1,107.1197083,4/6/2025 19:00
2301,0,70.42739154,17,1,70.42739154,4/6/2025 20:00
2302,0,22.3784317,24,0,22.3784317,4/6/2025 21:00
2303,0,47.54873975,17,0,47.54873975,4/6/2025 22:00
2304,0,45.83963643,17,0,45.83963643,4/6/2025 23:00
2305,0,30.06714235,16,0,30.06714235,4/7/2025 0:00
2306,0,44.4543625,16,0,44.4543625,4/7/2025 1:00
2307,0,30.03079176,16,0,30.03079176,4/7/2025 2:00
2308,0,14.24063631,16,0,14.24063631,4/7/2025 3:00
2309,0,14.92451204,16,0,14.92451204,4/7/2025 4:00
2310,0,46.35373981,17,1,46.35373981,4/7/2025 5:00
2311,0,71.98160577,17,1,71.98160577,4/7/2025 6:00
2312,21.93090456,43.63404918,16,1,21.70314461,4/7/2025 7:00
2313,22.7318725,69.5044545,17,1,46.772582,4/7/2025 8:00
2314,67.57000275,15.16302695,17,0,-52.4069758,4/7/2025 9:00
2315,41.11249358,29.81357303,16,0,-11.29892055,4/7/2025 10:00
2316,61.74575635,14.3876096,16,0,-47.35814674,4/7/2025 11:00
2317,65.39368479,16.10768001,17,0,-49.28600479,4/7/2025 12:00
2318,62.57577503,14.54982732,16,0,-48.02594771,4/7/2025 13:00
2319,47.19613923,29.91717147,17,0,-17.27896776,4/7/2025 14:00
2320,46.06459915,15.10432921,17,0,-30.96026994,4/7/2025 15:00
2321,0,65.75343136,24,1,65.75343136,4/7/2025 16:00
2322,0,72.41318325,17,1,72.41318325,4/7/2025 17:00
2323,0,94.87450877,17,1,94.87450877,4/7/2025 18:00
2324,0,70.75051254,25,1,70.75051254,4/7/2025 19:00
2325,0,100.4676359,24,1,100.4676359,4/7/2025 20:00
2326,0,47.65956673,17,0,47.65956673,4/7/2025 21:00
2327,0,31.13968082,17,0,31.13968082,4/7/2025 22:00
2328,0,46.8390895,17,0,46.8390895,4/7/2025 23:00
2329,0,0,16,0,0,4/8/2025 0:00
2330,0,43.86337939,16,0,43.86337939,4/8/2025 1:00
2331,0,0,15,0,0,4/8/2025 2:00
2332,0,55.29605667,15,0,55.29605667,4/8/2025 3:00
2333,0,43.53802641,16,0,43.53802641,4/8/2025 4:00
2334,0,21.98818052,16,1,21.98818052,4/8/2025 5:00
2335,0,44.59129779,16,1,44.59129779,4/8/2025 6:00
2336,63.14363475,21.25238986,16,1,-41.89124489,4/8/2025 7:00
2337,42.812169,43.55319765,16,1,0.741028648,4/8/2025 8:00
2338,61.87113769,14.23084645,16,0,-47.64029124,4/8/2025 9:00
2339,43.00484206,28.94840779,16,0,-14.05643428,4/8/2025 10:00
2340,43.47128662,16.26054474,17,0,-27.21074188,4/8/2025 11:00
2341,22.38826278,45.8362328,17,0,23.44797002,4/8/2025 12:00
2342,60.8035771,21.78130634,24,0,-39.02227076,4/8/2025 13:00
2343,44.09783254,16.3595376,17,0,-27.73829494,4/8/2025 14:00
2344,0,47.12976532,17,0,47.12976532,4/8/2025 15:00
2345,49.7656481,52.45827685,38,1,2.692628744,4/8/2025 16:00
2346,0,155.168049,39,1,155.168049,4/8/2025 17:00
2347,0,0,25,1,0,4/8/2025 18:00
2348,0,106.3186077,25,1,106.3186077,4/8/2025 19:00
2349,0,110.4777752,39,1,110.4777752,4/8/2025 20:00
2350,0,63.04346705,17,0,63.04346705,4/8/2025 21:00
2351,0,0,17,0,0,4/8/2025 22:00
2352,0,43.97046415,16,0,43.97046415,4/8/2025 23:00
2353,0,44.93176333,16,0,44.93176333,4/9/2025 0:00
2354,0,0,16,0,0,4/9/2025 1:00
2355,0,40.17928208,15,0,40.17928208,4/9/2025 2:00
2356,0,27.70731122,15,0,27.70731122,4/9/2025 3:00
2357,0,14.14483386,16,0,14.14483386,4/9/2025 4:00
2358,0,65.72469172,16,1,65.72469172,4/9/2025 5:00
2359,0,44.88374699,16,1,44.88374699,4/9/2025 6:00
2360,64.16744218,0,16,1,-64.16744218,4/9/2025 7:00
2361,65.37648809,22.8787453,16,1,-42.49774279,4/9/2025 8:00
2362,21.10808796,44.81472358,16,0,23.70663563,4/9/2025 9:00
2363,41.53755498,29.09930781,16,0,-12.43824717,4/9/2025 10:00
2364,84.0564911,0,16,0,-84.0564911,4/9/2025 11:00
2365,41.37478246,28.97019125,16,0,-12.40459121,4/9/2025 12:00
2366,63.44291927,14.31761633,16,0,-49.12530295,4/9/2025 13:00
2367,66.63641226,15.37709277,17,0,-51.2593195,4/9/2025 14:00
2368,94.93354645,22.50836955,24,0,-72.4251769,4/9/2025 15:00
2369,0,101.0096544,25,1,101.0096544,4/9/2025 16:00
2370,0,23.60739996,18,1,23.60739996,4/9/2025 17:00
2371,0,24.0035055,18,1,24.0035055,4/9/2025 18:00
2372,0,66.16621496,24,1,66.16621496,4/9/2025 19:00
2373,0,111.0781614,39,1,111.0781614,4/9/2025 20:00
2374,0,70.25669388,39,0,70.25669388,4/9/2025 21:00
2375,0,45.37358926,17,0,45.37358926,4/9/2025 22:00
2376,0,46.68991863,17,0,46.68991863,4/9/2025 23:00
2377,0,29.34004113,16,0,29.34004113,4/10/2025 0:00
2378,0,59.83592867,16,0,59.83592867,4/10/2025 1:00
2379,0,13.15980063,15,0,13.15980063,4/10/2025 2:00
2380,0,41.38422027,15,0,41.38422027,4/10/2025 3:00
2381,0,28.23967714,15,0,28.23967714,4/10/2025 4:00
2382,0,22.70125956,16,1,22.70125956,4/10/2025 5:00
2383,0,0,16,1,0,4/10/2025 6:00
2384,37.8133643,40.43423664,14,1,2.620872341,4/10/2025 7:00
2385,63.02313629,21.19700595,16,1,-41.82613035,4/10/2025 8:00
2386,20.89256031,43.55521572,16,0,22.66265541,4/10/2025 9:00
2387,63.46673818,14.05278287,16,0,-49.41395531,4/10/2025 10:00
2388,43.77562438,29.54454446,16,0,-14.23107991,4/10/2025 11:00
2389,41.36759307,29.51206904,16,0,-11.85552403,4/10/2025 12:00
2390,21.66487915,44.06013872,16,0,22.39525956,4/10/2025 13:00
2391,21.81761477,14.1042998,16,0,-7.713314971,4/10/2025 14:00
2392,23.94929723,32.34853713,17,0,8.399239896,4/10/2025 15:00
2393,0,48.02290119,17,1,48.02290119,4/10/2025 16:00
2394,0,103.2610408,25,1,103.2610408,4/10/2025 17:00
2395,0,125.4740545,46,1,125.4740545,4/10/2025 18:00
2396,0,216.7105692,53,1,216.7105692,4/10/2025 19:00
2397,0,68.25996048,25,1,68.25996048,4/10/2025 20:00
2398,0,31.37941347,17,0,31.37941347,4/10/2025 21:00
2399,0,47.32901419,17,0,47.32901419,4/10/2025 22:00
2400,0,30.75897864,16,0,30.75897864,4/10/2025 23:00
2401,0,15.31373256,16,0,15.31373256,4/11/2025 0:00
2402,0,14.3550958,15,0,14.3550958,4/11/2025 1:00
2403,0,13.21619767,14,0,13.21619767,4/11/2025 2:00
2404,0,13.39338501,14,0,13.39338501,4/11/2025 3:00
2405,0,12.15673899,13,0,12.15673899,4/11/2025 4:00
2406,0,19.77354322,15,1,19.77354322,4/11/2025 5:00
2407,0,0,15,1,0,4/11/2025 6:00
2408,0,45.76990657,11,1,45.76990657,4/11/2025 7:00
2409,0,27.6783046,5,1,27.6783046,4/11/2025 8:00
2410,29.77418792,14.54870117,8,0,-15.22548675,4/11/2025 9:00
2411,29.27806906,8.626673965,9,0,-20.65139509,4/11/2025 10:00
2412,35.8816203,24.10999658,13,0,-11.77162372,4/11/2025 11:00
2413,79.3246713,0,14,0,-79.3246713,4/11/2025 12:00
2414,40.75579978,27.01369337,15,0,-13.74210641,4/11/2025 13:00
2415,0,58.27792743,16,0,58.27792743,4/11/2025 14:00
2416,45.39741094,14.46785369,16,0,-30.92955725,4/11/2025 15:00
2417,0,47.78474901,17,1,47.78474901,4/11/2025 16:00
2418,0,23.14847886,17,1,23.14847886,4/11/2025 17:00
2419,0,46.49552667,17,1,46.49552667,4/11/2025 18:00
2420,0,0,24,1,0,4/11/2025 19:00
2421,0,70.53158903,17,1,70.53158903,4/11/2025 20:00
2422,0,61.86615904,17,0,61.86615904,4/11/2025 21:00
2423,0,47.37157886,17,0,47.37157886,4/11/2025 22:00
2424,0,14.29068032,16,0,14.29068032,4/11/2025 23:00
2425,0,27.70717959,15,0,27.70717959,4/12/2025 0:00
2426,0,12.79275783,14,0,12.79275783,4/12/2025 1:00
2427,0,11.72856126,13,0,11.72856126,4/12/2025 2:00
2428,0,23.97337409,13,0,23.97337409,4/12/2025 3:00
2429,0,50.98394043,14,0,50.98394043,4/12/2025 4:00
2430,0,42.27421727,15,1,42.27421727,4/12/2025 5:00
2431,0,21.51603827,15,1,21.51603827,4/12/2025 6:00
2432,40.42800387,42.27713938,15,1,1.849135503,4/12/2025 7:00
2433,39.57281764,41.24954251,15,1,1.676724866,4/12/2025 8:00
2434,60.09679419,13.7067294,15,0,-46.39006479,4/12/2025 9:00
2435,40.16771118,27.25252372,15,0,-12.91518746,4/12/2025 10:00
2436,80.751712,0,15,0,-80.751712,4/12/2025 11:00
2437,20.03186854,40.77736226,15,0,20.74549372,4/12/2025 12:00
2438,38.3511057,25.08778816,14,0,-13.26331754,4/12/2025 13:00
2439,42.51356758,29.23803292,16,0,-13.27553466,4/12/2025 14:00
2440,46.01266356,31.3667241,17,0,-14.64593946,4/12/2025 15:00
2441,49.97449081,0,17,1,-49.97449081,4/12/2025 16:00
2442,0,0,17,1,0,4/12/2025 17:00
2443,0,22.53336668,17,1,22.53336668,4/12/2025 18:00
2444,0,70.40740158,25,1,70.40740158,4/12/2025 19:00
2445,0,47.21324736,17,1,47.21324736,4/12/2025 20:00
2446,0,46.71002909,17,0,46.71002909,4/12/2025 21:00
2447,0,14.84426472,16,0,14.84426472,4/12/2025 22:00
2448,0,30.40804801,16,0,30.40804801,4/12/2025 23:00
2449,0,41.92263809,15,0,41.92263809,4/13/2025 0:00
2450,0,0,15,0,0,4/13/2025 1:00
2451,0,23.57236362,13,0,23.57236362,4/13/2025 2:00
2452,0,12.03067619,13,0,12.03067619,4/13/2025 3:00
2453,0,35.78901231,13,0,35.78901231,4/13/2025 4:00
2454,0,21.32007187,15,1,21.32007187,4/13/2025 5:00
2455,0,40.09041646,15,1,40.09041646,4/13/2025 6:00
2456,35.32996665,32.87401483,12,1,-2.455951819,4/13/2025 7:00
2457,30.23768761,21.5243967,8,1,-8.713290906,4/13/2025 8:00
2458,64.17728181,0,11,0,-64.17728181,4/13/2025 9:00
2459,0,17.88689379,10,0,17.88689379,4/13/2025 10:00
2460,33.45915154,0,12,0,-33.45915154,4/13/2025 11:00
2461,16.30751504,21.80888114,12,0,5.501366097,4/13/2025 12:00
2462,35.72391901,11.45992891,13,0,-24.2639901,4/13/2025 13:00
2463,60.86669097,13.79247036,15,0,-47.07422062,4/13/2025 14:00
2464,90.95347785,0,16,0,-90.95347785,4/13/2025 15:00
2465,24.75166288,0,17,1,-24.75166288,4/13/2025 16:00
2466,0,46.61206866,17,1,46.61206866,4/13/2025 17:00
2467,0,68.5953788,17,1,68.5953788,4/13/2025 18:00
2468,0,66.48871433,24,1,66.48871433,4/13/2025 19:00
2469,0,69.79206435,17,1,69.79206435,4/13/2025 20:00
2470,0,14.95427066,17,0,14.95427066,4/13/2025 21:00
2471,0,14.69584947,16,0,14.69584947,4/13/2025 22:00
2472,0,15.38299697,16,0,15.38299697,4/13/2025 23:00
2473,0,40.82798031,15,0,40.82798031,4/14/2025 0:00
2474,0,36.09980549,13,0,36.09980549,4/14/2025 1:00
2475,0,20.66786261,11,0,20.66786261,4/14/2025 2:00
2476,0,11.77559552,13,0,11.77559552,4/14/2025 3:00
2477,0,35.47782123,13,0,35.47782123,4/14/2025 4:00
2478,0,62.70510194,15,1,62.70510194,4/14/2025 5:00
2479,0,20.13290173,15,1,20.13290173,4/14/2025 6:00
2480,30.25914716,21.44302976,8,1,-8.816117395,4/14/2025 7:00
2481,34.68120795,32.77288724,12,1,-1.908320709,4/14/2025 8:00
2482,30.46248036,16.47643142,9,0,-13.98604894,4/14/2025 9:00
2483,29.63505913,9.381015896,10,0,-20.25404324,4/14/2025 10:00
2484,30.89373619,0,11,0,-30.89373619,4/14/2025 11:00
2485,32.25875724,10.06873399,11,0,-22.19002325,4/14/2025 12:00
2486,32.36106889,10.26476822,11,0,-22.09630067,4/14/2025 13:00
2487,0,25.87799052,14,0,25.87799052,4/14/2025 14:00
2488,21.95324672,29.00570274,16,0,7.052456026,4/14/2025 15:00
2489,0,42.76170584,16,1,42.76170584,4/14/2025 16:00
2490,0,65.58993146,16,1,65.58993146,4/14/2025 17:00
2491,0,47.11125318,17,1,47.11125318,4/14/2025 18:00
2492,0,135.8299032,25,1,135.8299032,4/14/2025 19:00
2493,0,46.43716139,17,1,46.43716139,4/14/2025 20:00
2494,0,13.991648,16,0,13.991648,4/14/2025 21:00
2495,0,28.25983996,16,0,28.25983996,4/14/2025 22:00
2496,0,13.78276806,15,0,13.78276806,4/14/2025 23:00
2497,0,10.85109037,12,0,10.85109037,4/15/2025 0:00
2498,0,0,11,0,0,4/15/2025 1:00
2499,0,19.62142222,11,0,19.62142222,4/15/2025 2:00
2500,0,10.3419379,11,0,10.3419379,4/15/2025 3:00
2501,0,31.0816261,11,0,31.0816261,4/15/2025 4:00
2502,0,16.74898705,12,1,16.74898705,4/15/2025 5:00
2503,0,49.7046723,12,1,49.7046723,4/15/2025 6:00
2504,45.3062786,11.91143783,9,1,-33.39484077,4/15/2025 7:00
2505,29.88161694,25.18576678,9,1,-4.695850164,4/15/2025 8:00
2506,29.77113373,14.63858502,8,0,-15.13254871,4/15/2025 9:00
2507,29.16864233,16.62781393,9,0,-12.5408284,4/15/2025 10:00
2508,14.04731198,16.62395844,6,0,2.576646467,4/15/2025 11:00
2509,45.01963175,6.585955044,7,0,-38.4336767,4/15/2025 12:00
2510,29.46416129,14.78148128,8,0,-14.68268001,4/15/2025 13:00
2511,34.03326464,22.14277902,12,0,-11.89048562,4/15/2025 14:00
2512,42.51127691,27.82473733,15,0,-14.68653958,4/15/2025 15:00
2513,0,43.22814883,16,1,43.22814883,4/15/2025 16:00
2514,0,0,16,1,0,4/15/2025 17:00
2515,0,44.04635452,16,1,44.04635452,4/15/2025 18:00
2516,0,66.45231218,16,1,66.45231218,4/15/2025 19:00
2517,0,43.40138885,16,1,43.40138885,4/15/2025 20:00
2518,0,28.11477723,15,0,28.11477723,4/15/2025 21:00
2519,0,55.16597793,15,0,55.16597793,4/15/2025 22:00
2520,0,42.37493901,15,0,42.37493901,4/15/2025 23:00
2521,0,0,13,0,0,4/16/2025 0:00
2522,0,20.23878944,11,0,20.23878944,4/16/2025 1:00
2523,0,23.12286458,12,0,23.12286458,4/16/2025 2:00
2524,0,22.03299876,12,0,22.03299876,4/16/2025 3:00
2525,0,22.34983375,12,0,22.34983375,4/16/2025 4:00
2526,0,42.63765864,15,1,42.63765864,4/16/2025 5:00
2527,0,41.76344367,15,1,41.76344367,4/16/2025 6:00
2528,31.76741649,30.27309425,11,1,-1.494322242,4/16/2025 7:00
2529,53.58223763,18.37729674,13,1,-35.20494089,4/16/2025 8:00
2530,15.03291711,27.94056503,10,0,12.90764792,4/16/2025 9:00
2531,31.7113187,19.93063971,11,0,-11.78067898,4/16/2025 10:00
2532,56.02023967,12.96888975,14,0,-43.05134992,4/16/2025 11:00
2533,56.96502384,12.29930796,14,0,-44.66571588,4/16/2025 12:00
2534,38.18227559,25.13996425,14,0,-13.04231134,4/16/2025 13:00
2535,21.46025016,45.53527218,16,0,24.07502201,4/16/2025 14:00
2536,22.46682781,29.44044656,16,0,6.973618752,4/16/2025 15:00
2537,22.07085904,44.21829106,16,1,22.14743202,4/16/2025 16:00
2538,0,22.3672259,16,1,22.3672259,4/16/2025 17:00
2539,0,65.78084136,16,1,65.78084136,4/16/2025 18:00
2540,0,98.82710812,24,1,98.82710812,4/16/2025 19:00
2541,0,44.60045162,16,1,44.60045162,4/16/2025 20:00
2542,0,14.20681902,16,0,14.20681902,4/16/2025 21:00
2543,0,15.3217922,16,0,15.3217922,4/16/2025 22:00
2544,0,14.11110151,15,0,14.11110151,4/16/2025 23:00
2545,0,13.15449667,15,0,13.15449667,4/17/2025 0:00
2546,0,27.23695656,15,0,27.23695656,4/17/2025 1:00
2547,0,21.18370024,12,0,21.18370024,4/17/2025 2:00
2548,0,26.1734943,14,0,26.1734943,4/17/2025 3:00
2549,0,13.47695755,14,0,13.47695755,4/17/2025 4:00
2550,0,41.72157618,15,1,41.72157618,4/17/2025 5:00
2551,0,20.62421728,15,1,20.62421728,4/17/2025 6:00
2552,48.2302632,0,11,1,-48.2302632,4/17/2025 7:00
2553,0,37.18824019,13,1,37.18824019,4/17/2025 8:00
2554,0,37.72658447,10,0,37.72658447,4/17/2025 9:00
2555,59.13344327,0,9,0,-59.13344327,4/17/2025 10:00
2556,30.09657064,17.97184695,10,0,-12.12472369,4/17/2025 11:00
2557,19.39556619,39.40021463,14,0,20.00464845,4/17/2025 12:00
2558,36.73202622,22.92046062,13,0,-13.8115656,4/17/2025 13:00
2559,81.04270647,0,15,0,-81.04270647,4/17/2025 14:00
2560,0,44.12653525,16,0,44.12653525,4/17/2025 15:00
2561,0,44.11568739,16,1,44.11568739,4/17/2025 16:00
2562,0,66.74158419,16,1,66.74158419,4/17/2025 17:00
2563,0,67.51331513,16,1,67.51331513,4/17/2025 18:00
2564,0,100.6371205,24,1,100.6371205,4/17/2025 19:00
2565,0,21.56260494,16,1,21.56260494,4/17/2025 20:00
2566,0,29.21064593,16,0,29.21064593,4/17/2025 21:00
2567,0,14.35614051,16,0,14.35614051,4/17/2025 22:00
2568,0,27.57934308,15,0,27.57934308,4/17/2025 23:00
2569,0,28.06304795,15,0,28.06304795,4/18/2025 0:00
2570,0,27.57826484,15,0,27.57826484,4/18/2025 1:00
2571,0,22.07748846,12,0,22.07748846,4/18/2025 2:00
2572,0,32.12185432,12,0,32.12185432,4/18/2025 3:00
2573,0,11.52007497,12,0,11.52007497,4/18/2025 4:00
2574,0,41.37458633,15,1,41.37458633,4/18/2025 5:00
2575,0,52.92571789,13,1,52.92571789,4/18/2025 6:00
2576,47.88853824,15.75298905,11,1,-32.13554919,4/18/2025 7:00
2577,28.6636328,5.636651512,4,1,-23.02698129,4/18/2025 8:00
2578,14.0100174,10.80743602,6,0,-3.202581374,4/18/2025 9:00
2579,15.27283738,14.55387775,8,0,-0.71895963,4/18/2025 10:00
2580,14.00878252,10.99635593,6,0,-3.012426589,4/18/2025 11:00
2581,28.19753213,18.74952362,10,0,-9.448008509,4/18/2025 12:00
2582,32.72812918,20.53267642,11,0,-12.19545276,4/18/2025 13:00
2583,0,38.97860952,14,0,38.97860952,4/18/2025 14:00
2584,41.02467026,14.87463714,16,0,-26.15003312,4/18/2025 15:00
2585,0,66.71798673,16,1,66.71798673,4/18/2025 16:00
2586,0,43.66786035,16,1,43.66786035,4/18/2025 17:00
2587,0,47.60918319,17,1,47.60918319,4/18/2025 18:00
2588,0,127.1441097,31,1,127.1441097,4/18/2025 19:00
2589,0,96.39204461,17,1,96.39204461,4/18/2025 20:00
2590,0,47.18966186,17,0,47.18966186,4/18/2025 21:00
2591,0,15.38625961,16,0,15.38625961,4/18/2025 22:00
2592,0,29.75336291,16,0,29.75336291,4/18/2025 23:00
2593,0,45.0013718,16,0,45.0013718,4/19/2025 0:00
2594,0,14.29386881,15,0,14.29386881,4/19/2025 1:00
2595,0,41.25039612,15,0,41.25039612,4/19/2025 2:00
2596,0,14.40435496,15,0,14.40435496,4/19/2025 3:00
2597,0,27.99854595,15,0,27.99854595,4/19/2025 4:00
2598,0,44.25940733,16,1,44.25940733,4/19/2025 5:00
2599,0,21.98888431,16,1,21.98888431,4/19/2025 6:00
2600,37.40635996,21.0246411,15,1,-16.38171886,4/19/2025 7:00
2601,40.74115889,22.9885362,16,1,-17.75262268,4/19/2025 8:00
2602,39.59123145,14.63019206,16,0,-24.96103939,4/19/2025 9:00
2603,20.78345451,29.28533525,16,0,8.50188075,4/19/2025 10:00
2604,21.0196499,43.01882335,16,0,21.99917345,4/19/2025 11:00
2605,21.15770462,44.4933385,16,0,23.33563388,4/19/2025 12:00
2606,19.7255477,44.46306553,16,0,24.73751782,4/19/2025 13:00
2607,18.70238766,43.41973786,16,0,24.7173502,4/19/2025 14:00
2608,91.27553608,0,24,0,-91.27553608,4/19/2025 15:00
2609,48.53653269,56.18529841,39,1,7.648765713,4/19/2025 16:00
2610,0,68.82549271,24,1,68.82549271,4/19/2025 17:00
2611,0,66.12244632,46,1,66.12244632,4/19/2025 18:00
2612,0,0,59,1,0,4/19/2025 19:00
2613,0,43.79827435,31,1,43.79827435,4/19/2025 20:00
2614,0,15.59213943,17,0,15.59213943,4/19/2025 21:00
2615,0,14.40207801,16,0,14.40207801,4/19/2025 22:00
2616,0,0,16,0,0,4/19/2025 23:00
2617,0,14.01656092,16,0,14.01656092,4/20/2025 0:00
2618,0,27.17149792,15,0,27.17149792,4/20/2025 1:00
2619,0,27.02715724,15,0,27.02715724,4/20/2025 2:00
2620,0,41.51202475,15,0,41.51202475,4/20/2025 3:00
2621,0,13.33278536,15,0,13.33278536,4/20/2025 4:00
2622,0,45.20540705,16,1,45.20540705,4/20/2025 5:00
2623,0,45.30636985,16,1,45.30636985,4/20/2025 6:00
2624,18.97392692,40.72695604,15,1,21.75302912,4/20/2025 7:00
2625,39.90762494,22.29449227,16,1,-17.61313266,4/20/2025 8:00
2626,40.46873216,14.24382116,16,0,-26.22491099,4/20/2025 9:00
2627,0,60.74140828,16,0,60.74140828,4/20/2025 10:00
2628,62.2500878,14.00415305,16,0,-48.24593475,4/20/2025 11:00
2629,42.00879782,28.1664133,16,0,-13.84238452,4/20/2025 12:00
2630,19.74677539,29.02576415,16,0,9.278988757,4/20/2025 13:00
2631,42.43400432,14.9809127,17,0,-27.45309162,4/20/2025 14:00
2632,37.56950407,56.80581927,31,0,19.2363152,4/20/2025 15:00
2633,0,212.1256929,38,1,212.1256929,4/20/2025 16:00
2634,0,104.8441599,38,1,104.8441599,4/20/2025 17:00
2635,0,0,53,1,0,4/20/2025 18:00
2636,0,143.0390867,52,1,143.0390867,4/20/2025 19:00
2637,0,101.0577722,38,1,101.0577722,4/20/2025 20:00
2638,0,30.22730931,17,0,30.22730931,4/20/2025 21:00
2639,0,30.59225337,17,0,30.59225337,4/20/2025 22:00
2640,0,14.37816709,16,0,14.37816709,4/20/2025 23:00
2641,0,15.11891462,16,0,15.11891462,4/21/2025 0:00
2642,0,41.11080137,15,0,41.11080137,4/21/2025 1:00
2643,0,41.16281431,15,0,41.16281431,4/21/2025 2:00
2644,0,40.64149507,15,0,40.64149507,4/21/2025 3:00
2645,0,55.25360784,15,0,55.25360784,4/21/2025 4:00
2646,0,22.20797077,16,1,22.20797077,4/21/2025 5:00
2647,0,43.64539569,16,1,43.64539569,4/21/2025 6:00
2648,57.83941367,19.69639954,15,1,-38.14301412,4/21/2025 7:00
2649,39.92084078,44.2225296,16,1,4.301688819,4/21/2025 8:00
2650,62.21972268,14.65240881,16,0,-47.56731387,4/21/2025 9:00
2651,60.58912332,14.29564846,16,0,-46.29347485,4/21/2025 10:00
2652,112.0941458,0,23,0,-112.0941458,4/21/2025 11:00
2653,41.85640027,29.50044264,16,0,-12.35595762,4/21/2025 12:00
2654,62.81548472,15.40213884,16,0,-47.41334588,4/21/2025 13:00
2655,117.1958212,0,24,0,-117.1958212,4/21/2025 14:00
2656,59.62719115,43.5566251,24,0,-16.07056604,4/21/2025 15:00
2657,0,83.56856778,31,1,83.56856778,4/21/2025 16:00
2658,0,42.19291663,31,1,42.19291663,4/21/2025 17:00
2659,0,88.11721785,32,1,88.11721785,4/21/2025 18:00
2660,0,42.37397179,31,1,42.37397179,4/21/2025 19:00
2661,0,213.966857,52,1,213.966857,4/21/2025 20:00
2662,0,31.13625163,17,0,31.13625163,4/21/2025 21:00
2663,0,46.48153677,17,0,46.48153677,4/21/2025 22:00
2664,0,45.10388669,16,0,45.10388669,4/21/2025 23:00
2665,0,0,16,0,0,4/22/2025 0:00
2666,0,55.62256869,15,0,55.62256869,4/22/2025 1:00
2667,0,40.09285748,15,0,40.09285748,4/22/2025 2:00
2668,0,27.73687581,15,0,27.73687581,4/22/2025 3:00
2669,0,14.31006216,16,0,14.31006216,4/22/2025 4:00
2670,0,24.0845774,17,1,24.0845774,4/22/2025 5:00
2671,0,23.76131553,17,1,23.76131553,4/22/2025 6:00
2672,42.68552405,43.86696702,16,1,1.181442977,4/22/2025 7:00
2673,64.14374649,0,17,1,-64.14374649,4/22/2025 8:00
2674,64.52491848,0,17,0,-64.52491848,4/22/2025 9:00
2675,44.35055798,16.23134026,17,0,-28.11921771,4/22/2025 10:00
2676,42.04856248,15.84315914,17,0,-26.20540334,4/22/2025 11:00
2677,20.49104406,46.60674658,17,0,26.11570252,4/22/2025 12:00
2678,42.57967262,31.00791219,17,0,-11.57176043,4/22/2025 13:00
2679,89.91136969,0,17,0,-89.91136969,4/22/2025 14:00
2680,0,91.40658448,24,0,91.40658448,4/22/2025 15:00
2681,0,22.81453608,17,1,22.81453608,4/22/2025 16:00
2682,0,45.32959534,17,1,45.32959534,4/22/2025 17:00
2683,0,42.04708374,32,1,42.04708374,4/22/2025 18:00
2684,0,103.2605214,38,1,103.2605214,4/22/2025 19:00
2685,0,0,24,1,0,4/22/2025 20:00
2686,0,30.55213155,17,0,30.55213155,4/22/2025 21:00
2687,0,31.18688578,17,0,31.18688578,4/22/2025 22:00
2688,0,31.77161097,17,0,31.77161097,4/22/2025 23:00
2689,0,29.34771298,16,0,29.34771298,4/23/2025 0:00
2690,0,15.40094747,16,0,15.40094747,4/23/2025 1:00
2691,0,26.95599664,15,0,26.95599664,4/23/2025 2:00
2692,0,0,15,0,0,4/23/2025 3:00
2693,0,14.26431268,15,0,14.26431268,4/23/2025 4:00
2694,0,65.35297897,16,1,65.35297897,4/23/2025 5:00
2695,0,87.12544151,16,1,87.12544151,4/23/2025 6:00
2696,58.76062809,20.8167173,15,1,-37.94391079,4/23/2025 7:00
2697,40.73473381,43.54817512,16,1,2.813441308,4/23/2025 8:00
2698,64.14352747,15.00159327,17,0,-49.1419342,4/23/2025 9:00
2699,87.06312354,0,17,0,-87.06312354,4/23/2025 10:00
2700,64.86152898,15.89616839,17,0,-48.96536059,4/23/2025 11:00
2701,43.12378429,32.23857093,17,0,-10.88521336,4/23/2025 12:00
2702,0,45.35027555,17,0,45.35027555,4/23/2025 13:00
2703,42.61510952,31.34996138,17,0,-11.26514814,4/23/2025 14:00
2704,66.14216586,15.34137315,17,0,-50.80079271,4/23/2025 15:00
2705,0,101.122727,24,1,101.122727,4/23/2025 16:00
2706,0,22.99453334,17,1,22.99453334,4/23/2025 17:00
2707,0,104.1943755,25,1,104.1943755,4/23/2025 18:00
2708,0,90.23918793,32,1,90.23918793,4/23/2025 19:00
2709,0,0,17,1,0,4/23/2025 20:00
2710,0,31.42748407,17,0,31.42748407,4/23/2025 21:00
2711,0,46.89402007,17,0,46.89402007,4/23/2025 22:00
2712,0,16.05943074,17,0,16.05943074,4/23/2025 23:00
2713,0,29.75224609,16,0,29.75224609,4/24/2025 0:00
2714,0,43.81875579,16,0,43.81875579,4/24/2025 1:00
2715,0,14.11243612,15,0,14.11243612,4/24/2025 2:00
2716,0,41.62968878,15,0,41.62968878,4/24/2025 3:00
2717,0,41.63154748,15,0,41.63154748,4/24/2025 4:00
2718,0,45.48537848,16,1,45.48537848,4/24/2025 5:00
2719,0,21.28241527,16,1,21.28241527,4/24/2025 6:00
2720,35.9739479,38.3570601,14,1,2.383112193,4/24/2025 7:00
2721,61.23219022,22.31769025,16,1,-38.91449996,4/24/2025 8:00
2722,42.00049234,30.46747326,16,0,-11.53301908,4/24/2025 9:00
2723,21.00620043,44.97838673,16,0,23.9721863,4/24/2025 10:00
2724,61.65388229,14.30496783,16,0,-47.34891447,4/24/2025 11:00
2725,62.02709181,15.38126935,16,0,-46.64582246,4/24/2025 12:00
2726,0,64.21471413,17,0,64.21471413,4/24/2025 13:00
2727,42.70639553,15.50818802,17,0,-27.19820751,4/24/2025 14:00
2728,89.43046761,0,17,0,-89.43046761,4/24/2025 15:00
2729,0,46.6131191,17,1,46.6131191,4/24/2025 16:00
2730,0,45.18863016,17,1,45.18863016,4/24/2025 17:00
2731,0,33.72805059,24,1,33.72805059,4/24/2025 18:00
2732,0,102.1314687,38,1,102.1314687,4/24/2025 19:00
2733,0,22.74314639,17,1,22.74314639,4/24/2025 20:00
2734,0,31.21422666,17,0,31.21422666,4/24/2025 21:00
2735,0,16.41287485,17,0,16.41287485,4/24/2025 22:00
2736,0,15.14449418,16,0,15.14449418,4/24/2025 23:00
2737,0,29.02246414,16,0,29.02246414,4/25/2025 0:00
2738,0,39.13994301,14,0,39.13994301,4/25/2025 1:00
2739,0,25.35861831,14,0,25.35861831,4/25/2025 2:00
2740,0,26.22782887,14,0,26.22782887,4/25/2025 3:00
2741,0,26.49656403,14,0,26.49656403,4/25/2025 4:00
2742,0,61.99568854,15,1,61.99568854,4/25/2025 5:00
2743,0,61.37613948,15,1,61.37613948,4/25/2025 6:00
2744,49.47610611,16.87002857,12,1,-32.60607755,4/25/2025 7:00
2745,41.9997512,8.215059004,6,1,-33.78469219,4/25/2025 8:00
2746,14.82744164,21.91003568,8,0,7.082594037,4/25/2025 9:00
2747,33.46863153,21.67057921,12,0,-11.79805232,4/25/2025 10:00
2748,70.03480639,0,13,0,-70.03480639,4/25/2025 11:00
2749,18.36729914,38.32355827,14,0,19.95625913,4/25/2025 12:00
2750,56.47042991,12.38292138,14,0,-44.08750852,4/25/2025 13:00
2751,63.2883525,14.25505993,16,0,-49.03329257,4/25/2025 14:00
2752,44.44973382,15.50408486,17,0,-28.94564896,4/25/2025 15:00
2753,0,70.9173503,17,1,70.9173503,4/25/2025 16:00
2754,0,47.6579746,17,1,47.6579746,4/25/2025 17:00
2755,0,46.07042648,17,1,46.07042648,4/25/2025 18:00
2756,0,65.70125398,24,1,65.70125398,4/25/2025 19:00
2757,0,46.93670997,17,1,46.93670997,4/25/2025 20:00
2758,0,15.67243136,17,0,15.67243136,4/25/2025 21:00
2759,0,0,17,0,0,4/25/2025 22:00
2760,0,48.2115011,17,0,48.2115011,4/25/2025 23:00
2761,0,15.27946469,16,0,15.27946469,4/26/2025 0:00
2762,0,13.38761791,15,0,13.38761791,4/26/2025 1:00
2763,0,27.32058495,15,0,27.32058495,4/26/2025 2:00
2764,0,27.56555357,15,0,27.56555357,4/26/2025 3:00
2765,0,42.41323603,15,0,42.41323603,4/26/2025 4:00
2766,0,67.94951875,16,1,67.94951875,4/26/2025 5:00
2767,0,22.41733485,16,1,22.41733485,4/26/2025 6:00
2768,54.60591467,18.49659701,13,1,-36.10931766,4/26/2025 7:00
2769,63.81654018,21.53617675,16,1,-42.28036343,4/26/2025 8:00
2770,63.76458197,15.43107706,16,0,-48.33350491,4/26/2025 9:00
2771,63.94290209,14.73740641,16,0,-49.20549568,4/26/2025 10:00
2772,40.97171374,27.8326446,15,0,-13.13906914,4/26/2025 11:00
2773,64.34428828,15.18083151,16,0,-49.16345677,4/26/2025 12:00
2774,42.87252783,15.27152773,16,0,-27.60100009,4/26/2025 13:00
2775,0,46.99747525,17,0,46.99747525,4/26/2025 14:00
2776,46.7030279,16.4136757,17,0,-30.2893522,4/26/2025 15:00
2777,0,68.83183495,17,1,68.83183495,4/26/2025 16:00
2778,0,46.49535626,17,1,46.49535626,4/26/2025 17:00
2779,0,48.43817016,17,1,48.43817016,4/26/2025 18:00
2780,0,130.8909445,32,1,130.8909445,4/26/2025 19:00
2781,0,46.79821405,17,1,46.79821405,4/26/2025 20:00
2782,0,31.13466739,17,0,31.13466739,4/26/2025 21:00
2783,0,31.38315535,17,0,31.38315535,4/26/2025 22:00
2784,0,45.5681608,17,0,45.5681608,4/26/2025 23:00
2785,0,29.87304077,16,0,29.87304077,4/27/2025 0:00
2786,0,27.42899178,15,0,27.42899178,4/27/2025 1:00
2787,0,41.58919196,15,0,41.58919196,4/27/2025 2:00
2788,0,54.04214383,15,0,54.04214383,4/27/2025 3:00
2789,0,42.28010779,15,0,42.28010779,4/27/2025 4:00
2790,0,23.18173366,17,1,23.18173366,4/27/2025 5:00
2791,0,68.62847915,17,1,68.62847915,4/27/2025 6:00
2792,42.53535085,43.93430854,16,1,1.398957691,4/27/2025 7:00
2793,88.17183122,0,17,1,-88.17183122,4/27/2025 8:00
2794,22.16389663,47.38976743,17,0,25.2258708,4/27/2025 9:00
2795,43.67364477,30.74517675,17,0,-12.92846802,4/27/2025 10:00
2796,43.9883145,31.93144264,17,0,-12.05687186,4/27/2025 11:00
2797,43.87574166,31.7172575,17,0,-12.15848416,4/27/2025 12:00
2798,90.16150277,0,17,0,-90.16150277,4/27/2025 13:00
2799,21.79663613,47.30166185,17,0,25.50502572,4/27/2025 14:00
2800,77.95452194,55.88051018,31,0,-22.07401176,4/27/2025 15:00
2801,0,103.4778921,25,1,103.4778921,4/27/2025 16:00
2802,0,32.49862651,24,1,32.49862651,4/27/2025 17:00
2803,0,92.15061225,32,1,92.15061225,4/27/2025 18:00
2804,0,52.52165307,38,1,52.52165307,4/27/2025 19:00
2805,0,86.53451235,31,1,86.53451235,4/27/2025 20:00
2806,0,46.37974386,17,0,46.37974386,4/27/2025 21:00
2807,0,31.62085414,17,0,31.62085414,4/27/2025 22:00
2808,0,14.90897154,17,0,14.90897154,4/27/2025 23:00
2809,0,29.45013253,16,0,29.45013253,4/28/2025 0:00
2810,0,58.50141014,16,0,58.50141014,4/28/2025 1:00
2811,0,14.22162381,16,0,14.22162381,4/28/2025 2:00
2812,0,42.85884303,16,0,42.85884303,4/28/2025 3:00
2813,0,29.37625409,16,0,29.37625409,4/28/2025 4:00
2814,0,21.0406229,16,1,21.0406229,4/28/2025 5:00
2815,0,63.95223556,16,1,63.95223556,4/28/2025 6:00
2816,20.78608387,67.30841825,16,1,46.52233438,4/28/2025 7:00
2817,65.75733319,23.1990924,17,1,-42.55824078,4/28/2025 8:00
2818,65.81616792,15.03409425,17,0,-50.78207366,4/28/2025 9:00
2819,87.59817913,0,17,0,-87.59817913,4/28/2025 10:00
2820,88.06897255,0,17,0,-88.06897255,4/28/2025 11:00
2821,21.7004705,31.02326327,17,0,9.322792765,4/28/2025 12:00
2822,21.64221167,46.8443983,17,0,25.20218663,4/28/2025 13:00
2823,44.70573173,31.05971944,17,0,-13.64601229,4/28/2025 14:00
2824,78.48986619,27.22230645,31,0,-51.26755974,4/28/2025 15:00
2825,0,71.8549042,17,1,71.8549042,4/28/2025 16:00
2826,0,216.8842817,39,1,216.8842817,4/28/2025 17:00
2827,0,130.3022658,31,1,130.3022658,4/28/2025 18:00
2828,0,42.30928295,31,1,42.30928295,4/28/2025 19:00
2829,0,44.32830753,31,1,44.32830753,4/28/2025 20:00
2830,0,15.62912723,17,0,15.62912723,4/28/2025 21:00
2831,0,15.80310801,17,0,15.80310801,4/28/2025 22:00
2832,0,30.82718742,17,0,30.82718742,4/28/2025 23:00
2833,0,45.00025702,16,0,45.00025702,4/29/2025 0:00
2834,0,29.05371622,16,0,29.05371622,4/29/2025 1:00
2835,0,27.00838897,15,0,27.00838897,4/29/2025 2:00
2836,0,41.61617407,15,0,41.61617407,4/29/2025 3:00
2837,0,27.25938988,15,0,27.25938988,4/29/2025 4:00
2838,0,45.91824898,17,1,45.91824898,4/29/2025 5:00
2839,0,69.59144663,17,1,69.59144663,4/29/2025 6:00
2840,68.22592457,23.21150278,17,1,-45.01442179,4/29/2025 7:00
2841,67.55479645,23.19944167,17,1,-44.35535478,4/29/2025 8:00
2842,88.73437079,0,17,0,-88.73437079,4/29/2025 9:00
2843,65.93778863,0,17,0,-65.93778863,4/29/2025 10:00
2844,0,30.67747329,17,0,30.67747329,4/29/2025 11:00
2845,22.26818591,14.86492389,17,0,-7.403262016,4/29/2025 12:00
2846,44.95396984,0,17,0,-44.95396984,4/29/2025 13:00
2847,24.5883149,33.69410215,18,0,9.105787256,4/29/2025 14:00
2848,33.77936443,0,25,0,-33.77936443,4/29/2025 15:00
2849,0,215.4052874,39,1,215.4052874,4/29/2025 16:00
2850,0,42.24059935,32,1,42.24059935,4/29/2025 17:00
2851,0,106.9741661,39,1,106.9741661,4/29/2025 18:00
2852,0,107.1121591,39,1,107.1121591,4/29/2025 19:00
2853,0,52.53089227,39,1,52.53089227,4/29/2025 20:00
2854,0,33.57600613,18,0,33.57600613,4/29/2025 21:00
2855,0,33.95055231,18,0,33.95055231,4/29/2025 22:00
2856,0,31.47567008,17,0,31.47567008,4/29/2025 23:00
2857,0,32.57498065,17,0,32.57498065,4/30/2025 0:00
2858,0,14.27996834,16,0,14.27996834,4/30/2025 1:00
2859,0,39.72382788,15,0,39.72382788,4/30/2025 2:00
2860,0,55.59273956,15,0,55.59273956,4/30/2025 3:00
2861,0,27.46033301,15,0,27.46033301,4/30/2025 4:00
2862,0,44.33456921,16,1,44.33456921,4/30/2025 5:00
2863,0,68.81104426,17,1,68.81104426,4/30/2025 6:00
2864,45.84304285,47.86990898,17,1,2.026866129,4/30/2025 7:00
2865,66.50564344,23.40392468,17,1,-43.10171876,4/30/2025 8:00
2866,88.46270917,0,17,0,-88.46270917,4/30/2025 9:00
2867,43.80947081,15.23346157,17,0,-28.57600923,4/30/2025 10:00
2868,44.09406116,15.08853846,17,0,-29.0055227,4/30/2025 11:00
2869,44.37964005,31.25822189,17,0,-13.12141816,4/30/2025 12:00
2870,45.95148941,31.77542114,17,0,-14.17606827,4/30/2025 13:00
2871,47.22926985,32.44532771,18,0,-14.78394215,4/30/2025 14:00
2872,33.37733629,0,25,0,-33.37733629,4/30/2025 15:00
2873,0,108.8858916,39,1,108.8858916,4/30/2025 16:00
2874,0,162.2818922,39,1,162.2818922,4/30/2025 17:00
2875,0,164.1877644,39,1,164.1877644,4/30/2025 18:00
2876,0,219.4389069,53,1,219.4389069,4/30/2025 19:00
2877,0,187.8052914,46,1,187.8052914,4/30/2025 20:00
2878,0,16.2159874,18,0,16.2159874,4/30/2025 21:00
2879,0,32.85426853,18,0,32.85426853,4/30/2025 22:00
2880,0,15.26064905,17,0,15.26064905,4/30/2025 23:00
2881,0,41.05372907,15,0,41.05372907,5/1/2025 0:00
2882,0,41.00513299,15,0,41.00513299,5/1/2025 1:00
2883,0,27.22118855,15,0,27.22118855,5/1/2025 2:00
2884,0,52.24245457,14,0,52.24245457,5/1/2025 3:00
2885,0,25.7362272,14,0,25.7362272,5/1/2025 4:00
2886,0,41.66276565,15,1,41.66276565,5/1/2025 5:00
2887,0,41.31244831,15,1,41.31244831,5/1/2025 6:00
2888,18.99941838,55.91232304,13,1,36.91290466,5/1/2025 7:00
2889,46.43510547,14.80298844,11,1,-31.63211703,5/1/2025 8:00
2890,33.64278843,22.84827293,12,0,-10.7945155,5/1/2025 9:00
2891,50.15427917,11.11762355,12,0,-39.03665562,5/1/2025 10:00
2892,32.7736248,22.82034881,12,0,-9.953275985,5/1/2025 11:00
2893,80.32246525,0,15,0,-80.32246525,5/1/2025 12:00
2894,20.40028585,39.85436253,14,0,19.45407668,5/1/2025 13:00
2895,21.05668896,41.69088483,15,0,20.63419587,5/1/2025 14:00
2896,0,59.33446785,16,0,59.33446785,5/1/2025 15:00
2897,0,90.13330001,16,1,90.13330001,5/1/2025 16:00
2898,0,22.39814655,16,1,22.39814655,5/1/2025 17:00
2899,0,42.73074389,31,1,42.73074389,5/1/2025 18:00
2900,0,53.78771176,38,1,53.78771176,5/1/2025 19:00
2901,0,73.11414574,17,1,73.11414574,5/1/2025 20:00
2902,0,0,16,0,0,5/1/2025 21:00
2903,0,44.07430837,16,0,44.07430837,5/1/2025 22:00
2904,0,14.04315576,16,0,14.04315576,5/1/2025 23:00
2905,0,28.94135467,15,0,28.94135467,5/2/2025 0:00
2906,0,14.08634267,15,0,14.08634267,5/2/2025 1:00
2907,0,34.87220241,13,0,34.87220241,5/2/2025 2:00
2908,0,12.55386389,13,0,12.55386389,5/2/2025 3:00
2909,0,35.3134694,13,0,35.3134694,5/2/2025 4:00
2910,0,63.43576554,15,1,63.43576554,5/2/2025 5:00
2911,0,40.94161807,15,1,40.94161807,5/2/2025 6:00
2912,14.89714112,33.30110233,8,1,18.40396121,5/2/2025 7:00
2913,29.47790909,13.16531379,5,1,-16.3125953,5/2/2025 8:00
2914,15.2026639,27.08342408,10,0,11.88076018,5/2/2025 9:00
2915,57.01081153,0,6,0,-57.01081153,5/2/2025 10:00
2916,32.23702717,10.99926952,12,0,-21.23775764,5/2/2025 11:00
2917,29.56585364,9.626627441,11,0,-19.9392262,5/2/2025 12:00
2918,30.52575244,9.913060077,11,0,-20.61269237,5/2/2025 13:00
2919,0,26.42084975,14,0,26.42084975,5/2/2025 14:00
2920,0,54.54348546,15,0,54.54348546,5/2/2025 15:00
2921,0,67.97484577,16,1,67.97484577,5/2/2025 16:00
2922,0,45.01131959,16,1,45.01131959,5/2/2025 17:00
2923,0,43.9560891,16,1,43.9560891,5/2/2025 18:00
2924,0,67.3264167,24,1,67.3264167,5/2/2025 19:00
2925,0,69.41655195,17,1,69.41655195,5/2/2025 20:00
2926,0,44.07076306,16,0,44.07076306,5/2/2025 21:00
2927,0,28.97781797,16,0,28.97781797,5/2/2025 22:00
2928,0,14.25343524,16,0,14.25343524,5/2/2025 23:00
2929,0,27.40430639,15,0,27.40430639,5/3/2025 0:00
2930,0,27.58881809,15,0,27.58881809,5/3/2025 1:00
2931,0,40.51579448,15,0,40.51579448,5/3/2025 2:00
2932,0,28.16835107,15,0,28.16835107,5/3/2025 3:00
2933,0,0,15,0,0,5/3/2025 4:00
2934,0,83.31426052,15,1,83.31426052,5/3/2025 5:00
2935,0,42.53001759,16,1,42.53001759,5/3/2025 6:00
2936,19.55507924,63.49610675,15,1,43.9410275,5/3/2025 7:00
2937,41.56085571,43.4727276,16,1,1.911871888,5/3/2025 8:00
2938,41.71697253,29.40083187,16,0,-12.31614066,5/3/2025 9:00
2939,57.77611282,13.74512433,15,0,-44.03098849,5/3/2025 10:00
2940,60.8623219,15.33885728,16,0,-45.52346463,5/3/2025 11:00
2941,59.40484232,13.50480938,15,0,-45.90003294,5/3/2025 12:00
2942,42.12493427,29.54744489,16,0,-12.57748938,5/3/2025 13:00
2943,21.56523311,43.87047404,16,0,22.30524092,5/3/2025 14:00
2944,62.48657732,15.11894961,16,0,-47.36762771,5/3/2025 15:00
2945,0,22.66890346,17,1,22.66890346,5/3/2025 16:00
2946,0,0,24,1,0,5/3/2025 17:00
2947,0,99.06299982,24,1,99.06299982,5/3/2025 18:00
2948,0,71.17252768,17,1,71.17252768,5/3/2025 19:00
2949,0,21.98504075,16,1,21.98504075,5/3/2025 20:00
2950,0,30.16742148,16,0,30.16742148,5/3/2025 21:00
2951,0,30.61417896,16,0,30.61417896,5/3/2025 22:00
2952,0,15.10705161,16,0,15.10705161,5/3/2025 23:00
2953,0,0,15,0,0,5/4/2025 0:00
2954,0,14.25686436,15,0,14.25686436,5/4/2025 1:00
2955,0,41.84796563,15,0,41.84796563,5/4/2025 2:00
2956,0,28.38380949,15,0,28.38380949,5/4/2025 3:00
2957,0,42.89493074,15,0,42.89493074,5/4/2025 4:00
2958,0,44.77175808,16,1,44.77175808,5/4/2025 5:00
2959,0,21.00875835,16,1,21.00875835,5/4/2025 6:00
2960,14.63217511,49.26388572,12,1,34.63171061,5/4/2025 7:00
2961,61.20287353,21.56805959,16,1,-39.63481394,5/4/2025 8:00
2962,58.16091187,14.11960372,15,0,-44.04130815,5/4/2025 9:00
2963,61.96114217,15.28370091,16,0,-46.67744126,5/4/2025 10:00
2964,83.48625713,0,16,0,-83.48625713,5/4/2025 11:00
2965,40.84307648,29.26513935,16,0,-11.57793713,5/4/2025 12:00
2966,63.82794978,14.54556584,16,0,-49.28238393,5/4/2025 13:00
2967,0,59.53696001,16,0,59.53696001,5/4/2025 14:00
2968,63.08241926,14.7584585,16,0,-48.32396076,5/4/2025 15:00
2969,0,34.16456034,24,1,34.16456034,5/4/2025 16:00
2970,0,43.83296543,31,1,43.83296543,5/4/2025 17:00
2971,0,82.88085959,31,1,82.88085959,5/4/2025 18:00
2972,0,64.22816139,24,1,64.22816139,5/4/2025 19:00
2973,0,65.74608281,16,1,65.74608281,5/4/2025 20:00
2974,0,14.0034522,16,0,14.0034522,5/4/2025 21:00
2975,0,14.28527249,16,0,14.28527249,5/4/2025 22:00
2976,0,43.58645391,16,0,43.58645391,5/4/2025 23:00
2977,0,41.63556169,15,0,41.63556169,5/5/2025 0:00
2978,0,13.64595959,15,0,13.64595959,5/5/2025 1:00
2979,0,28.19904517,15,0,28.19904517,5/5/2025 2:00
2980,0,40.42801295,15,0,40.42801295,5/5/2025 3:00
2981,0,42.83945093,15,0,42.83945093,5/5/2025 4:00
2982,0,39.94094993,15,1,39.94094993,5/5/2025 5:00
2983,22.28600087,22.90412832,16,1,0.618127451,5/5/2025 6:00
2984,52.4633322,17.62136785,13,1,-34.84196435,5/5/2025 7:00
2985,42.09634387,43.18570406,16,1,1.089360192,5/5/2025 8:00
2986,62.29905891,14.29987185,16,0,-47.99918706,5/5/2025 9:00
2987,41.42822685,29.90745227,16,0,-11.52077457,5/5/2025 10:00
2988,20.73491411,43.67069824,16,0,22.93578413,5/5/2025 11:00
2989,41.58504466,28.93733012,16,0,-12.64771454,5/5/2025 12:00
2990,0,59.57048248,16,0,59.57048248,5/5/2025 13:00
2991,41.89621786,28.25245403,16,0,-13.64376383,5/5/2025 14:00
2992,43.75952777,29.30623446,16,0,-14.45329331,5/5/2025 15:00
2993,0,67.65557774,17,1,67.65557774,5/5/2025 16:00
2994,0,43.18023847,31,1,43.18023847,5/5/2025 17:00
2995,0,140.8074042,52,1,140.8074042,5/5/2025 18:00
2996,0,145.9760647,52,1,145.9760647,5/5/2025 19:00
2997,0,44.46819445,16,1,44.46819445,5/5/2025 20:00
2998,0,44.30317349,16,0,44.30317349,5/5/2025 21:00
2999,0,44.79078136,16,0,44.79078136,5/5/2025 22:00
3000,0,0,16,0,0,5/5/2025 23:00
3001,0,27.83373524,15,0,27.83373524,5/6/2025 0:00
3002,0,55.88916429,15,0,55.88916429,5/6/2025 1:00
3003,0,27.45020465,15,0,27.45020465,5/6/2025 2:00
3004,0,14.03204995,15,0,14.03204995,5/6/2025 3:00
3005,0,27.40755683,15,0,27.40755683,5/6/2025 4:00
3006,0,41.69162619,15,1,41.69162619,5/6/2025 5:00
3007,0,66.5355963,16,1,66.5355963,5/6/2025 6:00
3008,35.46442218,35.9035976,13,1,0.439175421,5/6/2025 7:00
3009,18.54081293,63.40474184,15,1,44.86392891,5/6/2025 8:00
3010,62.2718546,15.14333224,16,0,-47.12852236,5/6/2025 9:00
3011,63.07579551,14.03175476,16,0,-49.04404075,5/6/2025 10:00
3012,43.21325675,29.79608753,16,0,-13.41716922,5/6/2025 11:00
3013,21.6228917,45.0003837,16,0,23.37749201,5/6/2025 12:00
3014,41.52333531,29.46337064,16,0,-12.05996468,5/6/2025 13:00
3015,61.80721583,14.08019631,16,0,-47.72701952,5/6/2025 14:00
3016,41.93907797,28.32090036,16,0,-13.61817761,5/6/2025 15:00
3017,21.92315935,21.80150466,16,1,-0.121654691,5/6/2025 16:00
3018,0,23.51232223,17,1,23.51232223,5/6/2025 17:00
3019,0,24.10862058,17,1,24.10862058,5/6/2025 18:00
3020,0,69.76687499,17,1,69.76687499,5/6/2025 19:00
3021,0,45.0339552,16,1,45.0339552,5/6/2025 20:00
3022,0,14.55952053,16,0,14.55952053,5/6/2025 21:00
3023,0,15.31625555,16,0,15.31625555,5/6/2025 22:00
3024,0,43.59532232,16,0,43.59532232,5/6/2025 23:00
3025,0,40.68410752,15,0,40.68410752,5/7/2025 0:00
3026,0,27.23245925,15,0,27.23245925,5/7/2025 1:00
3027,0,28.14286615,15,0,28.14286615,5/7/2025 2:00
3028,0,40.75280848,15,0,40.75280848,5/7/2025 3:00
3029,0,27.89854086,15,0,27.89854086,5/7/2025 4:00
3030,0,20.33326579,15,1,20.33326579,5/7/2025 5:00
3031,0,60.71225004,15,1,60.71225004,5/7/2025 6:00
3032,57.82833162,19.84383871,14,1,-37.98449291,5/7/2025 7:00
3033,57.51983815,0,15,1,-57.51983815,5/7/2025 8:00
3034,0,54.65090546,15,0,54.65090546,5/7/2025 9:00
3035,36.91191021,27.01925949,15,0,-9.892650724,5/7/2025 10:00
3036,19.56112619,44.09525597,16,0,24.53412978,5/7/2025 11:00
3037,43.04642688,29.48887469,16,0,-13.55755219,5/7/2025 12:00
3038,67.36456573,14.57583086,16,0,-52.78873487,5/7/2025 13:00
3039,40.35241981,14.59881618,16,0,-25.75360363,5/7/2025 14:00
3040,43.31484896,29.07675055,16,0,-14.2380984,5/7/2025 15:00
3041,0,67.89560833,16,1,67.89560833,5/7/2025 16:00
3042,0,67.96724032,16,1,67.96724032,5/7/2025 17:00
3043,0,46.85992774,17,1,46.85992774,5/7/2025 18:00
3044,0,71.49752685,17,1,71.49752685,5/7/2025 19:00
3045,0,43.5079861,16,1,43.5079861,5/7/2025 20:00
3046,0,15.1689733,16,0,15.1689733,5/7/2025 21:00
3047,0,15.00561669,16,0,15.00561669,5/7/2025 22:00
3048,0,29.12154907,16,0,29.12154907,5/7/2025 23:00
3049,0,55.94237736,15,0,55.94237736,5/8/2025 0:00
3050,0,26.60974792,15,0,26.60974792,5/8/2025 1:00
3051,0,41.04602875,15,0,41.04602875,5/8/2025 2:00
3052,0,0,14,0,0,5/8/2025 3:00
3053,0,41.30035662,15,0,41.30035662,5/8/2025 4:00
3054,0,40.73437186,15,1,40.73437186,5/8/2025 5:00
3055,0,42.86616051,15,1,42.86616051,5/8/2025 6:00
3056,37.77645783,41.75580028,15,1,3.979342448,5/8/2025 7:00
3057,20.7568138,63.75512469,15,1,42.99831089,5/8/2025 8:00
3058,56.5486021,13.94329968,15,0,-42.60530242,5/8/2025 9:00
3059,19.07257813,39.46208908,14,0,20.38951095,5/8/2025 10:00
3060,57.18092063,14.41414825,15,0,-42.76677238,5/8/2025 11:00
3061,39.5293239,26.97895196,15,0,-12.55037194,5/8/2025 12:00
3062,57.23185326,13.29731309,15,0,-43.93454017,5/8/2025 13:00
3063,42.04523476,27.5449269,15,0,-14.50030786,5/8/2025 14:00
3064,18.30309443,40.75890039,15,0,22.45580596,5/8/2025 15:00
3065,21.52195613,0,16,1,-21.52195613,5/8/2025 16:00
3066,0,23.04405971,16,1,23.04405971,5/8/2025 17:00
3067,0,67.31204914,16,1,67.31204914,5/8/2025 18:00
3068,0,43.75504282,16,1,43.75504282,5/8/2025 19:00
3069,0,22.78788082,16,1,22.78788082,5/8/2025 20:00
3070,0,14.9690327,16,0,14.9690327,5/8/2025 21:00
3071,0,13.1399976,15,0,13.1399976,5/8/2025 22:00
3072,0,13.95229953,15,0,13.95229953,5/8/2025 23:00
3073,0,28.28849879,15,0,28.28849879,5/9/2025 0:00
3074,0,26.08282967,14,0,26.08282967,5/9/2025 1:00
3075,0,11.38621385,12,0,11.38621385,5/9/2025 2:00
3076,0,30.53580617,11,0,30.53580617,5/9/2025 3:00
3077,0,10.51853203,11,0,10.51853203,5/9/2025 4:00
3078,0,41.51903625,15,1,41.51903625,5/9/2025 5:00
3079,0,41.94673012,15,1,41.94673012,5/9/2025 6:00
3080,13.98783979,38.64395246,9,1,24.65611266,5/9/2025 7:00
3081,42.14030876,6.974253027,5,1,-35.16605574,5/9/2025 8:00
3082,13.89073586,21.91889975,8,0,8.028163887,5/9/2025 9:00
3083,28.38495278,9.394812445,5,0,-18.99014034,5/9/2025 10:00
3084,56.28358722,12.65593197,14,0,-43.62765524,5/9/2025 11:00
3085,35.66655435,23.70216877,13,0,-11.96438558,5/9/2025 12:00
3086,36.56439151,26.81181119,14,0,-9.75258032,5/9/2025 13:00
3087,53.79866811,12.29879177,13,0,-41.49987634,5/9/2025 14:00
3088,61.34994693,13.76512153,15,0,-47.5848254,5/9/2025 15:00
3089,0,40.68852247,15,1,40.68852247,5/9/2025 16:00
3090,0,0,16,1,0,5/9/2025 17:00
3091,0,42.71548133,16,1,42.71548133,5/9/2025 18:00
3092,0,66.36310858,24,1,66.36310858,5/9/2025 19:00
3093,0,44.32701772,16,1,44.32701772,5/9/2025 20:00
3094,0,44.90630927,16,0,44.90630927,5/9/2025 21:00
3095,0,14.94097035,16,0,14.94097035,5/9/2025 22:00
3096,0,0,15,0,0,5/9/2025 23:00
3097,0,13.9976609,15,0,13.9976609,5/10/2025 0:00
3098,0,54.82725439,15,0,54.82725439,5/10/2025 1:00
3099,0,28.46066628,15,0,28.46066628,5/10/2025 2:00
3100,0,13.47384672,15,0,13.47384672,5/10/2025 3:00
3101,0,41.28167488,15,0,41.28167488,5/10/2025 4:00
3102,0,39.99216581,15,1,39.99216581,5/10/2025 5:00
3103,0,41.35332692,15,1,41.35332692,5/10/2025 6:00
3104,38.20055737,38.33850649,14,1,0.137949125,5/10/2025 7:00
3105,38.85062804,42.30667342,15,1,3.456045378,5/10/2025 8:00
3106,59.4515118,13.72692183,15,0,-45.72458997,5/10/2025 9:00
3107,0,55.54262013,15,0,55.54262013,5/10/2025 10:00
3108,19.1476107,41.36017453,15,0,22.21256383,5/10/2025 11:00
3109,0,58.1489031,16,0,58.1489031,5/10/2025 12:00
3110,41.55479555,28.92484972,16,0,-12.62994584,5/10/2025 13:00
3111,61.79222413,15.24339535,16,0,-46.54882878,5/10/2025 14:00
3112,42.2907443,28.88557089,16,0,-13.40517341,5/10/2025 15:00
3113,24.36014777,23.48314893,17,1,-0.876998833,5/10/2025 16:00
3114,0,97.271769,24,1,97.271769,5/10/2025 17:00
3115,0,126.1496022,31,1,126.1496022,5/10/2025 18:00
3116,0,109.5486763,38,1,109.5486763,5/10/2025 19:00
3117,0,68.36150421,17,1,68.36150421,5/10/2025 20:00
3118,0,42.35994624,16,0,42.35994624,5/10/2025 21:00
3119,0,44.97765075,16,0,44.97765075,5/10/2025 22:00
3120,0,14.63100372,16,0,14.63100372,5/10/2025 23:00
3121,0,14.13299424,15,0,14.13299424,5/11/2025 0:00
3122,0,13.4189123,15,0,13.4189123,5/11/2025 1:00
3123,0,13.34415116,15,0,13.34415116,5/11/2025 2:00
3124,0,41.03029056,15,0,41.03029056,5/11/2025 3:00
3125,0,40.54284243,15,0,40.54284243,5/11/2025 4:00
3126,0,41.91473491,15,1,41.91473491,5/11/2025 5:00
3127,0,21.64150258,15,1,21.64150258,5/11/2025 6:00
3128,39.8270264,40.68193805,15,1,0.854911645,5/11/2025 7:00
3129,62.28234925,22.12617383,16,1,-40.15617542,5/11/2025 8:00
3130,39.72143235,13.11027068,15,0,-26.61116167,5/11/2025 9:00
3131,58.60653395,0,15,0,-58.60653395,5/11/2025 10:00
3132,21.07182629,43.16681498,16,0,22.09498869,5/11/2025 11:00
3133,41.48921964,29.40097249,16,0,-12.08824716,5/11/2025 12:00
3134,19.88767238,28.89575037,16,0,9.00807799,5/11/2025 13:00
3135,20.85384075,29.27068765,16,0,8.416846894,5/11/2025 14:00
3136,0,83.23551354,23,0,83.23551354,5/11/2025 15:00
3137,0,40.62528704,30,1,40.62528704,5/11/2025 16:00
3138,0,42.13052735,30,1,42.13052735,5/11/2025 17:00
3139,0,0,31,1,0,5/11/2025 18:00
3140,0,125.1083633,45,1,125.1083633,5/11/2025 19:00
3141,0,21.76278235,16,1,21.76278235,5/11/2025 20:00
3142,0,14.70793618,16,0,14.70793618,5/11/2025 21:00
3143,0,15.43567173,16,0,15.43567173,5/11/2025 22:00
3144,0,30.38685711,16,0,30.38685711,5/11/2025 23:00
3145,0,28.19289195,15,0,28.19289195,5/12/2025 0:00
3146,0,27.91721867,15,0,27.91721867,5/12/2025 1:00
3147,0,41.23215986,15,0,41.23215986,5/12/2025 2:00
3148,0,13.7973849,15,0,13.7973849,5/12/2025 3:00
3149,0,26.7294729,15,0,26.7294729,5/12/2025 4:00
3150,0,81.87939239,15,1,81.87939239,5/12/2025 5:00
3151,21.85168631,40.8170999,15,1,18.9654136,5/12/2025 6:00
3152,40.14147215,40.62126427,15,1,0.479792113,5/12/2025 7:00
3153,42.03047807,44.66051912,16,1,2.630041049,5/12/2025 8:00
3154,20.06164336,41.81393125,15,0,21.75228789,5/12/2025 9:00
3155,57.98406264,14.44601712,15,0,-43.53804552,5/12/2025 10:00
3156,60.19105807,14.36621273,15,0,-45.82484534,5/12/2025 11:00
3157,61.12183373,14.2138676,16,0,-46.90796613,5/12/2025 12:00
3158,82.59092651,0,16,0,-82.59092651,5/12/2025 13:00
3159,40.55692153,28.33674364,16,0,-12.2201779,5/12/2025 14:00
3160,21.39364983,45.4600356,16,0,24.06638577,5/12/2025 15:00
3161,23.46809762,46.06527482,16,1,22.5971772,5/12/2025 16:00
3162,0,0,16,1,0,5/12/2025 17:00
3163,0,0,24,1,0,5/12/2025 18:00
3164,0,31.80006008,24,1,31.80006008,5/12/2025 19:00
3165,0,45.39630045,16,1,45.39630045,5/12/2025 20:00
3166,0,0,16,0,0,5/12/2025 21:00
3167,0,0,16,0,0,5/12/2025 22:00
3168,0,14.69989031,16,0,14.69989031,5/12/2025 23:00
3169,0,13.53505615,15,0,13.53505615,5/13/2025 0:00
3170,0,13.63447576,15,0,13.63447576,5/13/2025 1:00
3171,0,42.14298231,15,0,42.14298231,5/13/2025 2:00
3172,0,27.9179114,15,0,27.9179114,5/13/2025 3:00
3173,0,41.59371922,15,0,41.59371922,5/13/2025 4:00
3174,0,43.29466918,15,1,43.29466918,5/13/2025 5:00
3175,0,41.52845732,15,1,41.52845732,5/13/2025 6:00
3176,39.30225803,39.62174472,14,1,0.319486683,5/13/2025 7:00
3177,18.5489636,40.5923086,15,1,22.04334501,5/13/2025 8:00
3178,20.15980645,27.8524605,15,0,7.692654051,5/13/2025 9:00
3179,59.22866367,13.79251557,15,0,-45.43614809,5/13/2025 10:00
3180,41.40389926,29.59914233,16,0,-11.80475693,5/13/2025 11:00
3181,64.496994,14.42863904,16,0,-50.06835496,5/13/2025 12:00
3182,43.27772164,29.65799289,16,0,-13.61972875,5/13/2025 13:00
3183,43.5063525,29.87832907,16,0,-13.62802343,5/13/2025 14:00
3184,22.3257159,45.09071629,16,0,22.76500039,5/13/2025 15:00
3185,0,44.54672812,16,1,44.54672812,5/13/2025 16:00
3186,0,22.02120215,16,1,22.02120215,5/13/2025 17:00
3187,0,48.38495515,17,1,48.38495515,5/13/2025 18:00
3188,0,68.90456745,17,1,68.90456745,5/13/2025 19:00
3189,0,47.22638781,17,1,47.22638781,5/13/2025 20:00
3190,0,29.35720392,16,0,29.35720392,5/13/2025 21:00
3191,0,56.75846496,15,0,56.75846496,5/13/2025 22:00
3192,0,14.35910963,15,0,14.35910963,5/13/2025 23:00
3193,0,0,15,0,0,5/14/2025 0:00
3194,0,20.39494367,11,0,20.39494367,5/14/2025 1:00
3195,0,20.31979878,11,0,20.31979878,5/14/2025 2:00
3196,0,21.83160345,12,0,21.83160345,5/14/2025 3:00
3197,0,11.00315572,12,0,11.00315572,5/14/2025 4:00
3198,0,62.74965131,15,1,62.74965131,5/14/2025 5:00
3199,0,82.37977791,15,1,82.37977791,5/14/2025 6:00
3200,19.36703276,56.90297377,14,1,37.53594101,5/14/2025 7:00
3201,20.03297126,61.9843469,15,1,41.95137564,5/14/2025 8:00
3202,33.29537186,22.10661615,12,0,-11.18875572,5/14/2025 9:00
3203,61.08088661,0,11,0,-61.08088661,5/14/2025 10:00
3204,36.32267612,24.0035494,13,0,-12.31912672,5/14/2025 11:00
3205,38.43106873,28.09687035,15,0,-10.33419838,5/14/2025 12:00
3206,38.68682633,27.62802122,15,0,-11.05880511,5/14/2025 13:00
3207,56.2618938,13.49787598,14,0,-42.76401782,5/14/2025 14:00
3208,19.19641177,40.54043905,15,0,21.34402727,5/14/2025 15:00
3209,0,65.05189963,16,1,65.05189963,5/14/2025 16:00
3210,0,21.76001792,16,1,21.76001792,5/14/2025 17:00
3211,0,66.23772018,24,1,66.23772018,5/14/2025 18:00
3212,0,66.40919889,24,1,66.40919889,5/14/2025 19:00
3213,0,47.381225,17,1,47.381225,5/14/2025 20:00
3214,0,29.38727499,16,0,29.38727499,5/14/2025 21:00
3215,0,13.54011811,15,0,13.54011811,5/14/2025 22:00
3216,0,40.99009103,15,0,40.99009103,5/14/2025 23:00
3217,0,14.08624087,15,0,14.08624087,5/15/2025 0:00
3218,0,13.41701108,14,0,13.41701108,5/15/2025 1:00
3219,0,35.66787236,13,0,35.66787236,5/15/2025 2:00
3220,0,21.61838348,12,0,21.61838348,5/15/2025 3:00
3221,0,32.56017332,12,0,32.56017332,5/15/2025 4:00
3222,0,57.18494181,14,1,57.18494181,5/15/2025 5:00
3223,0,20.23163333,15,1,20.23163333,5/15/2025 6:00
3224,38.26797767,38.45243259,14,1,0.184454919,5/15/2025 7:00
3225,42.43127665,14.26394653,10,1,-28.16733012,5/15/2025 8:00
3226,37.57848,25.70924294,14,0,-11.86923706,5/15/2025 9:00
3227,49.62813042,10.64728174,12,0,-38.98084868,5/15/2025 10:00
3228,0,40.23036006,11,0,40.23036006,5/15/2025 11:00
3229,45.60345755,10.06709413,11,0,-35.53636342,5/15/2025 12:00
3230,34.64627413,24.34836461,13,0,-10.29790952,5/15/2025 13:00
3231,19.92573782,42.00500989,15,0,22.07927207,5/15/2025 14:00
3232,81.48650768,0,15,0,-81.48650768,5/15/2025 15:00
3233,0,43.80003714,16,1,43.80003714,5/15/2025 16:00
3234,0,44.92246238,16,1,44.92246238,5/15/2025 17:00
3235,0,23.10325542,17,1,23.10325542,5/15/2025 18:00
3236,0,63.86745753,24,1,63.86745753,5/15/2025 19:00
3237,0,66.02041539,16,1,66.02041539,5/15/2025 20:00
3238,0,28.47323308,15,0,28.47323308,5/15/2025 21:00
3239,0,41.96423679,15,0,41.96423679,5/15/2025 22:00
3240,0,40.10907995,15,0,40.10907995,5/15/2025 23:00
3241,0,26.42672294,15,0,26.42672294,5/16/2025 0:00
3242,0,25.7471491,14,0,25.7471491,5/16/2025 1:00
3243,0,12.02382291,13,0,12.02382291,5/16/2025 2:00
3244,0,11.47165843,13,0,11.47165843,5/16/2025 3:00
3245,0,24.01469265,13,0,24.01469265,5/16/2025 4:00
3246,0,37.53543468,14,1,37.53543468,5/16/2025 5:00
3247,0,0,14,1,0,5/16/2025 6:00
3248,29.65899163,24.59100103,9,1,-5.0679906,5/16/2025 7:00
3249,28.83184726,17.04834949,6,1,-11.78349777,5/16/2025 8:00
3250,29.35652248,14.324039,8,0,-15.03248347,5/16/2025 9:00
3251,14.30558336,22.39655098,8,0,8.090967624,5/16/2025 10:00
3252,0,29.65055647,8,0,29.65055647,5/16/2025 11:00
3253,61.31923904,0,11,0,-61.31923904,5/16/2025 12:00
3254,44.08168587,9.587437526,10,0,-34.49424834,5/16/2025 13:00
3255,18.67751484,35.46035299,13,0,16.78283815,5/16/2025 14:00
3256,0,27.8140963,15,0,27.8140963,5/16/2025 15:00
3257,0,43.47266176,16,1,43.47266176,5/16/2025 16:00
3258,0,44.45927252,16,1,44.45927252,5/16/2025 17:00
3259,0,22.78827528,17,1,22.78827528,5/16/2025 18:00
3260,0,33.98479335,24,1,33.98479335,5/16/2025 19:00
3261,0,67.70518306,24,1,67.70518306,5/16/2025 20:00
3262,0,47.40490624,17,0,47.40490624,5/16/2025 21:00
3263,0,46.62519948,17,0,46.62519948,5/16/2025 22:00
3264,0,29.30469142,16,0,29.30469142,5/16/2025 23:00
3265,0,14.45556528,16,0,14.45556528,5/17/2025 0:00
3266,0,14.93256685,16,0,14.93256685,5/17/2025 1:00
3267,0,40.41868712,15,0,40.41868712,5/17/2025 2:00
3268,0,0,15,0,0,5/17/2025 3:00
3269,0,27.60189957,15,0,27.60189957,5/17/2025 4:00
3270,0,89.75201779,16,1,89.75201779,5/17/2025 5:00
3271,0,44.0723676,16,1,44.0723676,5/17/2025 6:00
3272,67.22821763,0,16,1,-67.22821763,5/17/2025 7:00
3273,87.16594033,0,16,1,-87.16594033,5/17/2025 8:00
3274,88.07430965,0,16,0,-88.07430965,5/17/2025 9:00
3275,21.13348044,43.83596461,16,0,22.70248417,5/17/2025 10:00
3276,42.62026766,28.52486139,16,0,-14.09540627,5/17/2025 11:00
3277,64.21358635,14.55426506,16,0,-49.65932129,5/17/2025 12:00
3278,21.75483549,43.78047407,16,0,22.02563858,5/17/2025 13:00
3279,46.39039267,0,17,0,-46.39039267,5/17/2025 14:00
3280,0,32.09169452,17,0,32.09169452,5/17/2025 15:00
3281,0,33.45070098,24,1,33.45070098,5/17/2025 16:00
3282,0,65.24903832,24,1,65.24903832,5/17/2025 17:00
3283,0,108.0573173,38,1,108.0573173,5/17/2025 18:00
3284,0,62.11018307,45,1,62.11018307,5/17/2025 19:00
3285,0,0,17,1,0,5/17/2025 20:00
3286,0,45.76488892,17,0,45.76488892,5/17/2025 21:00
3287,0,16.17612682,17,0,16.17612682,5/17/2025 22:00
3288,0,30.48574889,17,0,30.48574889,5/17/2025 23:00
3289,0,0,16,0,0,5/18/2025 0:00
3290,0,14.38947095,16,0,14.38947095,5/18/2025 1:00
3291,0,0,15,0,0,5/18/2025 2:00
3292,0,42.05820342,15,0,42.05820342,5/18/2025 3:00
3293,0,27.95550999,15,0,27.95550999,5/18/2025 4:00
3294,0,0,16,1,0,5/18/2025 5:00
3295,0,44.65625054,16,1,44.65625054,5/18/2025 6:00
3296,43.27742829,21.42870154,16,1,-21.84872676,5/18/2025 7:00
3297,64.96364927,22.92621089,16,1,-42.03743838,5/18/2025 8:00
3298,43.56320132,30.34216105,16,0,-13.22104027,5/18/2025 9:00
3299,43.61955594,14.48071268,16,0,-29.13884326,5/18/2025 10:00
3300,0,43.12264749,16,0,43.12264749,5/18/2025 11:00
3301,21.43413578,43.72085695,16,0,22.28672118,5/18/2025 12:00
3302,45.61098898,32.44239182,17,0,-13.16859716,5/18/2025 13:00
3303,70.05065518,15.59845295,17,0,-54.45220223,5/18/2025 14:00
3304,0,31.17072832,17,0,31.17072832,5/18/2025 15:00
3305,0,42.90126286,31,1,42.90126286,5/18/2025 16:00
3306,0,22.69238525,17,1,22.69238525,5/18/2025 17:00
3307,0,126.8044091,31,1,126.8044091,5/18/2025 18:00
3308,0,100.0840156,38,1,100.0840156,5/18/2025 19:00
3309,0,83.23176063,31,1,83.23176063,5/18/2025 20:00
3310,0,29.80071838,17,0,29.80071838,5/18/2025 21:00
3311,0,31.19292556,17,0,31.19292556,5/18/2025 22:00
3312,0,15.21087485,17,0,15.21087485,5/18/2025 23:00
3313,0,29.18346954,16,0,29.18346954,5/19/2025 0:00
3314,0,0,16,0,0,5/19/2025 1:00
3315,0,14.62881734,16,0,14.62881734,5/19/2025 2:00
3316,0,28.09048501,15,0,28.09048501,5/19/2025 3:00
3317,0,40.79698666,15,0,40.79698666,5/19/2025 4:00
3318,0,44.73904835,16,1,44.73904835,5/19/2025 5:00
3319,0,44.15917022,16,1,44.15917022,5/19/2025 6:00
3320,44.41810903,44.43650711,16,1,0.018398077,5/19/2025 7:00
3321,43.02269634,44.49479879,16,1,1.47210245,5/19/2025 8:00
3322,21.39591406,29.86002501,16,0,8.464110952,5/19/2025 9:00
3323,42.93062104,28.73387215,16,0,-14.19674889,5/19/2025 10:00
3324,45.04565158,31.41914906,17,0,-13.62650252,5/19/2025 11:00
3325,21.35393633,29.43985816,16,0,8.085921831,5/19/2025 12:00
3326,43.13041935,14.7408119,16,0,-28.38960745,5/19/2025 13:00
3327,22.38306992,30.07659116,17,0,7.693521246,5/19/2025 14:00
3328,70.56045861,0,17,0,-70.56045861,5/19/2025 15:00
3329,0,0,24,1,0,5/19/2025 16:00
3330,0,31.61880263,24,1,31.61880263,5/19/2025 17:00
3331,0,105.61595,38,1,105.61595,5/19/2025 18:00
3332,0,126.8304732,46,1,126.8304732,5/19/2025 19:00
3333,0,130.5341237,24,1,130.5341237,5/19/2025 20:00
3334,0,48.29379396,17,0,48.29379396,5/19/2025 21:00
3335,0,30.05356514,17,0,30.05356514,5/19/2025 22:00
