Date,Location,Forecasted Solar Irradiance
1/1/2025,Siyabalanduwa,4095.566298604012
1/2/2025,Siyabalanduwa,4696.008641004562
1/3/2025,Siyabalanduwa,4878.1382130384445
1/4/2025,Siyabalanduwa,4766.312388241291
1/5/2025,Siyabalanduwa,4943.094286739826
1/6/2025,Siyabalanduwa,4925.470092475414
1/7/2025,Siyabalanduwa,5269.699424624443
1/8/2025,Siyabalanduwa,5364.336361587048
1/9/2025,Siyabalanduwa,5325.7998705506325
1/10/2025,Siyabalanduwa,5411.958005607128
1/11/2025,Siyabalanduwa,4947.438117265701
1/12/2025,Siyabalanduwa,5169.497161
1/13/2025,Siyabalanduwa,5245.0021604299545
1/14/2025,Siyabalanduwa,4349.305537164211
1/15/2025,Siyabalanduwa,4528.337398290634
1/16/2025,Siyabalanduwa,3692.0280043482794
1/17/2025,Siyabalanduwa,3535.9673514664178
1/18/2025,Siyabalanduwa,3582.6390161514287
1/19/2025,Siyabalanduwa,3957.238666594029
1/20/2025,Siyabalanduwa,4454.413572430611
1/21/2025,Siyabalanduwa,4749.4207399487495
1/22/2025,Siyabalanduwa,4847.116254210472
1/23/2025,Siyabalanduwa,3939.331962853671
1/24/2025,Siyabalanduwa,4527.919679999352
1/25/2025,Siyabalanduwa,4916.119798
1/26/2025,Siyabalanduwa,4582.002326726913
1/27/2025,Siyabalanduwa,3702.565497875214
1/28/2025,Siyabalanduwa,4523.123834311962
1/29/2025,Siyabalanduwa,4753.397857785225
1/30/2025,Siyabalanduwa,4191.461666882038
1/31/2025,Siyabalanduwa,3446.3511685132985
2/1/2025,Siyabalanduwa,4093.207729220391
2/2/2025,Siyabalanduwa,4358.683092951775
2/3/2025,Siyabalanduwa,4741.019325852394
2/4/2025,Siyabalanduwa,4250.852413833141
2/5/2025,Siyabalanduwa,4207.169633448124
2/6/2025,Siyabalanduwa,3546.335119456053
2/7/2025,Siyabalanduwa,4153.874495625496
2/8/2025,Siyabalanduwa,3816.127271950245
2/9/2025,Siyabalanduwa,3799.807238161564
2/10/2025,Siyabalanduwa,3762.2517255544662
2/11/2025,Siyabalanduwa,4056.1095082163815
2/12/2025,Siyabalanduwa,4560.835001945496
2/13/2025,Siyabalanduwa,4595.5935608148575
2/14/2025,Siyabalanduwa,4051.895829916001
2/15/2025,Siyabalanduwa,4623.4294283390045
2/16/2025,Siyabalanduwa,4716.213015198708
2/17/2025,Siyabalanduwa,4821.092844367027
2/18/2025,Siyabalanduwa,4835.681325912476
2/19/2025,Siyabalanduwa,5030.165246188641
2/20/2025,Siyabalanduwa,5058.330891311169
2/21/2025,Siyabalanduwa,5165.328772068024
2/22/2025,Siyabalanduwa,5194.696126759052
2/23/2025,Siyabalanduwa,5139.039341628552
2/24/2025,Siyabalanduwa,4993.2376301288605
2/25/2025,Siyabalanduwa,3477.842290937901
2/26/2025,Siyabalanduwa,4273.509893655777
2/27/2025,Siyabalanduwa,4217.990296006203
2/28/2025,Siyabalanduwa,4600.425901889801
3/1/2025,Siyabalanduwa,4619.662488758564
3/2/2025,Siyabalanduwa,4631.008597
3/3/2025,Siyabalanduwa,4960.427397310734
3/4/2025,Siyabalanduwa,5015.358671724796
3/5/2025,Siyabalanduwa,4857.677052021027
3/6/2025,Siyabalanduwa,5015.972058057785
3/7/2025,Siyabalanduwa,4984.732885718346
3/8/2025,Siyabalanduwa,5322.520122408867
3/9/2025,Siyabalanduwa,5410.270863413811
3/10/2025,Siyabalanduwa,5365.301510691643
3/11/2025,Siyabalanduwa,5446.400417685509
3/12/2025,Siyabalanduwa,4974.373032391071
3/13/2025,Siyabalanduwa,5192.910051286221
3/14/2025,Siyabalanduwa,5265.04956
3/15/2025,Siyabalanduwa,4362.983832538128
3/16/2025,Siyabalanduwa,4540.639861524105
3/17/2025,Siyabalanduwa,3700.600023388863
3/18/2025,Siyabalanduwa,3543.0094223022465
3/19/2025,Siyabalanduwa,3588.694172561169
3/20/2025,Siyabalanduwa,3962.827957183123
3/21/2025,Siyabalanduwa,4459.780592918396
3/22/2025,Siyabalanduwa,4754.456664
3/23/2025,Siyabalanduwa,4851.671582102776
3/24/2025,Siyabalanduwa,3942.082088172436
3/25/2025,Siyabalanduwa,4530.635288596153
3/26/2025,Siyabalanduwa,4918.818258464336
3/27/2025,Siyabalanduwa,4584.232502698898
3/28/2025,Siyabalanduwa,3703.886367082596
3/29/2025,Siyabalanduwa,4524.628499567509
3/30/2025,Siyabalanduwa,4754.938578724861
3/31/2025,Siyabalanduwa,4192.6035767793655
4/1/2025,Siyabalanduwa,3446.972029805184
4/2/2025,Siyabalanduwa,4093.908176839352
4/3/2025,Siyabalanduwa,4359.407724261284
4/4/2025,Siyabalanduwa,4741.816068530083
4/5/2025,Siyabalanduwa,4251.415673971176
4/6/2025,Siyabalanduwa,4207.647151
4/7/2025,Siyabalanduwa,3546.615430414677
4/8/2025,Siyabalanduwa,4154.198996782303
4/9/2025,Siyabalanduwa,3816.373506
4/10/2025,Siyabalanduwa,3800.010381162167
4/11/2025,Siyabalanduwa,3762.411777615548
4/12/2025,Siyabalanduwa,4056.277914643288
4/13/2025,Siyabalanduwa,4561.041662573814
4/14/2025,Siyabalanduwa,4595.796264111996
4/15/2025,Siyabalanduwa,4052.022464513779
4/16/2025,Siyabalanduwa,4623.569254040718
4/17/2025,Siyabalanduwa,4716.351082086563
4/18/2025,Siyabalanduwa,4821.234868586063
4/19/2025,Siyabalanduwa,4835.815875172615
4/20/2025,Siyabalanduwa,5030.305951297283
4/21/2025,Siyabalanduwa,5058.470277309418
4/22/2025,Siyabalanduwa,5165.471675693989
4/23/2025,Siyabalanduwa,5194.837711274624
4/24/2025,Siyabalanduwa,5139.170373260975
4/25/2025,Siyabalanduwa,4993.341400146484
4/26/2025,Siyabalanduwa,3477.8818642497067
4/27/2025,Siyabalanduwa,4273.549466967583
4/28/2025,Siyabalanduwa,4218.021954655647
4/29/2025,Siyabalanduwa,4600.460198760033
4/30/2025,Siyabalanduwa,4619.695906221867
5/1/2025,Siyabalanduwa,4631.038057088852
5/2/2025,Siyabalanduwa,4960.452460408211
5/3/2025,Siyabalanduwa,5015.378898084164
5/4/2025,Siyabalanduwa,4857.692881345749
5/5/2025,Siyabalanduwa,5015.985249
5/6/2025,Siyabalanduwa,4984.744318008423
5/7/2025,Siyabalanduwa,5322.531115
5/8/2025,Siyabalanduwa,5410.281416296959
5/9/2025,Siyabalanduwa,5365.311184167862
5/10/2025,Siyabalanduwa,5446.408772051334
5/11/2025,Siyabalanduwa,4974.379188239574
5/12/2025,Siyabalanduwa,5192.915767431259
5/13/2025,Siyabalanduwa,5265.054836928844
5/14/2025,Siyabalanduwa,4362.98691
5/15/2025,Siyabalanduwa,4540.642939448357
5/16/2025,Siyabalanduwa,3700.602002054453
5/17/2025,Siyabalanduwa,3543.0109612643723
5/18/2025,Siyabalanduwa,3588.695491671562
5/19/2025,Siyabalanduwa,3962.829056441784
5/20/2025,Siyabalanduwa,4459.781472325325
5/21/2025,Siyabalanduwa,4754.457982838154
5/22/2025,Siyabalanduwa,4851.672901213169
5/23/2025,Siyabalanduwa,3942.0825278759007
5/24/2025,Siyabalanduwa,4530.636168003082
5/25/2025,Siyabalanduwa,4918.819137871265
5/26/2025,Siyabalanduwa,4584.233382105827
5/27/2025,Siyabalanduwa,3703.886806786061
5/28/2025,Siyabalanduwa,4524.628939270973
5/29/2025,Siyabalanduwa,4754.939458
5/30/2025,Siyabalanduwa,4192.604456186295
5/31/2025,Siyabalanduwa,3446.972249656916
6/1/2025,Siyabalanduwa,4093.9086165428166
6/2/2025,Siyabalanduwa,4359.408163964748
6/3/2025,Siyabalanduwa,4741.816068530083
6/4/2025,Siyabalanduwa,4251.415673971176
6/5/2025,Siyabalanduwa,4207.647151
6/6/2025,Siyabalanduwa,3546.615430414677
6/7/2025,Siyabalanduwa,4154.198996782303
6/8/2025,Siyabalanduwa,3816.373506
6/9/2025,Siyabalanduwa,3800.010381162167
6/10/2025,Siyabalanduwa,3762.411777615548
6/11/2025,Siyabalanduwa,4056.277914643288
6/12/2025,Siyabalanduwa,4561.041662573814
6/13/2025,Siyabalanduwa,4595.796264111996
6/14/2025,Siyabalanduwa,4052.022464513779
6/15/2025,Siyabalanduwa,4623.569254040718
6/16/2025,Siyabalanduwa,4716.351082086563
6/17/2025,Siyabalanduwa,4821.234868586063
6/18/2025,Siyabalanduwa,4835.815875172615
6/19/2025,Siyabalanduwa,5030.305951297283
6/20/2025,Siyabalanduwa,5058.470277309418
6/21/2025,Siyabalanduwa,5165.471675693989
6/22/2025,Siyabalanduwa,5194.837711274624
6/23/2025,Siyabalanduwa,5139.170373260975
6/24/2025,Siyabalanduwa,4993.341400146484
6/25/2025,Siyabalanduwa,3477.8818642497067
6/26/2025,Siyabalanduwa,4273.549466967583
6/27/2025,Siyabalanduwa,4218.021954655647
6/28/2025,Siyabalanduwa,4600.460198760033
6/29/2025,Siyabalanduwa,4619.695906221867
6/30/2025,Siyabalanduwa,4631.038057088852
7/1/2025,Siyabalanduwa,4960.452460408211
7/2/2025,Siyabalanduwa,5015.378898084164
7/3/2025,Siyabalanduwa,4857.692881345749
7/4/2025,Siyabalanduwa,5015.985249
7/5/2025,Siyabalanduwa,4984.744318008423
7/6/2025,Siyabalanduwa,5322.531115
7/7/2025,Siyabalanduwa,5410.281416296959
7/8/2025,Siyabalanduwa,5365.311184167862
7/9/2025,Siyabalanduwa,5446.408772051334
7/10/2025,Siyabalanduwa,4974.379188239574
7/11/2025,Siyabalanduwa,5192.915767431259
7/12/2025,Siyabalanduwa,5265.054836928844
7/13/2025,Siyabalanduwa,4362.98691
7/14/2025,Siyabalanduwa,4540.642939448357
7/15/2025,Siyabalanduwa,3700.602002054453
7/16/2025,Siyabalanduwa,3543.0109612643723
7/17/2025,Siyabalanduwa,3588.695491671562
7/18/2025,Siyabalanduwa,3962.829056441784
7/19/2025,Siyabalanduwa,4459.781472325325
7/20/2025,Siyabalanduwa,4754.457982838154
7/21/2025,Siyabalanduwa,4851.672901213169
7/22/2025,Siyabalanduwa,3942.0825278759007
7/23/2025,Siyabalanduwa,4530.636168003082
7/24/2025,Siyabalanduwa,4918.819137871265
7/25/2025,Siyabalanduwa,4584.233382105827
7/26/2025,Siyabalanduwa,3703.886806786061
7/27/2025,Siyabalanduwa,4524.628939270973
7/28/2025,Siyabalanduwa,4754.939458
7/29/2025,Siyabalanduwa,4192.604456186295
7/30/2025,Siyabalanduwa,3446.972249656916
7/31/2025,Siyabalanduwa,4093.908176839352
8/1/2025,Siyabalanduwa,4359.407724261284
8/2/2025,Siyabalanduwa,4741.816068530083
8/3/2025,Siyabalanduwa,4251.415673971176
8/4/2025,Siyabalanduwa,4207.647151
8/5/2025,Siyabalanduwa,3546.615430414677
8/6/2025,Siyabalanduwa,4154.198996782303
8/7/2025,Siyabalanduwa,3816.373506
8/8/2025,Siyabalanduwa,3800.010381162167
8/9/2025,Siyabalanduwa,3762.411777615548
8/10/2025,Siyabalanduwa,4056.277914643288
8/11/2025,Siyabalanduwa,4561.041662573814
8/12/2025,Siyabalanduwa,4595.796264111996
8/13/2025,Siyabalanduwa,4052.022464513779
8/14/2025,Siyabalanduwa,4623.569254040718
8/15/2025,Siyabalanduwa,4716.351082086563
8/16/2025,Siyabalanduwa,4821.234868586063
8/17/2025,Siyabalanduwa,4835.815875172615
8/18/2025,Siyabalanduwa,5030.306391000748
8/19/2025,Siyabalanduwa,5058.470717012882
8/20/2025,Siyabalanduwa,5165.472115397453
8/21/2025,Siyabalanduwa,5194.838150978088
8/22/2025,Siyabalanduwa,5139.170812964439
8/23/2025,Siyabalanduwa,4993.341839849949
8/24/2025,Siyabalanduwa,3477.8818642497067
8/25/2025,Siyabalanduwa,4273.549466967583
8/26/2025,Siyabalanduwa,4218.021954655647
8/27/2025,Siyabalanduwa,4600.460198760033
8/28/2025,Siyabalanduwa,4619.695906221867
8/29/2025,Siyabalanduwa,4631.038057088852
8/30/2025,Siyabalanduwa,4960.452460408211
8/31/2025,Siyabalanduwa,5015.378898084164
9/1/2025,Siyabalanduwa,4857.692881345749
9/2/2025,Siyabalanduwa,5015.985249
9/3/2025,Siyabalanduwa,4984.744318008423
9/4/2025,Siyabalanduwa,5322.531115
9/5/2025,Siyabalanduwa,5410.281416296959
9/6/2025,Siyabalanduwa,5365.311184167862
9/7/2025,Siyabalanduwa,5446.408772051334
9/8/2025,Siyabalanduwa,4974.379188239574
9/9/2025,Siyabalanduwa,5192.915767431259
9/10/2025,Siyabalanduwa,5265.054836928844
9/11/2025,Siyabalanduwa,4362.98691
9/12/2025,Siyabalanduwa,4540.642939448357
9/13/2025,Siyabalanduwa,3700.602002054453
9/14/2025,Siyabalanduwa,3543.0109612643723
9/15/2025,Siyabalanduwa,3588.695491671562
9/16/2025,Siyabalanduwa,3962.829056441784
9/17/2025,Siyabalanduwa,4459.781472325325
9/18/2025,Siyabalanduwa,4754.457982838154
9/19/2025,Siyabalanduwa,4851.672901213169
9/20/2025,Siyabalanduwa,3942.0825278759007
9/21/2025,Siyabalanduwa,4530.636168003082
9/22/2025,Siyabalanduwa,4918.819137871265
9/23/2025,Siyabalanduwa,4584.233382105827
9/24/2025,Siyabalanduwa,3703.886806786061
9/25/2025,Siyabalanduwa,4524.628939270973
9/26/2025,Siyabalanduwa,4754.939458
9/27/2025,Siyabalanduwa,4192.604456186295
9/28/2025,Siyabalanduwa,3446.972249656916
9/29/2025,Siyabalanduwa,4093.9086165428166
9/30/2025,Siyabalanduwa,4359.408163964748
10/1/2025,Siyabalanduwa,4741.816068530083
10/2/2025,Siyabalanduwa,4251.415673971176
10/3/2025,Siyabalanduwa,4207.647151
10/4/2025,Siyabalanduwa,3546.615430414677
10/5/2025,Siyabalanduwa,4154.198996782303
10/6/2025,Siyabalanduwa,3816.373506
10/7/2025,Siyabalanduwa,3800.010381162167
10/8/2025,Siyabalanduwa,3762.411777615548
10/9/2025,Siyabalanduwa,4056.277914643288
10/10/2025,Siyabalanduwa,4561.041662573814
10/11/2025,Siyabalanduwa,4595.796264111996
10/12/2025,Siyabalanduwa,4052.022464513779
10/13/2025,Siyabalanduwa,4623.569254040718
10/14/2025,Siyabalanduwa,4716.351082086563
10/15/2025,Siyabalanduwa,4821.234868586063
10/16/2025,Siyabalanduwa,4835.815875172615
10/17/2025,Siyabalanduwa,5030.306391000748
10/18/2025,Siyabalanduwa,5058.470717012882
10/19/2025,Siyabalanduwa,5165.472115397453
10/20/2025,Siyabalanduwa,5194.838150978088
10/21/2025,Siyabalanduwa,5139.170812964439
10/22/2025,Siyabalanduwa,4993.341839849949
10/23/2025,Siyabalanduwa,3477.8818642497067
10/24/2025,Siyabalanduwa,4273.549466967583
10/25/2025,Siyabalanduwa,4218.021954655647
10/26/2025,Siyabalanduwa,4600.460198760033
10/27/2025,Siyabalanduwa,4619.695906221867
10/28/2025,Siyabalanduwa,4631.038057088852
10/29/2025,Siyabalanduwa,4960.452460408211
10/30/2025,Siyabalanduwa,5015.378898084164
10/31/2025,Siyabalanduwa,4857.692881345749
11/1/2025,Siyabalanduwa,5015.985249
11/2/2025,Siyabalanduwa,4984.744318008423
11/3/2025,Siyabalanduwa,5322.531115
11/4/2025,Siyabalanduwa,5410.281416296959
11/5/2025,Siyabalanduwa,5365.311184167862
11/6/2025,Siyabalanduwa,5446.408772051334
11/7/2025,Siyabalanduwa,4974.379188239574
11/8/2025,Siyabalanduwa,5192.915767431259
11/9/2025,Siyabalanduwa,5265.054836928844
11/10/2025,Siyabalanduwa,4362.98691
11/11/2025,Siyabalanduwa,4540.642939448357
11/12/2025,Siyabalanduwa,3700.602002054453
11/13/2025,Siyabalanduwa,3543.0109612643723
11/14/2025,Siyabalanduwa,3588.695491671562
11/15/2025,Siyabalanduwa,3962.829056441784
11/16/2025,Siyabalanduwa,4459.781472325325
11/17/2025,Siyabalanduwa,4754.457982838154
11/18/2025,Siyabalanduwa,4851.672901213169
11/19/2025,Siyabalanduwa,3942.0825278759007
11/20/2025,Siyabalanduwa,4530.636168003082
11/21/2025,Siyabalanduwa,4918.819137871265
11/22/2025,Siyabalanduwa,4584.233382105827
11/23/2025,Siyabalanduwa,3703.886806786061
11/24/2025,Siyabalanduwa,4524.628939270973
11/25/2025,Siyabalanduwa,4754.939458
11/26/2025,Siyabalanduwa,4192.604456186295
11/27/2025,Siyabalanduwa,3446.972249656916
11/28/2025,Siyabalanduwa,4093.908176839352
11/29/2025,Siyabalanduwa,4359.407724261284
11/30/2025,Siyabalanduwa,4741.816068530083
12/1/2025,Siyabalanduwa,4251.415673971176
12/2/2025,Siyabalanduwa,4207.647151
12/3/2025,Siyabalanduwa,3546.615430414677
12/4/2025,Siyabalanduwa,4154.198996782303
12/5/2025,Siyabalanduwa,3816.373506
12/6/2025,Siyabalanduwa,3800.010381162167
12/7/2025,Siyabalanduwa,3762.411777615548
12/8/2025,Siyabalanduwa,4056.277914643288
12/9/2025,Siyabalanduwa,4561.041662573814
12/10/2025,Siyabalanduwa,4595.796264111996
12/11/2025,Siyabalanduwa,4052.022464513779
12/12/2025,Siyabalanduwa,4623.569254040718
12/13/2025,Siyabalanduwa,4716.351082086563
12/14/2025,Siyabalanduwa,4821.234868586063
12/15/2025,Siyabalanduwa,4835.815875172615
12/16/2025,Siyabalanduwa,5030.306391000748
12/17/2025,Siyabalanduwa,5058.470717012882
12/18/2025,Siyabalanduwa,5165.472115397453
12/19/2025,Siyabalanduwa,5194.838150978088
12/20/2025,Siyabalanduwa,5139.170812964439
12/21/2025,Siyabalanduwa,4993.341839849949
12/22/2025,Siyabalanduwa,3477.8818642497067
12/23/2025,Siyabalanduwa,4273.549466967583
12/24/2025,Siyabalanduwa,4218.021954655647
12/25/2025,Siyabalanduwa,4600.460198760033
12/26/2025,Siyabalanduwa,4619.695906221867
12/27/2025,Siyabalanduwa,4631.038057088852
12/28/2025,Siyabalanduwa,4960.452460408211
12/29/2025,Siyabalanduwa,5015.378898084164
12/30/2025,Siyabalanduwa,4857.692881345749
12/31/2025,Siyabalanduwa,5015.985249
1/1/2026,Siyabalanduwa,4984.744318008423
1/2/2026,Siyabalanduwa,5322.531115
1/3/2026,Siyabalanduwa,5410.281416296959
1/4/2026,Siyabalanduwa,5365.311184167862
1/5/2026,Siyabalanduwa,5446.408772051334
1/6/2026,Siyabalanduwa,4974.379188239574
1/7/2026,Siyabalanduwa,5192.915767431259
1/8/2026,Siyabalanduwa,5265.054836928844
1/9/2026,Siyabalanduwa,4362.98691
1/10/2026,Siyabalanduwa,4540.642939448357
1/11/2026,Siyabalanduwa,3700.602002054453
1/12/2026,Siyabalanduwa,3543.0109612643723
1/13/2026,Siyabalanduwa,3588.695491671562
1/14/2026,Siyabalanduwa,3962.829056441784
1/15/2026,Siyabalanduwa,4459.781472325325
1/16/2026,Siyabalanduwa,4754.457982838154
1/17/2026,Siyabalanduwa,4851.672901213169
1/18/2026,Siyabalanduwa,3942.0825278759007
1/19/2026,Siyabalanduwa,4530.636168003082
1/20/2026,Siyabalanduwa,4918.819137871265
1/21/2026,Siyabalanduwa,4584.233382105827
1/22/2026,Siyabalanduwa,3703.886806786061
1/23/2026,Siyabalanduwa,4524.628939270973
1/24/2026,Siyabalanduwa,4754.939458
1/25/2026,Siyabalanduwa,4192.604456186295
1/26/2026,Siyabalanduwa,3446.972249656916
1/27/2026,Siyabalanduwa,4093.9086165428166
1/28/2026,Siyabalanduwa,4359.408163964748
1/29/2026,Siyabalanduwa,4741.816068530083
1/30/2026,Siyabalanduwa,4251.415673971176
1/31/2026,Siyabalanduwa,4207.647151
2/1/2026,Siyabalanduwa,3546.615430414677
2/2/2026,Siyabalanduwa,4154.198996782303
2/3/2026,Siyabalanduwa,3816.373506
2/4/2026,Siyabalanduwa,3800.010381162167
2/5/2026,Siyabalanduwa,3762.411777615548
2/6/2026,Siyabalanduwa,4056.277914643288
2/7/2026,Siyabalanduwa,4561.041662573814
2/8/2026,Siyabalanduwa,4595.796264111996
2/9/2026,Siyabalanduwa,4052.022464513779
2/10/2026,Siyabalanduwa,4623.569254040718
2/11/2026,Siyabalanduwa,4716.351082086563
2/12/2026,Siyabalanduwa,4821.234868586063
2/13/2026,Siyabalanduwa,4835.815875172615
2/14/2026,Siyabalanduwa,5030.306391000748
2/15/2026,Siyabalanduwa,5058.470717012882
2/16/2026,Siyabalanduwa,5165.472115397453
2/17/2026,Siyabalanduwa,5194.838150978088
2/18/2026,Siyabalanduwa,5139.170812964439
2/19/2026,Siyabalanduwa,4993.341839849949
2/20/2026,Siyabalanduwa,3477.8818642497067
2/21/2026,Siyabalanduwa,4273.549466967583
2/22/2026,Siyabalanduwa,4218.021954655647
2/23/2026,Siyabalanduwa,4600.460198760033
2/24/2026,Siyabalanduwa,4619.695906221867
2/25/2026,Siyabalanduwa,4631.038057088852
2/26/2026,Siyabalanduwa,4960.452460408211
2/27/2026,Siyabalanduwa,5015.378898084164
2/28/2026,Siyabalanduwa,4857.692881345749
3/1/2026,Siyabalanduwa,5015.985249
3/2/2026,Siyabalanduwa,4984.744318008423
3/3/2026,Siyabalanduwa,5322.531115
3/4/2026,Siyabalanduwa,5410.281416296959
3/5/2026,Siyabalanduwa,5365.311184167862
3/6/2026,Siyabalanduwa,5446.408772051334
3/7/2026,Siyabalanduwa,4974.379188239574
3/8/2026,Siyabalanduwa,5192.915767431259
3/9/2026,Siyabalanduwa,5265.054836928844
3/10/2026,Siyabalanduwa,4362.98691
3/11/2026,Siyabalanduwa,4540.642939448357
3/12/2026,Siyabalanduwa,3700.602002054453
3/13/2026,Siyabalanduwa,3543.0109612643723
3/14/2026,Siyabalanduwa,3588.695491671562
3/15/2026,Siyabalanduwa,3962.829056441784
3/16/2026,Siyabalanduwa,4459.781472325325
3/17/2026,Siyabalanduwa,4754.457982838154
3/18/2026,Siyabalanduwa,4851.672901213169
3/19/2026,Siyabalanduwa,3942.0825278759007
3/20/2026,Siyabalanduwa,4530.636168003082
3/21/2026,Siyabalanduwa,4918.819137871265
3/22/2026,Siyabalanduwa,4584.233382105827
3/23/2026,Siyabalanduwa,3703.886806786061
3/24/2026,Siyabalanduwa,4524.628939270973
3/25/2026,Siyabalanduwa,4754.939458
3/26/2026,Siyabalanduwa,4192.604456186295
3/27/2026,Siyabalanduwa,3446.972249656916
3/28/2026,Siyabalanduwa,4093.908176839352
3/29/2026,Siyabalanduwa,4359.407724261284
3/30/2026,Siyabalanduwa,4741.816068530083
3/31/2026,Siyabalanduwa,4251.415673971176
4/1/2026,Siyabalanduwa,4207.647151
4/2/2026,Siyabalanduwa,3546.615430414677
4/3/2026,Siyabalanduwa,4154.198996782303
4/4/2026,Siyabalanduwa,3816.373506
4/5/2026,Siyabalanduwa,3800.010381162167
4/6/2026,Siyabalanduwa,3762.411777615548
4/7/2026,Siyabalanduwa,4056.277914643288
4/8/2026,Siyabalanduwa,4561.041662573814
4/9/2026,Siyabalanduwa,4595.796264111996
4/10/2026,Siyabalanduwa,4052.022464513779
4/11/2026,Siyabalanduwa,4623.569254040718
4/12/2026,Siyabalanduwa,4716.351082086563
4/13/2026,Siyabalanduwa,4821.234868586063
4/14/2026,Siyabalanduwa,4835.815875172615
4/15/2026,Siyabalanduwa,5030.306391000748
4/16/2026,Siyabalanduwa,5058.470717012882
4/17/2026,Siyabalanduwa,5165.472115397453
4/18/2026,Siyabalanduwa,5194.838150978088
4/19/2026,Siyabalanduwa,5139.170812964439
4/20/2026,Siyabalanduwa,4993.341839849949
4/21/2026,Siyabalanduwa,3477.8818642497067
4/22/2026,Siyabalanduwa,4273.549466967583
4/23/2026,Siyabalanduwa,4218.021954655647
4/24/2026,Siyabalanduwa,4600.460198760033
4/25/2026,Siyabalanduwa,4619.695906221867
4/26/2026,Siyabalanduwa,4631.038057088852
4/27/2026,Siyabalanduwa,4960.452460408211
4/28/2026,Siyabalanduwa,5015.378898084164
4/29/2026,Siyabalanduwa,4857.692881345749
4/30/2026,Siyabalanduwa,5015.985249
5/1/2026,Siyabalanduwa,4984.744318008423
5/2/2026,Siyabalanduwa,5322.531115
5/3/2026,Siyabalanduwa,5410.281416296959
5/4/2026,Siyabalanduwa,5365.311184167862
5/5/2026,Siyabalanduwa,5446.408772051334
5/6/2026,Siyabalanduwa,4974.379188239574
5/7/2026,Siyabalanduwa,5192.915767431259
5/8/2026,Siyabalanduwa,5265.054836928844
5/9/2026,Siyabalanduwa,4362.98691
5/10/2026,Siyabalanduwa,4540.642939448357
5/11/2026,Siyabalanduwa,3700.602002054453
5/12/2026,Siyabalanduwa,3543.0109612643723
5/13/2026,Siyabalanduwa,3588.695491671562
5/14/2026,Siyabalanduwa,3962.829056441784
5/15/2026,Siyabalanduwa,4459.781472325325
5/16/2026,Siyabalanduwa,4754.457982838154
5/17/2026,Siyabalanduwa,4851.672901213169
5/18/2026,Siyabalanduwa,3942.0825278759007
5/19/2026,Siyabalanduwa,4530.636168003082
5/20/2026,Siyabalanduwa,4918.819137871265
5/21/2026,Siyabalanduwa,4584.233382105827
5/22/2026,Siyabalanduwa,3703.886806786061
5/23/2026,Siyabalanduwa,4524.628939270973
5/24/2026,Siyabalanduwa,4754.939458
5/25/2026,Siyabalanduwa,4192.604456186295
5/26/2026,Siyabalanduwa,3446.972249656916
5/27/2026,Siyabalanduwa,4093.9086165428166
5/28/2026,Siyabalanduwa,4359.408163964748
5/29/2026,Siyabalanduwa,4741.816068530083
5/30/2026,Siyabalanduwa,4251.415673971176
5/31/2026,Siyabalanduwa,4207.647151
6/1/2026,Siyabalanduwa,3546.615430414677
6/2/2026,Siyabalanduwa,4154.198996782303
6/3/2026,Siyabalanduwa,3816.373506
6/4/2026,Siyabalanduwa,3800.010381162167
6/5/2026,Siyabalanduwa,3762.411777615548
6/6/2026,Siyabalanduwa,4056.277914643288
6/7/2026,Siyabalanduwa,4561.041662573814
6/8/2026,Siyabalanduwa,4595.796264111996
6/9/2026,Siyabalanduwa,4052.022464513779
6/10/2026,Siyabalanduwa,4623.569254040718
6/11/2026,Siyabalanduwa,4716.351082086563
6/12/2026,Siyabalanduwa,4821.234868586063
6/13/2026,Siyabalanduwa,4835.815875172615
6/14/2026,Siyabalanduwa,5030.306391000748
6/15/2026,Siyabalanduwa,5058.470717012882
6/16/2026,Siyabalanduwa,5165.472115397453
6/17/2026,Siyabalanduwa,5194.838150978088
6/18/2026,Siyabalanduwa,5139.170812964439
6/19/2026,Siyabalanduwa,4993.341839849949
6/20/2026,Siyabalanduwa,3477.8818642497067
6/21/2026,Siyabalanduwa,4273.549466967583
6/22/2026,Siyabalanduwa,4218.021954655647
6/23/2026,Siyabalanduwa,4600.460198760033
6/24/2026,Siyabalanduwa,4619.695906221867
6/25/2026,Siyabalanduwa,4631.038057088852
6/26/2026,Siyabalanduwa,4960.452460408211
6/27/2026,Siyabalanduwa,5015.378898084164
6/28/2026,Siyabalanduwa,4857.692881345749
6/29/2026,Siyabalanduwa,5015.985249
6/30/2026,Siyabalanduwa,4984.744318008423
7/1/2026,Siyabalanduwa,5322.531115
7/2/2026,Siyabalanduwa,5410.281416296959
7/3/2026,Siyabalanduwa,5365.311184167862
7/4/2026,Siyabalanduwa,5446.408772051334
7/5/2026,Siyabalanduwa,4974.379188239574
7/6/2026,Siyabalanduwa,5192.915767431259
7/7/2026,Siyabalanduwa,5265.054836928844
7/8/2026,Siyabalanduwa,4362.98691
7/9/2026,Siyabalanduwa,4540.642939448357
7/10/2026,Siyabalanduwa,3700.602002054453
7/11/2026,Siyabalanduwa,3543.0109612643723
7/12/2026,Siyabalanduwa,3588.695491671562
7/13/2026,Siyabalanduwa,3962.829056441784
7/14/2026,Siyabalanduwa,4459.781472325325
7/15/2026,Siyabalanduwa,4754.457982838154
7/16/2026,Siyabalanduwa,4851.672901213169
7/17/2026,Siyabalanduwa,3942.0825278759007
7/18/2026,Siyabalanduwa,4530.636168003082
7/19/2026,Siyabalanduwa,4918.819137871265
7/20/2026,Siyabalanduwa,4584.233382105827
7/21/2026,Siyabalanduwa,3703.886806786061
7/22/2026,Siyabalanduwa,4524.628939270973
7/23/2026,Siyabalanduwa,4754.939458
7/24/2026,Siyabalanduwa,4192.604456186295
7/25/2026,Siyabalanduwa,3446.972249656916
7/26/2026,Siyabalanduwa,4093.908176839352
7/27/2026,Siyabalanduwa,4359.407724261284
7/28/2026,Siyabalanduwa,4741.816068530083
7/29/2026,Siyabalanduwa,4251.415673971176
7/30/2026,Siyabalanduwa,4207.647151
7/31/2026,Siyabalanduwa,3546.615430414677
8/1/2026,Siyabalanduwa,4154.198996782303
8/2/2026,Siyabalanduwa,3816.373506
8/3/2026,Siyabalanduwa,3800.010381162167
8/4/2026,Siyabalanduwa,3762.411777615548
8/5/2026,Siyabalanduwa,4056.277914643288
8/6/2026,Siyabalanduwa,4561.041662573814
8/7/2026,Siyabalanduwa,4595.796264111996
8/8/2026,Siyabalanduwa,4052.022464513779
8/9/2026,Siyabalanduwa,4623.569254040718
8/10/2026,Siyabalanduwa,4716.351082086563
8/11/2026,Siyabalanduwa,4821.234868586063
8/12/2026,Siyabalanduwa,4835.815875172615
8/13/2026,Siyabalanduwa,5030.306391000748
8/14/2026,Siyabalanduwa,5058.470717012882
8/15/2026,Siyabalanduwa,5165.472115397453
8/16/2026,Siyabalanduwa,5194.838150978088
8/17/2026,Siyabalanduwa,5139.170812964439
8/18/2026,Siyabalanduwa,4993.341839849949
8/19/2026,Siyabalanduwa,3477.8818642497067
8/20/2026,Siyabalanduwa,4273.549466967583
8/21/2026,Siyabalanduwa,4218.021954655647
8/22/2026,Siyabalanduwa,4600.460198760033
8/23/2026,Siyabalanduwa,4619.695906221867
8/24/2026,Siyabalanduwa,4631.038057088852
8/25/2026,Siyabalanduwa,4960.452460408211
8/26/2026,Siyabalanduwa,5015.378898084164
8/27/2026,Siyabalanduwa,4857.692881345749
8/28/2026,Siyabalanduwa,5015.985249
8/29/2026,Siyabalanduwa,4984.744318008423
8/30/2026,Siyabalanduwa,5322.531115
8/31/2026,Siyabalanduwa,5410.281416296959
9/1/2026,Siyabalanduwa,5365.311184167862
9/2/2026,Siyabalanduwa,5446.408772051334
9/3/2026,Siyabalanduwa,4974.379188239574
9/4/2026,Siyabalanduwa,5192.915767431259
9/5/2026,Siyabalanduwa,5265.054836928844
9/6/2026,Siyabalanduwa,4362.98691
9/7/2026,Siyabalanduwa,4540.642939448357
9/8/2026,Siyabalanduwa,3700.602002054453
9/9/2026,Siyabalanduwa,3543.0109612643723
9/10/2026,Siyabalanduwa,3588.695491671562
9/11/2026,Siyabalanduwa,3962.829056441784
9/12/2026,Siyabalanduwa,4459.781472325325
9/13/2026,Siyabalanduwa,4754.457982838154
9/14/2026,Siyabalanduwa,4851.672901213169
9/15/2026,Siyabalanduwa,3942.0825278759007
9/16/2026,Siyabalanduwa,4530.636168003082
9/17/2026,Siyabalanduwa,4918.819137871265
9/18/2026,Siyabalanduwa,4584.233382105827
9/19/2026,Siyabalanduwa,3703.886806786061
9/20/2026,Siyabalanduwa,4524.628939270973
9/21/2026,Siyabalanduwa,4754.939458
9/22/2026,Siyabalanduwa,4192.604456186295
9/23/2026,Siyabalanduwa,3446.972249656916
9/24/2026,Siyabalanduwa,4093.9086165428166
9/25/2026,Siyabalanduwa,4359.408163964748
9/26/2026,Siyabalanduwa,4741.816068530083
9/27/2026,Siyabalanduwa,4251.415673971176
9/28/2026,Siyabalanduwa,4207.647151
9/29/2026,Siyabalanduwa,3546.615430414677
9/30/2026,Siyabalanduwa,4154.198996782303
10/1/2026,Siyabalanduwa,3816.373506
10/2/2026,Siyabalanduwa,3800.010381162167
10/3/2026,Siyabalanduwa,3762.411777615548
10/4/2026,Siyabalanduwa,4056.277914643288
10/5/2026,Siyabalanduwa,4561.041662573814
10/6/2026,Siyabalanduwa,4595.796264111996
10/7/2026,Siyabalanduwa,4052.022464513779
10/8/2026,Siyabalanduwa,4623.569254040718
10/9/2026,Siyabalanduwa,4716.351082086563
10/10/2026,Siyabalanduwa,4821.234868586063
10/11/2026,Siyabalanduwa,4835.815875172615
10/12/2026,Siyabalanduwa,5030.306391000748
10/13/2026,Siyabalanduwa,5058.470717012882
10/14/2026,Siyabalanduwa,5165.472115397453
10/15/2026,Siyabalanduwa,5194.838150978088
10/16/2026,Siyabalanduwa,5139.170812964439
10/17/2026,Siyabalanduwa,4993.341839849949
10/18/2026,Siyabalanduwa,3477.8818642497067
10/19/2026,Siyabalanduwa,4273.549466967583
10/20/2026,Siyabalanduwa,4218.021954655647
10/21/2026,Siyabalanduwa,4600.460198760033
10/22/2026,Siyabalanduwa,4619.695906221867
10/23/2026,Siyabalanduwa,4631.038057088852
10/24/2026,Siyabalanduwa,4960.452460408211
10/25/2026,Siyabalanduwa,5015.378898084164
10/26/2026,Siyabalanduwa,4857.692881345749
10/27/2026,Siyabalanduwa,5015.985249
10/28/2026,Siyabalanduwa,4984.744318008423
10/29/2026,Siyabalanduwa,5322.531115
10/30/2026,Siyabalanduwa,5410.281416296959
10/31/2026,Siyabalanduwa,5365.311184167862
11/1/2026,Siyabalanduwa,5446.408772051334
11/2/2026,Siyabalanduwa,4974.379188239574
11/3/2026,Siyabalanduwa,5192.915767431259
11/4/2026,Siyabalanduwa,5265.054836928844
11/5/2026,Siyabalanduwa,4362.98691
11/6/2026,Siyabalanduwa,4540.642939448357
11/7/2026,Siyabalanduwa,3700.602002054453
11/8/2026,Siyabalanduwa,3543.0109612643723
11/9/2026,Siyabalanduwa,3588.695491671562
11/10/2026,Siyabalanduwa,3962.829056441784
11/11/2026,Siyabalanduwa,4459.781472325325
11/12/2026,Siyabalanduwa,4754.457982838154
11/13/2026,Siyabalanduwa,4851.672901213169
11/14/2026,Siyabalanduwa,3942.0825278759007
11/15/2026,Siyabalanduwa,4530.636168003082
11/16/2026,Siyabalanduwa,4918.819137871265
11/17/2026,Siyabalanduwa,4584.233382105827
11/18/2026,Siyabalanduwa,3703.886806786061
11/19/2026,Siyabalanduwa,4524.628939270973
11/20/2026,Siyabalanduwa,4754.939458
11/21/2026,Siyabalanduwa,4192.604456186295
11/22/2026,Siyabalanduwa,3446.972249656916
11/23/2026,Siyabalanduwa,4093.908176839352
11/24/2026,Siyabalanduwa,4359.407724261284
11/25/2026,Siyabalanduwa,4741.816068530083
11/26/2026,Siyabalanduwa,4251.415673971176
11/27/2026,Siyabalanduwa,4207.647151
11/28/2026,Siyabalanduwa,3546.615430414677
11/29/2026,Siyabalanduwa,4154.198996782303
11/30/2026,Siyabalanduwa,3816.373506
12/1/2026,Siyabalanduwa,3800.010381162167
12/2/2026,Siyabalanduwa,3762.411777615548
12/3/2026,Siyabalanduwa,4056.277914643288
12/4/2026,Siyabalanduwa,4561.041662573814
12/5/2026,Siyabalanduwa,4595.796264111996
12/6/2026,Siyabalanduwa,4052.022464513779
12/7/2026,Siyabalanduwa,4623.569254040718
12/8/2026,Siyabalanduwa,4716.351082086563
12/9/2026,Siyabalanduwa,4821.234868586063
12/10/2026,Siyabalanduwa,4835.815875172615
12/11/2026,Siyabalanduwa,5030.306391000748
12/12/2026,Siyabalanduwa,5058.470717012882
12/13/2026,Siyabalanduwa,5165.472115397453
12/14/2026,Siyabalanduwa,5194.838150978088
12/15/2026,Siyabalanduwa,5139.170812964439
12/16/2026,Siyabalanduwa,4993.341839849949
12/17/2026,Siyabalanduwa,3477.8818642497067
12/18/2026,Siyabalanduwa,4273.549466967583
12/19/2026,Siyabalanduwa,4218.021954655647
12/20/2026,Siyabalanduwa,4600.460198760033
12/21/2026,Siyabalanduwa,4619.695906221867
12/22/2026,Siyabalanduwa,4631.038057088852
12/23/2026,Siyabalanduwa,4960.452460408211
12/24/2026,Siyabalanduwa,5015.378898084164
12/25/2026,Siyabalanduwa,4857.692881345749
12/26/2026,Siyabalanduwa,5015.985249
12/27/2026,Siyabalanduwa,4984.744318008423
12/28/2026,Siyabalanduwa,5322.531115
12/29/2026,Siyabalanduwa,5410.281416296959
12/30/2026,Siyabalanduwa,5365.311184167862
12/31/2026,Siyabalanduwa,5446.408772051334
1/1/2027,Siyabalanduwa,4974.379188239574
1/2/2027,Siyabalanduwa,5192.915767431259
1/3/2027,Siyabalanduwa,5265.054836928844
1/4/2027,Siyabalanduwa,4362.98691
1/5/2027,Siyabalanduwa,4540.642939448357
1/6/2027,Siyabalanduwa,3700.602002054453
1/7/2027,Siyabalanduwa,3543.0109612643723
1/8/2027,Siyabalanduwa,3588.695491671562
1/9/2027,Siyabalanduwa,3962.829056441784
1/10/2027,Siyabalanduwa,4459.781472325325
1/11/2027,Siyabalanduwa,4754.457982838154
1/12/2027,Siyabalanduwa,4851.672901213169
1/13/2027,Siyabalanduwa,3942.0825278759007
1/14/2027,Siyabalanduwa,4530.636168003082
1/15/2027,Siyabalanduwa,4918.819137871265
1/16/2027,Siyabalanduwa,4584.233382105827
1/17/2027,Siyabalanduwa,3703.886806786061
1/18/2027,Siyabalanduwa,4524.628939270973
1/19/2027,Siyabalanduwa,4754.939458
1/20/2027,Siyabalanduwa,4192.604456186295
1/21/2027,Siyabalanduwa,3446.972249656916
1/22/2027,Siyabalanduwa,4093.9086165428166
1/23/2027,Siyabalanduwa,4359.408163964748
1/24/2027,Siyabalanduwa,4741.816068530083
1/25/2027,Siyabalanduwa,4251.415673971176
1/26/2027,Siyabalanduwa,4207.647151
1/27/2027,Siyabalanduwa,3546.615430414677
1/28/2027,Siyabalanduwa,4154.198996782303
1/29/2027,Siyabalanduwa,3816.373506
1/30/2027,Siyabalanduwa,3800.010381162167
1/31/2027,Siyabalanduwa,3762.411777615548
2/1/2027,Siyabalanduwa,4056.277914643288
2/2/2027,Siyabalanduwa,4561.041662573814
2/3/2027,Siyabalanduwa,4595.796264111996
2/4/2027,Siyabalanduwa,4052.022464513779
2/5/2027,Siyabalanduwa,4623.569254040718
2/6/2027,Siyabalanduwa,4716.351082086563
2/7/2027,Siyabalanduwa,4821.234868586063
2/8/2027,Siyabalanduwa,4835.815875172615
2/9/2027,Siyabalanduwa,5030.306391000748
2/10/2027,Siyabalanduwa,5058.470717012882
2/11/2027,Siyabalanduwa,5165.472115397453
2/12/2027,Siyabalanduwa,5194.838150978088
2/13/2027,Siyabalanduwa,5139.170812964439
2/14/2027,Siyabalanduwa,4993.341839849949
2/15/2027,Siyabalanduwa,3477.8818642497067
2/16/2027,Siyabalanduwa,4273.549466967583
2/17/2027,Siyabalanduwa,4218.021954655647
2/18/2027,Siyabalanduwa,4600.460198760033
2/19/2027,Siyabalanduwa,4619.695906221867
2/20/2027,Siyabalanduwa,4631.038057088852
2/21/2027,Siyabalanduwa,4960.452460408211
2/22/2027,Siyabalanduwa,5015.378898084164
2/23/2027,Siyabalanduwa,4857.692881345749
2/24/2027,Siyabalanduwa,5015.985249
2/25/2027,Siyabalanduwa,4984.744318008423
2/26/2027,Siyabalanduwa,5322.531115
2/27/2027,Siyabalanduwa,5410.281416296959
2/28/2027,Siyabalanduwa,5365.311184167862
3/1/2027,Siyabalanduwa,5446.408772051334
3/2/2027,Siyabalanduwa,4974.379188239574
3/3/2027,Siyabalanduwa,5192.915767431259
3/4/2027,Siyabalanduwa,5265.054836928844
3/5/2027,Siyabalanduwa,4362.98691
3/6/2027,Siyabalanduwa,4540.642939448357
3/7/2027,Siyabalanduwa,3700.602002054453
3/8/2027,Siyabalanduwa,3543.0109612643723
3/9/2027,Siyabalanduwa,3588.695491671562
3/10/2027,Siyabalanduwa,3962.829056441784
3/11/2027,Siyabalanduwa,4459.781472325325
3/12/2027,Siyabalanduwa,4754.457982838154
3/13/2027,Siyabalanduwa,4851.672901213169
3/14/2027,Siyabalanduwa,3942.0825278759007
3/15/2027,Siyabalanduwa,4530.636168003082
3/16/2027,Siyabalanduwa,4918.819137871265
3/17/2027,Siyabalanduwa,4584.233382105827
3/18/2027,Siyabalanduwa,3703.886806786061
3/19/2027,Siyabalanduwa,4524.628939270973
3/20/2027,Siyabalanduwa,4754.939458
3/21/2027,Siyabalanduwa,4192.604456186295
3/22/2027,Siyabalanduwa,3446.972249656916
3/23/2027,Siyabalanduwa,4093.908176839352
3/24/2027,Siyabalanduwa,4359.407724261284
3/25/2027,Siyabalanduwa,4741.816068530083
3/26/2027,Siyabalanduwa,4251.415673971176
3/27/2027,Siyabalanduwa,4207.647151
3/28/2027,Siyabalanduwa,3546.615430414677
3/29/2027,Siyabalanduwa,4154.198996782303
3/30/2027,Siyabalanduwa,3816.373506
3/31/2027,Siyabalanduwa,3800.010381162167
4/1/2027,Siyabalanduwa,3762.411777615548
4/2/2027,Siyabalanduwa,4056.277914643288
4/3/2027,Siyabalanduwa,4561.041662573814
4/4/2027,Siyabalanduwa,4595.796264111996
4/5/2027,Siyabalanduwa,4052.022464513779
4/6/2027,Siyabalanduwa,4623.569254040718
4/7/2027,Siyabalanduwa,4716.351082086563
4/8/2027,Siyabalanduwa,4821.234868586063
4/9/2027,Siyabalanduwa,4835.815875172615
4/10/2027,Siyabalanduwa,5030.306391000748
4/11/2027,Siyabalanduwa,5058.470717012882
4/12/2027,Siyabalanduwa,5165.472115397453
4/13/2027,Siyabalanduwa,5194.838150978088
4/14/2027,Siyabalanduwa,5139.170812964439
4/15/2027,Siyabalanduwa,4993.341839849949
4/16/2027,Siyabalanduwa,3477.8818642497067
4/17/2027,Siyabalanduwa,4273.549466967583
4/18/2027,Siyabalanduwa,4218.021954655647
4/19/2027,Siyabalanduwa,4600.460198760033
4/20/2027,Siyabalanduwa,4619.695906221867
4/21/2027,Siyabalanduwa,4631.038057088852
4/22/2027,Siyabalanduwa,4960.452460408211
4/23/2027,Siyabalanduwa,5015.378898084164
4/24/2027,Siyabalanduwa,4857.692881345749
4/25/2027,Siyabalanduwa,5015.985249
4/26/2027,Siyabalanduwa,4984.744318008423
4/27/2027,Siyabalanduwa,5322.531115
4/28/2027,Siyabalanduwa,5410.281416296959
4/29/2027,Siyabalanduwa,5365.311184167862
4/30/2027,Siyabalanduwa,5446.408772051334
5/1/2027,Siyabalanduwa,4974.379188239574
5/2/2027,Siyabalanduwa,5192.915767431259
5/3/2027,Siyabalanduwa,5265.054836928844
5/4/2027,Siyabalanduwa,4362.98691
5/5/2027,Siyabalanduwa,4540.642939448357
5/6/2027,Siyabalanduwa,3700.602002054453
5/7/2027,Siyabalanduwa,3543.0109612643723
5/8/2027,Siyabalanduwa,3588.695491671562
5/9/2027,Siyabalanduwa,3962.829056441784
5/10/2027,Siyabalanduwa,4459.781472325325
5/11/2027,Siyabalanduwa,4754.457982838154
5/12/2027,Siyabalanduwa,4851.672901213169
5/13/2027,Siyabalanduwa,3942.0825278759007
5/14/2027,Siyabalanduwa,4530.636168003082
5/15/2027,Siyabalanduwa,4918.819137871265
5/16/2027,Siyabalanduwa,4584.233382105827
5/17/2027,Siyabalanduwa,3703.886806786061
5/18/2027,Siyabalanduwa,4524.628939270973
5/19/2027,Siyabalanduwa,4754.939458
5/20/2027,Siyabalanduwa,4192.604456186295
5/21/2027,Siyabalanduwa,3446.972249656916
5/22/2027,Siyabalanduwa,4093.9086165428166
5/23/2027,Siyabalanduwa,4359.408163964748
5/24/2027,Siyabalanduwa,4741.816068530083
5/25/2027,Siyabalanduwa,4251.415673971176
5/26/2027,Siyabalanduwa,4207.647151
5/27/2027,Siyabalanduwa,3546.615430414677
5/28/2027,Siyabalanduwa,4154.198996782303
5/29/2027,Siyabalanduwa,3816.373506
5/30/2027,Siyabalanduwa,3800.010381162167
5/31/2027,Siyabalanduwa,3762.411777615548
6/1/2027,Siyabalanduwa,4056.277914643288
6/2/2027,Siyabalanduwa,4561.041662573814
6/3/2027,Siyabalanduwa,4595.796264111996
6/4/2027,Siyabalanduwa,4052.022464513779
6/5/2027,Siyabalanduwa,4623.569254040718
6/6/2027,Siyabalanduwa,4716.351082086563
6/7/2027,Siyabalanduwa,4821.234868586063
6/8/2027,Siyabalanduwa,4835.815875172615
6/9/2027,Siyabalanduwa,5030.306391000748
6/10/2027,Siyabalanduwa,5058.470717012882
6/11/2027,Siyabalanduwa,5165.472115397453
6/12/2027,Siyabalanduwa,5194.838150978088
6/13/2027,Siyabalanduwa,5139.170812964439
6/14/2027,Siyabalanduwa,4993.341839849949
6/15/2027,Siyabalanduwa,3477.8818642497067
6/16/2027,Siyabalanduwa,4273.549466967583
6/17/2027,Siyabalanduwa,4218.021954655647
6/18/2027,Siyabalanduwa,4600.460198760033
6/19/2027,Siyabalanduwa,4619.695906221867
6/20/2027,Siyabalanduwa,4631.038057088852
6/21/2027,Siyabalanduwa,4960.452460408211
6/22/2027,Siyabalanduwa,5015.378898084164
6/23/2027,Siyabalanduwa,4857.692881345749
6/24/2027,Siyabalanduwa,5015.985249
6/25/2027,Siyabalanduwa,4984.744318008423
6/26/2027,Siyabalanduwa,5322.531115
6/27/2027,Siyabalanduwa,5410.281416296959
6/28/2027,Siyabalanduwa,5365.311184167862
6/29/2027,Siyabalanduwa,5446.408772051334
6/30/2027,Siyabalanduwa,4974.379188239574
7/1/2027,Siyabalanduwa,5192.915767431259
7/2/2027,Siyabalanduwa,5265.054836928844
7/3/2027,Siyabalanduwa,4362.98691
7/4/2027,Siyabalanduwa,4540.642939448357
7/5/2027,Siyabalanduwa,3700.602002054453
7/6/2027,Siyabalanduwa,3543.0109612643723
7/7/2027,Siyabalanduwa,3588.695491671562
7/8/2027,Siyabalanduwa,3962.829056441784
7/9/2027,Siyabalanduwa,4459.781472325325
7/10/2027,Siyabalanduwa,4754.457982838154
7/11/2027,Siyabalanduwa,4851.672901213169
7/12/2027,Siyabalanduwa,3942.0825278759007
7/13/2027,Siyabalanduwa,4530.636168003082
7/14/2027,Siyabalanduwa,4918.819137871265
7/15/2027,Siyabalanduwa,4584.233382105827
7/16/2027,Siyabalanduwa,3703.886806786061
7/17/2027,Siyabalanduwa,4524.628939270973
7/18/2027,Siyabalanduwa,4754.939458
7/19/2027,Siyabalanduwa,4192.604456186295
7/20/2027,Siyabalanduwa,3446.972249656916
7/21/2027,Siyabalanduwa,4093.908176839352
7/22/2027,Siyabalanduwa,4359.407724261284
7/23/2027,Siyabalanduwa,4741.816068530083
7/24/2027,Siyabalanduwa,4251.415673971176
7/25/2027,Siyabalanduwa,4207.647151
7/26/2027,Siyabalanduwa,3546.615430414677
7/27/2027,Siyabalanduwa,4154.198996782303
7/28/2027,Siyabalanduwa,3816.373506
7/29/2027,Siyabalanduwa,3800.010381162167
7/30/2027,Siyabalanduwa,3762.411777615548
7/31/2027,Siyabalanduwa,4056.277914643288
8/1/2027,Siyabalanduwa,4561.041662573814
8/2/2027,Siyabalanduwa,4595.796264111996
8/3/2027,Siyabalanduwa,4052.022464513779
8/4/2027,Siyabalanduwa,4623.569254040718
8/5/2027,Siyabalanduwa,4716.351082086563
8/6/2027,Siyabalanduwa,4821.234868586063
8/7/2027,Siyabalanduwa,4835.815875172615
8/8/2027,Siyabalanduwa,5030.306391000748
8/9/2027,Siyabalanduwa,5058.470717012882
8/10/2027,Siyabalanduwa,5165.472115397453
8/11/2027,Siyabalanduwa,5194.838150978088
8/12/2027,Siyabalanduwa,5139.170812964439
8/13/2027,Siyabalanduwa,4993.341839849949
8/14/2027,Siyabalanduwa,3477.8818642497067
8/15/2027,Siyabalanduwa,4273.549466967583
8/16/2027,Siyabalanduwa,4218.021954655647
8/17/2027,Siyabalanduwa,4600.460198760033
8/18/2027,Siyabalanduwa,4619.695906221867
8/19/2027,Siyabalanduwa,4631.038057088852
8/20/2027,Siyabalanduwa,4960.452460408211
8/21/2027,Siyabalanduwa,5015.378898084164
8/22/2027,Siyabalanduwa,4857.692881345749
8/23/2027,Siyabalanduwa,5015.985249
8/24/2027,Siyabalanduwa,4984.744318008423
8/25/2027,Siyabalanduwa,5322.531115
8/26/2027,Siyabalanduwa,5410.281416296959
8/27/2027,Siyabalanduwa,5365.311184167862
8/28/2027,Siyabalanduwa,5446.408772051334
8/29/2027,Siyabalanduwa,4974.379188239574
8/30/2027,Siyabalanduwa,5192.915767431259
8/31/2027,Siyabalanduwa,5265.054836928844
9/1/2027,Siyabalanduwa,4362.98691
9/2/2027,Siyabalanduwa,4540.642939448357
9/3/2027,Siyabalanduwa,3700.602002054453
9/4/2027,Siyabalanduwa,3543.0109612643723
9/5/2027,Siyabalanduwa,3588.695491671562
9/6/2027,Siyabalanduwa,3962.829056441784
9/7/2027,Siyabalanduwa,4459.781472325325
9/8/2027,Siyabalanduwa,4754.457982838154
9/9/2027,Siyabalanduwa,4851.672901213169
9/10/2027,Siyabalanduwa,3942.0825278759007
9/11/2027,Siyabalanduwa,4530.636168003082
9/12/2027,Siyabalanduwa,4918.819137871265
9/13/2027,Siyabalanduwa,4584.233382105827
9/14/2027,Siyabalanduwa,3703.886806786061
9/15/2027,Siyabalanduwa,4524.628939270973
9/16/2027,Siyabalanduwa,4754.939458
9/17/2027,Siyabalanduwa,4192.604456186295
9/18/2027,Siyabalanduwa,3446.972249656916
9/19/2027,Siyabalanduwa,4093.9086165428166
9/20/2027,Siyabalanduwa,4359.408163964748
9/21/2027,Siyabalanduwa,4741.816068530083
9/22/2027,Siyabalanduwa,4251.415673971176
9/23/2027,Siyabalanduwa,4207.647151
9/24/2027,Siyabalanduwa,3546.615430414677
9/25/2027,Siyabalanduwa,4154.198996782303
9/26/2027,Siyabalanduwa,3816.373506
9/27/2027,Siyabalanduwa,3800.010381162167
9/28/2027,Siyabalanduwa,3762.411777615548
9/29/2027,Siyabalanduwa,4056.277914643288
9/30/2027,Siyabalanduwa,4561.041662573814
10/1/2027,Siyabalanduwa,4595.796264111996
10/2/2027,Siyabalanduwa,4052.022464513779
10/3/2027,Siyabalanduwa,4623.569254040718
10/4/2027,Siyabalanduwa,4716.351082086563
10/5/2027,Siyabalanduwa,4821.234868586063
10/6/2027,Siyabalanduwa,4835.815875172615
10/7/2027,Siyabalanduwa,5030.306391000748
10/8/2027,Siyabalanduwa,5058.470717012882
10/9/2027,Siyabalanduwa,5165.472115397453
10/10/2027,Siyabalanduwa,5194.838150978088
10/11/2027,Siyabalanduwa,5139.170812964439
10/12/2027,Siyabalanduwa,4993.341839849949
10/13/2027,Siyabalanduwa,3477.8818642497067
10/14/2027,Siyabalanduwa,4273.549466967583
10/15/2027,Siyabalanduwa,4218.021954655647
10/16/2027,Siyabalanduwa,4600.460198760033
10/17/2027,Siyabalanduwa,4619.695906221867
10/18/2027,Siyabalanduwa,4631.038057088852
10/19/2027,Siyabalanduwa,4960.452460408211
10/20/2027,Siyabalanduwa,5015.378898084164
10/21/2027,Siyabalanduwa,4857.692881345749
10/22/2027,Siyabalanduwa,5015.985249
10/23/2027,Siyabalanduwa,4984.744318008423
10/24/2027,Siyabalanduwa,5322.531115
10/25/2027,Siyabalanduwa,5410.281416296959
10/26/2027,Siyabalanduwa,5365.311184167862
10/27/2027,Siyabalanduwa,5446.408772051334
10/28/2027,Siyabalanduwa,4974.379188239574
10/29/2027,Siyabalanduwa,5192.915767431259
10/30/2027,Siyabalanduwa,5265.054836928844
10/31/2027,Siyabalanduwa,4362.98691
11/1/2027,Siyabalanduwa,4540.642939448357
11/2/2027,Siyabalanduwa,3700.602002054453
11/3/2027,Siyabalanduwa,3543.0109612643723
11/4/2027,Siyabalanduwa,3588.695491671562
11/5/2027,Siyabalanduwa,3962.829056441784
11/6/2027,Siyabalanduwa,4459.781472325325
11/7/2027,Siyabalanduwa,4754.457982838154
11/8/2027,Siyabalanduwa,4851.672901213169
11/9/2027,Siyabalanduwa,3942.0825278759007
11/10/2027,Siyabalanduwa,4530.636168003082
11/11/2027,Siyabalanduwa,4918.819137871265
11/12/2027,Siyabalanduwa,4584.233382105827
11/13/2027,Siyabalanduwa,3703.886806786061
11/14/2027,Siyabalanduwa,4524.628939270973
11/15/2027,Siyabalanduwa,4754.939458
11/16/2027,Siyabalanduwa,4192.604456186295
11/17/2027,Siyabalanduwa,3446.972249656916
11/18/2027,Siyabalanduwa,4093.908176839352
11/19/2027,Siyabalanduwa,4359.407724261284
11/20/2027,Siyabalanduwa,4741.816068530083
11/21/2027,Siyabalanduwa,4251.415673971176
11/22/2027,Siyabalanduwa,4207.647151
11/23/2027,Siyabalanduwa,3546.615430414677
11/24/2027,Siyabalanduwa,4154.198996782303
11/25/2027,Siyabalanduwa,3816.373506
11/26/2027,Siyabalanduwa,3800.010381162167
11/27/2027,Siyabalanduwa,3762.411777615548
11/28/2027,Siyabalanduwa,4056.277914643288
11/29/2027,Siyabalanduwa,4561.041662573814
11/30/2027,Siyabalanduwa,4595.796264111996
12/1/2027,Siyabalanduwa,4052.022464513779
12/2/2027,Siyabalanduwa,4623.569254040718
12/3/2027,Siyabalanduwa,4716.351082086563
12/4/2027,Siyabalanduwa,4821.234868586063
12/5/2027,Siyabalanduwa,4835.815875172615
12/6/2027,Siyabalanduwa,5030.306391000748
12/7/2027,Siyabalanduwa,5058.470717012882
12/8/2027,Siyabalanduwa,5165.472115397453
12/9/2027,Siyabalanduwa,5194.838150978088
12/10/2027,Siyabalanduwa,5139.170812964439
12/11/2027,Siyabalanduwa,4993.341839849949
12/12/2027,Siyabalanduwa,3477.8818642497067
12/13/2027,Siyabalanduwa,4273.549466967583
12/14/2027,Siyabalanduwa,4218.021954655647
12/15/2027,Siyabalanduwa,4600.460198760033
12/16/2027,Siyabalanduwa,4619.695906221867
12/17/2027,Siyabalanduwa,4631.038057088852
12/18/2027,Siyabalanduwa,4960.452460408211
12/19/2027,Siyabalanduwa,5015.378898084164
12/20/2027,Siyabalanduwa,4857.692881345749
12/21/2027,Siyabalanduwa,5015.985249
12/22/2027,Siyabalanduwa,4984.744318008423
12/23/2027,Siyabalanduwa,5322.531115
12/24/2027,Siyabalanduwa,5410.281416296959
12/25/2027,Siyabalanduwa,5365.311184167862
12/26/2027,Siyabalanduwa,5446.408772051334
12/27/2027,Siyabalanduwa,4974.379188239574
12/28/2027,Siyabalanduwa,5192.915767431259
12/29/2027,Siyabalanduwa,5265.054836928844
12/30/2027,Siyabalanduwa,4362.98691
12/31/2027,Siyabalanduwa,4540.642939448357
1/1/2025,Vavuniya,5302.642000734806
1/2/2025,Vavuniya,5131.146140813828
1/3/2025,Vavuniya,4719.399670779705
1/4/2025,Vavuniya,5168.982962191105
1/5/2025,Vavuniya,5296.031883776188
1/6/2025,Vavuniya,5300.176949322224
1/7/2025,Vavuniya,5405.905752897263
1/8/2025,Vavuniya,5417.574808120728
1/9/2025,Vavuniya,5434.739983201027
1/10/2025,Vavuniya,5467.596455931664
1/11/2025,Vavuniya,5586.893778562546
1/12/2025,Vavuniya,5457.405143201351
1/13/2025,Vavuniya,5227.828119814396
1/14/2025,Vavuniya,5496.543631970882
1/15/2025,Vavuniya,5523.016308665276
1/16/2025,Vavuniya,5486.337717890739
1/17/2025,Vavuniya,5536.695197
1/18/2025,Vavuniya,5563.175174117088
1/19/2025,Vavuniya,5569.252771258354
1/20/2025,Vavuniya,5558.464091539383
1/21/2025,Vavuniya,5437.101536810398
1/22/2025,Vavuniya,5489.837747335434
1/23/2025,Vavuniya,5335.784058690071
1/24/2025,Vavuniya,5442.711890757084
1/25/2025,Vavuniya,5459.116507291794
1/26/2025,Vavuniya,5268.556867361069
1/27/2025,Vavuniya,5445.733940720558
1/28/2025,Vavuniya,5406.637967646122
1/29/2025,Vavuniya,5123.283313930035
1/30/2025,Vavuniya,4958.714935600758
1/31/2025,Vavuniya,4864.070703804493
2/1/2025,Vavuniya,5087.067242383957
2/2/2025,Vavuniya,5091.646912813187
2/3/2025,Vavuniya,4872.484087467194
2/4/2025,Vavuniya,4795.172946274281
2/5/2025,Vavuniya,4345.430757820606
2/6/2025,Vavuniya,4430.548038303852
2/7/2025,Vavuniya,4343.214359
2/8/2025,Vavuniya,4373.933022141457
2/9/2025,Vavuniya,4331.617880880833
2/10/2025,Vavuniya,4394.809087336063
2/11/2025,Vavuniya,4199.354130148888
2/12/2025,Vavuniya,4428.272374987602
2/13/2025,Vavuniya,4112.282416045666
2/14/2025,Vavuniya,4441.928931593895
2/15/2025,Vavuniya,4363.367657184601
2/16/2025,Vavuniya,4661.0857446193695
2/17/2025,Vavuniya,4547.9562039375305
2/18/2025,Vavuniya,4453.750012636185
2/19/2025,Vavuniya,3918.951311081648
2/20/2025,Vavuniya,4187.134088695049
2/21/2025,Vavuniya,4409.0024582743645
2/22/2025,Vavuniya,4269.247356176376
2/23/2025,Vavuniya,4443.459067165852
2/24/2025,Vavuniya,4564.438551187515
2/25/2025,Vavuniya,4599.443569600582
2/26/2025,Vavuniya,4390.123771846294
2/27/2025,Vavuniya,2922.379552990198
2/28/2025,Vavuniya,4332.493102967739
3/1/2025,Vavuniya,4128.713229119778
3/2/2025,Vavuniya,4642.053744018078
3/3/2025,Vavuniya,4787.592269003391
3/4/2025,Vavuniya,4553.941039562225
3/5/2025,Vavuniya,4332.9697940945625
3/6/2025,Vavuniya,4448.956045925617
3/7/2025,Vavuniya,4565.210704922676
3/8/2025,Vavuniya,4554.817979454994
3/9/2025,Vavuniya,4428.142251193523
3/10/2025,Vavuniya,4536.300032258034
3/11/2025,Vavuniya,4502.217476
3/12/2025,Vavuniya,4020.0549223721023
3/13/2025,Vavuniya,4344.169029414654
3/14/2025,Vavuniya,4350.262945711613
3/15/2025,Vavuniya,4080.172115
3/16/2025,Vavuniya,4177.354619920254
3/17/2025,Vavuniya,4154.415040433407
3/18/2025,Vavuniya,4076.981935024261
3/19/2025,Vavuniya,3389.7427792549133
3/20/2025,Vavuniya,3963.9498798251143
3/21/2025,Vavuniya,4173.333236396313
3/22/2025,Vavuniya,4225.875764
3/23/2025,Vavuniya,3908.243153512477
3/24/2025,Vavuniya,3359.243995070457
3/25/2025,Vavuniya,3889.673672139644
3/26/2025,Vavuniya,4154.388843894005
3/27/2025,Vavuniya,4355.914956450462
3/28/2025,Vavuniya,4098.036222577095
3/29/2025,Vavuniya,4368.296901106834
3/30/2025,Vavuniya,4303.983967423439
3/31/2025,Vavuniya,4185.968986868858
4/1/2025,Vavuniya,4205.457494
4/2/2025,Vavuniya,4179.268685102463
4/3/2025,Vavuniya,3813.9538633525367
4/4/2025,Vavuniya,4188.92576
4/5/2025,Vavuniya,4175.038158714771
4/6/2025,Vavuniya,4253.757041811943
4/7/2025,Vavuniya,3669.426696568727
4/8/2025,Vavuniya,3106.242112
4/9/2025,Vavuniya,3960.711816
4/10/2025,Vavuniya,3966.664013087749
4/11/2025,Vavuniya,4121.732495546341
4/12/2025,Vavuniya,4150.215864002705
4/13/2025,Vavuniya,4255.430184721947
4/14/2025,Vavuniya,4280.935736715794
4/15/2025,Vavuniya,4320.738157451153
4/16/2025,Vavuniya,3453.7237469553947
4/17/2025,Vavuniya,3639.193313390017
4/18/2025,Vavuniya,4244.884574532509
4/19/2025,Vavuniya,4508.311391890049
4/20/2025,Vavuniya,4649.325645685196
4/21/2025,Vavuniya,4682.590097308159
4/22/2025,Vavuniya,4613.246998608112
4/23/2025,Vavuniya,4494.893610298634
4/24/2025,Vavuniya,4404.318860590458
4/25/2025,Vavuniya,4385.7528148293495
4/26/2025,Vavuniya,3909.890314608812
4/27/2025,Vavuniya,4189.075638771057
4/28/2025,Vavuniya,4246.880235493183
4/29/2025,Vavuniya,4214.559288740158
4/30/2025,Vavuniya,4149.461317777634
5/1/2025,Vavuniya,4410.9186707139015
5/2/2025,Vavuniya,4562.097611248493
5/3/2025,Vavuniya,4472.559557378292
5/4/2025,Vavuniya,4956.341786801815
5/5/2025,Vavuniya,5109.289208471775
5/6/2025,Vavuniya,5167.653380453587
5/7/2025,Vavuniya,5299.867744266987
5/8/2025,Vavuniya,5325.186484873295
5/9/2025,Vavuniya,5357.032028853893
5/10/2025,Vavuniya,5402.769468843937
5/11/2025,Vavuniya,5531.3060103058815
5/12/2025,Vavuniya,5412.018565058708
5/13/2025,Vavuniya,5191.141369462013
5/14/2025,Vavuniya,5462.963533520699
5/15/2025,Vavuniya,5493.121333241463
5/16/2025,Vavuniya,5461.817327558994
5/17/2025,Vavuniya,5515.582074344158
5/18/2025,Vavuniya,5544.831584215164
5/19/2025,Vavuniya,5553.8895745277405
5/20/2025,Vavuniya,5545.599872887135
5/21/2025,Vavuniya,5426.393593966961
5/22/2025,Vavuniya,5480.517362177372
5/23/2025,Vavuniya,5327.833623707295
5/24/2025,Vavuniya,5435.789563
5/25/2025,Vavuniya,5453.063388884068
5/26/2025,Vavuniya,5263.525843441486
5/27/2025,Vavuniya,5441.317891299725
5/28/2025,Vavuniya,5402.832168757916
5/29/2025,Vavuniya,5120.257399
5/30/2025,Vavuniya,4956.167858958244
5/31/2025,Vavuniya,4861.870194494724
6/1/2025,Vavuniya,5085.132134079933
6/2/2025,Vavuniya,5090.011561632156
6/3/2025,Vavuniya,4871.173401594162
6/4/2025,Vavuniya,4794.049501240253
6/5/2025,Vavuniya,4344.527621388435
6/6/2025,Vavuniya,4429.8171119093895
6/7/2025,Vavuniya,4342.63374
6/8/2025,Vavuniya,4373.485963
6/9/2025,Vavuniya,4331.269166
6/10/2025,Vavuniya,4394.535526752472
6/11/2025,Vavuniya,4199.146275639534
6/12/2025,Vavuniya,4428.101453304291
6/13/2025,Vavuniya,4112.160881280899
6/14/2025,Vavuniya,4441.8365995287895
6/15/2025,Vavuniya,4363.292503
6/16/2025,Vavuniya,4661.0234741568565
6/17/2025,Vavuniya,4547.907246470451
6/18/2025,Vavuniya,4453.712220907211
6/19/2025,Vavuniya,3918.923396736383
6/20/2025,Vavuniya,4187.111757218838
6/21/2025,Vavuniya,4408.983562409878
6/22/2025,Vavuniya,4269.234043180943
6/23/2025,Vavuniya,4443.449189782143
6/24/2025,Vavuniya,4564.429962158203
6/25/2025,Vavuniya,4599.436698377132
6/26/2025,Vavuniya,4390.118618428707
6/27/2025,Vavuniya,2922.3769762814045
6/28/2025,Vavuniya,4332.490955710411
6/29/2025,Vavuniya,4128.711940765381
6/30/2025,Vavuniya,4642.052455663681
7/1/2025,Vavuniya,4787.590980648994
7/2/2025,Vavuniya,4553.940180659294
7/3/2025,Vavuniya,4332.969364643097
7/4/2025,Vavuniya,4448.955616474152
7/5/2025,Vavuniya,4565.209846019745
7/6/2025,Vavuniya,4554.817120552063
7/7/2025,Vavuniya,4428.141392290592
7/8/2025,Vavuniya,4536.299173355103
7/9/2025,Vavuniya,4502.216616690159
7/10/2025,Vavuniya,4020.0547076463695
7/11/2025,Vavuniya,4344.168599963188
7/12/2025,Vavuniya,4350.262945711613
7/13/2025,Vavuniya,4080.172115
7/14/2025,Vavuniya,4177.354619920254
7/15/2025,Vavuniya,4154.415469884872
7/16/2025,Vavuniya,4076.981935024261
7/17/2025,Vavuniya,3389.7425645291805
7/18/2025,Vavuniya,3963.9498798251143
7/19/2025,Vavuniya,4173.333236396313
7/20/2025,Vavuniya,4225.875764
7/21/2025,Vavuniya,3908.243153512477
7/22/2025,Vavuniya,3359.243995070457
7/23/2025,Vavuniya,3889.673886865377
7/24/2025,Vavuniya,4154.388843894005
7/25/2025,Vavuniya,4355.914956450462
7/26/2025,Vavuniya,4098.036222577095
7/27/2025,Vavuniya,4368.296901106834
7/28/2025,Vavuniya,4303.983967423439
7/29/2025,Vavuniya,4185.968986868858
7/30/2025,Vavuniya,4205.457494
7/31/2025,Vavuniya,4179.268685102463
8/1/2025,Vavuniya,3813.9540780782695
8/2/2025,Vavuniya,4188.926189661026
8/3/2025,Vavuniya,4175.038588166237
8/4/2025,Vavuniya,4253.757041811943
8/5/2025,Vavuniya,3669.426481842994
8/6/2025,Vavuniya,3106.242112
8/7/2025,Vavuniya,3960.711816
8/8/2025,Vavuniya,3966.664013087749
8/9/2025,Vavuniya,4121.732495546341
8/10/2025,Vavuniya,4150.215864002705
8/11/2025,Vavuniya,4255.430184721947
8/12/2025,Vavuniya,4280.935736715794
8/13/2025,Vavuniya,4320.738157451153
8/14/2025,Vavuniya,3453.7237469553947
8/15/2025,Vavuniya,3639.193528115749
8/16/2025,Vavuniya,4244.884574532509
8/17/2025,Vavuniya,4508.311391890049
8/18/2025,Vavuniya,4649.325645685196
8/19/2025,Vavuniya,4682.590097308159
8/20/2025,Vavuniya,4613.246998608112
8/21/2025,Vavuniya,4494.893610298634
8/22/2025,Vavuniya,4404.318860590458
8/23/2025,Vavuniya,4385.7528148293495
8/24/2025,Vavuniya,3909.890314608812
8/25/2025,Vavuniya,4189.075638771057
8/26/2025,Vavuniya,4246.880235493183
8/27/2025,Vavuniya,4214.559288740158
8/28/2025,Vavuniya,4149.461317777634
8/29/2025,Vavuniya,4410.9186707139015
8/30/2025,Vavuniya,4562.097611248493
8/31/2025,Vavuniya,4472.559557378292
9/1/2025,Vavuniya,4956.341786801815
9/2/2025,Vavuniya,5109.289208471775
9/3/2025,Vavuniya,5167.653380453587
9/4/2025,Vavuniya,5299.867744266987
9/5/2025,Vavuniya,5325.186484873295
9/6/2025,Vavuniya,5357.032028853893
9/7/2025,Vavuniya,5402.769468843937
9/8/2025,Vavuniya,5531.3060103058815
9/9/2025,Vavuniya,5412.018565058708
9/10/2025,Vavuniya,5191.141369462013
9/11/2025,Vavuniya,5462.963533520699
9/12/2025,Vavuniya,5493.121333241463
9/13/2025,Vavuniya,5461.817327558994
9/14/2025,Vavuniya,5515.582074344158
9/15/2025,Vavuniya,5544.831584215164
9/16/2025,Vavuniya,5553.8895745277405
9/17/2025,Vavuniya,5545.599872887135
9/18/2025,Vavuniya,5426.393593966961
9/19/2025,Vavuniya,5480.517362177372
9/20/2025,Vavuniya,5327.833194255829
9/21/2025,Vavuniya,5435.789563
9/22/2025,Vavuniya,5453.062959432602
9/23/2025,Vavuniya,5263.525843441486
9/24/2025,Vavuniya,5441.317891299725
9/25/2025,Vavuniya,5402.832168757916
9/26/2025,Vavuniya,5120.257399
9/27/2025,Vavuniya,4956.167858958244
9/28/2025,Vavuniya,4861.870194494724
9/29/2025,Vavuniya,5085.132134079933
9/30/2025,Vavuniya,5090.011561632156
10/1/2025,Vavuniya,4871.173401594162
10/2/2025,Vavuniya,4794.049501240253
10/3/2025,Vavuniya,4344.527621388435
10/4/2025,Vavuniya,4429.8171119093895
10/5/2025,Vavuniya,4342.63374
10/6/2025,Vavuniya,4373.485963
10/7/2025,Vavuniya,4331.269166
10/8/2025,Vavuniya,4394.535526752472
10/9/2025,Vavuniya,4199.146275639534
10/10/2025,Vavuniya,4428.101453304291
10/11/2025,Vavuniya,4112.160881280899
10/12/2025,Vavuniya,4441.8365995287895
10/13/2025,Vavuniya,4363.292503
10/14/2025,Vavuniya,4661.0234741568565
10/15/2025,Vavuniya,4547.907246470451
10/16/2025,Vavuniya,4453.712220907211
10/17/2025,Vavuniya,3918.923396736383
10/18/2025,Vavuniya,4187.111757218838
10/19/2025,Vavuniya,4408.983562409878
10/20/2025,Vavuniya,4269.234043180943
10/21/2025,Vavuniya,4443.449189782143
10/22/2025,Vavuniya,4564.429962158203
10/23/2025,Vavuniya,4599.436698377132
10/24/2025,Vavuniya,4390.118618428707
10/25/2025,Vavuniya,2922.3769762814045
10/26/2025,Vavuniya,4332.490955710411
10/27/2025,Vavuniya,4128.711511313915
10/28/2025,Vavuniya,4642.052026212215
10/29/2025,Vavuniya,4787.590551197529
10/30/2025,Vavuniya,4553.940180659294
10/31/2025,Vavuniya,4332.969364643097
11/1/2025,Vavuniya,4448.955616474152
11/2/2025,Vavuniya,4565.209846019745
11/3/2025,Vavuniya,4554.817120552063
11/4/2025,Vavuniya,4428.141392290592
11/5/2025,Vavuniya,4536.299173355103
11/6/2025,Vavuniya,4502.217046141624
11/7/2025,Vavuniya,4020.0547076463695
11/8/2025,Vavuniya,4344.168599963188
11/9/2025,Vavuniya,4350.262945711613
11/10/2025,Vavuniya,4080.172115
11/11/2025,Vavuniya,4177.354619920254
11/12/2025,Vavuniya,4154.415469884872
11/13/2025,Vavuniya,4076.982149749994
11/14/2025,Vavuniya,3389.7427792549133
11/15/2025,Vavuniya,3963.9498798251143
11/16/2025,Vavuniya,4173.333236396313
11/17/2025,Vavuniya,4225.875764
11/18/2025,Vavuniya,3908.243153512477
11/19/2025,Vavuniya,3359.243995070457
11/20/2025,Vavuniya,3889.673672139644
11/21/2025,Vavuniya,4154.388843894005
11/22/2025,Vavuniya,4355.914956450462
11/23/2025,Vavuniya,4098.036222577095
11/24/2025,Vavuniya,4368.296901106834
11/25/2025,Vavuniya,4303.983967423439
11/26/2025,Vavuniya,4185.968986868858
11/27/2025,Vavuniya,4205.457494
11/28/2025,Vavuniya,4179.268685102463
11/29/2025,Vavuniya,3813.9540780782695
11/30/2025,Vavuniya,4188.926189661026
12/1/2025,Vavuniya,4175.038588166237
12/2/2025,Vavuniya,4253.757041811943
12/3/2025,Vavuniya,3669.426481842994
12/4/2025,Vavuniya,3106.242112
12/5/2025,Vavuniya,3960.711816
12/6/2025,Vavuniya,3966.664013087749
12/7/2025,Vavuniya,4121.732495546341
12/8/2025,Vavuniya,4150.215864002705
12/9/2025,Vavuniya,4255.430184721947
12/10/2025,Vavuniya,4280.935736715794
12/11/2025,Vavuniya,4320.738157451153
12/12/2025,Vavuniya,3453.7237469553947
12/13/2025,Vavuniya,3639.193313390017
12/14/2025,Vavuniya,4244.884574532509
12/15/2025,Vavuniya,4508.311391890049
12/16/2025,Vavuniya,4649.325645685196
12/17/2025,Vavuniya,4682.590097308159
12/18/2025,Vavuniya,4613.246998608112
12/19/2025,Vavuniya,4494.893610298634
12/20/2025,Vavuniya,4404.318860590458
12/21/2025,Vavuniya,4385.7528148293495
12/22/2025,Vavuniya,3909.890314608812
12/23/2025,Vavuniya,4189.075638771057
12/24/2025,Vavuniya,4246.880235493183
12/25/2025,Vavuniya,4214.559288740158
12/26/2025,Vavuniya,4149.461317777634
12/27/2025,Vavuniya,4410.9186707139015
12/28/2025,Vavuniya,4562.097611248493
12/29/2025,Vavuniya,4472.559557378292
12/30/2025,Vavuniya,4956.341786801815
12/31/2025,Vavuniya,5109.289208471775
1/1/2026,Vavuniya,5167.653380453587
1/2/2026,Vavuniya,5299.867744266987
1/3/2026,Vavuniya,5325.186484873295
1/4/2026,Vavuniya,5357.032028853893
1/5/2026,Vavuniya,5402.769468843937
1/6/2026,Vavuniya,5531.3060103058815
1/7/2026,Vavuniya,5412.018565058708
1/8/2026,Vavuniya,5191.141369462013
1/9/2026,Vavuniya,5462.963533520699
1/10/2026,Vavuniya,5493.121333241463
1/11/2026,Vavuniya,5461.817327558994
1/12/2026,Vavuniya,5515.582074344158
1/13/2026,Vavuniya,5544.831584215164
1/14/2026,Vavuniya,5553.8895745277405
1/15/2026,Vavuniya,5545.599872887135
1/16/2026,Vavuniya,5426.393593966961
1/17/2026,Vavuniya,5480.517362177372
1/18/2026,Vavuniya,5327.833194255829
1/19/2026,Vavuniya,5435.789563
1/20/2026,Vavuniya,5453.062959432602
1/21/2026,Vavuniya,5263.525843441486
1/22/2026,Vavuniya,5441.317891299725
1/23/2026,Vavuniya,5402.832168757916
1/24/2026,Vavuniya,5120.257399
1/25/2026,Vavuniya,4956.167858958244
1/26/2026,Vavuniya,4861.870194494724
1/27/2026,Vavuniya,5085.132134079933
1/28/2026,Vavuniya,5090.011561632156
1/29/2026,Vavuniya,4871.173401594162
1/30/2026,Vavuniya,4794.049501240253
1/31/2026,Vavuniya,4344.527621388435
2/1/2026,Vavuniya,4429.8171119093895
2/2/2026,Vavuniya,4342.63374
2/3/2026,Vavuniya,4373.485963
2/4/2026,Vavuniya,4331.269166
2/5/2026,Vavuniya,4394.535526752472
2/6/2026,Vavuniya,4199.146275639534
2/7/2026,Vavuniya,4428.101453304291
2/8/2026,Vavuniya,4112.160881280899
2/9/2026,Vavuniya,4441.8365995287895
2/10/2026,Vavuniya,4363.292503
2/11/2026,Vavuniya,4661.0234741568565
2/12/2026,Vavuniya,4547.907246470451
2/13/2026,Vavuniya,4453.712220907211
2/14/2026,Vavuniya,3918.923396736383
2/15/2026,Vavuniya,4187.111757218838
2/16/2026,Vavuniya,4408.983562409878
2/17/2026,Vavuniya,4269.234043180943
2/18/2026,Vavuniya,4443.449189782143
2/19/2026,Vavuniya,4564.429962158203
2/20/2026,Vavuniya,4599.436698377132
2/21/2026,Vavuniya,4390.118618428707
2/22/2026,Vavuniya,2922.3769762814045
2/23/2026,Vavuniya,4332.490955710411
2/24/2026,Vavuniya,4128.711511313915
2/25/2026,Vavuniya,4642.052026212215
2/26/2026,Vavuniya,4787.590551197529
2/27/2026,Vavuniya,4553.940180659294
2/28/2026,Vavuniya,4332.969364643097
3/1/2026,Vavuniya,4448.955616474152
3/2/2026,Vavuniya,4565.209846019745
3/3/2026,Vavuniya,4554.817120552063
3/4/2026,Vavuniya,4428.141392290592
3/5/2026,Vavuniya,4536.299173355103
3/6/2026,Vavuniya,4502.216616690159
3/7/2026,Vavuniya,4020.0547076463695
3/8/2026,Vavuniya,4344.168599963188
3/9/2026,Vavuniya,4350.262945711613
3/10/2026,Vavuniya,4080.172115
3/11/2026,Vavuniya,4177.354619920254
3/12/2026,Vavuniya,4154.415040433407
3/13/2026,Vavuniya,4076.981935024261
3/14/2026,Vavuniya,3389.7427792549133
3/15/2026,Vavuniya,3963.9498798251143
3/16/2026,Vavuniya,4173.333236396313
3/17/2026,Vavuniya,4225.875764
3/18/2026,Vavuniya,3908.243153512477
3/19/2026,Vavuniya,3359.243995070457
3/20/2026,Vavuniya,3889.673672139644
3/21/2026,Vavuniya,4154.388843894005
3/22/2026,Vavuniya,4355.914956450462
3/23/2026,Vavuniya,4098.036222577095
3/24/2026,Vavuniya,4368.296901106834
3/25/2026,Vavuniya,4303.983967423439
3/26/2026,Vavuniya,4185.968986868858
3/27/2026,Vavuniya,4205.457494
3/28/2026,Vavuniya,4179.268685102463
3/29/2026,Vavuniya,3813.9540780782695
3/30/2026,Vavuniya,4188.926189661026
3/31/2026,Vavuniya,4175.038588166237
4/1/2026,Vavuniya,4253.757041811943
4/2/2026,Vavuniya,3669.426481842994
4/3/2026,Vavuniya,3106.242112
4/4/2026,Vavuniya,3960.711816
4/5/2026,Vavuniya,3966.664013087749
4/6/2026,Vavuniya,4121.732495546341
4/7/2026,Vavuniya,4150.215864002705
4/8/2026,Vavuniya,4255.430184721947
4/9/2026,Vavuniya,4280.935736715794
4/10/2026,Vavuniya,4320.738157451153
4/11/2026,Vavuniya,3453.7237469553947
4/12/2026,Vavuniya,3639.193313390017
4/13/2026,Vavuniya,4244.884574532509
4/14/2026,Vavuniya,4508.311391890049
4/15/2026,Vavuniya,4649.325645685196
4/16/2026,Vavuniya,4682.590097308159
4/17/2026,Vavuniya,4613.246998608112
4/18/2026,Vavuniya,4494.893610298634
4/19/2026,Vavuniya,4404.318860590458
4/20/2026,Vavuniya,4385.7528148293495
4/21/2026,Vavuniya,3909.890314608812
4/22/2026,Vavuniya,4189.075638771057
4/23/2026,Vavuniya,4246.880235493183
4/24/2026,Vavuniya,4214.559288740158
4/25/2026,Vavuniya,4149.461317777634
4/26/2026,Vavuniya,4410.9186707139015
4/27/2026,Vavuniya,4562.097611248493
4/28/2026,Vavuniya,4472.559557378292
4/29/2026,Vavuniya,4956.341786801815
4/30/2026,Vavuniya,5109.289208471775
5/1/2026,Vavuniya,5167.653380453587
5/2/2026,Vavuniya,5299.867744266987
5/3/2026,Vavuniya,5325.186484873295
5/4/2026,Vavuniya,5357.032028853893
5/5/2026,Vavuniya,5402.769468843937
5/6/2026,Vavuniya,5531.3060103058815
5/7/2026,Vavuniya,5412.018565058708
5/8/2026,Vavuniya,5191.141369462013
5/9/2026,Vavuniya,5462.963533520699
5/10/2026,Vavuniya,5493.121333241463
5/11/2026,Vavuniya,5461.817327558994
5/12/2026,Vavuniya,5515.582074344158
5/13/2026,Vavuniya,5544.831584215164
5/14/2026,Vavuniya,5553.8895745277405
5/15/2026,Vavuniya,5545.599872887135
5/16/2026,Vavuniya,5426.393593966961
5/17/2026,Vavuniya,5480.517362177372
5/18/2026,Vavuniya,5327.833194255829
5/19/2026,Vavuniya,5435.789563
5/20/2026,Vavuniya,5453.062959432602
5/21/2026,Vavuniya,5263.525843441486
5/22/2026,Vavuniya,5441.317891299725
5/23/2026,Vavuniya,5402.832168757916
5/24/2026,Vavuniya,5120.256969451904
5/25/2026,Vavuniya,4956.167858958244
5/26/2026,Vavuniya,4861.870194494724
5/27/2026,Vavuniya,5085.132134079933
5/28/2026,Vavuniya,5090.011561632156
5/29/2026,Vavuniya,4871.173401594162
5/30/2026,Vavuniya,4794.049501240253
5/31/2026,Vavuniya,4344.527621388435
6/1/2026,Vavuniya,4429.8171119093895
6/2/2026,Vavuniya,4342.63374
6/3/2026,Vavuniya,4373.485963
6/4/2026,Vavuniya,4331.269166
6/5/2026,Vavuniya,4394.535526752472
6/6/2026,Vavuniya,4199.146275639534
6/7/2026,Vavuniya,4428.101453304291
6/8/2026,Vavuniya,4112.160881280899
6/9/2026,Vavuniya,4441.8365995287895
6/10/2026,Vavuniya,4363.292503
6/11/2026,Vavuniya,4661.0234741568565
6/12/2026,Vavuniya,4547.907246470451
6/13/2026,Vavuniya,4453.712220907211
6/14/2026,Vavuniya,3918.923396736383
6/15/2026,Vavuniya,4187.111757218838
6/16/2026,Vavuniya,4408.983562409878
6/17/2026,Vavuniya,4269.234043180943
6/18/2026,Vavuniya,4443.449189782143
6/19/2026,Vavuniya,4564.429962158203
6/20/2026,Vavuniya,4599.436698377132
6/21/2026,Vavuniya,4390.118618428707
6/22/2026,Vavuniya,2922.3769762814045
6/23/2026,Vavuniya,4332.490955710411
6/24/2026,Vavuniya,4128.711511313915
6/25/2026,Vavuniya,4642.052026212215
6/26/2026,Vavuniya,4787.590551197529
6/27/2026,Vavuniya,4553.940180659294
6/28/2026,Vavuniya,4332.969364643097
6/29/2026,Vavuniya,4448.955616474152
6/30/2026,Vavuniya,4565.209846019745
7/1/2026,Vavuniya,4554.817120552063
7/2/2026,Vavuniya,4428.141392290592
7/3/2026,Vavuniya,4536.299173355103
7/4/2026,Vavuniya,4502.217046141624
7/5/2026,Vavuniya,4020.0547076463695
7/6/2026,Vavuniya,4344.168599963188
7/7/2026,Vavuniya,4350.262945711613
7/8/2026,Vavuniya,4080.172115
7/9/2026,Vavuniya,4177.354619920254
7/10/2026,Vavuniya,4154.415040433407
7/11/2026,Vavuniya,4076.981935024261
7/12/2026,Vavuniya,3389.7427792549133
7/13/2026,Vavuniya,3963.9498798251143
7/14/2026,Vavuniya,4173.333236396313
7/15/2026,Vavuniya,4225.875764
7/16/2026,Vavuniya,3908.243153512477
7/17/2026,Vavuniya,3359.243995070457
7/18/2026,Vavuniya,3889.673672139644
7/19/2026,Vavuniya,4154.388843894005
7/20/2026,Vavuniya,4355.914956450462
7/21/2026,Vavuniya,4098.036222577095
7/22/2026,Vavuniya,4368.296901106834
7/23/2026,Vavuniya,4303.983967423439
7/24/2026,Vavuniya,4185.968986868858
7/25/2026,Vavuniya,4205.457494
7/26/2026,Vavuniya,4179.268685102463
7/27/2026,Vavuniya,3813.9540780782695
7/28/2026,Vavuniya,4188.926189661026
7/29/2026,Vavuniya,4175.038588166237
7/30/2026,Vavuniya,4253.757041811943
7/31/2026,Vavuniya,3669.426696568727
8/1/2026,Vavuniya,3106.242112
8/2/2026,Vavuniya,3960.711816
8/3/2026,Vavuniya,3966.664013087749
8/4/2026,Vavuniya,4121.732495546341
8/5/2026,Vavuniya,4150.215864002705
8/6/2026,Vavuniya,4255.430184721947
8/7/2026,Vavuniya,4280.935736715794
8/8/2026,Vavuniya,4320.738157451153
8/9/2026,Vavuniya,3453.7237469553947
8/10/2026,Vavuniya,3639.193528115749
8/11/2026,Vavuniya,4244.884574532509
8/12/2026,Vavuniya,4508.311391890049
8/13/2026,Vavuniya,4649.325645685196
8/14/2026,Vavuniya,4682.590097308159
8/15/2026,Vavuniya,4613.246998608112
8/16/2026,Vavuniya,4494.893610298634
8/17/2026,Vavuniya,4404.318860590458
8/18/2026,Vavuniya,4385.7528148293495
8/19/2026,Vavuniya,3909.890314608812
8/20/2026,Vavuniya,4189.075638771057
8/21/2026,Vavuniya,4246.880235493183
8/22/2026,Vavuniya,4214.559288740158
8/23/2026,Vavuniya,4149.461317777634
8/24/2026,Vavuniya,4410.9186707139015
8/25/2026,Vavuniya,4562.097611248493
8/26/2026,Vavuniya,4472.559557378292
8/27/2026,Vavuniya,4956.341786801815
8/28/2026,Vavuniya,5109.289208471775
8/29/2026,Vavuniya,5167.653380453587
8/30/2026,Vavuniya,5299.867744266987
8/31/2026,Vavuniya,5325.186484873295
9/1/2026,Vavuniya,5357.032028853893
9/2/2026,Vavuniya,5402.769468843937
9/3/2026,Vavuniya,5531.3060103058815
9/4/2026,Vavuniya,5412.018565058708
9/5/2026,Vavuniya,5191.141369462013
9/6/2026,Vavuniya,5462.963533520699
9/7/2026,Vavuniya,5493.121333241463
9/8/2026,Vavuniya,5461.817327558994
9/9/2026,Vavuniya,5515.582074344158
9/10/2026,Vavuniya,5544.831584215164
9/11/2026,Vavuniya,5553.8895745277405
9/12/2026,Vavuniya,5545.599872887135
9/13/2026,Vavuniya,5426.393593966961
9/14/2026,Vavuniya,5480.517362177372
9/15/2026,Vavuniya,5327.833194255829
9/16/2026,Vavuniya,5435.789563
9/17/2026,Vavuniya,5453.062959432602
9/18/2026,Vavuniya,5263.525843441486
9/19/2026,Vavuniya,5441.317891299725
9/20/2026,Vavuniya,5402.832168757916
9/21/2026,Vavuniya,5120.257399
9/22/2026,Vavuniya,4956.167858958244
9/23/2026,Vavuniya,4861.870194494724
9/24/2026,Vavuniya,5085.132134079933
9/25/2026,Vavuniya,5090.011561632156
9/26/2026,Vavuniya,4871.173401594162
9/27/2026,Vavuniya,4794.049501240253
9/28/2026,Vavuniya,4344.527621388435
9/29/2026,Vavuniya,4429.8171119093895
9/30/2026,Vavuniya,4342.63374
10/1/2026,Vavuniya,4373.485963
10/2/2026,Vavuniya,4331.269166
10/3/2026,Vavuniya,4394.535526752472
10/4/2026,Vavuniya,4199.146275639534
10/5/2026,Vavuniya,4428.101453304291
10/6/2026,Vavuniya,4112.160881280899
10/7/2026,Vavuniya,4441.8365995287895
10/8/2026,Vavuniya,4363.292503
10/9/2026,Vavuniya,4661.0234741568565
10/10/2026,Vavuniya,4547.907246470451
10/11/2026,Vavuniya,4453.712220907211
10/12/2026,Vavuniya,3918.923396736383
10/13/2026,Vavuniya,4187.111757218838
10/14/2026,Vavuniya,4408.983562409878
10/15/2026,Vavuniya,4269.234043180943
10/16/2026,Vavuniya,4443.449189782143
10/17/2026,Vavuniya,4564.429962158203
10/18/2026,Vavuniya,4599.436698377132
10/19/2026,Vavuniya,4390.118618428707
10/20/2026,Vavuniya,2922.3769762814045
10/21/2026,Vavuniya,4332.490955710411
10/22/2026,Vavuniya,4128.711511313915
10/23/2026,Vavuniya,4642.052026212215
10/24/2026,Vavuniya,4787.590551197529
10/25/2026,Vavuniya,4553.940180659294
10/26/2026,Vavuniya,4332.969364643097
10/27/2026,Vavuniya,4448.955616474152
10/28/2026,Vavuniya,4565.209846019745
10/29/2026,Vavuniya,4554.817120552063
10/30/2026,Vavuniya,4428.141392290592
10/31/2026,Vavuniya,4536.299173355103
11/1/2026,Vavuniya,4502.216616690159
11/2/2026,Vavuniya,4020.0547076463695
11/3/2026,Vavuniya,4344.168599963188
11/4/2026,Vavuniya,4350.262945711613
11/5/2026,Vavuniya,4080.172115
11/6/2026,Vavuniya,4177.354619920254
11/7/2026,Vavuniya,4154.415469884872
11/8/2026,Vavuniya,4076.981935024261
11/9/2026,Vavuniya,3389.7425645291805
11/10/2026,Vavuniya,3963.9498798251143
11/11/2026,Vavuniya,4173.333236396313
11/12/2026,Vavuniya,4225.875764
11/13/2026,Vavuniya,3908.243153512477
11/14/2026,Vavuniya,3359.243995070457
11/15/2026,Vavuniya,3889.673672139644
11/16/2026,Vavuniya,4154.388843894005
11/17/2026,Vavuniya,4355.914956450462
11/18/2026,Vavuniya,4098.036222577095
11/19/2026,Vavuniya,4368.296901106834
11/20/2026,Vavuniya,4303.983967423439
11/21/2026,Vavuniya,4185.968986868858
11/22/2026,Vavuniya,4205.457494
11/23/2026,Vavuniya,4179.268685102463
11/24/2026,Vavuniya,3813.9538633525367
11/25/2026,Vavuniya,4188.92576
11/26/2026,Vavuniya,4175.038158714771
11/27/2026,Vavuniya,4253.756612360477
11/28/2026,Vavuniya,3669.426481842994
11/29/2026,Vavuniya,3106.242112
11/30/2026,Vavuniya,3960.711816
12/1/2026,Vavuniya,3966.664013087749
12/2/2026,Vavuniya,4121.732495546341
12/3/2026,Vavuniya,4150.215864002705
12/4/2026,Vavuniya,4255.430184721947
12/5/2026,Vavuniya,4280.935736715794
12/6/2026,Vavuniya,4320.738157451153
12/7/2026,Vavuniya,3453.7237469553947
12/8/2026,Vavuniya,3639.193528115749
12/9/2026,Vavuniya,4244.884574532509
12/10/2026,Vavuniya,4508.311391890049
12/11/2026,Vavuniya,4649.325645685196
12/12/2026,Vavuniya,4682.590097308159
12/13/2026,Vavuniya,4613.246998608112
12/14/2026,Vavuniya,4494.893610298634
12/15/2026,Vavuniya,4404.318860590458
12/16/2026,Vavuniya,4385.7528148293495
12/17/2026,Vavuniya,3909.890314608812
12/18/2026,Vavuniya,4189.075638771057
12/19/2026,Vavuniya,4246.880235493183
12/20/2026,Vavuniya,4214.559288740158
12/21/2026,Vavuniya,4149.461317777634
12/22/2026,Vavuniya,4410.9186707139015
12/23/2026,Vavuniya,4562.097611248493
12/24/2026,Vavuniya,4472.559557378292
12/25/2026,Vavuniya,4956.341786801815
12/26/2026,Vavuniya,5109.289208471775
12/27/2026,Vavuniya,5167.653380453587
12/28/2026,Vavuniya,5299.867744266987
12/29/2026,Vavuniya,5325.186484873295
12/30/2026,Vavuniya,5357.032028853893
12/31/2026,Vavuniya,5402.769468843937
1/1/2027,Vavuniya,5531.3060103058815
1/2/2027,Vavuniya,5412.018565058708
1/3/2027,Vavuniya,5191.141369462013
1/4/2027,Vavuniya,5462.963533520699
1/5/2027,Vavuniya,5493.121333241463
1/6/2027,Vavuniya,5461.817327558994
1/7/2027,Vavuniya,5515.582074344158
1/8/2027,Vavuniya,5544.831584215164
1/9/2027,Vavuniya,5553.8895745277405
1/10/2027,Vavuniya,5545.599872887135
1/11/2027,Vavuniya,5426.393593966961
1/12/2027,Vavuniya,5480.517362177372
1/13/2027,Vavuniya,5327.833194255829
1/14/2027,Vavuniya,5435.789563
1/15/2027,Vavuniya,5453.062959432602
1/16/2027,Vavuniya,5263.525843441486
1/17/2027,Vavuniya,5441.317891299725
1/18/2027,Vavuniya,5402.832168757916
1/19/2027,Vavuniya,5120.257399
1/20/2027,Vavuniya,4956.167858958244
1/21/2027,Vavuniya,4861.870194494724
1/22/2027,Vavuniya,5085.132134079933
1/23/2027,Vavuniya,5090.011561632156
1/24/2027,Vavuniya,4871.173401594162
1/25/2027,Vavuniya,4794.049501240253
1/26/2027,Vavuniya,4344.527621388435
1/27/2027,Vavuniya,4429.8171119093895
1/28/2027,Vavuniya,4342.63374
1/29/2027,Vavuniya,4373.485963
1/30/2027,Vavuniya,4331.269166
1/31/2027,Vavuniya,4394.535526752472
2/1/2027,Vavuniya,4199.146275639534
2/2/2027,Vavuniya,4428.101453304291
2/3/2027,Vavuniya,4112.160881280899
2/4/2027,Vavuniya,4441.8365995287895
2/5/2027,Vavuniya,4363.292503
2/6/2027,Vavuniya,4661.0234741568565
2/7/2027,Vavuniya,4547.907246470451
2/8/2027,Vavuniya,4453.712220907211
2/9/2027,Vavuniya,3918.923396736383
2/10/2027,Vavuniya,4187.111757218838
2/11/2027,Vavuniya,4408.983562409878
2/12/2027,Vavuniya,4269.234043180943
2/13/2027,Vavuniya,4443.449189782143
2/14/2027,Vavuniya,4564.429962158203
2/15/2027,Vavuniya,4599.436698377132
2/16/2027,Vavuniya,4390.118618428707
2/17/2027,Vavuniya,2922.3769762814045
2/18/2027,Vavuniya,4332.490955710411
2/19/2027,Vavuniya,4128.711511313915
2/20/2027,Vavuniya,4642.052026212215
2/21/2027,Vavuniya,4787.590551197529
2/22/2027,Vavuniya,4553.940180659294
2/23/2027,Vavuniya,4332.969364643097
2/24/2027,Vavuniya,4448.955616474152
2/25/2027,Vavuniya,4565.209846019745
2/26/2027,Vavuniya,4554.817120552063
2/27/2027,Vavuniya,4428.141392290592
2/28/2027,Vavuniya,4536.299173355103
3/1/2027,Vavuniya,4502.216616690159
3/2/2027,Vavuniya,4020.0544929206367
3/3/2027,Vavuniya,4344.168599963188
3/4/2027,Vavuniya,4350.262945711613
3/5/2027,Vavuniya,4080.172115
3/6/2027,Vavuniya,4177.354619920254
3/7/2027,Vavuniya,4154.415469884872
3/8/2027,Vavuniya,4076.981935024261
3/9/2027,Vavuniya,3389.7425645291805
3/10/2027,Vavuniya,3963.9498798251143
3/11/2027,Vavuniya,4173.333236396313
3/12/2027,Vavuniya,4225.875764
3/13/2027,Vavuniya,3908.243153512477
3/14/2027,Vavuniya,3359.243995070457
3/15/2027,Vavuniya,3889.673672139644
3/16/2027,Vavuniya,4154.388414442539
3/17/2027,Vavuniya,4355.914526998997
3/18/2027,Vavuniya,4098.036222577095
3/19/2027,Vavuniya,4368.296901106834
3/20/2027,Vavuniya,4303.983967423439
3/21/2027,Vavuniya,4185.968986868858
3/22/2027,Vavuniya,4205.457494
3/23/2027,Vavuniya,4179.268685102463
3/24/2027,Vavuniya,3813.9540780782695
3/25/2027,Vavuniya,4188.926189661026
3/26/2027,Vavuniya,4175.038588166237
3/27/2027,Vavuniya,4253.757041811943
3/28/2027,Vavuniya,3669.426696568727
3/29/2027,Vavuniya,3106.242112
3/30/2027,Vavuniya,3960.711601048708
3/31/2027,Vavuniya,3966.663798362016
4/1/2027,Vavuniya,4121.732495546341
4/2/2027,Vavuniya,4150.215864002705
4/3/2027,Vavuniya,4255.430184721947
4/4/2027,Vavuniya,4280.935736715794
4/5/2027,Vavuniya,4320.738157451153
4/6/2027,Vavuniya,3453.7237469553947
4/7/2027,Vavuniya,3639.193528115749
4/8/2027,Vavuniya,4244.884574532509
4/9/2027,Vavuniya,4508.311391890049
4/10/2027,Vavuniya,4649.325645685196
4/11/2027,Vavuniya,4682.590097308159
4/12/2027,Vavuniya,4613.246998608112
4/13/2027,Vavuniya,4494.893610298634
4/14/2027,Vavuniya,4404.318860590458
4/15/2027,Vavuniya,4385.7528148293495
4/16/2027,Vavuniya,3909.890314608812
4/17/2027,Vavuniya,4189.075638771057
4/18/2027,Vavuniya,4246.880235493183
4/19/2027,Vavuniya,4214.559288740158
4/20/2027,Vavuniya,4149.461317777634
4/21/2027,Vavuniya,4410.9186707139015
4/22/2027,Vavuniya,4562.097611248493
4/23/2027,Vavuniya,4472.559557378292
4/24/2027,Vavuniya,4956.341786801815
4/25/2027,Vavuniya,5109.289208471775
4/26/2027,Vavuniya,5167.653380453587
4/27/2027,Vavuniya,5299.867744266987
4/28/2027,Vavuniya,5325.186484873295
4/29/2027,Vavuniya,5357.032028853893
4/30/2027,Vavuniya,5402.769468843937
5/1/2027,Vavuniya,5531.3060103058815
5/2/2027,Vavuniya,5412.018565058708
5/3/2027,Vavuniya,5191.141369462013
5/4/2027,Vavuniya,5462.963533520699
5/5/2027,Vavuniya,5493.121333241463
5/6/2027,Vavuniya,5461.817327558994
5/7/2027,Vavuniya,5515.582074344158
5/8/2027,Vavuniya,5544.831584215164
5/9/2027,Vavuniya,5553.8895745277405
5/10/2027,Vavuniya,5545.599872887135
5/11/2027,Vavuniya,5426.393593966961
5/12/2027,Vavuniya,5480.517362177372
5/13/2027,Vavuniya,5327.833623707295
5/14/2027,Vavuniya,5435.789563
5/15/2027,Vavuniya,5453.062959432602
5/16/2027,Vavuniya,5263.525843441486
5/17/2027,Vavuniya,5441.317891299725
5/18/2027,Vavuniya,5402.832168757916
5/19/2027,Vavuniya,5120.257399
5/20/2027,Vavuniya,4956.167858958244
5/21/2027,Vavuniya,4861.870194494724
5/22/2027,Vavuniya,5085.132134079933
5/23/2027,Vavuniya,5090.011561632156
5/24/2027,Vavuniya,4871.173401594162
5/25/2027,Vavuniya,4794.049501240253
5/26/2027,Vavuniya,4344.527621388435
5/27/2027,Vavuniya,4429.8171119093895
5/28/2027,Vavuniya,4342.63374
5/29/2027,Vavuniya,4373.485963
5/30/2027,Vavuniya,4331.269166
5/31/2027,Vavuniya,4394.535526752472
6/1/2027,Vavuniya,4199.146275639534
6/2/2027,Vavuniya,4428.101453304291
6/3/2027,Vavuniya,4112.160881280899
6/4/2027,Vavuniya,4441.8365995287895
6/5/2027,Vavuniya,4363.292503
6/6/2027,Vavuniya,4661.0234741568565
6/7/2027,Vavuniya,4547.907246470451
6/8/2027,Vavuniya,4453.712220907211
6/9/2027,Vavuniya,3918.923611462116
6/10/2027,Vavuniya,4187.111757218838
6/11/2027,Vavuniya,4408.983562409878
6/12/2027,Vavuniya,4269.234043180943
6/13/2027,Vavuniya,4443.449189782143
6/14/2027,Vavuniya,4564.429962158203
6/15/2027,Vavuniya,4599.436698377132
6/16/2027,Vavuniya,4390.118618428707
6/17/2027,Vavuniya,2922.376761555672
6/18/2027,Vavuniya,4332.490955710411
6/19/2027,Vavuniya,4128.711511313915
6/20/2027,Vavuniya,4642.052026212215
6/21/2027,Vavuniya,4787.590551197529
6/22/2027,Vavuniya,4553.940180659294
6/23/2027,Vavuniya,4332.969364643097
6/24/2027,Vavuniya,4448.955616474152
6/25/2027,Vavuniya,4565.209846019745
6/26/2027,Vavuniya,4554.817120552063
6/27/2027,Vavuniya,4428.141392290592
6/28/2027,Vavuniya,4536.299173355103
6/29/2027,Vavuniya,4502.216616690159
6/30/2027,Vavuniya,4020.0547076463695
7/1/2027,Vavuniya,4344.168599963188
7/2/2027,Vavuniya,4350.262945711613
7/3/2027,Vavuniya,4080.172115
7/4/2027,Vavuniya,4177.354619920254
7/5/2027,Vavuniya,4154.415469884872
7/6/2027,Vavuniya,4076.981935024261
7/7/2027,Vavuniya,3389.7427792549133
7/8/2027,Vavuniya,3963.9498798251143
7/9/2027,Vavuniya,4173.333236396313
7/10/2027,Vavuniya,4225.875764
7/11/2027,Vavuniya,3908.243153512477
7/12/2027,Vavuniya,3359.243995070457
7/13/2027,Vavuniya,3889.673672139644
7/14/2027,Vavuniya,4154.388414442539
7/15/2027,Vavuniya,4355.914526998997
7/16/2027,Vavuniya,4098.036222577095
7/17/2027,Vavuniya,4368.296901106834
7/18/2027,Vavuniya,4303.983967423439
7/19/2027,Vavuniya,4185.968986868858
7/20/2027,Vavuniya,4205.457494
7/21/2027,Vavuniya,4179.268685102463
7/22/2027,Vavuniya,3813.9540780782695
7/23/2027,Vavuniya,4188.926189661026
7/24/2027,Vavuniya,4175.038588166237
7/25/2027,Vavuniya,4253.757041811943
7/26/2027,Vavuniya,3669.426696568727
7/27/2027,Vavuniya,3106.242112
7/28/2027,Vavuniya,3960.711816
7/29/2027,Vavuniya,3966.664013087749
7/30/2027,Vavuniya,4121.732495546341
7/31/2027,Vavuniya,4150.215864002705
8/1/2027,Vavuniya,4255.430184721947
8/2/2027,Vavuniya,4280.935736715794
8/3/2027,Vavuniya,4320.738157451153
8/4/2027,Vavuniya,3453.7237469553947
8/5/2027,Vavuniya,3639.193313390017
8/6/2027,Vavuniya,4244.884574532509
8/7/2027,Vavuniya,4508.311391890049
8/8/2027,Vavuniya,4649.325645685196
8/9/2027,Vavuniya,4682.590097308159
8/10/2027,Vavuniya,4613.246998608112
8/11/2027,Vavuniya,4494.893610298634
8/12/2027,Vavuniya,4404.318860590458
8/13/2027,Vavuniya,4385.7528148293495
8/14/2027,Vavuniya,3909.890314608812
8/15/2027,Vavuniya,4189.075638771057
8/16/2027,Vavuniya,4246.880235493183
8/17/2027,Vavuniya,4214.559288740158
8/18/2027,Vavuniya,4149.461317777634
8/19/2027,Vavuniya,4410.9186707139015
8/20/2027,Vavuniya,4562.097611248493
8/21/2027,Vavuniya,4472.559557378292
8/22/2027,Vavuniya,4956.341786801815
8/23/2027,Vavuniya,5109.289208471775
8/24/2027,Vavuniya,5167.653380453587
8/25/2027,Vavuniya,5299.867744266987
8/26/2027,Vavuniya,5325.186484873295
8/27/2027,Vavuniya,5357.032028853893
8/28/2027,Vavuniya,5402.769468843937
8/29/2027,Vavuniya,5531.3060103058815
8/30/2027,Vavuniya,5412.018565058708
8/31/2027,Vavuniya,5191.141369462013
9/1/2027,Vavuniya,5462.963533520699
9/2/2027,Vavuniya,5493.121333241463
9/3/2027,Vavuniya,5461.817327558994
9/4/2027,Vavuniya,5515.582074344158
9/5/2027,Vavuniya,5544.831584215164
9/6/2027,Vavuniya,5553.8895745277405
9/7/2027,Vavuniya,5545.599872887135
9/8/2027,Vavuniya,5426.393593966961
9/9/2027,Vavuniya,5480.517362177372
9/10/2027,Vavuniya,5327.833194255829
9/11/2027,Vavuniya,5435.789563
9/12/2027,Vavuniya,5453.062959432602
9/13/2027,Vavuniya,5263.525843441486
9/14/2027,Vavuniya,5441.317891299725
9/15/2027,Vavuniya,5402.832168757916
9/16/2027,Vavuniya,5120.257399
9/17/2027,Vavuniya,4956.167858958244
9/18/2027,Vavuniya,4861.870194494724
9/19/2027,Vavuniya,5085.132134079933
9/20/2027,Vavuniya,5090.011561632156
9/21/2027,Vavuniya,4871.173401594162
9/22/2027,Vavuniya,4794.049501240253
9/23/2027,Vavuniya,4344.527621388435
9/24/2027,Vavuniya,4429.8171119093895
9/25/2027,Vavuniya,4342.63374
9/26/2027,Vavuniya,4373.485963
9/27/2027,Vavuniya,4331.269166
9/28/2027,Vavuniya,4394.535526752472
9/29/2027,Vavuniya,4199.146275639534
9/30/2027,Vavuniya,4428.101453304291
10/1/2027,Vavuniya,4112.160881280899
10/2/2027,Vavuniya,4441.8365995287895
10/3/2027,Vavuniya,4363.292503
10/4/2027,Vavuniya,4661.0234741568565
10/5/2027,Vavuniya,4547.907246470451
10/6/2027,Vavuniya,4453.712220907211
10/7/2027,Vavuniya,3918.923396736383
10/8/2027,Vavuniya,4187.111757218838
10/9/2027,Vavuniya,4408.983562409878
10/10/2027,Vavuniya,4269.234043180943
10/11/2027,Vavuniya,4443.449189782143
10/12/2027,Vavuniya,4564.429962158203
10/13/2027,Vavuniya,4599.436698377132
10/14/2027,Vavuniya,4390.118618428707
10/15/2027,Vavuniya,2922.376761555672
10/16/2027,Vavuniya,4332.490955710411
10/17/2027,Vavuniya,4128.711511313915
10/18/2027,Vavuniya,4642.052026212215
10/19/2027,Vavuniya,4787.590551197529
10/20/2027,Vavuniya,4553.940180659294
10/21/2027,Vavuniya,4332.969364643097
10/22/2027,Vavuniya,4448.955616474152
10/23/2027,Vavuniya,4565.209846019745
10/24/2027,Vavuniya,4554.817120552063
10/25/2027,Vavuniya,4428.141392290592
10/26/2027,Vavuniya,4536.299173355103
10/27/2027,Vavuniya,4502.216616690159
10/28/2027,Vavuniya,4020.0547076463695
10/29/2027,Vavuniya,4344.168599963188
10/30/2027,Vavuniya,4350.262945711613
10/31/2027,Vavuniya,4080.172115
11/1/2027,Vavuniya,4177.354619920254
11/2/2027,Vavuniya,4154.415040433407
11/3/2027,Vavuniya,4076.981935024261
11/4/2027,Vavuniya,3389.7427792549133
11/5/2027,Vavuniya,3963.9498798251143
11/6/2027,Vavuniya,4173.333236396313
11/7/2027,Vavuniya,4225.875764
11/8/2027,Vavuniya,3908.243153512477
11/9/2027,Vavuniya,3359.243995070457
11/10/2027,Vavuniya,3889.673672139644
11/11/2027,Vavuniya,4154.388414442539
11/12/2027,Vavuniya,4355.914526998997
11/13/2027,Vavuniya,4098.036222577095
11/14/2027,Vavuniya,4368.296901106834
11/15/2027,Vavuniya,4303.983967423439
11/16/2027,Vavuniya,4185.968986868858
11/17/2027,Vavuniya,4205.457494
11/18/2027,Vavuniya,4179.268685102463
11/19/2027,Vavuniya,3813.9540780782695
11/20/2027,Vavuniya,4188.926189661026
11/21/2027,Vavuniya,4175.038588166237
11/22/2027,Vavuniya,4253.757041811943
11/23/2027,Vavuniya,3669.426696568727
11/24/2027,Vavuniya,3106.242112
11/25/2027,Vavuniya,3960.711816
11/26/2027,Vavuniya,3966.664013087749
11/27/2027,Vavuniya,4121.732495546341
11/28/2027,Vavuniya,4150.215864002705
11/29/2027,Vavuniya,4255.430184721947
11/30/2027,Vavuniya,4280.935736715794
12/1/2027,Vavuniya,4320.738157451153
12/2/2027,Vavuniya,3453.7237469553947
12/3/2027,Vavuniya,3639.193528115749
12/4/2027,Vavuniya,4244.884574532509
12/5/2027,Vavuniya,4508.311391890049
12/6/2027,Vavuniya,4649.325645685196
12/7/2027,Vavuniya,4682.590097308159
12/8/2027,Vavuniya,4613.246998608112
12/9/2027,Vavuniya,4494.893610298634
12/10/2027,Vavuniya,4404.318860590458
12/11/2027,Vavuniya,4385.7528148293495
12/12/2027,Vavuniya,3909.890314608812
12/13/2027,Vavuniya,4189.075638771057
12/14/2027,Vavuniya,4246.880235493183
12/15/2027,Vavuniya,4214.559288740158
12/16/2027,Vavuniya,4149.461317777634
12/17/2027,Vavuniya,4410.9186707139015
12/18/2027,Vavuniya,4562.097611248493
12/19/2027,Vavuniya,4472.559557378292
12/20/2027,Vavuniya,4956.341786801815
12/21/2027,Vavuniya,5109.289208471775
12/22/2027,Vavuniya,5167.653380453587
12/23/2027,Vavuniya,5299.867744266987
12/24/2027,Vavuniya,5325.186484873295
12/25/2027,Vavuniya,5357.032028853893
12/26/2027,Vavuniya,5402.769468843937
12/27/2027,Vavuniya,5531.3060103058815
12/28/2027,Vavuniya,5412.018565058708
12/29/2027,Vavuniya,5191.141369462013
12/30/2027,Vavuniya,5462.963962972164
12/31/2027,Vavuniya,5493.121762692928
1/1/2025,Mannar,5423.599298119545
1/2/2025,Mannar,4900.907510638237
1/3/2025,Mannar,4483.121943295002
1/4/2025,Mannar,4553.860888600349
1/5/2025,Mannar,4416.705835580826
1/6/2025,Mannar,4309.738827764988
1/7/2025,Mannar,3270.871332705021
1/8/2025,Mannar,2523.486170887947
1/9/2025,Mannar,3543.4296402037144
1/10/2025,Mannar,3821.945826
1/11/2025,Mannar,3792.137082636357
1/12/2025,Mannar,4235.411135971546
1/13/2025,Mannar,4306.8441779613495
1/14/2025,Mannar,4438.867904
1/15/2025,Mannar,4500.598214
1/16/2025,Mannar,4361.765545725822
1/17/2025,Mannar,3967.468313395977
1/18/2025,Mannar,4200.576857447624
1/19/2025,Mannar,4249.535186
1/20/2025,Mannar,4290.624936044216
1/21/2025,Mannar,4341.113374054432
1/22/2025,Mannar,4402.062717795372
1/23/2025,Mannar,4427.325428843498
1/24/2025,Mannar,4482.758553147316
1/25/2025,Mannar,4578.7593494057655
1/26/2025,Mannar,4468.103394031525
1/27/2025,Mannar,4533.1584013700485
1/28/2025,Mannar,4526.761014580727
1/29/2025,Mannar,4521.351016879082
1/30/2025,Mannar,4445.61879
1/31/2025,Mannar,4677.736934542656
2/1/2025,Mannar,4426.152259230614
2/2/2025,Mannar,4172.960926413536
2/3/2025,Mannar,4317.877046883106
2/4/2025,Mannar,4244.285166
2/5/2025,Mannar,4182.306718945503
2/6/2025,Mannar,3201.413714
2/7/2025,Mannar,2493.715271770954
2/8/2025,Mannar,3519.002511
2/9/2025,Mannar,3809.9496505856514
2/10/2025,Mannar,3787.324420928955
2/11/2025,Mannar,4233.017921566963
2/12/2025,Mannar,4306.381876885891
2/13/2025,Mannar,4438.896287202835
2/14/2025,Mannar,4500.426195085049
2/15/2025,Mannar,4360.823741674423
2/16/2025,Mannar,3965.1899216771126
2/17/2025,Mannar,4197.484385788441
2/18/2025,Mannar,4245.949880301952
2/19/2025,Mannar,4286.714083969593
2/20/2025,Mannar,4337.075657963753
2/21/2025,Mannar,4398.089938879013
2/22/2025,Mannar,4423.521228551865
2/23/2025,Mannar,4479.182278037071
2/24/2025,Mannar,4575.481097221375
2/25/2025,Mannar,4464.9270631074905
2/26/2025,Mannar,4530.189353346825
2/27/2025,Mannar,4524.083968818188
2/28/2025,Mannar,4518.951782
3/1/2025,Mannar,4443.4891946315765
3/2/2025,Mannar,4675.938905894756
3/3/2025,Mannar,4424.808790802956
3/4/2025,Mannar,4171.9528950452805
3/5/2025,Mannar,4317.069848
3/6/2025,Mannar,4243.681809723377
3/7/2025,Mannar,4181.856459200382
3/8/2025,Mannar,3201.1589108109474
3/9/2025,Mannar,2493.600234
3/10/2025,Mannar,3518.908116042614
3/11/2025,Mannar,3809.898474931717
3/12/2025,Mannar,3787.297542959452
3/13/2025,Mannar,4232.998999476433
3/14/2025,Mannar,4306.368545413017
3/15/2025,Mannar,4438.883385777473
3/16/2025,Mannar,4500.412003517151
3/17/2025,Mannar,4360.806539773941
3/18/2025,Mannar,3965.169924467802
3/19/2025,Mannar,4197.461593270302
3/20/2025,Mannar,4245.926227688789
3/21/2025,Mannar,4286.690001308918
3/22/2025,Mannar,4337.051575303078
3/23/2025,Mannar,4398.066716313362
3/24/2025,Mannar,4423.499296
3/25/2025,Mannar,4479.162495851517
3/26/2025,Mannar,4575.463895320892
3/27/2025,Mannar,4464.912441492081
3/28/2025,Mannar,4530.176881968975
3/29/2025,Mannar,4524.073647677898
3/30/2025,Mannar,4518.942750811577
3/31/2025,Mannar,4443.481883823872
4/1/2025,Mannar,4675.932455182076
4/2/2025,Mannar,4424.804060280323
4/3/2025,Mannar,4171.949454665184
4/4/2025,Mannar,4317.066837370396
4/5/2025,Mannar,4243.679659485817
4/6/2025,Mannar,4181.854739010334
4/7/2025,Mannar,3201.1580507159238
4/8/2025,Mannar,2493.5998040139675
4/9/2025,Mannar,3518.907901018858
4/10/2025,Mannar,3809.898259907961
4/11/2025,Mannar,3787.297327935696
4/12/2025,Mannar,4232.998999476433
4/13/2025,Mannar,4306.368545413017
4/14/2025,Mannar,4438.883385777473
4/15/2025,Mannar,4500.412003517151
4/16/2025,Mannar,4360.806539773941
4/17/2025,Mannar,3965.169924467802
4/18/2025,Mannar,4197.461593270302
4/19/2025,Mannar,4245.926227688789
4/20/2025,Mannar,4286.690001308918
4/21/2025,Mannar,4337.051575303078
4/22/2025,Mannar,4398.066716313362
4/23/2025,Mannar,4423.499296
4/24/2025,Mannar,4479.162495851517
4/25/2025,Mannar,4575.463895320892
4/26/2025,Mannar,4464.912011444569
4/27/2025,Mannar,4530.176451921463
4/28/2025,Mannar,4524.073217630386
4/29/2025,Mannar,4518.942750811577
4/30/2025,Mannar,4443.481883823872
5/1/2025,Mannar,4675.932455182076
5/2/2025,Mannar,4424.804060280323
5/3/2025,Mannar,4171.949454665184
5/4/2025,Mannar,4317.066837370396
5/5/2025,Mannar,4243.679659485817
5/6/2025,Mannar,4181.854739010334
5/7/2025,Mannar,3201.1580507159238
5/8/2025,Mannar,2493.5998040139675
5/9/2025,Mannar,3518.907901018858
5/10/2025,Mannar,3809.898259907961
5/11/2025,Mannar,3787.297327935696
5/12/2025,Mannar,4232.998999476433
5/13/2025,Mannar,4306.368545413017
5/14/2025,Mannar,4438.883385777473
5/15/2025,Mannar,4500.412003517151
5/16/2025,Mannar,4360.806539773941
5/17/2025,Mannar,3965.169924467802
5/18/2025,Mannar,4197.461593270302
5/19/2025,Mannar,4245.926227688789
5/20/2025,Mannar,4286.690001308918
5/21/2025,Mannar,4337.051575303078
5/22/2025,Mannar,4398.066716313362
5/23/2025,Mannar,4423.499296
5/24/2025,Mannar,4479.162495851517
5/25/2025,Mannar,4575.463895320892
5/26/2025,Mannar,4464.912011444569
5/27/2025,Mannar,4530.176451921463
5/28/2025,Mannar,4524.073217630386
5/29/2025,Mannar,4518.942750811577
5/30/2025,Mannar,4443.481883823872
5/31/2025,Mannar,4675.932455182076
6/1/2025,Mannar,4424.804060280323
6/2/2025,Mannar,4171.949454665184
6/3/2025,Mannar,4317.066837370396
6/4/2025,Mannar,4243.679659485817
6/5/2025,Mannar,4181.854739010334
6/6/2025,Mannar,3201.1580507159238
6/7/2025,Mannar,2493.5998040139675
6/8/2025,Mannar,3518.907901018858
6/9/2025,Mannar,3809.898259907961
6/10/2025,Mannar,3787.297327935696
6/11/2025,Mannar,4232.998999476433
6/12/2025,Mannar,4306.368545413017
6/13/2025,Mannar,4438.883385777473
6/14/2025,Mannar,4500.412003517151
6/15/2025,Mannar,4360.806539773941
6/16/2025,Mannar,3965.169924467802
6/17/2025,Mannar,4197.461593270302
6/18/2025,Mannar,4245.926227688789
6/19/2025,Mannar,4286.690001308918
6/20/2025,Mannar,4337.051575303078
6/21/2025,Mannar,4398.066716313362
6/22/2025,Mannar,4423.499296
6/23/2025,Mannar,4479.162495851517
6/24/2025,Mannar,4575.463895320892
6/25/2025,Mannar,4464.912011444569
6/26/2025,Mannar,4530.176451921463
6/27/2025,Mannar,4524.073217630386
6/28/2025,Mannar,4518.942750811577
6/29/2025,Mannar,4443.481883823872
6/30/2025,Mannar,4675.932455182076
7/1/2025,Mannar,4424.804060280323
7/2/2025,Mannar,4171.949454665184
7/3/2025,Mannar,4317.066837370396
7/4/2025,Mannar,4243.679659485817
7/5/2025,Mannar,4181.854739010334
7/6/2025,Mannar,3201.1580507159238
7/7/2025,Mannar,2493.5998040139675
7/8/2025,Mannar,3518.907901018858
7/9/2025,Mannar,3809.898259907961
7/10/2025,Mannar,3787.297327935696
7/11/2025,Mannar,4232.998999476433
7/12/2025,Mannar,4306.368545413017
7/13/2025,Mannar,4438.883385777473
7/14/2025,Mannar,4500.412003517151
7/15/2025,Mannar,4360.806539773941
7/16/2025,Mannar,3965.169924467802
7/17/2025,Mannar,4197.461593270302
7/18/2025,Mannar,4245.926227688789
7/19/2025,Mannar,4286.690001308918
7/20/2025,Mannar,4337.051575303078
7/21/2025,Mannar,4398.066716313362
7/22/2025,Mannar,4423.499296
7/23/2025,Mannar,4479.162495851517
7/24/2025,Mannar,4575.463895320892
7/25/2025,Mannar,4464.912011444569
7/26/2025,Mannar,4530.176451921463
7/27/2025,Mannar,4524.073217630386
7/28/2025,Mannar,4518.942750811577
7/29/2025,Mannar,4443.481883823872
7/30/2025,Mannar,4675.932455182076
7/31/2025,Mannar,4424.804060280323
8/1/2025,Mannar,4171.949454665184
8/2/2025,Mannar,4317.066837370396
8/3/2025,Mannar,4243.679659485817
8/4/2025,Mannar,4181.854739010334
8/5/2025,Mannar,3201.1580507159238
8/6/2025,Mannar,2493.5998040139675
8/7/2025,Mannar,3518.907901018858
8/8/2025,Mannar,3809.898259907961
8/9/2025,Mannar,3787.297327935696
8/10/2025,Mannar,4232.998999476433
8/11/2025,Mannar,4306.368545413017
8/12/2025,Mannar,4438.883385777473
8/13/2025,Mannar,4500.412003517151
8/14/2025,Mannar,4360.806539773941
8/15/2025,Mannar,3965.169924467802
8/16/2025,Mannar,4197.461593270302
8/17/2025,Mannar,4245.926227688789
8/18/2025,Mannar,4286.690001308918
8/19/2025,Mannar,4337.051575303078
8/20/2025,Mannar,4398.066716313362
8/21/2025,Mannar,4423.499296
8/22/2025,Mannar,4479.162495851517
8/23/2025,Mannar,4575.463895320892
8/24/2025,Mannar,4464.912011444569
8/25/2025,Mannar,4530.176451921463
8/26/2025,Mannar,4524.073217630386
8/27/2025,Mannar,4518.942750811577
8/28/2025,Mannar,4443.481883823872
8/29/2025,Mannar,4675.932455182076
8/30/2025,Mannar,4424.804060280323
8/31/2025,Mannar,4171.949454665184
9/1/2025,Mannar,4317.066837370396
9/2/2025,Mannar,4243.679659485817
9/3/2025,Mannar,4181.854739010334
9/4/2025,Mannar,3201.1580507159238
9/5/2025,Mannar,2493.5998040139675
9/6/2025,Mannar,3518.907901018858
9/7/2025,Mannar,3809.898259907961
9/8/2025,Mannar,3787.297327935696
9/9/2025,Mannar,4232.998999476433
9/10/2025,Mannar,4306.368545413017
9/11/2025,Mannar,4438.883385777473
9/12/2025,Mannar,4500.412003517151
9/13/2025,Mannar,4360.806539773941
9/14/2025,Mannar,3965.169924467802
9/15/2025,Mannar,4197.461593270302
9/16/2025,Mannar,4245.926227688789
9/17/2025,Mannar,4286.690001308918
9/18/2025,Mannar,4337.051575303078
9/19/2025,Mannar,4398.066716313362
9/20/2025,Mannar,4423.499296
9/21/2025,Mannar,4479.162495851517
9/22/2025,Mannar,4575.463895320892
9/23/2025,Mannar,4464.912011444569
9/24/2025,Mannar,4530.176451921463
9/25/2025,Mannar,4524.073217630386
9/26/2025,Mannar,4518.942750811577
9/27/2025,Mannar,4443.481883823872
9/28/2025,Mannar,4675.932455182076
9/29/2025,Mannar,4424.804060280323
9/30/2025,Mannar,4171.949454665184
10/1/2025,Mannar,4317.066837370396
10/2/2025,Mannar,4243.679659485817
10/3/2025,Mannar,4181.854739010334
10/4/2025,Mannar,3201.1580507159238
10/5/2025,Mannar,2493.5998040139675
10/6/2025,Mannar,3518.907901018858
10/7/2025,Mannar,3809.898259907961
10/8/2025,Mannar,3787.297327935696
10/9/2025,Mannar,4232.998999476433
10/10/2025,Mannar,4306.368545413017
10/11/2025,Mannar,4438.883385777473
10/12/2025,Mannar,4500.412003517151
10/13/2025,Mannar,4360.806539773941
10/14/2025,Mannar,3965.169924467802
10/15/2025,Mannar,4197.461593270302
10/16/2025,Mannar,4245.926227688789
10/17/2025,Mannar,4286.690001308918
10/18/2025,Mannar,4337.051575303078
10/19/2025,Mannar,4398.066716313362
10/20/2025,Mannar,4423.499296
10/21/2025,Mannar,4479.162495851517
10/22/2025,Mannar,4575.463895320892
10/23/2025,Mannar,4464.912011444569
10/24/2025,Mannar,4530.176451921463
10/25/2025,Mannar,4524.073217630386
10/26/2025,Mannar,4518.942750811577
10/27/2025,Mannar,4443.481883823872
10/28/2025,Mannar,4675.932455182076
10/29/2025,Mannar,4424.804060280323
10/30/2025,Mannar,4171.949454665184
10/31/2025,Mannar,4317.066837370396
11/1/2025,Mannar,4243.679659485817
11/2/2025,Mannar,4181.854739010334
11/3/2025,Mannar,3201.1580507159238
11/4/2025,Mannar,2493.5998040139675
11/5/2025,Mannar,3518.907901018858
11/6/2025,Mannar,3809.898259907961
11/7/2025,Mannar,3787.297327935696
11/8/2025,Mannar,4232.998999476433
11/9/2025,Mannar,4306.368545413017
11/10/2025,Mannar,4438.883385777473
11/11/2025,Mannar,4500.412003517151
11/12/2025,Mannar,4360.806539773941
11/13/2025,Mannar,3965.169924467802
11/14/2025,Mannar,4197.461593270302
11/15/2025,Mannar,4245.926227688789
11/16/2025,Mannar,4286.690001308918
11/17/2025,Mannar,4337.051575303078
11/18/2025,Mannar,4398.066716313362
11/19/2025,Mannar,4423.499296
11/20/2025,Mannar,4479.162495851517
11/21/2025,Mannar,4575.463895320892
11/22/2025,Mannar,4464.912011444569
11/23/2025,Mannar,4530.176451921463
11/24/2025,Mannar,4524.073217630386
11/25/2025,Mannar,4518.942750811577
11/26/2025,Mannar,4443.481883823872
11/27/2025,Mannar,4675.932455182076
11/28/2025,Mannar,4424.804060280323
11/29/2025,Mannar,4171.949454665184
11/30/2025,Mannar,4317.066837370396
12/1/2025,Mannar,4243.679659485817
12/2/2025,Mannar,4181.854739010334
12/3/2025,Mannar,3201.1580507159238
12/4/2025,Mannar,2493.5998040139675
12/5/2025,Mannar,3518.907901018858
12/6/2025,Mannar,3809.898259907961
12/7/2025,Mannar,3787.297327935696
12/8/2025,Mannar,4232.998999476433
12/9/2025,Mannar,4306.368545413017
12/10/2025,Mannar,4438.883385777473
12/11/2025,Mannar,4500.412003517151
12/12/2025,Mannar,4360.806539773941
12/13/2025,Mannar,3965.169924467802
12/14/2025,Mannar,4197.461593270302
12/15/2025,Mannar,4245.926227688789
12/16/2025,Mannar,4286.690001308918
12/17/2025,Mannar,4337.051575303078
12/18/2025,Mannar,4398.066716313362
12/19/2025,Mannar,4423.499296
12/20/2025,Mannar,4479.162495851517
12/21/2025,Mannar,4575.463895320892
12/22/2025,Mannar,4464.912011444569
12/23/2025,Mannar,4530.176451921463
12/24/2025,Mannar,4524.073217630386
12/25/2025,Mannar,4518.942750811577
12/26/2025,Mannar,4443.481883823872
12/27/2025,Mannar,4675.932455182076
12/28/2025,Mannar,4424.804060280323
12/29/2025,Mannar,4171.949454665184
12/30/2025,Mannar,4317.066837370396
12/31/2025,Mannar,4243.679659485817
1/1/2026,Mannar,4181.854739010334
1/2/2026,Mannar,3201.1580507159238
1/3/2026,Mannar,2493.5998040139675
1/4/2026,Mannar,3518.907901018858
1/5/2026,Mannar,3809.898259907961
1/6/2026,Mannar,3787.297327935696
1/7/2026,Mannar,4232.998999476433
1/8/2026,Mannar,4306.368545413017
1/9/2026,Mannar,4438.883385777473
1/10/2026,Mannar,4500.412003517151
1/11/2026,Mannar,4360.806539773941
1/12/2026,Mannar,3965.169924467802
1/13/2026,Mannar,4197.461593270302
1/14/2026,Mannar,4245.926227688789
1/15/2026,Mannar,4286.690001308918
1/16/2026,Mannar,4337.051575303078
1/17/2026,Mannar,4398.066716313362
1/18/2026,Mannar,4423.499296
1/19/2026,Mannar,4479.162495851517
1/20/2026,Mannar,4575.463895320892
1/21/2026,Mannar,4464.912011444569
1/22/2026,Mannar,4530.176451921463
1/23/2026,Mannar,4524.073217630386
1/24/2026,Mannar,4518.942750811577
1/25/2026,Mannar,4443.481883823872
1/26/2026,Mannar,4675.932455182076
1/27/2026,Mannar,4424.804060280323
1/28/2026,Mannar,4171.949454665184
1/29/2026,Mannar,4317.066837370396
1/30/2026,Mannar,4243.679659485817
1/31/2026,Mannar,4181.854739010334
2/1/2026,Mannar,3201.1580507159238
2/2/2026,Mannar,2493.5998040139675
2/3/2026,Mannar,3518.907901018858
2/4/2026,Mannar,3809.898259907961
2/5/2026,Mannar,3787.297327935696
2/6/2026,Mannar,4232.998999476433
2/7/2026,Mannar,4306.368545413017
2/8/2026,Mannar,4438.883385777473
2/9/2026,Mannar,4500.412003517151
2/10/2026,Mannar,4360.806539773941
2/11/2026,Mannar,3965.169924467802
2/12/2026,Mannar,4197.461593270302
2/13/2026,Mannar,4245.926227688789
2/14/2026,Mannar,4286.690001308918
2/15/2026,Mannar,4337.051575303078
2/16/2026,Mannar,4398.066716313362
2/17/2026,Mannar,4423.499296
2/18/2026,Mannar,4479.162495851517
2/19/2026,Mannar,4575.463895320892
2/20/2026,Mannar,4464.912011444569
2/21/2026,Mannar,4530.176451921463
2/22/2026,Mannar,4524.073217630386
2/23/2026,Mannar,4518.942750811577
2/24/2026,Mannar,4443.481883823872
2/25/2026,Mannar,4675.932455182076
2/26/2026,Mannar,4424.804060280323
2/27/2026,Mannar,4171.949454665184
2/28/2026,Mannar,4317.066837370396
3/1/2026,Mannar,4243.679659485817
3/2/2026,Mannar,4181.854739010334
3/3/2026,Mannar,3201.1580507159238
3/4/2026,Mannar,2493.5998040139675
3/5/2026,Mannar,3518.907901018858
3/6/2026,Mannar,3809.898259907961
3/7/2026,Mannar,3787.297327935696
3/8/2026,Mannar,4232.998999476433
3/9/2026,Mannar,4306.368545413017
3/10/2026,Mannar,4438.883385777473
3/11/2026,Mannar,4500.412003517151
3/12/2026,Mannar,4360.806539773941
3/13/2026,Mannar,3965.169924467802
3/14/2026,Mannar,4197.461593270302
3/15/2026,Mannar,4245.926227688789
3/16/2026,Mannar,4286.690001308918
3/17/2026,Mannar,4337.051575303078
3/18/2026,Mannar,4398.066716313362
3/19/2026,Mannar,4423.499296
3/20/2026,Mannar,4479.162495851517
3/21/2026,Mannar,4575.463895320892
3/22/2026,Mannar,4464.912011444569
3/23/2026,Mannar,4530.176451921463
3/24/2026,Mannar,4524.073217630386
3/25/2026,Mannar,4518.942750811577
3/26/2026,Mannar,4443.481883823872
3/27/2026,Mannar,4675.932455182076
3/28/2026,Mannar,4424.804060280323
3/29/2026,Mannar,4171.949454665184
3/30/2026,Mannar,4317.066837370396
3/31/2026,Mannar,4243.679659485817
4/1/2026,Mannar,4181.854739010334
4/2/2026,Mannar,3201.1580507159238
4/3/2026,Mannar,2493.5998040139675
4/4/2026,Mannar,3518.907901018858
4/5/2026,Mannar,3809.898259907961
4/6/2026,Mannar,3787.297327935696
4/7/2026,Mannar,4232.998999476433
4/8/2026,Mannar,4306.368545413017
4/9/2026,Mannar,4438.883385777473
4/10/2026,Mannar,4500.412003517151
4/11/2026,Mannar,4360.806539773941
4/12/2026,Mannar,3965.169924467802
4/13/2026,Mannar,4197.461593270302
4/14/2026,Mannar,4245.926227688789
4/15/2026,Mannar,4286.690001308918
4/16/2026,Mannar,4337.051575303078
4/17/2026,Mannar,4398.066716313362
4/18/2026,Mannar,4423.499296
4/19/2026,Mannar,4479.162495851517
4/20/2026,Mannar,4575.463895320892
4/21/2026,Mannar,4464.912011444569
4/22/2026,Mannar,4530.176451921463
4/23/2026,Mannar,4524.073217630386
4/24/2026,Mannar,4518.942750811577
4/25/2026,Mannar,4443.481883823872
4/26/2026,Mannar,4675.932455182076
4/27/2026,Mannar,4424.804060280323
4/28/2026,Mannar,4171.949454665184
4/29/2026,Mannar,4317.066837370396
4/30/2026,Mannar,4243.679659485817
5/1/2026,Mannar,4181.854739010334
5/2/2026,Mannar,3201.1580507159238
5/3/2026,Mannar,2493.5998040139675
5/4/2026,Mannar,3518.907901018858
5/5/2026,Mannar,3809.898259907961
5/6/2026,Mannar,3787.297327935696
5/7/2026,Mannar,4232.998999476433
5/8/2026,Mannar,4306.368545413017
5/9/2026,Mannar,4438.883385777473
5/10/2026,Mannar,4500.412003517151
5/11/2026,Mannar,4360.806539773941
5/12/2026,Mannar,3965.169924467802
5/13/2026,Mannar,4197.461593270302
5/14/2026,Mannar,4245.926227688789
5/15/2026,Mannar,4286.690001308918
5/16/2026,Mannar,4337.051575303078
5/17/2026,Mannar,4398.066716313362
5/18/2026,Mannar,4423.499296
5/19/2026,Mannar,4479.162495851517
5/20/2026,Mannar,4575.463895320892
5/21/2026,Mannar,4464.912011444569
5/22/2026,Mannar,4530.176451921463
5/23/2026,Mannar,4524.073217630386
5/24/2026,Mannar,4518.942750811577
5/25/2026,Mannar,4443.481883823872
5/26/2026,Mannar,4675.932455182076
5/27/2026,Mannar,4424.804060280323
5/28/2026,Mannar,4171.949454665184
5/29/2026,Mannar,4317.066837370396
5/30/2026,Mannar,4243.679659485817
5/31/2026,Mannar,4181.854739010334
6/1/2026,Mannar,3201.1580507159238
6/2/2026,Mannar,2493.5998040139675
6/3/2026,Mannar,3518.907901018858
6/4/2026,Mannar,3809.898259907961
6/5/2026,Mannar,3787.297327935696
6/6/2026,Mannar,4232.998999476433
6/7/2026,Mannar,4306.368545413017
6/8/2026,Mannar,4438.883385777473
6/9/2026,Mannar,4500.412003517151
6/10/2026,Mannar,4360.806539773941
6/11/2026,Mannar,3965.169924467802
6/12/2026,Mannar,4197.461593270302
6/13/2026,Mannar,4245.926227688789
6/14/2026,Mannar,4286.690001308918
6/15/2026,Mannar,4337.051575303078
6/16/2026,Mannar,4398.066716313362
6/17/2026,Mannar,4423.499296
6/18/2026,Mannar,4479.162495851517
6/19/2026,Mannar,4575.463895320892
6/20/2026,Mannar,4464.912011444569
6/21/2026,Mannar,4530.176451921463
6/22/2026,Mannar,4524.073217630386
6/23/2026,Mannar,4518.942750811577
6/24/2026,Mannar,4443.481883823872
6/25/2026,Mannar,4675.932455182076
6/26/2026,Mannar,4424.804060280323
6/27/2026,Mannar,4171.949454665184
6/28/2026,Mannar,4317.066837370396
6/29/2026,Mannar,4243.679659485817
6/30/2026,Mannar,4181.854739010334
7/1/2026,Mannar,3201.1580507159238
7/2/2026,Mannar,2493.5998040139675
7/3/2026,Mannar,3518.907901018858
7/4/2026,Mannar,3809.898259907961
7/5/2026,Mannar,3787.297327935696
7/6/2026,Mannar,4232.998999476433
7/7/2026,Mannar,4306.368545413017
7/8/2026,Mannar,4438.883385777473
7/9/2026,Mannar,4500.412003517151
7/10/2026,Mannar,4360.806539773941
7/11/2026,Mannar,3965.169924467802
7/12/2026,Mannar,4197.461593270302
7/13/2026,Mannar,4245.926227688789
7/14/2026,Mannar,4286.690001308918
7/15/2026,Mannar,4337.051575303078
7/16/2026,Mannar,4398.066716313362
7/17/2026,Mannar,4423.499296
7/18/2026,Mannar,4479.162495851517
7/19/2026,Mannar,4575.463895320892
7/20/2026,Mannar,4464.912011444569
7/21/2026,Mannar,4530.176451921463
7/22/2026,Mannar,4524.073217630386
7/23/2026,Mannar,4518.942750811577
7/24/2026,Mannar,4443.481883823872
7/25/2026,Mannar,4675.932455182076
7/26/2026,Mannar,4424.804060280323
7/27/2026,Mannar,4171.949454665184
7/28/2026,Mannar,4317.066837370396
7/29/2026,Mannar,4243.679659485817
7/30/2026,Mannar,4181.854739010334
7/31/2026,Mannar,3201.1580507159238
8/1/2026,Mannar,2493.5998040139675
8/2/2026,Mannar,3518.907901018858
8/3/2026,Mannar,3809.898259907961
8/4/2026,Mannar,3787.297327935696
8/5/2026,Mannar,4232.998999476433
8/6/2026,Mannar,4306.368545413017
8/7/2026,Mannar,4438.883385777473
8/8/2026,Mannar,4500.412003517151
8/9/2026,Mannar,4360.806539773941
8/10/2026,Mannar,3965.169924467802
8/11/2026,Mannar,4197.461593270302
8/12/2026,Mannar,4245.926227688789
8/13/2026,Mannar,4286.690001308918
8/14/2026,Mannar,4337.051575303078
8/15/2026,Mannar,4398.066716313362
8/16/2026,Mannar,4423.499296
8/17/2026,Mannar,4479.162495851517
8/18/2026,Mannar,4575.463895320892
8/19/2026,Mannar,4464.912011444569
8/20/2026,Mannar,4530.176451921463
8/21/2026,Mannar,4524.073217630386
8/22/2026,Mannar,4518.942750811577
8/23/2026,Mannar,4443.481883823872
8/24/2026,Mannar,4675.932455182076
8/25/2026,Mannar,4424.804060280323
8/26/2026,Mannar,4171.949454665184
8/27/2026,Mannar,4317.066837370396
8/28/2026,Mannar,4243.679659485817
8/29/2026,Mannar,4181.854739010334
8/30/2026,Mannar,3201.1580507159238
8/31/2026,Mannar,2493.5998040139675
9/1/2026,Mannar,3518.907901018858
9/2/2026,Mannar,3809.898259907961
9/3/2026,Mannar,3787.297327935696
9/4/2026,Mannar,4232.998999476433
9/5/2026,Mannar,4306.368545413017
9/6/2026,Mannar,4438.883385777473
9/7/2026,Mannar,4500.412003517151
9/8/2026,Mannar,4360.806539773941
9/9/2026,Mannar,3965.169924467802
9/10/2026,Mannar,4197.461593270302
9/11/2026,Mannar,4245.926227688789
9/12/2026,Mannar,4286.690001308918
9/13/2026,Mannar,4337.051575303078
9/14/2026,Mannar,4398.066716313362
9/15/2026,Mannar,4423.499296
9/16/2026,Mannar,4479.162495851517
9/17/2026,Mannar,4575.463895320892
9/18/2026,Mannar,4464.912011444569
9/19/2026,Mannar,4530.176451921463
9/20/2026,Mannar,4524.073217630386
9/21/2026,Mannar,4518.942750811577
9/22/2026,Mannar,4443.481883823872
9/23/2026,Mannar,4675.932455182076
9/24/2026,Mannar,4424.804060280323
9/25/2026,Mannar,4171.949454665184
9/26/2026,Mannar,4317.066837370396
9/27/2026,Mannar,4243.679659485817
9/28/2026,Mannar,4181.854739010334
9/29/2026,Mannar,3201.1580507159238
9/30/2026,Mannar,2493.5998040139675
10/1/2026,Mannar,3518.907901018858
10/2/2026,Mannar,3809.898259907961
10/3/2026,Mannar,3787.297327935696
10/4/2026,Mannar,4232.998999476433
10/5/2026,Mannar,4306.368545413017
10/6/2026,Mannar,4438.883385777473
10/7/2026,Mannar,4500.412003517151
10/8/2026,Mannar,4360.806539773941
10/9/2026,Mannar,3965.169924467802
10/10/2026,Mannar,4197.461593270302
10/11/2026,Mannar,4245.926227688789
10/12/2026,Mannar,4286.690001308918
10/13/2026,Mannar,4337.051575303078
10/14/2026,Mannar,4398.066716313362
10/15/2026,Mannar,4423.499296
10/16/2026,Mannar,4479.162495851517
10/17/2026,Mannar,4575.463895320892
10/18/2026,Mannar,4464.912011444569
10/19/2026,Mannar,4530.176451921463
10/20/2026,Mannar,4524.073217630386
10/21/2026,Mannar,4518.942750811577
10/22/2026,Mannar,4443.481883823872
10/23/2026,Mannar,4675.932455182076
10/24/2026,Mannar,4424.804060280323
10/25/2026,Mannar,4171.949454665184
10/26/2026,Mannar,4317.066837370396
10/27/2026,Mannar,4243.679659485817
10/28/2026,Mannar,4181.854739010334
10/29/2026,Mannar,3201.1580507159238
10/30/2026,Mannar,2493.5998040139675
10/31/2026,Mannar,3518.907901018858
11/1/2026,Mannar,3809.898259907961
11/2/2026,Mannar,3787.297327935696
11/3/2026,Mannar,4232.998999476433
11/4/2026,Mannar,4306.368545413017
11/5/2026,Mannar,4438.883385777473
11/6/2026,Mannar,4500.412003517151
11/7/2026,Mannar,4360.806539773941
11/8/2026,Mannar,3965.169924467802
11/9/2026,Mannar,4197.461593270302
11/10/2026,Mannar,4245.926227688789
11/11/2026,Mannar,4286.690001308918
11/12/2026,Mannar,4337.051575303078
11/13/2026,Mannar,4398.066716313362
11/14/2026,Mannar,4423.499296
11/15/2026,Mannar,4479.162495851517
11/16/2026,Mannar,4575.463895320892
11/17/2026,Mannar,4464.912011444569
11/18/2026,Mannar,4530.176451921463
11/19/2026,Mannar,4524.073217630386
11/20/2026,Mannar,4518.942750811577
11/21/2026,Mannar,4443.481883823872
11/22/2026,Mannar,4675.932455182076
11/23/2026,Mannar,4424.804060280323
11/24/2026,Mannar,4171.949454665184
11/25/2026,Mannar,4317.066837370396
11/26/2026,Mannar,4243.679659485817
11/27/2026,Mannar,4181.854739010334
11/28/2026,Mannar,3201.1580507159238
11/29/2026,Mannar,2493.5998040139675
11/30/2026,Mannar,3518.907901018858
12/1/2026,Mannar,3809.898259907961
12/2/2026,Mannar,3787.297327935696
12/3/2026,Mannar,4232.998999476433
12/4/2026,Mannar,4306.368545413017
12/5/2026,Mannar,4438.883385777473
12/6/2026,Mannar,4500.412003517151
12/7/2026,Mannar,4360.806539773941
12/8/2026,Mannar,3965.169924467802
12/9/2026,Mannar,4197.461593270302
12/10/2026,Mannar,4245.926227688789
12/11/2026,Mannar,4286.690001308918
12/12/2026,Mannar,4337.051575303078
12/13/2026,Mannar,4398.066716313362
12/14/2026,Mannar,4423.499296
12/15/2026,Mannar,4479.162495851517
12/16/2026,Mannar,4575.463895320892
12/17/2026,Mannar,4464.912011444569
12/18/2026,Mannar,4530.176451921463
12/19/2026,Mannar,4524.073217630386
12/20/2026,Mannar,4518.942750811577
12/21/2026,Mannar,4443.481883823872
12/22/2026,Mannar,4675.932455182076
12/23/2026,Mannar,4424.804060280323
12/24/2026,Mannar,4171.949454665184
12/25/2026,Mannar,4317.066837370396
12/26/2026,Mannar,4243.679659485817
12/27/2026,Mannar,4181.854739010334
12/28/2026,Mannar,3201.1580507159238
12/29/2026,Mannar,2493.5998040139675
12/30/2026,Mannar,3518.907901018858
12/31/2026,Mannar,3809.898259907961
1/1/2027,Mannar,3787.297327935696
1/2/2027,Mannar,4232.998999476433
1/3/2027,Mannar,4306.368545413017
1/4/2027,Mannar,4438.883385777473
1/5/2027,Mannar,4500.412003517151
1/6/2027,Mannar,4360.806539773941
1/7/2027,Mannar,3965.169924467802
1/8/2027,Mannar,4197.461593270302
1/9/2027,Mannar,4245.926227688789
1/10/2027,Mannar,4286.690001308918
1/11/2027,Mannar,4337.051575303078
1/12/2027,Mannar,4398.066716313362
1/13/2027,Mannar,4423.499296
1/14/2027,Mannar,4479.162495851517
1/15/2027,Mannar,4575.463895320892
1/16/2027,Mannar,4464.912011444569
1/17/2027,Mannar,4530.176451921463
1/18/2027,Mannar,4524.073217630386
1/19/2027,Mannar,4518.942750811577
1/20/2027,Mannar,4443.481883823872
1/21/2027,Mannar,4675.932455182076
1/22/2027,Mannar,4424.804060280323
1/23/2027,Mannar,4171.949454665184
1/24/2027,Mannar,4317.066837370396
1/25/2027,Mannar,4243.679659485817
1/26/2027,Mannar,4181.854739010334
1/27/2027,Mannar,3201.1580507159238
1/28/2027,Mannar,2493.5998040139675
1/29/2027,Mannar,3518.907901018858
1/30/2027,Mannar,3809.898259907961
1/31/2027,Mannar,3787.297327935696
2/1/2027,Mannar,4232.998999476433
2/2/2027,Mannar,4306.368545413017
2/3/2027,Mannar,4438.883385777473
2/4/2027,Mannar,4500.412003517151
2/5/2027,Mannar,4360.806539773941
2/6/2027,Mannar,3965.169924467802
2/7/2027,Mannar,4197.461593270302
2/8/2027,Mannar,4245.926227688789
2/9/2027,Mannar,4286.690001308918
2/10/2027,Mannar,4337.051575303078
2/11/2027,Mannar,4398.066716313362
2/12/2027,Mannar,4423.499296
2/13/2027,Mannar,4479.162495851517
2/14/2027,Mannar,4575.463895320892
2/15/2027,Mannar,4464.912011444569
2/16/2027,Mannar,4530.176451921463
2/17/2027,Mannar,4524.073217630386
2/18/2027,Mannar,4518.942750811577
2/19/2027,Mannar,4443.481883823872
2/20/2027,Mannar,4675.932455182076
2/21/2027,Mannar,4424.804060280323
2/22/2027,Mannar,4171.949454665184
2/23/2027,Mannar,4317.066837370396
2/24/2027,Mannar,4243.679659485817
2/25/2027,Mannar,4181.854739010334
2/26/2027,Mannar,3201.1580507159238
2/27/2027,Mannar,2493.5998040139675
2/28/2027,Mannar,3518.907901018858
3/1/2027,Mannar,3809.898259907961
3/2/2027,Mannar,3787.297327935696
3/3/2027,Mannar,4232.998999476433
3/4/2027,Mannar,4306.368545413017
3/5/2027,Mannar,4438.883385777473
3/6/2027,Mannar,4500.412003517151
3/7/2027,Mannar,4360.806539773941
3/8/2027,Mannar,3965.169924467802
3/9/2027,Mannar,4197.461593270302
3/10/2027,Mannar,4245.926227688789
3/11/2027,Mannar,4286.690001308918
3/12/2027,Mannar,4337.051575303078
3/13/2027,Mannar,4398.066716313362
3/14/2027,Mannar,4423.499296
3/15/2027,Mannar,4479.162495851517
3/16/2027,Mannar,4575.463895320892
3/17/2027,Mannar,4464.912011444569
3/18/2027,Mannar,4530.176451921463
3/19/2027,Mannar,4524.073217630386
3/20/2027,Mannar,4518.942750811577
3/21/2027,Mannar,4443.481883823872
3/22/2027,Mannar,4675.932455182076
3/23/2027,Mannar,4424.804060280323
3/24/2027,Mannar,4171.949454665184
3/25/2027,Mannar,4317.066837370396
3/26/2027,Mannar,4243.679659485817
3/27/2027,Mannar,4181.854739010334
3/28/2027,Mannar,3201.1580507159238
3/29/2027,Mannar,2493.5998040139675
3/30/2027,Mannar,3518.907901018858
3/31/2027,Mannar,3809.898259907961
4/1/2027,Mannar,3787.297327935696
4/2/2027,Mannar,4232.998999476433
4/3/2027,Mannar,4306.368545413017
4/4/2027,Mannar,4438.883385777473
4/5/2027,Mannar,4500.412003517151
4/6/2027,Mannar,4360.806539773941
4/7/2027,Mannar,3965.169924467802
4/8/2027,Mannar,4197.461593270302
4/9/2027,Mannar,4245.926227688789
4/10/2027,Mannar,4286.690001308918
4/11/2027,Mannar,4337.051575303078
4/12/2027,Mannar,4398.066716313362
4/13/2027,Mannar,4423.499296
4/14/2027,Mannar,4479.162495851517
4/15/2027,Mannar,4575.463895320892
4/16/2027,Mannar,4464.912011444569
4/17/2027,Mannar,4530.176451921463
4/18/2027,Mannar,4524.073217630386
4/19/2027,Mannar,4518.942750811577
4/20/2027,Mannar,4443.481883823872
4/21/2027,Mannar,4675.932455182076
4/22/2027,Mannar,4424.804060280323
4/23/2027,Mannar,4171.949454665184
4/24/2027,Mannar,4317.066837370396
4/25/2027,Mannar,4243.679659485817
4/26/2027,Mannar,4181.854739010334
4/27/2027,Mannar,3201.1580507159238
4/28/2027,Mannar,2493.5998040139675
4/29/2027,Mannar,3518.907901018858
4/30/2027,Mannar,3809.898259907961
5/1/2027,Mannar,3787.297327935696
5/2/2027,Mannar,4232.998999476433
5/3/2027,Mannar,4306.368545413017
5/4/2027,Mannar,4438.883385777473
5/5/2027,Mannar,4500.412003517151
5/6/2027,Mannar,4360.806539773941
5/7/2027,Mannar,3965.169924467802
5/8/2027,Mannar,4197.461593270302
5/9/2027,Mannar,4245.926227688789
5/10/2027,Mannar,4286.690001308918
5/11/2027,Mannar,4337.051575303078
5/12/2027,Mannar,4398.066716313362
5/13/2027,Mannar,4423.499296
5/14/2027,Mannar,4479.162495851517
5/15/2027,Mannar,4575.463895320892
5/16/2027,Mannar,4464.912011444569
5/17/2027,Mannar,4530.176451921463
5/18/2027,Mannar,4524.073217630386
5/19/2027,Mannar,4518.942750811577
5/20/2027,Mannar,4443.481883823872
5/21/2027,Mannar,4675.932455182076
5/22/2027,Mannar,4424.804060280323
5/23/2027,Mannar,4171.949454665184
5/24/2027,Mannar,4317.066837370396
5/25/2027,Mannar,4243.679659485817
5/26/2027,Mannar,4181.854739010334
5/27/2027,Mannar,3201.1580507159238
5/28/2027,Mannar,2493.5998040139675
5/29/2027,Mannar,3518.907901018858
5/30/2027,Mannar,3809.898259907961
5/31/2027,Mannar,3787.297327935696
6/1/2027,Mannar,4232.998999476433
6/2/2027,Mannar,4306.368545413017
6/3/2027,Mannar,4438.883385777473
6/4/2027,Mannar,4500.412003517151
6/5/2027,Mannar,4360.806539773941
6/6/2027,Mannar,3965.169924467802
6/7/2027,Mannar,4197.461593270302
6/8/2027,Mannar,4245.926227688789
6/9/2027,Mannar,4286.690001308918
6/10/2027,Mannar,4337.051575303078
6/11/2027,Mannar,4398.066716313362
6/12/2027,Mannar,4423.499296
6/13/2027,Mannar,4479.162495851517
6/14/2027,Mannar,4575.463895320892
6/15/2027,Mannar,4464.912011444569
6/16/2027,Mannar,4530.176451921463
6/17/2027,Mannar,4524.073217630386
6/18/2027,Mannar,4518.942750811577
6/19/2027,Mannar,4443.481883823872
6/20/2027,Mannar,4675.932455182076
6/21/2027,Mannar,4424.804060280323
6/22/2027,Mannar,4171.949454665184
6/23/2027,Mannar,4317.066837370396
6/24/2027,Mannar,4243.679659485817
6/25/2027,Mannar,4181.854739010334
6/26/2027,Mannar,3201.1580507159238
6/27/2027,Mannar,2493.5998040139675
6/28/2027,Mannar,3518.907901018858
6/29/2027,Mannar,3809.898259907961
6/30/2027,Mannar,3787.297327935696
7/1/2027,Mannar,4232.998999476433
7/2/2027,Mannar,4306.368545413017
7/3/2027,Mannar,4438.883385777473
7/4/2027,Mannar,4500.412003517151
7/5/2027,Mannar,4360.806539773941
7/6/2027,Mannar,3965.169924467802
7/7/2027,Mannar,4197.461593270302
7/8/2027,Mannar,4245.926227688789
7/9/2027,Mannar,4286.690001308918
7/10/2027,Mannar,4337.051575303078
7/11/2027,Mannar,4398.066716313362
7/12/2027,Mannar,4423.499296
7/13/2027,Mannar,4479.162495851517
7/14/2027,Mannar,4575.463895320892
7/15/2027,Mannar,4464.912011444569
7/16/2027,Mannar,4530.176451921463
7/17/2027,Mannar,4524.073217630386
7/18/2027,Mannar,4518.942750811577
7/19/2027,Mannar,4443.481883823872
7/20/2027,Mannar,4675.932455182076
7/21/2027,Mannar,4424.804060280323
7/22/2027,Mannar,4171.949454665184
7/23/2027,Mannar,4317.066837370396
7/24/2027,Mannar,4243.679659485817
7/25/2027,Mannar,4181.854739010334
7/26/2027,Mannar,3201.1580507159238
7/27/2027,Mannar,2493.5998040139675
7/28/2027,Mannar,3518.907901018858
7/29/2027,Mannar,3809.898259907961
7/30/2027,Mannar,3787.297327935696
7/31/2027,Mannar,4232.998999476433
8/1/2027,Mannar,4306.368545413017
8/2/2027,Mannar,4438.883385777473
8/3/2027,Mannar,4500.412003517151
8/4/2027,Mannar,4360.806539773941
8/5/2027,Mannar,3965.169924467802
8/6/2027,Mannar,4197.461593270302
8/7/2027,Mannar,4245.926227688789
8/8/2027,Mannar,4286.690001308918
8/9/2027,Mannar,4337.051575303078
8/10/2027,Mannar,4398.066716313362
8/11/2027,Mannar,4423.499296
8/12/2027,Mannar,4479.162495851517
8/13/2027,Mannar,4575.463895320892
8/14/2027,Mannar,4464.912011444569
8/15/2027,Mannar,4530.176451921463
8/16/2027,Mannar,4524.073217630386
8/17/2027,Mannar,4518.942750811577
8/18/2027,Mannar,4443.481883823872
8/19/2027,Mannar,4675.932455182076
8/20/2027,Mannar,4424.804060280323
8/21/2027,Mannar,4171.949454665184
8/22/2027,Mannar,4317.066837370396
8/23/2027,Mannar,4243.679659485817
8/24/2027,Mannar,4181.854739010334
8/25/2027,Mannar,3201.1580507159238
8/26/2027,Mannar,2493.5998040139675
8/27/2027,Mannar,3518.907901018858
8/28/2027,Mannar,3809.898259907961
8/29/2027,Mannar,3787.297327935696
8/30/2027,Mannar,4232.998999476433
8/31/2027,Mannar,4306.368545413017
9/1/2027,Mannar,4438.883385777473
9/2/2027,Mannar,4500.412003517151
9/3/2027,Mannar,4360.806539773941
9/4/2027,Mannar,3965.169924467802
9/5/2027,Mannar,4197.461593270302
9/6/2027,Mannar,4245.926227688789
9/7/2027,Mannar,4286.690001308918
9/8/2027,Mannar,4337.051575303078
9/9/2027,Mannar,4398.066716313362
9/10/2027,Mannar,4423.499296
9/11/2027,Mannar,4479.162495851517
9/12/2027,Mannar,4575.463895320892
9/13/2027,Mannar,4464.912011444569
9/14/2027,Mannar,4530.176451921463
9/15/2027,Mannar,4524.073217630386
9/16/2027,Mannar,4518.942750811577
9/17/2027,Mannar,4443.481883823872
9/18/2027,Mannar,4675.932455182076
9/19/2027,Mannar,4424.804060280323
9/20/2027,Mannar,4171.949454665184
9/21/2027,Mannar,4317.066837370396
9/22/2027,Mannar,4243.679659485817
9/23/2027,Mannar,4181.854739010334
9/24/2027,Mannar,3201.1580507159238
9/25/2027,Mannar,2493.5998040139675
9/26/2027,Mannar,3518.907901018858
9/27/2027,Mannar,3809.898259907961
9/28/2027,Mannar,3787.297327935696
9/29/2027,Mannar,4232.998999476433
9/30/2027,Mannar,4306.368545413017
10/1/2027,Mannar,4438.883385777473
10/2/2027,Mannar,4500.412003517151
10/3/2027,Mannar,4360.806539773941
10/4/2027,Mannar,3965.169924467802
10/5/2027,Mannar,4197.461593270302
10/6/2027,Mannar,4245.926227688789
10/7/2027,Mannar,4286.690001308918
10/8/2027,Mannar,4337.051575303078
10/9/2027,Mannar,4398.066716313362
10/10/2027,Mannar,4423.499296
10/11/2027,Mannar,4479.162495851517
10/12/2027,Mannar,4575.463895320892
10/13/2027,Mannar,4464.912011444569
10/14/2027,Mannar,4530.176451921463
10/15/2027,Mannar,4524.073217630386
10/16/2027,Mannar,4518.942750811577
10/17/2027,Mannar,4443.481883823872
10/18/2027,Mannar,4675.932455182076
10/19/2027,Mannar,4424.804060280323
10/20/2027,Mannar,4171.949454665184
10/21/2027,Mannar,4317.066837370396
10/22/2027,Mannar,4243.679659485817
10/23/2027,Mannar,4181.854739010334
10/24/2027,Mannar,3201.1580507159238
10/25/2027,Mannar,2493.5998040139675
10/26/2027,Mannar,3518.907901018858
10/27/2027,Mannar,3809.898259907961
10/28/2027,Mannar,3787.297327935696
10/29/2027,Mannar,4232.998999476433
10/30/2027,Mannar,4306.368545413017
10/31/2027,Mannar,4438.883385777473
11/1/2027,Mannar,4500.412003517151
11/2/2027,Mannar,4360.806539773941
11/3/2027,Mannar,3965.169924467802
11/4/2027,Mannar,4197.461593270302
11/5/2027,Mannar,4245.926227688789
11/6/2027,Mannar,4286.690001308918
11/7/2027,Mannar,4337.051575303078
11/8/2027,Mannar,4398.066716313362
11/9/2027,Mannar,4423.499296
11/10/2027,Mannar,4479.162495851517
11/11/2027,Mannar,4575.463895320892
11/12/2027,Mannar,4464.912011444569
11/13/2027,Mannar,4530.176451921463
11/14/2027,Mannar,4524.073217630386
11/15/2027,Mannar,4518.942750811577
11/16/2027,Mannar,4443.481883823872
11/17/2027,Mannar,4675.932455182076
11/18/2027,Mannar,4424.804060280323
11/19/2027,Mannar,4171.949454665184
11/20/2027,Mannar,4317.066837370396
11/21/2027,Mannar,4243.679659485817
11/22/2027,Mannar,4181.854739010334
11/23/2027,Mannar,3201.1580507159238
11/24/2027,Mannar,2493.5998040139675
11/25/2027,Mannar,3518.907901018858
11/26/2027,Mannar,3809.898259907961
11/27/2027,Mannar,3787.297327935696
11/28/2027,Mannar,4232.998999476433
11/29/2027,Mannar,4306.368545413017
11/30/2027,Mannar,4438.883385777473
12/1/2027,Mannar,4500.412003517151
12/2/2027,Mannar,4360.806539773941
12/3/2027,Mannar,3965.169924467802
12/4/2027,Mannar,4197.461593270302
12/5/2027,Mannar,4245.926227688789
12/6/2027,Mannar,4286.690001308918
12/7/2027,Mannar,4337.051575303078
12/8/2027,Mannar,4398.066716313362
12/9/2027,Mannar,4423.499296
12/10/2027,Mannar,4479.162495851517
12/11/2027,Mannar,4575.463895320892
12/12/2027,Mannar,4464.912011444569
12/13/2027,Mannar,4530.176451921463
12/14/2027,Mannar,4524.073217630386
12/15/2027,Mannar,4518.942750811577
12/16/2027,Mannar,4443.481883823872
12/17/2027,Mannar,4675.932455182076
12/18/2027,Mannar,4424.804060280323
12/19/2027,Mannar,4171.949454665184
12/20/2027,Mannar,4317.066837370396
12/21/2027,Mannar,4243.679659485817
12/22/2027,Mannar,4181.854739010334
12/23/2027,Mannar,3201.1580507159238
12/24/2027,Mannar,2493.5998040139675
12/25/2027,Mannar,3518.907901018858
12/26/2027,Mannar,3809.898259907961
12/27/2027,Mannar,3787.297327935696
12/28/2027,Mannar,4232.998999476433
12/29/2027,Mannar,4306.368545413017
12/30/2027,Mannar,4438.883385777473
12/31/2027,Mannar,4500.412003517151
1/1/2025,Hambantota,5108.557245492936
1/2/2025,Hambantota,5391.308468341828
1/3/2025,Hambantota,5395.025315761567
1/4/2025,Hambantota,5447.706843614579
1/5/2025,Hambantota,5507.003903388978
1/6/2025,Hambantota,5494.238542795182
1/7/2025,Hambantota,5346.463132858277
1/8/2025,Hambantota,5342.312185049058
1/9/2025,Hambantota,5428.828524351121
1/10/2025,Hambantota,5529.286552906037
1/11/2025,Hambantota,5602.405474424363
1/12/2025,Hambantota,5680.290721654893
1/13/2025,Hambantota,5728.228309154511
1/14/2025,Hambantota,5715.625352144242
1/15/2025,Hambantota,5703.300236940385
1/16/2025,Hambantota,5556.360547065736
1/17/2025,Hambantota,5697.111343622209
1/18/2025,Hambantota,5685.371320247651
1/19/2025,Hambantota,5601.172962903977
1/20/2025,Hambantota,5612.261616230012
1/21/2025,Hambantota,5390.523225069047
1/22/2025,Hambantota,5591.453766822816
1/23/2025,Hambantota,5629.865286827088
1/24/2025,Hambantota,5653.836055755616
1/25/2025,Hambantota,5675.731570243836
1/26/2025,Hambantota,5472.782395839692
1/27/2025,Hambantota,5565.718504905702
1/28/2025,Hambantota,5556.196387767793
1/29/2025,Hambantota,5560.639662
1/30/2025,Hambantota,5508.433054924012
1/31/2025,Hambantota,5402.838683843614
2/1/2025,Hambantota,5336.835672855378
2/2/2025,Hambantota,5363.835927009583
2/3/2025,Hambantota,5331.539121
2/4/2025,Hambantota,5092.401600360871
2/5/2025,Hambantota,4873.925765514375
2/6/2025,Hambantota,5267.470907688142
2/7/2025,Hambantota,5187.768934965135
2/8/2025,Hambantota,5408.664583206178
2/9/2025,Hambantota,5453.937435150147
2/10/2025,Hambantota,5441.664991378785
2/11/2025,Hambantota,5452.033362865449
2/12/2025,Hambantota,5059.229132175447
2/13/2025,Hambantota,5270.579838991166
2/14/2025,Hambantota,5239.923309564591
2/15/2025,Hambantota,5441.644800662995
2/16/2025,Hambantota,5422.724783182145
2/17/2025,Hambantota,5396.2323694229135
2/18/2025,Hambantota,5249.253175973893
2/19/2025,Hambantota,5360.127858161927
2/20/2025,Hambantota,5238.279083013536
2/21/2025,Hambantota,5116.559352874757
2/22/2025,Hambantota,5207.715606451036
2/23/2025,Hambantota,5343.549524784089
2/24/2025,Hambantota,5318.736890792848
2/25/2025,Hambantota,5160.345114707948
2/26/2025,Hambantota,5269.465838193894
2/27/2025,Hambantota,5015.187036037446
2/28/2025,Hambantota,5268.300921678544
3/1/2025,Hambantota,5431.10393
3/2/2025,Hambantota,5088.845400810243
3/3/2025,Hambantota,4788.473828077317
3/4/2025,Hambantota,5097.745117187501
3/5/2025,Hambantota,4836.686184883119
3/6/2025,Hambantota,5086.392667770387
3/7/2025,Hambantota,5148.170991
3/8/2025,Hambantota,5057.034489154817
3/9/2025,Hambantota,5335.090492725373
3/10/2025,Hambantota,5282.668372
3/11/2025,Hambantota,5314.434951543809
3/12/2025,Hambantota,5357.5855836868295
3/13/2025,Hambantota,5465.360552072526
3/14/2025,Hambantota,5383.233937740327
3/15/2025,Hambantota,5303.341031074525
3/16/2025,Hambantota,5428.102097511292
3/17/2025,Hambantota,5473.605825901032
3/18/2025,Hambantota,5436.664716720582
3/19/2025,Hambantota,5395.555541515351
3/20/2025,Hambantota,5323.129249334336
3/21/2025,Hambantota,5213.71181
3/22/2025,Hambantota,5161.750564098359
3/23/2025,Hambantota,5318.898416519166
3/24/2025,Hambantota,5326.851802825929
3/25/2025,Hambantota,5332.754075765611
3/26/2025,Hambantota,5445.198805570603
3/27/2025,Hambantota,5433.380652904511
3/28/2025,Hambantota,5382.087895154954
3/29/2025,Hambantota,5334.665609836579
3/30/2025,Hambantota,5269.105477809907
3/31/2025,Hambantota,5242.855791568757
4/1/2025,Hambantota,5322.688126
4/2/2025,Hambantota,5324.449107646943
4/3/2025,Hambantota,5343.814637660981
4/4/2025,Hambantota,5248.820831298829
4/5/2025,Hambantota,5172.481051683427
4/6/2025,Hambantota,5429.226632595063
4/7/2025,Hambantota,5575.387663125993
4/8/2025,Hambantota,5446.092025
4/9/2025,Hambantota,5178.838054656983
4/10/2025,Hambantota,5249.332622
4/11/2025,Hambantota,5342.660694360734
4/12/2025,Hambantota,5467.895364761353
4/13/2025,Hambantota,5565.816824913026
4/14/2025,Hambantota,5366.180683612824
4/15/2025,Hambantota,5459.776941299439
4/16/2025,Hambantota,5492.166799783708
4/17/2025,Hambantota,5416.003469467164
4/18/2025,Hambantota,5204.482019424439
4/19/2025,Hambantota,5338.537399053575
4/20/2025,Hambantota,5551.842654943467
4/21/2025,Hambantota,5457.635847568513
4/22/2025,Hambantota,5313.630395412446
4/23/2025,Hambantota,5146.978860855103
4/24/2025,Hambantota,5401.158904075624
4/25/2025,Hambantota,5429.269647598268
4/26/2025,Hambantota,5470.025046348573
4/27/2025,Hambantota,5393.956963539124
4/28/2025,Hambantota,5322.819804668427
4/29/2025,Hambantota,5335.4223227500925
4/30/2025,Hambantota,5411.017240524293
5/1/2025,Hambantota,5388.404516696931
5/2/2025,Hambantota,5220.936574935914
5/3/2025,Hambantota,5322.386143207551
5/4/2025,Hambantota,5323.723119735719
5/5/2025,Hambantota,5477.932345151902
5/6/2025,Hambantota,5387.344943046571
5/7/2025,Hambantota,5119.731928825379
5/8/2025,Hambantota,5034.564856
5/9/2025,Hambantota,5168.607067823411
5/10/2025,Hambantota,5533.223742485047
5/11/2025,Hambantota,5288.842341423036
5/12/2025,Hambantota,5407.07654
5/13/2025,Hambantota,4579.133414268494
5/14/2025,Hambantota,5216.574502
5/15/2025,Hambantota,5170.923294067384
5/16/2025,Hambantota,4617.457148551941
5/17/2025,Hambantota,4619.130783319473
5/18/2025,Hambantota,5087.255601406098
5/19/2025,Hambantota,5382.368371
5/20/2025,Hambantota,5515.945756912232
5/21/2025,Hambantota,5319.373337
5/22/2025,Hambantota,5330.360598087312
5/23/2025,Hambantota,5444.991192340852
5/24/2025,Hambantota,5448.889756202699
5/25/2025,Hambantota,5380.519603252412
5/26/2025,Hambantota,5314.028942584992
5/27/2025,Hambantota,5241.302423238755
5/28/2025,Hambantota,5250.434772
5/29/2025,Hambantota,5119.529582738877
5/30/2025,Hambantota,4561.734723329544
5/31/2025,Hambantota,5351.744321823121
6/1/2025,Hambantota,5513.971017
6/2/2025,Hambantota,5418.748528957368
6/3/2025,Hambantota,5463.684283733369
6/4/2025,Hambantota,5392.062108755113
6/5/2025,Hambantota,5613.889163494111
6/6/2025,Hambantota,5584.146483421327
6/7/2025,Hambantota,5588.105619430543
6/8/2025,Hambantota,5481.050932884217
6/9/2025,Hambantota,5687.656821489335
6/10/2025,Hambantota,5474.336203098298
6/11/2025,Hambantota,5505.043648242951
6/12/2025,Hambantota,5502.655876636506
6/13/2025,Hambantota,5525.941916942597
6/14/2025,Hambantota,5476.269244670869
6/15/2025,Hambantota,5382.3652980327615
6/16/2025,Hambantota,5457.665694713593
6/17/2025,Hambantota,5453.208374738694
6/18/2025,Hambantota,5402.021398782731
6/19/2025,Hambantota,5424.654752254487
6/20/2025,Hambantota,5441.046540975572
6/21/2025,Hambantota,5489.249241352082
6/22/2025,Hambantota,5444.5895726680765
6/23/2025,Hambantota,5488.636497020722
6/24/2025,Hambantota,5420.975652694703
6/25/2025,Hambantota,5288.008377075196
6/26/2025,Hambantota,5342.360467195512
6/27/2025,Hambantota,5518.192193508149
6/28/2025,Hambantota,5327.723515033723
6/29/2025,Hambantota,5337.984788
6/30/2025,Hambantota,4911.056930780412
7/1/2025,Hambantota,5352.409737586976
7/2/2025,Hambantota,5384.229427814485
7/3/2025,Hambantota,5236.026940345765
7/4/2025,Hambantota,5255.889337539674
7/5/2025,Hambantota,5273.669018507005
7/6/2025,Hambantota,5326.110452
7/7/2025,Hambantota,5245.943215370179
7/8/2025,Hambantota,5482.161422252656
7/9/2025,Hambantota,5429.3600668907175
7/10/2025,Hambantota,5414.900441884995
7/11/2025,Hambantota,5355.975593566895
7/12/2025,Hambantota,5198.709230422975
7/13/2025,Hambantota,5364.918324947358
7/14/2025,Hambantota,5070.466143369676
7/15/2025,Hambantota,5229.945145606996
7/16/2025,Hambantota,5138.646679
7/17/2025,Hambantota,5549.442154407502
7/18/2025,Hambantota,5404.1067485809335
7/19/2025,Hambantota,5320.648424863816
7/20/2025,Hambantota,5475.227228164674
7/21/2025,Hambantota,5524.034333229066
7/22/2025,Hambantota,5473.801588058473
7/23/2025,Hambantota,5240.41886
7/24/2025,Hambantota,5342.358711481095
7/25/2025,Hambantota,5727.716957330705
7/26/2025,Hambantota,5639.641543626786
7/27/2025,Hambantota,5654.876755475999
7/28/2025,Hambantota,5618.436463832856
7/29/2025,Hambantota,5767.674822807313
7/30/2025,Hambantota,5565.001296
7/31/2025,Hambantota,5708.558601617814
8/1/2025,Hambantota,5573.179852247239
8/2/2025,Hambantota,5482.396249055863
8/3/2025,Hambantota,5525.07196
8/4/2025,Hambantota,5436.422428131104
8/5/2025,Hambantota,5416.655278444291
8/6/2025,Hambantota,5329.281272649766
8/7/2025,Hambantota,5265.705097913743
8/8/2025,Hambantota,5392.057280540467
8/9/2025,Hambantota,5520.628247261048
8/10/2025,Hambantota,5645.011396169663
8/11/2025,Hambantota,5654.037524
8/12/2025,Hambantota,5555.650361
8/13/2025,Hambantota,5584.850524902345
8/14/2025,Hambantota,5478.958560228349
8/15/2025,Hambantota,5459.267345190049
8/16/2025,Hambantota,5491.676516532899
8/17/2025,Hambantota,5580.544196367265
8/18/2025,Hambantota,5653.538023233415
8/19/2025,Hambantota,5602.590263
8/20/2025,Hambantota,5464.149548053742
8/21/2025,Hambantota,5434.639061212541
8/22/2025,Hambantota,5408.328363895417
8/23/2025,Hambantota,5404.491250038148
8/24/2025,Hambantota,5512.371122
8/25/2025,Hambantota,5579.531588077546
8/26/2025,Hambantota,5617.185956239701
8/27/2025,Hambantota,4828.301770687104
8/28/2025,Hambantota,5339.104494810105
8/29/2025,Hambantota,4886.550669
8/30/2025,Hambantota,5266.375341892243
8/31/2025,Hambantota,5361.290580034257
9/1/2025,Hambantota,5010.548438549043
9/2/2025,Hambantota,4997.787028312684
9/3/2025,Hambantota,4551.969000816345
9/4/2025,Hambantota,4804.259017
9/5/2025,Hambantota,4430.918636798859
9/6/2025,Hambantota,4605.599931240082
9/7/2025,Hambantota,4722.267593145371
9/8/2025,Hambantota,4043.623837947846
9/9/2025,Hambantota,3708.160581707955
9/10/2025,Hambantota,3891.6333966255193
9/11/2025,Hambantota,4760.051884174348
9/12/2025,Hambantota,4877.761123657228
9/13/2025,Hambantota,4891.554455041886
9/14/2025,Hambantota,5284.069432
9/15/2025,Hambantota,5333.225485086442
9/16/2025,Hambantota,5401.175583
9/17/2025,Hambantota,5506.058451175691
9/18/2025,Hambantota,5473.285408
9/19/2025,Hambantota,5537.085436344148
9/20/2025,Hambantota,5408.533782482148
9/21/2025,Hambantota,5476.408823966981
9/22/2025,Hambantota,5446.314123153687
9/23/2025,Hambantota,5483.667386293412
9/24/2025,Hambantota,5095.201525926591
9/25/2025,Hambantota,5152.9614577293405
9/26/2025,Hambantota,5610.510291099549
9/27/2025,Hambantota,5496.350667238236
9/28/2025,Hambantota,5402.157027721406
9/29/2025,Hambantota,5353.321831
9/30/2025,Hambantota,5387.803184509278
10/1/2025,Hambantota,5264.046386718751
10/2/2025,Hambantota,5350.393299579621
10/3/2025,Hambantota,5144.235557079316
10/4/2025,Hambantota,5539.808549404145
10/5/2025,Hambantota,5445.6803102493295
10/6/2025,Hambantota,5496.817248344422
10/7/2025,Hambantota,5491.677833318711
10/8/2025,Hambantota,5279.527837514878
10/9/2025,Hambantota,5362.390974044801
10/10/2025,Hambantota,5433.452637195588
10/11/2025,Hambantota,4969.199169397355
10/12/2025,Hambantota,4861.251263141633
10/13/2025,Hambantota,4347.165791988373
10/14/2025,Hambantota,4469.622483253479
10/15/2025,Hambantota,4771.965284347535
10/16/2025,Hambantota,5030.202783584596
10/17/2025,Hambantota,5010.371989250184
10/18/2025,Hambantota,5158.612224578858
10/19/2025,Hambantota,5395.963745117188
10/20/2025,Hambantota,4684.126892089845
10/21/2025,Hambantota,4978.405696868897
10/22/2025,Hambantota,5227.987085
10/23/2025,Hambantota,5130.690659284593
10/24/2025,Hambantota,4909.015034914018
10/25/2025,Hambantota,5222.112903594972
10/26/2025,Hambantota,5322.135076045991
10/27/2025,Hambantota,5026.178686141969
10/28/2025,Hambantota,4640.468419551849
10/29/2025,Hambantota,5126.011241436006
10/30/2025,Hambantota,5091.725650310517
10/31/2025,Hambantota,5323.276290416718
11/1/2025,Hambantota,4594.454656124115
11/2/2025,Hambantota,4324.438946723938
11/3/2025,Hambantota,4694.4987750053415
11/4/2025,Hambantota,4816.434896945954
11/5/2025,Hambantota,3389.6191204786305
11/6/2025,Hambantota,3909.370062589646
11/7/2025,Hambantota,3818.501087784768
11/8/2025,Hambantota,4082.912118
11/9/2025,Hambantota,4145.503995
11/10/2025,Hambantota,4701.008525133134
11/11/2025,Hambantota,4771.701049327851
11/12/2025,Hambantota,5072.956185340882
11/13/2025,Hambantota,5298.849036
11/14/2025,Hambantota,5253.397100925447
11/15/2025,Hambantota,5354.40379
11/16/2025,Hambantota,5570.923320293427
11/17/2025,Hambantota,5603.673100233079
11/18/2025,Hambantota,5772.6522731781015
11/19/2025,Hambantota,5943.508743762971
11/20/2025,Hambantota,5891.524673461915
11/21/2025,Hambantota,5665.936000585557
11/22/2025,Hambantota,5119.312313079835
11/23/2025,Hambantota,5418.269657850266
11/24/2025,Hambantota,4922.847869873048
11/25/2025,Hambantota,5454.705121278764
11/26/2025,Hambantota,5543.537687
11/27/2025,Hambantota,5501.416342258454
11/28/2025,Hambantota,5635.443191528321
11/29/2025,Hambantota,5543.375283241273
11/30/2025,Hambantota,5570.136760234834
12/1/2025,Hambantota,5609.638578891755
12/2/2025,Hambantota,5574.258738756181
12/3/2025,Hambantota,5404.402586460114
12/4/2025,Hambantota,5392.368041992188
12/5/2025,Hambantota,5475.537111759187
12/6/2025,Hambantota,5573.139031887055
12/7/2025,Hambantota,5644.677810430528
12/8/2025,Hambantota,5723.432575225831
12/9/2025,Hambantota,5771.498329877854
12/10/2025,Hambantota,5758.049119
12/11/2025,Hambantota,5745.763506889344
12/12/2025,Hambantota,5595.717080354692
12/13/2025,Hambantota,5741.640650510789
12/14/2025,Hambantota,5727.917548
12/15/2025,Hambantota,5641.472754
12/16/2025,Hambantota,5653.563920021058
12/17/2025,Hambantota,5426.784433841706
12/18/2025,Hambantota,5633.465818166734
12/19/2025,Hambantota,5671.001675605775
12/20/2025,Hambantota,5694.258308
12/21/2025,Hambantota,5715.488406419755
12/22/2025,Hambantota,5507.597334861756
12/23/2025,Hambantota,5602.823773384095
12/24/2025,Hambantota,5591.924298286439
12/25/2025,Hambantota,5595.592863559724
12/26/2025,Hambantota,5541.571286678315
12/27/2025,Hambantota,5433.331492900849
12/28/2025,Hambantota,5365.667137145997
12/29/2025,Hambantota,5392.326782703401
12/30/2025,Hambantota,5358.051725864411
12/31/2025,Hambantota,5113.963090181352
1/1/2026,Hambantota,4892.0394711494455
1/2/2026,Hambantota,5289.672794342042
1/3/2026,Hambantota,5206.897882461549
1/4/2026,Hambantota,5428.528736114503
1/5/2026,Hambantota,5472.790296554566
1/6/2026,Hambantota,5459.205895185472
1/7/2026,Hambantota,5468.654272317887
1/8/2026,Hambantota,5071.641594171525
1/9/2026,Hambantota,5284.314353942872
1/10/2026,Hambantota,5252.450331926347
1/11/2026,Hambantota,5454.318864107133
1/12/2026,Hambantota,5434.082499742509
1/13/2026,Hambantota,5406.574844121934
1/14/2026,Hambantota,5258.095392704011
1/15/2026,Hambantota,5368.887556314469
1/16/2026,Hambantota,5245.711461067201
1/17/2026,Hambantota,5122.905383
1/18/2026,Hambantota,5213.987018346787
1/19/2026,Hambantota,5349.679601669312
1/20/2026,Hambantota,5324.169071197511
1/21/2026,Hambantota,5164.882319688798
1/22/2026,Hambantota,5274.055275678636
1/23/2026,Hambantota,5018.707243442536
1/24/2026,Hambantota,5272.140669107438
1/25/2026,Hambantota,5434.819460868836
1/26/2026,Hambantota,5091.547884225846
1/27/2026,Hambantota,4790.5060675144205
1/28/2026,Hambantota,5100.096896648408
1/29/2026,Hambantota,4838.461212158204
1/30/2026,Hambantota,5088.257675409318
1/31/2026,Hambantota,5149.884568214417
2/1/2026,Hambantota,5058.482953548432
2/2/2026,Hambantota,5336.632009983064
2/3/2026,Hambantota,5283.997447490693
2/4/2026,Hambantota,5315.680191993714
2/5/2026,Hambantota,5358.771129846574
2/6/2026,Hambantota,5466.530296802522
2/7/2026,Hambantota,5384.255763530732
2/8/2026,Hambantota,5304.250491142274
2/9/2026,Hambantota,5429.026920080186
2/10/2026,Hambantota,5474.470515251161
2/11/2026,Hambantota,5437.439425706864
2/12/2026,Hambantota,5396.256071567536
2/13/2026,Hambantota,5323.750333309175
2/14/2026,Hambantota,5214.2415969371805
2/15/2026,Hambantota,5162.216706275941
2/16/2026,Hambantota,5319.363681
2/17/2026,Hambantota,5327.259567499162
2/18/2026,Hambantota,5333.12102
2/19/2026,Hambantota,5445.559165954591
2/20/2026,Hambantota,5433.704143285752
2/21/2026,Hambantota,5382.376271247865
2/22/2026,Hambantota,5334.926333
2/23/2026,Hambantota,5269.336793184281
2/24/2026,Hambantota,5243.066038370133
2/25/2026,Hambantota,5322.890911102296
2/26/2026,Hambantota,5324.630824089051
2/27/2026,Hambantota,5343.981869459153
2/28/2026,Hambantota,5248.963922023774
3/1/2026,Hambantota,5172.607024192811
3/2/2026,Hambantota,5429.366211891175
3/3/2026,Hambantota,5575.524169921876
3/4/2026,Hambantota,5446.207024574281
3/5/2026,Hambantota,5178.928912878037
3/6/2026,Hambantota,5249.427869558335
3/7/2026,Hambantota,5342.755064010621
3/8/2026,Hambantota,5467.989295482636
3/9/2026,Hambantota,5565.908999919892
3/10/2026,Hambantota,5366.25574
3/11/2026,Hambantota,5459.855070590974
3/12/2026,Hambantota,5492.241417646409
3/13/2026,Hambantota,5416.070186614991
3/14/2026,Hambantota,5204.535568714143
3/15/2026,Hambantota,5338.594459772111
3/16/2026,Hambantota,5551.901910305024
3/17/2026,Hambantota,5457.685007572175
3/18/2026,Hambantota,5313.672093629838
3/19/2026,Hambantota,5147.013097286225
3/20/2026,Hambantota,5401.196651935578
3/21/2026,Hambantota,5429.303006172181
3/22/2026,Hambantota,5470.055332422257
3/23/2026,Hambantota,5393.983299255372
3/24/2026,Hambantota,5322.843507
3/25/2026,Hambantota,5335.444269180299
3/26/2026,Hambantota,5411.037870168687
3/27/2026,Hambantota,5388.423390626908
3/28/2026,Hambantota,5220.951937437058
3/29/2026,Hambantota,5322.401945
3/30/2026,Hambantota,5323.737604379655
3/31/2026,Hambantota,5477.946829795838
4/1/2026,Hambantota,5387.357233047486
4/2/2026,Hambantota,5119.741146326066
4/3/2026,Hambantota,5034.573195695878
4/4/2026,Hambantota,5168.6158463954935
4/5/2026,Hambantota,5533.233398914338
4/6/2026,Hambantota,5288.849803209306
4/7/2026,Hambantota,5407.084440231324
4/8/2026,Hambantota,4579.137364625931
4/9/2026,Hambantota,5216.581086397172
4/10/2026,Hambantota,5170.928561210633
4/11/2026,Hambantota,4617.460659980774
4/12/2026,Hambantota,4619.133855819702
4/13/2026,Hambantota,5087.259991
4/14/2026,Hambantota,5382.372320890428
4/15/2026,Hambantota,5515.9497072696695
4/16/2026,Hambantota,5319.376409769059
4/17/2026,Hambantota,5330.364109516145
4/18/2026,Hambantota,5444.994264841081
4/19/2026,Hambantota,5448.892828702928
4/20/2026,Hambantota,5380.522675752641
4/21/2026,Hambantota,5314.031576156617
4/22/2026,Hambantota,5241.304617881776
4/23/2026,Hambantota,5250.436966419221
4/24/2026,Hambantota,5119.531338453294
4/25/2026,Hambantota,4561.736040115356
4/26/2026,Hambantota,5351.7460775375375
4/27/2026,Hambantota,5513.972772836686
4/28/2026,Hambantota,5418.749846
4/29/2026,Hambantota,5463.686039447785
4/30/2026,Hambantota,5392.063425540925
5/1/2026,Hambantota,5613.890919208528
5/2/2026,Hambantota,5584.148239135743
5/3/2026,Hambantota,5588.106936216355
5/4/2026,Hambantota,5481.0518107414255
5/5/2026,Hambantota,5687.658138275147
5/6/2026,Hambantota,5474.33752
5/7/2026,Hambantota,5505.045403957368
5/8/2026,Hambantota,5502.657193422318
5/9/2026,Hambantota,5525.943234
5/10/2026,Hambantota,5476.270122528077
5/11/2026,Hambantota,5382.366176
5/12/2026,Hambantota,5457.667011499406
5/13/2026,Hambantota,5453.2096915245065
5/14/2026,Hambantota,5402.022715568543
5/15/2026,Hambantota,5424.655630111695
5/16/2026,Hambantota,5441.047419
5/17/2026,Hambantota,5489.2501192092905
5/18/2026,Hambantota,5444.590450525285
5/19/2026,Hambantota,5488.637374877931
5/20/2026,Hambantota,5420.976091623307
5/21/2026,Hambantota,5288.008816
5/22/2026,Hambantota,5342.360906124116
5/23/2026,Hambantota,5518.192632436753
5/24/2026,Hambantota,5327.724392890931
5/25/2026,Hambantota,5337.985226869584
5/26/2026,Hambantota,4911.056930780412
5/27/2026,Hambantota,5352.409737586976
5/28/2026,Hambantota,5384.229427814485
5/29/2026,Hambantota,5236.026940345765
5/30/2026,Hambantota,5255.889776468278
5/31/2026,Hambantota,5273.669018507005
6/1/2026,Hambantota,5326.110452
6/2/2026,Hambantota,5245.943215370179
6/3/2026,Hambantota,5482.161422252656
6/4/2026,Hambantota,5429.3600668907175
6/5/2026,Hambantota,5414.900441884995
6/6/2026,Hambantota,5355.976032
6/7/2026,Hambantota,5198.709669351579
6/8/2026,Hambantota,5364.918763875962
6/9/2026,Hambantota,5070.466143369676
6/10/2026,Hambantota,5229.945145606996
6/11/2026,Hambantota,5138.647118091584
6/12/2026,Hambantota,5549.442593336106
6/13/2026,Hambantota,5404.1067485809335
6/14/2026,Hambantota,5320.648424863816
6/15/2026,Hambantota,5475.227228164674
6/16/2026,Hambantota,5524.034333229066
6/17/2026,Hambantota,5473.801588058473
6/18/2026,Hambantota,5240.41886
6/19/2026,Hambantota,5342.358711481095
6/20/2026,Hambantota,5727.717396259309
6/21/2026,Hambantota,5639.641543626786
6/22/2026,Hambantota,5654.876755475999
6/23/2026,Hambantota,5618.436463832856
6/24/2026,Hambantota,5767.674822807313
6/25/2026,Hambantota,5565.001296
6/26/2026,Hambantota,5708.558163
6/27/2026,Hambantota,5573.179852247239
6/28/2026,Hambantota,5482.396249055863
6/29/2026,Hambantota,5525.07196
6/30/2026,Hambantota,5436.422428131104
7/1/2026,Hambantota,5416.655278444291
7/2/2026,Hambantota,5329.281272649766
7/3/2026,Hambantota,5265.705097913743
7/4/2026,Hambantota,5392.057280540467
7/5/2026,Hambantota,5520.628247261048
7/6/2026,Hambantota,5645.011396169663
7/7/2026,Hambantota,5654.037524
7/8/2026,Hambantota,5555.650361
7/9/2026,Hambantota,5584.850524902345
7/10/2026,Hambantota,5478.958999156953
7/11/2026,Hambantota,5459.267345190049
7/12/2026,Hambantota,5491.676516532899
7/13/2026,Hambantota,5580.544196367265
7/14/2026,Hambantota,5653.538023233415
7/15/2026,Hambantota,5602.590263
7/16/2026,Hambantota,5464.149548053742
7/17/2026,Hambantota,5434.639061212541
7/18/2026,Hambantota,5408.328363895417
7/19/2026,Hambantota,5404.491250038148
7/20/2026,Hambantota,5512.371122
7/21/2026,Hambantota,5579.531588077546
7/22/2026,Hambantota,5617.185956239701
7/23/2026,Hambantota,4828.301770687104
7/24/2026,Hambantota,5339.104055881501
7/25/2026,Hambantota,4886.550669
7/26/2026,Hambantota,5266.375341892243
7/27/2026,Hambantota,5361.290580034257
7/28/2026,Hambantota,5010.548438549043
7/29/2026,Hambantota,4997.787028312684
7/30/2026,Hambantota,4551.969000816345
7/31/2026,Hambantota,4804.259017
8/1/2026,Hambantota,4430.918197870255
8/2/2026,Hambantota,4605.599931240082
8/3/2026,Hambantota,4722.267593145371
8/4/2026,Hambantota,4043.623837947846
8/5/2026,Hambantota,3708.160581707955
8/6/2026,Hambantota,3891.6333966255193
8/7/2026,Hambantota,4760.051884174348
8/8/2026,Hambantota,4877.761123657228
8/9/2026,Hambantota,4891.554455041886
8/10/2026,Hambantota,5284.068992853166
8/11/2026,Hambantota,5333.225046157838
8/12/2026,Hambantota,5401.175583
8/13/2026,Hambantota,5506.058451175691
8/14/2026,Hambantota,5473.285408
8/15/2026,Hambantota,5537.085436344148
8/16/2026,Hambantota,5408.533782482148
8/17/2026,Hambantota,5476.408823966981
8/18/2026,Hambantota,5446.314123153687
8/19/2026,Hambantota,5483.667386293412
8/20/2026,Hambantota,5095.201525926591
8/21/2026,Hambantota,5152.9614577293405
8/22/2026,Hambantota,5610.510291099549
8/23/2026,Hambantota,5496.350667238236
8/24/2026,Hambantota,5402.157027721406
8/25/2026,Hambantota,5353.321831
8/26/2026,Hambantota,5387.803184509278
8/27/2026,Hambantota,5264.046386718751
8/28/2026,Hambantota,5350.392860651017
8/29/2026,Hambantota,5144.235557079316
8/30/2026,Hambantota,5539.808549404145
8/31/2026,Hambantota,5445.6803102493295
9/1/2026,Hambantota,5496.817687273026
9/2/2026,Hambantota,5491.677833318711
9/3/2026,Hambantota,5279.527837514878
9/4/2026,Hambantota,5362.390974044801
9/5/2026,Hambantota,5433.452637195588
9/6/2026,Hambantota,4969.199169397355
9/7/2026,Hambantota,4861.251263141633
9/8/2026,Hambantota,4347.165791988373
9/9/2026,Hambantota,4469.622483253479
9/10/2026,Hambantota,4771.965284347535
9/11/2026,Hambantota,5030.202783584596
9/12/2026,Hambantota,5010.37155
9/13/2026,Hambantota,5158.612224578858
9/14/2026,Hambantota,5395.963745117188
9/15/2026,Hambantota,4684.126892089845
9/16/2026,Hambantota,4978.405696868897
9/17/2026,Hambantota,5227.987085
9/18/2026,Hambantota,5130.690659284593
9/19/2026,Hambantota,4909.015034914018
9/20/2026,Hambantota,5222.112903594972
9/21/2026,Hambantota,5322.135076045991
9/22/2026,Hambantota,5026.178686141969
9/23/2026,Hambantota,4640.468419551849
9/24/2026,Hambantota,5126.011241436006
9/25/2026,Hambantota,5091.725650310517
9/26/2026,Hambantota,5323.276290416718
9/27/2026,Hambantota,4594.454656124115
9/28/2026,Hambantota,4324.438946723938
9/29/2026,Hambantota,4694.4987750053415
9/30/2026,Hambantota,4816.434896945954
10/1/2026,Hambantota,3389.6191204786305
10/2/2026,Hambantota,3909.370062589646
10/3/2026,Hambantota,3818.501087784768
10/4/2026,Hambantota,4082.912118
10/5/2026,Hambantota,4145.503995
10/6/2026,Hambantota,4701.008525133134
10/7/2026,Hambantota,4771.701049327851
10/8/2026,Hambantota,5072.956185340882
10/9/2026,Hambantota,5298.849036
10/10/2026,Hambantota,5253.397100925447
10/11/2026,Hambantota,5354.40379
10/12/2026,Hambantota,5570.923320293427
10/13/2026,Hambantota,5603.673100233079
10/14/2026,Hambantota,5772.6522731781015
10/15/2026,Hambantota,5943.508743762971
10/16/2026,Hambantota,5891.524673461915
10/17/2026,Hambantota,5665.936000585557
10/18/2026,Hambantota,5119.312313079835
10/19/2026,Hambantota,5418.269657850266
10/20/2026,Hambantota,4922.847869873048
10/21/2026,Hambantota,5454.705121278764
10/22/2026,Hambantota,5543.537687
10/23/2026,Hambantota,5501.416342258454
10/24/2026,Hambantota,5635.443191528321
10/25/2026,Hambantota,5543.375283241273
10/26/2026,Hambantota,5570.136760234834
10/27/2026,Hambantota,5609.638578891755
10/28/2026,Hambantota,5574.258738756181
10/29/2026,Hambantota,5404.402586460114
10/30/2026,Hambantota,5392.368041992188
10/31/2026,Hambantota,5475.537111759187
11/1/2026,Hambantota,5573.139031887055
11/2/2026,Hambantota,5644.677810430528
11/3/2026,Hambantota,5723.432575225831
11/4/2026,Hambantota,5771.498329877854
11/5/2026,Hambantota,5758.049119
11/6/2026,Hambantota,5745.763068
11/7/2026,Hambantota,5595.717080354692
11/8/2026,Hambantota,5741.640650510789
11/9/2026,Hambantota,5727.917548
11/10/2026,Hambantota,5641.472754
11/11/2026,Hambantota,5653.563920021058
11/12/2026,Hambantota,5426.784433841706
11/13/2026,Hambantota,5633.465818166734
11/14/2026,Hambantota,5671.001675605775
11/15/2026,Hambantota,5694.258308
11/16/2026,Hambantota,5715.488406419755
11/17/2026,Hambantota,5507.597334861756
11/18/2026,Hambantota,5602.823773384095
11/19/2026,Hambantota,5591.924298286439
11/20/2026,Hambantota,5595.592863559724
11/21/2026,Hambantota,5541.570847749711
11/22/2026,Hambantota,5433.331492900849
11/23/2026,Hambantota,5365.667137145997
11/24/2026,Hambantota,5392.326782703401
11/25/2026,Hambantota,5358.051725864411
11/26/2026,Hambantota,5113.963090181352
11/27/2026,Hambantota,4892.0394711494455
11/28/2026,Hambantota,5289.672794342042
11/29/2026,Hambantota,5206.897882461549
11/30/2026,Hambantota,5428.528736114503
12/1/2026,Hambantota,5472.790296554566
12/2/2026,Hambantota,5459.205895185472
12/3/2026,Hambantota,5468.654272317887
12/4/2026,Hambantota,5071.641594171525
12/5/2026,Hambantota,5284.314353942872
12/6/2026,Hambantota,5252.450331926347
12/7/2026,Hambantota,5454.318864107133
12/8/2026,Hambantota,5434.082938671113
12/9/2026,Hambantota,5406.575283050538
12/10/2026,Hambantota,5258.095392704011
12/11/2026,Hambantota,5368.887556314469
12/12/2026,Hambantota,5245.711461067201
12/13/2026,Hambantota,5122.905383
12/14/2026,Hambantota,5213.987018346787
12/15/2026,Hambantota,5349.679601669312
12/16/2026,Hambantota,5324.169071197511
12/17/2026,Hambantota,5164.882319688798
12/18/2026,Hambantota,5274.055275678636
12/19/2026,Hambantota,5018.707243442536
12/20/2026,Hambantota,5272.140669107438
12/21/2026,Hambantota,5434.819460868836
12/22/2026,Hambantota,5091.547445297242
12/23/2026,Hambantota,4790.505628585816
12/24/2026,Hambantota,5100.096896648408
12/25/2026,Hambantota,4838.461212158204
12/26/2026,Hambantota,5088.257675409318
12/27/2026,Hambantota,5149.884568214417
12/28/2026,Hambantota,5058.482953548432
12/29/2026,Hambantota,5336.632009983064
12/30/2026,Hambantota,5283.997886419297
12/31/2026,Hambantota,5315.680191993714
1/1/2027,Hambantota,5358.771129846574
1/2/2027,Hambantota,5466.530296802522
1/3/2027,Hambantota,5384.256202459336
1/4/2027,Hambantota,5304.250491142274
1/5/2027,Hambantota,5429.027359
1/6/2027,Hambantota,5474.470515251161
1/7/2027,Hambantota,5437.439425706864
1/8/2027,Hambantota,5396.25651
1/9/2027,Hambantota,5323.750333309175
1/10/2027,Hambantota,5214.2415969371805
1/11/2027,Hambantota,5162.217145204545
1/12/2027,Hambantota,5319.363681
1/13/2027,Hambantota,5327.260006427766
1/14/2027,Hambantota,5333.121459007264
1/15/2027,Hambantota,5445.559604883195
1/16/2027,Hambantota,5433.704143285752
1/17/2027,Hambantota,5382.376710176469
1/18/2027,Hambantota,5334.926333
1/19/2027,Hambantota,5269.336793184281
1/20/2027,Hambantota,5243.066038370133
1/21/2027,Hambantota,5322.890911102296
1/22/2027,Hambantota,5324.630824089051
1/23/2027,Hambantota,5343.981869459153
1/24/2027,Hambantota,5248.963922023774
1/25/2027,Hambantota,5172.607024192811
1/26/2027,Hambantota,5429.366211891175
1/27/2027,Hambantota,5575.523730993272
1/28/2027,Hambantota,5446.207024574281
1/29/2027,Hambantota,5178.928473949433
1/30/2027,Hambantota,5249.427869558335
1/31/2027,Hambantota,5342.755064010621
2/1/2027,Hambantota,5467.989295482636
2/2/2027,Hambantota,5565.908999919892
2/3/2027,Hambantota,5366.25574
2/4/2027,Hambantota,5459.855070590974
2/5/2027,Hambantota,5492.241856575013
2/6/2027,Hambantota,5416.070186614991
2/7/2027,Hambantota,5204.535568714143
2/8/2027,Hambantota,5338.594459772111
2/9/2027,Hambantota,5551.901910305024
2/10/2027,Hambantota,5457.685007572175
2/11/2027,Hambantota,5313.671654701234
2/12/2027,Hambantota,5147.013097286225
2/13/2027,Hambantota,5401.196651935578
2/14/2027,Hambantota,5429.303006172181
2/15/2027,Hambantota,5470.0557713508615
2/16/2027,Hambantota,5393.983299255372
2/17/2027,Hambantota,5322.843507
2/18/2027,Hambantota,5335.444269180299
2/19/2027,Hambantota,5411.037870168687
2/20/2027,Hambantota,5388.423390626908
2/21/2027,Hambantota,5220.951937437058
2/22/2027,Hambantota,5322.401945
2/23/2027,Hambantota,5323.737604379655
2/24/2027,Hambantota,5477.947268724442
2/25/2027,Hambantota,5387.357233047486
2/26/2027,Hambantota,5119.741146326066
2/27/2027,Hambantota,5034.573195695878
2/28/2027,Hambantota,5168.6158463954935
3/1/2027,Hambantota,5533.233398914338
3/2/2027,Hambantota,5288.849364280702
3/3/2027,Hambantota,5407.084440231324
3/4/2027,Hambantota,4579.137364625931
3/5/2027,Hambantota,5216.581086397172
3/6/2027,Hambantota,5170.928561210633
3/7/2027,Hambantota,4617.460659980774
3/8/2027,Hambantota,4619.134294748306
3/9/2027,Hambantota,5087.259991
3/10/2027,Hambantota,5382.372320890428
3/11/2027,Hambantota,5515.9497072696695
3/12/2027,Hambantota,5319.376409769059
3/13/2027,Hambantota,5330.364109516145
3/14/2027,Hambantota,5444.994264841081
3/15/2027,Hambantota,5448.892828702928
3/16/2027,Hambantota,5380.522675752641
3/17/2027,Hambantota,5314.031576156617
3/18/2027,Hambantota,5241.304617881776
3/19/2027,Hambantota,5250.436966419221
3/20/2027,Hambantota,5119.531338453294
3/21/2027,Hambantota,4561.736040115356
3/22/2027,Hambantota,5351.7460775375375
3/23/2027,Hambantota,5513.972772836686
3/24/2027,Hambantota,5418.749846
3/25/2027,Hambantota,5463.686039447785
3/26/2027,Hambantota,5392.063425540925
3/27/2027,Hambantota,5613.890919208528
3/28/2027,Hambantota,5584.147800207139
3/29/2027,Hambantota,5588.106497287751
3/30/2027,Hambantota,5481.0518107414255
3/31/2027,Hambantota,5687.658138275147
4/1/2027,Hambantota,5474.33752
4/2/2027,Hambantota,5505.045403957368
4/3/2027,Hambantota,5502.657193422318
4/4/2027,Hambantota,5525.943234
4/5/2027,Hambantota,5476.270122528077
4/6/2027,Hambantota,5382.366176
4/7/2027,Hambantota,5457.667011499406
4/8/2027,Hambantota,5453.2096915245065
4/9/2027,Hambantota,5402.022715568543
4/10/2027,Hambantota,5424.655630111695
4/11/2027,Hambantota,5441.047419
4/12/2027,Hambantota,5489.2501192092905
4/13/2027,Hambantota,5444.590450525285
4/14/2027,Hambantota,5488.637374877931
4/15/2027,Hambantota,5420.976091623307
4/16/2027,Hambantota,5288.008816
4/17/2027,Hambantota,5342.360906124116
4/18/2027,Hambantota,5518.192632436753
4/19/2027,Hambantota,5327.723953962327
4/20/2027,Hambantota,5337.984788
4/21/2027,Hambantota,4911.056930780412
4/22/2027,Hambantota,5352.409737586976
4/23/2027,Hambantota,5384.229427814485
4/24/2027,Hambantota,5236.026940345765
4/25/2027,Hambantota,5255.889776468278
4/26/2027,Hambantota,5273.669018507005
4/27/2027,Hambantota,5326.110452
4/28/2027,Hambantota,5245.943215370179
4/29/2027,Hambantota,5482.161422252656
4/30/2027,Hambantota,5429.3600668907175
5/1/2027,Hambantota,5414.900441884995
5/2/2027,Hambantota,5355.975593566895
5/3/2027,Hambantota,5198.709230422975
5/4/2027,Hambantota,5364.918324947358
5/5/2027,Hambantota,5070.466143369676
5/6/2027,Hambantota,5229.945145606996
5/7/2027,Hambantota,5138.647118091584
5/8/2027,Hambantota,5549.442593336106
5/9/2027,Hambantota,5404.1067485809335
5/10/2027,Hambantota,5320.648424863816
5/11/2027,Hambantota,5475.227228164674
5/12/2027,Hambantota,5524.034333229066
5/13/2027,Hambantota,5473.801588058473
5/14/2027,Hambantota,5240.41886
5/15/2027,Hambantota,5342.358711481095
5/16/2027,Hambantota,5727.716957330705
5/17/2027,Hambantota,5639.641104698182
5/18/2027,Hambantota,5654.876755475999
5/19/2027,Hambantota,5618.436463832856
5/20/2027,Hambantota,5767.674822807313
5/21/2027,Hambantota,5565.001296
5/22/2027,Hambantota,5708.558163
5/23/2027,Hambantota,5573.179852247239
5/24/2027,Hambantota,5482.396249055863
5/25/2027,Hambantota,5525.072399377824
5/26/2027,Hambantota,5436.422428131104
5/27/2027,Hambantota,5416.655278444291
5/28/2027,Hambantota,5329.281272649766
5/29/2027,Hambantota,5265.705097913743
5/30/2027,Hambantota,5392.057280540467
5/31/2027,Hambantota,5520.628247261048
6/1/2027,Hambantota,5645.011396169663
6/2/2027,Hambantota,5654.037524
6/3/2027,Hambantota,5555.650361
6/4/2027,Hambantota,5584.850524902345
6/5/2027,Hambantota,5478.958999156953
6/6/2027,Hambantota,5459.267784118653
6/7/2027,Hambantota,5491.676516532899
6/8/2027,Hambantota,5580.544196367265
6/9/2027,Hambantota,5653.538023233415
6/10/2027,Hambantota,5602.589824438096
6/11/2027,Hambantota,5464.149548053742
6/12/2027,Hambantota,5434.639061212541
6/13/2027,Hambantota,5408.328363895417
6/14/2027,Hambantota,5404.491250038148
6/15/2027,Hambantota,5512.371122
6/16/2027,Hambantota,5579.531588077546
6/17/2027,Hambantota,5617.185956239701
6/18/2027,Hambantota,4828.301770687104
6/19/2027,Hambantota,5339.104055881501
6/20/2027,Hambantota,4886.550669
6/21/2027,Hambantota,5266.374902963639
6/22/2027,Hambantota,5361.290141105653
6/23/2027,Hambantota,5010.547999620439
6/24/2027,Hambantota,4997.787028312684
6/25/2027,Hambantota,4551.969000816345
6/26/2027,Hambantota,4804.259017
6/27/2027,Hambantota,4430.918197870255
6/28/2027,Hambantota,4605.599931240082
6/29/2027,Hambantota,4722.267593145371
6/30/2027,Hambantota,4043.623837947846
7/1/2027,Hambantota,3708.160581707955
7/2/2027,Hambantota,3891.6333966255193
7/3/2027,Hambantota,4760.051884174348
7/4/2027,Hambantota,4877.761123657228
7/5/2027,Hambantota,4891.554455041886
7/6/2027,Hambantota,5284.068992853166
7/7/2027,Hambantota,5333.225046157838
7/8/2027,Hambantota,5401.175144433976
7/9/2027,Hambantota,5506.058451175691
7/10/2027,Hambantota,5473.285408
7/11/2027,Hambantota,5537.085436344148
7/12/2027,Hambantota,5408.533782482148
7/13/2027,Hambantota,5476.408823966981
7/14/2027,Hambantota,5446.314123153687
7/15/2027,Hambantota,5483.666947364808
7/16/2027,Hambantota,5095.201086997987
7/17/2027,Hambantota,5152.9614577293405
7/18/2027,Hambantota,5610.510291099549
7/19/2027,Hambantota,5496.350667238236
7/20/2027,Hambantota,5402.157027721406
7/21/2027,Hambantota,5353.321831
7/22/2027,Hambantota,5387.803184509278
7/23/2027,Hambantota,5264.046386718751
7/24/2027,Hambantota,5350.393299579621
7/25/2027,Hambantota,5144.235557079316
7/26/2027,Hambantota,5539.808549404145
7/27/2027,Hambantota,5445.6803102493295
7/28/2027,Hambantota,5496.817687273026
7/29/2027,Hambantota,5491.677833318711
7/30/2027,Hambantota,5279.527398586274
7/31/2027,Hambantota,5362.390974044801
8/1/2027,Hambantota,5433.452637195588
8/2/2027,Hambantota,4969.199169397355
8/3/2027,Hambantota,4861.250824213029
8/4/2027,Hambantota,4347.165791988373
8/5/2027,Hambantota,4469.622483253479
8/6/2027,Hambantota,4771.965284347535
8/7/2027,Hambantota,5030.202783584596
8/8/2027,Hambantota,5010.371989250184
8/9/2027,Hambantota,5158.612224578858
8/10/2027,Hambantota,5395.963745117188
8/11/2027,Hambantota,4684.126892089845
8/12/2027,Hambantota,4978.405696868897
8/13/2027,Hambantota,5227.987085
8/14/2027,Hambantota,5130.690659284593
8/15/2027,Hambantota,4909.015034914018
8/16/2027,Hambantota,5222.112903594972
8/17/2027,Hambantota,5322.135076045991
8/18/2027,Hambantota,5026.178686141969
8/19/2027,Hambantota,4640.468419551849
8/20/2027,Hambantota,5126.011241436006
8/21/2027,Hambantota,5091.725650310517
8/22/2027,Hambantota,5323.276290416718
8/23/2027,Hambantota,4594.454656124115
8/24/2027,Hambantota,4324.438946723938
8/25/2027,Hambantota,4694.4987750053415
8/26/2027,Hambantota,4816.434896945954
8/27/2027,Hambantota,3389.6193399429326
8/28/2027,Hambantota,3909.370062589646
8/29/2027,Hambantota,3818.5008683204655
8/30/2027,Hambantota,4082.912118
8/31/2027,Hambantota,4145.504214644432
9/1/2027,Hambantota,4701.008525133134
9/2/2027,Hambantota,4771.701049327851
9/3/2027,Hambantota,5072.956185340882
9/4/2027,Hambantota,5298.849036
9/5/2027,Hambantota,5253.397100925447
9/6/2027,Hambantota,5354.40379
9/7/2027,Hambantota,5570.923320293427
9/8/2027,Hambantota,5603.673100233079
9/9/2027,Hambantota,5772.6522731781015
9/10/2027,Hambantota,5943.508743762971
9/11/2027,Hambantota,5891.524673461915
9/12/2027,Hambantota,5665.936000585557
9/13/2027,Hambantota,5119.312313079835
9/14/2027,Hambantota,5418.269657850266
9/15/2027,Hambantota,4922.847869873048
9/16/2027,Hambantota,5454.705121278764
9/17/2027,Hambantota,5543.537687
9/18/2027,Hambantota,5501.416342258454
9/19/2027,Hambantota,5635.443191528321
9/20/2027,Hambantota,5543.375283241273
9/21/2027,Hambantota,5570.136760234834
9/22/2027,Hambantota,5609.638578891755
9/23/2027,Hambantota,5574.258738756181
9/24/2027,Hambantota,5404.402586460114
9/25/2027,Hambantota,5392.368041992188
9/26/2027,Hambantota,5475.537111759187
9/27/2027,Hambantota,5573.139031887055
9/28/2027,Hambantota,5644.677810430528
9/29/2027,Hambantota,5723.432575225831
9/30/2027,Hambantota,5771.498329877854
10/1/2027,Hambantota,5758.049119
10/2/2027,Hambantota,5745.763506889344
10/3/2027,Hambantota,5595.717080354692
10/4/2027,Hambantota,5741.640650510789
10/5/2027,Hambantota,5727.917548
10/6/2027,Hambantota,5641.472754
10/7/2027,Hambantota,5653.563920021058
10/8/2027,Hambantota,5426.784433841706
10/9/2027,Hambantota,5633.465818166734
10/10/2027,Hambantota,5671.001675605775
10/11/2027,Hambantota,5694.258308
10/12/2027,Hambantota,5715.488406419755
10/13/2027,Hambantota,5507.597334861756
10/14/2027,Hambantota,5602.823773384095
10/15/2027,Hambantota,5591.924298286439
10/16/2027,Hambantota,5595.592863559724
10/17/2027,Hambantota,5541.570847749711
10/18/2027,Hambantota,5433.331492900849
10/19/2027,Hambantota,5365.666698217393
10/20/2027,Hambantota,5392.326782703401
10/21/2027,Hambantota,5358.051286935807
10/22/2027,Hambantota,5113.962651252748
10/23/2027,Hambantota,4892.0394711494455
10/24/2027,Hambantota,5289.672794342042
10/25/2027,Hambantota,5206.897882461549
10/26/2027,Hambantota,5428.528736114503
10/27/2027,Hambantota,5472.790296554566
10/28/2027,Hambantota,5459.205895185472
10/29/2027,Hambantota,5468.654272317887
10/30/2027,Hambantota,5071.641594171525
10/31/2027,Hambantota,5284.313915014268
11/1/2027,Hambantota,5252.449892997743
11/2/2027,Hambantota,5454.318425178529
11/3/2027,Hambantota,5434.082499742509
11/4/2027,Hambantota,5406.574844121934
11/5/2027,Hambantota,5258.095392704011
11/6/2027,Hambantota,5368.887117385865
11/7/2027,Hambantota,5245.7110221385965
11/8/2027,Hambantota,5122.904943704606
11/9/2027,Hambantota,5213.986579418183
11/10/2027,Hambantota,5349.679601669312
11/11/2027,Hambantota,5324.169071197511
11/12/2027,Hambantota,5164.882758617402
11/13/2027,Hambantota,5274.055275678636
11/14/2027,Hambantota,5018.707243442536
11/15/2027,Hambantota,5272.140669107438
11/16/2027,Hambantota,5434.819460868836
11/17/2027,Hambantota,5091.547445297242
11/18/2027,Hambantota,4790.5060675144205
11/19/2027,Hambantota,5100.096896648408
11/20/2027,Hambantota,4838.461212158204
11/21/2027,Hambantota,5088.257675409318
11/22/2027,Hambantota,5149.884568214417
11/23/2027,Hambantota,5058.482953548432
11/24/2027,Hambantota,5336.632009983064
11/25/2027,Hambantota,5283.997886419297
11/26/2027,Hambantota,5315.680191993714
11/27/2027,Hambantota,5358.771129846574
11/28/2027,Hambantota,5466.530296802522
11/29/2027,Hambantota,5384.255763530732
11/30/2027,Hambantota,5304.250491142274
12/1/2027,Hambantota,5429.026920080186
12/2/2027,Hambantota,5474.470515251161
12/3/2027,Hambantota,5437.438987
12/4/2027,Hambantota,5396.256071567536
12/5/2027,Hambantota,5323.750333309175
12/6/2027,Hambantota,5214.2415969371805
12/7/2027,Hambantota,5162.216706275941
12/8/2027,Hambantota,5319.363681
12/9/2027,Hambantota,5327.259567499162
12/10/2027,Hambantota,5333.12102
12/11/2027,Hambantota,5445.559165954591
12/12/2027,Hambantota,5433.704143285752
12/13/2027,Hambantota,5382.376271247865
12/14/2027,Hambantota,5334.926333
12/15/2027,Hambantota,5269.336793184281
12/16/2027,Hambantota,5243.066038370133
12/17/2027,Hambantota,5322.890911102296
12/18/2027,Hambantota,5324.630824089051
12/19/2027,Hambantota,5343.981869459153
12/20/2027,Hambantota,5248.963922023774
12/21/2027,Hambantota,5172.607024192811
12/22/2027,Hambantota,5429.366211891175
12/23/2027,Hambantota,5575.524169921876
12/24/2027,Hambantota,5446.207024574281
12/25/2027,Hambantota,5178.928473949433
12/26/2027,Hambantota,5249.427869558335
12/27/2027,Hambantota,5342.755064010621
12/28/2027,Hambantota,5467.989295482636
12/29/2027,Hambantota,5565.908999919892
12/30/2027,Hambantota,5366.25574
12/31/2027,Hambantota,5459.855070590974
1/1/2025,Trincomali,5366.199130415916
1/2/2025,Trincomali,5013.460937738419
1/3/2025,Trincomali,5032.719196438789
1/4/2025,Trincomali,4908.976782
1/5/2025,Trincomali,4870.729976534843
1/6/2025,Trincomali,5184.183717012405
1/7/2025,Trincomali,5308.753954648972
1/8/2025,Trincomali,5001.262327432632
1/9/2025,Trincomali,5060.694024801254
1/10/2025,Trincomali,5187.928673386574
1/11/2025,Trincomali,4771.860919594765
1/12/2025,Trincomali,4949.167210698128
1/13/2025,Trincomali,4501.114207983017
1/14/2025,Trincomali,4390.145081043243
1/15/2025,Trincomali,4384.998049020767
1/16/2025,Trincomali,4972.299972295761
1/17/2025,Trincomali,4365.824314117432
1/18/2025,Trincomali,4083.580242395401
1/19/2025,Trincomali,3786.203650176525
1/20/2025,Trincomali,3553.5680390596385
1/21/2025,Trincomali,4511.418041110039
1/22/2025,Trincomali,3658.376697897911
1/23/2025,Trincomali,3814.8378915786734
1/24/2025,Trincomali,3848.741278529167
1/25/2025,Trincomali,3819.664455235005
1/26/2025,Trincomali,4204.729177594185
1/27/2025,Trincomali,4477.512530446053
1/28/2025,Trincomali,4597.500219106674
1/29/2025,Trincomali,3597.579452753067
1/30/2025,Trincomali,4295.909966945648
1/31/2025,Trincomali,4599.527940750122
2/1/2025,Trincomali,4456.586731910706
2/2/2025,Trincomali,4453.3026213645935
2/3/2025,Trincomali,4740.647852897644
2/4/2025,Trincomali,4768.359340786934
2/5/2025,Trincomali,4490.135458707809
2/6/2025,Trincomali,4363.938031792641
2/7/2025,Trincomali,4421.578164458275
2/8/2025,Trincomali,4263.267216324806
2/9/2025,Trincomali,4510.062262415886
2/10/2025,Trincomali,4335.108621120453
2/11/2025,Trincomali,3657.8508664369583
2/12/2025,Trincomali,2911.517631411552
2/13/2025,Trincomali,4316.046593546867
2/14/2025,Trincomali,4555.766701
2/15/2025,Trincomali,4950.206980824471
2/16/2025,Trincomali,4778.189585804939
2/17/2025,Trincomali,4925.2890256643295
2/18/2025,Trincomali,4804.331224679947
2/19/2025,Trincomali,4875.550381422043
2/20/2025,Trincomali,4732.833011984825
2/21/2025,Trincomali,4990.712568283081
2/22/2025,Trincomali,4974.702316999435
2/23/2025,Trincomali,5111.146661520004
2/24/2025,Trincomali,5195.927427887917
2/25/2025,Trincomali,5292.617130041122
2/26/2025,Trincomali,5200.623383164406
2/27/2025,Trincomali,5183.194916009903
2/28/2025,Trincomali,5485.700063943863
3/1/2025,Trincomali,5403.290636062622
3/2/2025,Trincomali,5332.482206
3/3/2025,Trincomali,4967.327509522438
3/4/2025,Trincomali,5353.478511333466
3/5/2025,Trincomali,5438.6181852817535
3/6/2025,Trincomali,5357.590870141983
3/7/2025,Trincomali,5236.313237905502
3/8/2025,Trincomali,4959.3155879974365
3/9/2025,Trincomali,5282.247461795807
3/10/2025,Trincomali,5630.996046304703
3/11/2025,Trincomali,5513.877494573593
3/12/2025,Trincomali,5687.274453878403
3/13/2025,Trincomali,5267.084147453308
3/14/2025,Trincomali,5093.245030999184
3/15/2025,Trincomali,5375.221090078354
3/16/2025,Trincomali,5374.535555362701
3/17/2025,Trincomali,5529.971844911575
3/18/2025,Trincomali,5478.262819290161
3/19/2025,Trincomali,5394.740565538406
3/20/2025,Trincomali,5402.928755283356
3/21/2025,Trincomali,5443.790702
3/22/2025,Trincomali,5458.307133078575
3/23/2025,Trincomali,5529.983312964439
3/24/2025,Trincomali,5652.628191947937
3/25/2025,Trincomali,5573.656206727028
3/26/2025,Trincomali,5635.128368020058
3/27/2025,Trincomali,5693.926774024963
3/28/2025,Trincomali,5821.900474905968
3/29/2025,Trincomali,5895.942896366119
3/30/2025,Trincomali,6013.526116609573
3/31/2025,Trincomali,5920.831969022751
4/1/2025,Trincomali,5973.346306800842
4/2/2025,Trincomali,5855.757564902306
4/3/2025,Trincomali,5726.349507927895
4/4/2025,Trincomali,5791.464687347412
4/5/2025,Trincomali,5973.135634422302
4/6/2025,Trincomali,6004.422606348991
4/7/2025,Trincomali,6088.251949071884
4/8/2025,Trincomali,6208.098198413849
4/9/2025,Trincomali,6219.601929664612
4/10/2025,Trincomali,6207.617389678955
4/11/2025,Trincomali,6070.233939051628
4/12/2025,Trincomali,5837.874198317528
4/13/2025,Trincomali,5632.144975304604
4/14/2025,Trincomali,5932.505172610283
4/15/2025,Trincomali,5998.391684770584
4/16/2025,Trincomali,6021.235621333122
4/17/2025,Trincomali,6068.947393417358
4/18/2025,Trincomali,6052.085108280182
4/19/2025,Trincomali,6219.313104629517
4/20/2025,Trincomali,6294.2033125162125
4/21/2025,Trincomali,6111.873589515686
4/22/2025,Trincomali,6091.388249158859
4/23/2025,Trincomali,6165.098947
4/24/2025,Trincomali,6141.292967796326
4/25/2025,Trincomali,6156.219275712967
4/26/2025,Trincomali,6241.174186587334
4/27/2025,Trincomali,6269.864281654358
4/28/2025,Trincomali,6350.823637962341
4/29/2025,Trincomali,6417.705747008324
4/30/2025,Trincomali,6400.406826376915
5/1/2025,Trincomali,6262.009090185165
5/2/2025,Trincomali,6452.808607339859
5/3/2025,Trincomali,6405.923384547234
5/4/2025,Trincomali,6430.216118454933
5/5/2025,Trincomali,6442.053272724152
5/6/2025,Trincomali,6350.794755458832
5/7/2025,Trincomali,6219.142783
5/8/2025,Trincomali,6280.255187034607
5/9/2025,Trincomali,6322.091918110848
5/10/2025,Trincomali,6392.280224323273
5/11/2025,Trincomali,6473.739078044891
5/12/2025,Trincomali,6565.529373168945
5/13/2025,Trincomali,6569.793789863586
5/14/2025,Trincomali,6562.179852247238
5/15/2025,Trincomali,6586.368099451065
5/16/2025,Trincomali,6554.129703879356
5/17/2025,Trincomali,6550.843469619751
5/18/2025,Trincomali,6418.444375
5/19/2025,Trincomali,6287.808811187744
5/20/2025,Trincomali,6399.697081327438
5/21/2025,Trincomali,6367.047959566116
5/22/2025,Trincomali,6484.979893565178
5/23/2025,Trincomali,6529.619076967239
5/24/2025,Trincomali,6425.229214429855
5/25/2025,Trincomali,6457.794237136841
5/26/2025,Trincomali,6294.451362252235
5/27/2025,Trincomali,6377.725566267967
5/28/2025,Trincomali,6435.862647891045
5/29/2025,Trincomali,6591.804805994034
5/30/2025,Trincomali,6588.19874
5/31/2025,Trincomali,6490.525334239006
6/1/2025,Trincomali,6513.0129116773605
6/2/2025,Trincomali,6500.614247560501
6/3/2025,Trincomali,6322.123773813248
6/4/2025,Trincomali,6453.411742
6/5/2025,Trincomali,6213.788051605225
6/6/2025,Trincomali,6354.165513515472
6/7/2025,Trincomali,6438.289202928543
6/8/2025,Trincomali,6431.029925465584
6/9/2025,Trincomali,6498.297276139259
6/10/2025,Trincomali,6498.2764637470245
6/11/2025,Trincomali,6475.543385028839
6/12/2025,Trincomali,6452.261963486671
6/13/2025,Trincomali,6436.163365721703
6/14/2025,Trincomali,6392.856600165367
6/15/2025,Trincomali,6453.170063376427
6/16/2025,Trincomali,6417.746097564697
6/17/2025,Trincomali,6389.856642484665
6/18/2025,Trincomali,6443.029331445694
6/19/2025,Trincomali,6454.051829218864
6/20/2025,Trincomali,6278.227890133858
6/21/2025,Trincomali,6334.337674856186
6/22/2025,Trincomali,6416.299848675728
6/23/2025,Trincomali,6438.0997676849365
6/24/2025,Trincomali,6413.294794082642
6/25/2025,Trincomali,6398.410111
6/26/2025,Trincomali,6468.428944826126
6/27/2025,Trincomali,6347.778658
6/28/2025,Trincomali,6012.810849905014
6/29/2025,Trincomali,5926.727822422981
6/30/2025,Trincomali,5829.411200046539
7/1/2025,Trincomali,5817.762206792831
7/2/2025,Trincomali,5902.390490531921
7/3/2025,Trincomali,5188.096022
7/4/2025,Trincomali,5826.041716217995
7/5/2025,Trincomali,5945.770311832428
7/6/2025,Trincomali,5228.276256561279
7/7/2025,Trincomali,5706.293157696724
7/8/2025,Trincomali,6034.076867341995
7/9/2025,Trincomali,5946.864024281502
7/10/2025,Trincomali,6032.999295115471
7/11/2025,Trincomali,6058.045947313309
7/12/2025,Trincomali,5990.018307209015
7/13/2025,Trincomali,6050.927259683609
7/14/2025,Trincomali,6078.767869353294
7/15/2025,Trincomali,6027.550271034241
7/16/2025,Trincomali,6049.26694
7/17/2025,Trincomali,6140.416723608971
7/18/2025,Trincomali,6138.995534539223
7/19/2025,Trincomali,6099.430327415466
7/20/2025,Trincomali,6147.235543
7/21/2025,Trincomali,6184.629465341568
7/22/2025,Trincomali,6119.245423793793
7/23/2025,Trincomali,5915.698953509331
7/24/2025,Trincomali,6217.511346101761
7/25/2025,Trincomali,6224.665712118149
7/26/2025,Trincomali,6179.808210968971
7/27/2025,Trincomali,6016.999237656593
7/28/2025,Trincomali,5978.918081521988
7/29/2025,Trincomali,6145.875941514969
7/30/2025,Trincomali,6183.915897607803
7/31/2025,Trincomali,6194.731545686722
8/1/2025,Trincomali,6132.056513
8/2/2025,Trincomali,6103.383832454681
8/3/2025,Trincomali,6253.633164167404
8/4/2025,Trincomali,6300.834820270538
8/5/2025,Trincomali,6262.725631117821
8/6/2025,Trincomali,6206.347833752632
8/7/2025,Trincomali,6139.549399018288
8/8/2025,Trincomali,6172.030747413635
8/9/2025,Trincomali,6190.0228481292725
8/10/2025,Trincomali,5791.824869155884
8/11/2025,Trincomali,5972.065282821655
8/12/2025,Trincomali,6048.314667344093
8/13/2025,Trincomali,5962.494980335236
8/14/2025,Trincomali,5878.579414844513
8/15/2025,Trincomali,5485.752307295799
8/16/2025,Trincomali,4856.5100157260895
8/17/2025,Trincomali,5737.682067871094
8/18/2025,Trincomali,5862.331732392311
8/19/2025,Trincomali,5600.650728940964
8/20/2025,Trincomali,5538.366034865379
8/21/2025,Trincomali,5878.359398126602
8/22/2025,Trincomali,5923.801769971848
8/23/2025,Trincomali,5606.010557055473
8/24/2025,Trincomali,5934.124291777611
8/25/2025,Trincomali,6021.216507911682
8/26/2025,Trincomali,6034.300282001495
8/27/2025,Trincomali,5968.5225039720535
8/28/2025,Trincomali,5951.727752923965
8/29/2025,Trincomali,5630.152507305145
8/30/2025,Trincomali,5277.686149954796
8/31/2025,Trincomali,5529.593824
9/1/2025,Trincomali,5940.488636374474
9/2/2025,Trincomali,5969.274298548698
9/3/2025,Trincomali,5874.148499011993
9/4/2025,Trincomali,5761.873713
9/5/2025,Trincomali,5926.330263257027
9/6/2025,Trincomali,5942.331170201302
9/7/2025,Trincomali,5788.559447288513
9/8/2025,Trincomali,5820.816531538963
9/9/2025,Trincomali,5977.755136013031
9/10/2025,Trincomali,5886.621917843819
9/11/2025,Trincomali,6133.707063
9/12/2025,Trincomali,6046.889655590057
9/13/2025,Trincomali,5711.218898773193
9/14/2025,Trincomali,6065.593625068665
9/15/2025,Trincomali,5993.739053249359
9/16/2025,Trincomali,5909.771244
9/17/2025,Trincomali,5761.658793210983
9/18/2025,Trincomali,5383.391016
9/19/2025,Trincomali,5758.057824611664
9/20/2025,Trincomali,6036.441834688187
9/21/2025,Trincomali,5805.451039671898
9/22/2025,Trincomali,5804.728977
9/23/2025,Trincomali,5958.817982792854
9/24/2025,Trincomali,5920.748294711113
9/25/2025,Trincomali,5968.745493888855
9/26/2025,Trincomali,6023.194109916687
9/27/2025,Trincomali,5934.601277828217
9/28/2025,Trincomali,6100.809466958046
9/29/2025,Trincomali,6068.550683736801
9/30/2025,Trincomali,5912.567325592041
10/1/2025,Trincomali,6241.468108534813
10/2/2025,Trincomali,6259.527319
10/3/2025,Trincomali,6213.275811910629
10/4/2025,Trincomali,6153.226538658142
10/5/2025,Trincomali,6160.444616
10/6/2025,Trincomali,6160.994657874107
10/7/2025,Trincomali,6134.853443741798
10/8/2025,Trincomali,6094.615868926048
10/9/2025,Trincomali,6071.523033
10/10/2025,Trincomali,5880.792749047279
10/11/2025,Trincomali,6112.326365232468
10/12/2025,Trincomali,6032.461570858955
10/13/2025,Trincomali,6135.015270709992
10/14/2025,Trincomali,6126.382375359535
10/15/2025,Trincomali,6111.050862908363
10/16/2025,Trincomali,6114.376598238945
10/17/2025,Trincomali,5882.018131732941
10/18/2025,Trincomali,5948.084310054779
10/19/2025,Trincomali,6039.536509990692
10/20/2025,Trincomali,6072.1389100551605
10/21/2025,Trincomali,5565.864726662636
10/22/2025,Trincomali,5531.829244732857
10/23/2025,Trincomali,5043.805830359459
10/24/2025,Trincomali,5488.875440359116
10/25/2025,Trincomali,5800.2233065366745
10/26/2025,Trincomali,5692.765527486801
10/27/2025,Trincomali,4807.256002902985
10/28/2025,Trincomali,4529.917709350586
10/29/2025,Trincomali,5410.119224429131
10/30/2025,Trincomali,5155.3929579257965
10/31/2025,Trincomali,5175.541053
11/1/2025,Trincomali,5517.117431879044
11/2/2025,Trincomali,5627.070149540901
11/3/2025,Trincomali,5506.742666721344
11/4/2025,Trincomali,5601.614894866943
11/5/2025,Trincomali,5716.544322729111
11/6/2025,Trincomali,5643.739176750183
11/7/2025,Trincomali,5872.9855535030365
11/8/2025,Trincomali,5917.312126278877
11/9/2025,Trincomali,5771.944362401962
11/10/2025,Trincomali,6002.157453536987
11/11/2025,Trincomali,5990.784543037415
11/12/2025,Trincomali,6060.662787079811
11/13/2025,Trincomali,6042.915762901306
11/14/2025,Trincomali,6160.881251573563
11/15/2025,Trincomali,5749.335308551788
11/16/2025,Trincomali,5870.315621
11/17/2025,Trincomali,5838.820949792862
11/18/2025,Trincomali,5958.422972083092
11/19/2025,Trincomali,5758.999054431915
11/20/2025,Trincomali,5889.011095523834
11/21/2025,Trincomali,6029.086140632629
11/22/2025,Trincomali,5982.3827077150345
11/23/2025,Trincomali,5961.144298553467
11/24/2025,Trincomali,6001.841869711876
11/25/2025,Trincomali,5965.406166791916
11/26/2025,Trincomali,5865.410692214966
11/27/2025,Trincomali,5873.735649108887
11/28/2025,Trincomali,6019.262266755104
11/29/2025,Trincomali,5429.899067163467
11/30/2025,Trincomali,5924.890810251236
12/1/2025,Trincomali,5907.705295920372
12/2/2025,Trincomali,6022.447836995125
12/3/2025,Trincomali,6092.467520356178
12/4/2025,Trincomali,5997.668348
12/5/2025,Trincomali,5982.072645545006
12/6/2025,Trincomali,5999.494741559029
12/7/2025,Trincomali,6182.300176382065
12/8/2025,Trincomali,5353.972062
12/9/2025,Trincomali,5431.471889
12/10/2025,Trincomali,5860.354130387306
12/11/2025,Trincomali,6023.900881767273
12/12/2025,Trincomali,5880.939285
12/13/2025,Trincomali,6015.000823259354
12/14/2025,Trincomali,5997.667923212051
12/15/2025,Trincomali,5853.386226415634
12/16/2025,Trincomali,4660.372332334518
12/17/2025,Trincomali,5551.920848608017
12/18/2025,Trincomali,5710.897368550301
12/19/2025,Trincomali,5513.431089997292
12/20/2025,Trincomali,5260.837456583977
12/21/2025,Trincomali,5243.992161154747
12/22/2025,Trincomali,5385.437850952148
12/23/2025,Trincomali,5657.898824095726
12/24/2025,Trincomali,5662.211661458015
12/25/2025,Trincomali,5073.590487360954
12/26/2025,Trincomali,5366.843465089798
12/27/2025,Trincomali,5290.222855448723
12/28/2025,Trincomali,5180.036529302597
12/29/2025,Trincomali,5131.107444643974
12/30/2025,Trincomali,4782.575479
12/31/2025,Trincomali,3946.994883298874
1/1/2026,Trincomali,4089.395819425583
1/2/2026,Trincomali,4650.470730543137
1/3/2026,Trincomali,4312.366622805595
1/4/2026,Trincomali,4563.900523
1/5/2026,Trincomali,4197.878502607346
1/6/2026,Trincomali,4612.729793310165
1/7/2026,Trincomali,3734.465529680252
1/8/2026,Trincomali,4485.502365350723
1/9/2026,Trincomali,4792.213740229607
1/10/2026,Trincomali,4794.608864307404
1/11/2026,Trincomali,4617.010350227356
1/12/2026,Trincomali,4818.464113235474
1/13/2026,Trincomali,3970.386950314045
1/14/2026,Trincomali,4253.774641752243
1/15/2026,Trincomali,3652.8482469320297
1/16/2026,Trincomali,4614.356557846069
1/17/2026,Trincomali,4836.291838526726
1/18/2026,Trincomali,4683.794343709946
1/19/2026,Trincomali,4795.710646867752
1/20/2026,Trincomali,5017.6459275484085
1/21/2026,Trincomali,4874.2685079574585
1/22/2026,Trincomali,3562.963772296905
1/23/2026,Trincomali,2989.353854656219
1/24/2026,Trincomali,4469.941492
1/25/2026,Trincomali,4332.167702674866
1/26/2026,Trincomali,5050.008347988129
1/27/2026,Trincomali,4921.110831737518
1/28/2026,Trincomali,5118.023245811462
1/29/2026,Trincomali,4770.501742959023
1/30/2026,Trincomali,4994.047223210335
1/31/2026,Trincomali,5084.197586774826
2/1/2026,Trincomali,5053.464479327202
2/2/2026,Trincomali,4922.273777246475
2/3/2026,Trincomali,4927.186351299286
2/4/2026,Trincomali,4728.910513162613
2/5/2026,Trincomali,4234.724931716919
2/6/2026,Trincomali,4865.191756486893
2/7/2026,Trincomali,4421.591331481934
2/8/2026,Trincomali,4073.349889755249
2/9/2026,Trincomali,4168.950126886368
2/10/2026,Trincomali,4129.835147023201
2/11/2026,Trincomali,3706.955369830132
2/12/2026,Trincomali,2969.830132
2/13/2026,Trincomali,3571.680554330349
2/14/2026,Trincomali,4309.6155643463135
2/15/2026,Trincomali,4462.008997
2/16/2026,Trincomali,2982.8812006711955
2/17/2026,Trincomali,3335.969381332397
2/18/2026,Trincomali,3624.752366900444
2/19/2026,Trincomali,4504.248809099197
2/20/2026,Trincomali,4410.591345071793
2/21/2026,Trincomali,4198.393715500832
2/22/2026,Trincomali,4643.267944
2/23/2026,Trincomali,4403.329944
2/24/2026,Trincomali,3848.005624175072
2/25/2026,Trincomali,4271.780334234238
2/26/2026,Trincomali,4454.019587039948
2/27/2026,Trincomali,4558.127420425415
2/28/2026,Trincomali,4736.746591210365
3/1/2026,Trincomali,4432.248975276947
3/2/2026,Trincomali,4277.322376966476
3/3/2026,Trincomali,2943.817614674568
3/4/2026,Trincomali,2800.328063011169
3/5/2026,Trincomali,3988.9796372056007
3/6/2026,Trincomali,4244.798129558563
3/7/2026,Trincomali,4122.429333329201
3/8/2026,Trincomali,4837.665456414223
3/9/2026,Trincomali,4986.778176665306
3/10/2026,Trincomali,4667.025501966476
3/11/2026,Trincomali,4817.233209
3/12/2026,Trincomali,3285.591499328613
3/13/2026,Trincomali,4337.917019844055
3/14/2026,Trincomali,4821.082227230072
3/15/2026,Trincomali,5460.131403
3/16/2026,Trincomali,5636.967079162598
3/17/2026,Trincomali,5604.712118625641
3/18/2026,Trincomali,5435.1849900484085
3/19/2026,Trincomali,5209.500505566597
3/20/2026,Trincomali,5209.5281138420105
3/21/2026,Trincomali,4665.843018293381
3/22/2026,Trincomali,3121.9309169054027
3/23/2026,Trincomali,4687.807312726975
3/24/2026,Trincomali,4729.961326599121
3/25/2026,Trincomali,5009.646748304367
3/26/2026,Trincomali,5060.896627
3/27/2026,Trincomali,5428.615919470787
3/28/2026,Trincomali,5027.956556558609
3/29/2026,Trincomali,5062.512773036957
3/30/2026,Trincomali,4938.181240797043
3/31/2026,Trincomali,4886.6574029922485
4/1/2026,Trincomali,5197.7058255672455
4/2/2026,Trincomali,5320.879933953285
4/3/2026,Trincomali,5012.484454274178
4/4/2026,Trincomali,5070.009481668472
4/5/2026,Trincomali,5195.901093840599
4/6/2026,Trincomali,4778.714143037796
4/7/2026,Trincomali,4954.899538
4/8/2026,Trincomali,4505.779157042503
4/9/2026,Trincomali,4393.733307361603
4/10/2026,Trincomali,4387.744010567665
4/11/2026,Trincomali,4974.551958084106
4/12/2026,Trincomali,4367.735656261444
4/13/2026,Trincomali,4085.065142869949
4/14/2026,Trincomali,3787.227704823017
4/15/2026,Trincomali,3554.262493371963
4/16/2026,Trincomali,4511.914565324783
4/17/2026,Trincomali,3658.777230262756
4/18/2026,Trincomali,3815.1286279559135
4/19/2026,Trincomali,3848.949827194214
4/20/2026,Trincomali,3819.8243708610535
4/21/2026,Trincomali,4204.857025146484
4/22/2026,Trincomali,4477.625936746597
4/23/2026,Trincomali,4597.604705810547
4/24/2026,Trincomali,3597.6677992343903
4/25/2026,Trincomali,4295.970705151558
4/26/2026,Trincomali,4599.575511932373
4/27/2026,Trincomali,4456.627507209778
4/28/2026,Trincomali,4453.338724
4/29/2026,Trincomali,4740.679708600044
4/30/2026,Trincomali,4768.387373805046
5/1/2026,Trincomali,4490.160093784332
5/2/2026,Trincomali,4363.95757
5/3/2026,Trincomali,4421.593030452728
5/4/2026,Trincomali,4263.278684
5/5/2026,Trincomali,4510.071606755257
5/6/2026,Trincomali,4335.115842
5/7/2026,Trincomali,3657.856813
5/8/2026,Trincomali,2911.5216664671893
5/9/2026,Trincomali,4316.049142003059
5/10/2026,Trincomali,4555.768824219704
5/11/2026,Trincomali,4950.208679795265
5/12/2026,Trincomali,4778.191284775734
5/13/2026,Trincomali,4925.2902998924255
5/14/2026,Trincomali,4804.332498908043
5/15/2026,Trincomali,4875.551655650139
5/16/2026,Trincomali,4732.833861470223
5/17/2026,Trincomali,4990.712993
5/18/2026,Trincomali,4974.703166484833
5/19/2026,Trincomali,5111.147511005402
5/20/2026,Trincomali,5195.928277373314
5/21/2026,Trincomali,5292.617554783821
5/22/2026,Trincomali,5200.6238079071045
5/23/2026,Trincomali,5183.195340752602
5/24/2026,Trincomali,5485.700488686562
5/25/2026,Trincomali,5403.291060805321
5/26/2026,Trincomali,5332.482630252838
5/27/2026,Trincomali,4967.327934265137
5/28/2026,Trincomali,5353.478936076164
5/29/2026,Trincomali,5438.6181852817535
5/30/2026,Trincomali,5357.590870141983
5/31/2026,Trincomali,5236.313237905502
6/1/2026,Trincomali,4959.3155879974365
6/2/2026,Trincomali,5282.247461795807
6/3/2026,Trincomali,5630.996046304703
6/4/2026,Trincomali,5513.877494573593
6/5/2026,Trincomali,5687.274453878403
6/6/2026,Trincomali,5267.084572196007
6/7/2026,Trincomali,5093.245030999184
6/8/2026,Trincomali,5375.221090078354
6/9/2026,Trincomali,5374.535555362701
6/10/2026,Trincomali,5529.971420168877
6/11/2026,Trincomali,5478.262819290161
6/12/2026,Trincomali,5394.740565538406
6/13/2026,Trincomali,5402.928755283356
6/14/2026,Trincomali,5443.790702
6/15/2026,Trincomali,5458.307133078575
6/16/2026,Trincomali,5529.983312964439
6/17/2026,Trincomali,5652.628191947937
6/18/2026,Trincomali,5573.656206727028
6/19/2026,Trincomali,5635.128368020058
6/20/2026,Trincomali,5693.926774024963
6/21/2026,Trincomali,5821.900474905968
6/22/2026,Trincomali,5895.942896366119
6/23/2026,Trincomali,6013.526116609573
6/24/2026,Trincomali,5920.831969022751
6/25/2026,Trincomali,5973.346306800842
6/26/2026,Trincomali,5855.757564902306
6/27/2026,Trincomali,5726.349507927895
6/28/2026,Trincomali,5791.464687347412
6/29/2026,Trincomali,5973.135634422302
6/30/2026,Trincomali,6004.422606348991
7/1/2026,Trincomali,6088.251949071884
7/2/2026,Trincomali,6208.098198413849
7/3/2026,Trincomali,6219.601929664612
7/4/2026,Trincomali,6207.617389678955
7/5/2026,Trincomali,6070.233939051628
7/6/2026,Trincomali,5837.874198317528
7/7/2026,Trincomali,5632.144975304604
7/8/2026,Trincomali,5932.505172610283
7/9/2026,Trincomali,5998.391684770584
7/10/2026,Trincomali,6021.235621333122
7/11/2026,Trincomali,6068.947393417358
7/12/2026,Trincomali,6052.085108280182
7/13/2026,Trincomali,6219.313104629517
7/14/2026,Trincomali,6294.2033125162125
7/15/2026,Trincomali,6111.873589515686
7/16/2026,Trincomali,6091.388249158859
7/17/2026,Trincomali,6165.098947
7/18/2026,Trincomali,6141.292967796326
7/19/2026,Trincomali,6156.219275712967
7/20/2026,Trincomali,6241.174186587334
7/21/2026,Trincomali,6269.864281654358
7/22/2026,Trincomali,6350.823637962341
7/23/2026,Trincomali,6417.706171751022
7/24/2026,Trincomali,6400.407251119614
7/25/2026,Trincomali,6262.009514927864
7/26/2026,Trincomali,6452.809032082558
7/27/2026,Trincomali,6405.923809289932
7/28/2026,Trincomali,6430.216543197632
7/29/2026,Trincomali,6442.053697
7/30/2026,Trincomali,6350.794755458832
7/31/2026,Trincomali,6219.142783
8/1/2026,Trincomali,6280.255187034607
8/2/2026,Trincomali,6322.091918110848
8/3/2026,Trincomali,6392.280224323273
8/4/2026,Trincomali,6473.739078044891
8/5/2026,Trincomali,6565.529373168945
8/6/2026,Trincomali,6569.793789863586
8/7/2026,Trincomali,6562.179852247238
8/8/2026,Trincomali,6586.368099451065
8/9/2026,Trincomali,6554.129703879356
8/10/2026,Trincomali,6550.843469619751
8/11/2026,Trincomali,6418.444375
8/12/2026,Trincomali,6287.808811187744
8/13/2026,Trincomali,6399.697081327438
8/14/2026,Trincomali,6367.047534823418
8/15/2026,Trincomali,6484.979468822479
8/16/2026,Trincomali,6529.619076967239
8/17/2026,Trincomali,6425.229214429855
8/18/2026,Trincomali,6457.793812394142
8/19/2026,Trincomali,6294.450937509537
8/20/2026,Trincomali,6377.725566267967
8/21/2026,Trincomali,6435.862647891045
8/22/2026,Trincomali,6591.804805994034
8/23/2026,Trincomali,6588.19874
8/24/2026,Trincomali,6490.524909496307
8/25/2026,Trincomali,6513.012486934662
8/26/2026,Trincomali,6500.614247560501
8/27/2026,Trincomali,6322.123773813248
8/28/2026,Trincomali,6453.411742
8/29/2026,Trincomali,6213.788051605225
8/30/2026,Trincomali,6354.165513515472
8/31/2026,Trincomali,6438.289202928543
9/1/2026,Trincomali,6431.029925465584
9/2/2026,Trincomali,6498.297276139259
9/3/2026,Trincomali,6498.2764637470245
9/4/2026,Trincomali,6475.543385028839
9/5/2026,Trincomali,6452.261963486671
9/6/2026,Trincomali,6436.163365721703
9/7/2026,Trincomali,6392.856600165367
9/8/2026,Trincomali,6453.170063376427
9/9/2026,Trincomali,6417.746097564697
9/10/2026,Trincomali,6389.856642484665
9/11/2026,Trincomali,6443.029331445694
9/12/2026,Trincomali,6454.051829218864
9/13/2026,Trincomali,6278.227890133858
9/14/2026,Trincomali,6334.337674856186
9/15/2026,Trincomali,6416.3002734184265
9/16/2026,Trincomali,6438.0997676849365
9/17/2026,Trincomali,6413.294794082642
9/18/2026,Trincomali,6398.410111
9/19/2026,Trincomali,6468.429369568825
9/20/2026,Trincomali,6347.778658
9/21/2026,Trincomali,6012.810849905014
9/22/2026,Trincomali,5926.727822422981
9/23/2026,Trincomali,5829.411200046539
9/24/2026,Trincomali,5817.762206792831
9/25/2026,Trincomali,5902.390490531921
9/26/2026,Trincomali,5188.096022
9/27/2026,Trincomali,5826.041716217995
9/28/2026,Trincomali,5945.770311832428
9/29/2026,Trincomali,5228.276256561279
9/30/2026,Trincomali,5706.293157696724
10/1/2026,Trincomali,6034.076867341995
10/2/2026,Trincomali,5946.864024281502
10/3/2026,Trincomali,6032.999295115471
10/4/2026,Trincomali,6058.045947313309
10/5/2026,Trincomali,5990.018307209015
10/6/2026,Trincomali,6050.927259683609
10/7/2026,Trincomali,6078.767869353294
10/8/2026,Trincomali,6027.550271034241
10/9/2026,Trincomali,6049.26694
10/10/2026,Trincomali,6140.416723608971
10/11/2026,Trincomali,6138.995534539223
10/12/2026,Trincomali,6099.430327415466
10/13/2026,Trincomali,6147.235543
10/14/2026,Trincomali,6184.629465341568
10/15/2026,Trincomali,6119.245423793793
10/16/2026,Trincomali,5915.698953509331
10/17/2026,Trincomali,6217.511346101761
10/18/2026,Trincomali,6224.665712118149
10/19/2026,Trincomali,6179.808210968971
10/20/2026,Trincomali,6016.999237656593
10/21/2026,Trincomali,5978.918081521988
10/22/2026,Trincomali,6145.875941514969
10/23/2026,Trincomali,6183.915897607803
10/24/2026,Trincomali,6194.7319704294205
10/25/2026,Trincomali,6132.056513
10/26/2026,Trincomali,6103.383832454681
10/27/2026,Trincomali,6253.633164167404
10/28/2026,Trincomali,6300.834820270538
10/29/2026,Trincomali,6262.725631117821
10/30/2026,Trincomali,6206.347833752632
10/31/2026,Trincomali,6139.549823760986
11/1/2026,Trincomali,6172.030747413635
11/2/2026,Trincomali,6190.0228481292725
11/3/2026,Trincomali,5791.824869155884
11/4/2026,Trincomali,5972.065282821655
11/5/2026,Trincomali,6048.314667344093
11/6/2026,Trincomali,5962.494980335236
11/7/2026,Trincomali,5878.579414844513
11/8/2026,Trincomali,5485.752307295799
11/9/2026,Trincomali,4856.5100157260895
11/10/2026,Trincomali,5737.682067871094
11/11/2026,Trincomali,5862.332157
11/12/2026,Trincomali,5600.651153683662
11/13/2026,Trincomali,5538.366459608078
11/14/2026,Trincomali,5878.359822869301
11/15/2026,Trincomali,5923.801769971848
11/16/2026,Trincomali,5606.010557055473
11/17/2026,Trincomali,5934.124291777611
11/18/2026,Trincomali,6021.216083168984
11/19/2026,Trincomali,6034.299857258797
11/20/2026,Trincomali,5968.5225039720535
11/21/2026,Trincomali,5951.727752923965
11/22/2026,Trincomali,5630.152507305145
11/23/2026,Trincomali,5277.686149954796
11/24/2026,Trincomali,5529.593824
11/25/2026,Trincomali,5940.488636374474
11/26/2026,Trincomali,5969.274298548698
11/27/2026,Trincomali,5874.148499011993
11/28/2026,Trincomali,5761.873713
11/29/2026,Trincomali,5926.330687999725
11/30/2026,Trincomali,5942.331170201302
12/1/2026,Trincomali,5788.559447288513
12/2/2026,Trincomali,5820.816531538963
12/3/2026,Trincomali,5977.755136013031
12/4/2026,Trincomali,5886.621917843819
12/5/2026,Trincomali,6133.707063
12/6/2026,Trincomali,6046.889655590057
12/7/2026,Trincomali,5711.218898773193
12/8/2026,Trincomali,6065.593625068665
12/9/2026,Trincomali,5993.739053249359
12/10/2026,Trincomali,5909.771244
12/11/2026,Trincomali,5761.658793210983
12/12/2026,Trincomali,5383.391440629959
12/13/2026,Trincomali,5758.0582493543625
12/14/2026,Trincomali,6036.442259430885
12/15/2026,Trincomali,5805.451039671898
12/16/2026,Trincomali,5804.728977
12/17/2026,Trincomali,5958.817982792854
12/18/2026,Trincomali,5920.748294711113
12/19/2026,Trincomali,5968.745069146156
12/20/2026,Trincomali,6023.194109916687
12/21/2026,Trincomali,5934.601277828217
12/22/2026,Trincomali,6100.809466958046
12/23/2026,Trincomali,6068.550683736801
12/24/2026,Trincomali,5912.567325592041
12/25/2026,Trincomali,6241.468108534813
12/26/2026,Trincomali,6259.527319
12/27/2026,Trincomali,6213.275811910629
12/28/2026,Trincomali,6153.226963400841
12/29/2026,Trincomali,6160.445040822029
12/30/2026,Trincomali,6160.995082616806
12/31/2026,Trincomali,6134.853868484497
1/1/2027,Trincomali,6094.616293668747
1/2/2027,Trincomali,6071.5234578847885
1/3/2027,Trincomali,5880.792749047279
1/4/2027,Trincomali,6112.326365232468
1/5/2027,Trincomali,6032.461570858955
1/6/2027,Trincomali,6135.015270709992
1/7/2027,Trincomali,6126.382375359535
1/8/2027,Trincomali,6111.050862908363
1/9/2027,Trincomali,6114.376598238945
1/10/2027,Trincomali,5882.018131732941
1/11/2027,Trincomali,5948.084310054779
1/12/2027,Trincomali,6039.536509990692
1/13/2027,Trincomali,6072.1389100551605
1/14/2027,Trincomali,5565.864726662636
1/15/2027,Trincomali,5531.829244732857
1/16/2027,Trincomali,5043.805830359459
1/17/2027,Trincomali,5488.875440359116
1/18/2027,Trincomali,5800.2233065366745
1/19/2027,Trincomali,5692.765527486801
1/20/2027,Trincomali,4807.256002902985
1/21/2027,Trincomali,4529.917709350586
1/22/2027,Trincomali,5410.119224429131
1/23/2027,Trincomali,5155.3929579257965
1/24/2027,Trincomali,5175.541053
1/25/2027,Trincomali,5517.117431879044
1/26/2027,Trincomali,5627.070149540901
1/27/2027,Trincomali,5506.742666721344
1/28/2027,Trincomali,5601.614894866943
1/29/2027,Trincomali,5716.544322729111
1/30/2027,Trincomali,5643.739176750183
1/31/2027,Trincomali,5872.9855535030365
2/1/2027,Trincomali,5917.312126278877
2/2/2027,Trincomali,5771.944362401962
2/3/2027,Trincomali,6002.157453536987
2/4/2027,Trincomali,5990.784543037415
2/5/2027,Trincomali,6060.662787079811
2/6/2027,Trincomali,6042.916187644005
2/7/2027,Trincomali,6160.881251573563
2/8/2027,Trincomali,5749.335308551788
2/9/2027,Trincomali,5870.315621
2/10/2027,Trincomali,5838.820949792862
2/11/2027,Trincomali,5958.422972083092
2/12/2027,Trincomali,5758.999054431915
2/13/2027,Trincomali,5889.011095523834
2/14/2027,Trincomali,6029.086140632629
2/15/2027,Trincomali,5982.3827077150345
2/16/2027,Trincomali,5961.144298553467
2/17/2027,Trincomali,6001.841444969177
2/18/2027,Trincomali,5965.406166791916
2/19/2027,Trincomali,5865.410692214966
2/20/2027,Trincomali,5873.735649108887
2/21/2027,Trincomali,6019.262266755104
2/22/2027,Trincomali,5429.899067163467
2/23/2027,Trincomali,5924.890810251236
2/24/2027,Trincomali,5907.705295920372
2/25/2027,Trincomali,6022.447836995125
2/26/2027,Trincomali,6092.467520356178
2/27/2027,Trincomali,5997.668348
2/28/2027,Trincomali,5982.072645545006
3/1/2027,Trincomali,5999.494741559029
3/2/2027,Trincomali,6182.300176382065
3/3/2027,Trincomali,5353.972062
3/4/2027,Trincomali,5431.471889
3/5/2027,Trincomali,5860.354130387306
3/6/2027,Trincomali,6023.900881767273
3/7/2027,Trincomali,5880.938860535622
3/8/2027,Trincomali,6015.000823259354
3/9/2027,Trincomali,5997.667923212051
3/10/2027,Trincomali,5853.386226415634
3/11/2027,Trincomali,4660.372332334518
3/12/2027,Trincomali,5551.920848608017
3/13/2027,Trincomali,5710.897368550301
3/14/2027,Trincomali,5513.431089997292
3/15/2027,Trincomali,5260.837456583977
3/16/2027,Trincomali,5243.992161154747
3/17/2027,Trincomali,5385.437850952148
3/18/2027,Trincomali,5657.898824095726
3/19/2027,Trincomali,5662.211661458015
3/20/2027,Trincomali,5073.590487360954
3/21/2027,Trincomali,5366.843465089798
3/22/2027,Trincomali,5290.222855448723
3/23/2027,Trincomali,5180.036529302597
3/24/2027,Trincomali,5131.107444643974
3/25/2027,Trincomali,4782.575479
3/26/2027,Trincomali,3946.994670927525
3/27/2027,Trincomali,4089.3962441682816
3/28/2027,Trincomali,4650.470730543137
3/29/2027,Trincomali,4312.366622805595
3/30/2027,Trincomali,4563.900523
3/31/2027,Trincomali,4197.878502607346
4/1/2027,Trincomali,4612.729793310165
4/2/2027,Trincomali,3734.465529680252
4/3/2027,Trincomali,4485.501940608025
4/4/2027,Trincomali,4792.213315486908
4/5/2027,Trincomali,4794.608439564705
4/6/2027,Trincomali,4617.010350227356
4/7/2027,Trincomali,4818.464113235474
4/8/2027,Trincomali,3970.3871626853934
4/9/2027,Trincomali,4253.774641752243
4/10/2027,Trincomali,3652.8482469320297
4/11/2027,Trincomali,4614.356557846069
4/12/2027,Trincomali,4836.291838526726
4/13/2027,Trincomali,4683.794343709946
4/14/2027,Trincomali,4795.710646867752
4/15/2027,Trincomali,5017.6459275484085
4/16/2027,Trincomali,4874.2685079574585
4/17/2027,Trincomali,3562.963772296905
4/18/2027,Trincomali,2989.353854656219
4/19/2027,Trincomali,4469.941916584969
4/20/2027,Trincomali,4332.167702674866
4/21/2027,Trincomali,5050.008347988129
4/22/2027,Trincomali,4921.110831737518
4/23/2027,Trincomali,5118.023245811462
4/24/2027,Trincomali,4770.502167701721
4/25/2027,Trincomali,4994.047647953033
4/26/2027,Trincomali,5084.197586774826
4/27/2027,Trincomali,5053.464479327202
4/28/2027,Trincomali,4922.274201989174
4/29/2027,Trincomali,4927.186776041985
4/30/2027,Trincomali,4728.910513162613
5/1/2027,Trincomali,4234.724931716919
5/2/2027,Trincomali,4865.191756486893
5/3/2027,Trincomali,4421.591331481934
5/4/2027,Trincomali,4073.349889755249
5/5/2027,Trincomali,4168.950126886368
5/6/2027,Trincomali,4129.835147023201
5/7/2027,Trincomali,3706.955582201481
5/8/2027,Trincomali,2969.830132
5/9/2027,Trincomali,3571.680342
5/10/2027,Trincomali,4309.6155643463135
5/11/2027,Trincomali,4462.008997
5/12/2027,Trincomali,2982.8812006711955
5/13/2027,Trincomali,3335.969381332397
5/14/2027,Trincomali,3624.752366900444
5/15/2027,Trincomali,4504.248809099197
5/16/2027,Trincomali,4410.591345071793
5/17/2027,Trincomali,4198.393715500832
5/18/2027,Trincomali,4643.267944
5/19/2027,Trincomali,4403.329944
5/20/2027,Trincomali,3848.005624175072
5/21/2027,Trincomali,4271.780334234238
5/22/2027,Trincomali,4454.019587039948
5/23/2027,Trincomali,4558.127420425415
5/24/2027,Trincomali,4736.746591210365
5/25/2027,Trincomali,4432.248975276947
5/26/2027,Trincomali,4277.322376966476
5/27/2027,Trincomali,2943.8180394172664
5/28/2027,Trincomali,2800.328063011169
5/29/2027,Trincomali,3988.9796372056007
5/30/2027,Trincomali,4244.798129558563
5/31/2027,Trincomali,4122.429333329201
6/1/2027,Trincomali,4837.665456414223
6/2/2027,Trincomali,4986.778176665306
6/3/2027,Trincomali,4667.025501966476
6/4/2027,Trincomali,4817.233209
6/5/2027,Trincomali,3285.591499328613
6/6/2027,Trincomali,4337.917019844055
6/7/2027,Trincomali,4821.082227230072
6/8/2027,Trincomali,5460.131403
6/9/2027,Trincomali,5636.967079162598
6/10/2027,Trincomali,5604.712118625641
6/11/2027,Trincomali,5435.1849900484085
6/12/2027,Trincomali,5209.500080823898
6/13/2027,Trincomali,5209.527689099312
6/14/2027,Trincomali,4665.843018293381
6/15/2027,Trincomali,3121.9309169054027
6/16/2027,Trincomali,4687.807312726975
6/17/2027,Trincomali,4729.961326599121
6/18/2027,Trincomali,5009.646748304367
6/19/2027,Trincomali,5060.896627
6/20/2027,Trincomali,5428.616344213486
6/21/2027,Trincomali,5027.956556558609
6/22/2027,Trincomali,5062.512773036957
6/23/2027,Trincomali,4938.181240797043
6/24/2027,Trincomali,4886.6574029922485
6/25/2027,Trincomali,5197.7058255672455
6/26/2027,Trincomali,5320.879933953285
6/27/2027,Trincomali,5012.484454274178
6/28/2027,Trincomali,5070.009481668472
6/29/2027,Trincomali,5195.901093840599
6/30/2027,Trincomali,4778.714143037796
7/1/2027,Trincomali,4954.899538
7/2/2027,Trincomali,4505.779157042503
7/3/2027,Trincomali,4393.733307361603
7/4/2027,Trincomali,4387.744010567665
7/5/2027,Trincomali,4974.551958084106
7/6/2027,Trincomali,4367.735656261444
7/7/2027,Trincomali,4085.065142869949
7/8/2027,Trincomali,3787.227704823017
7/9/2027,Trincomali,3554.262493371963
7/10/2027,Trincomali,4511.914565324783
7/11/2027,Trincomali,3658.777230262756
7/12/2027,Trincomali,3815.1286279559135
7/13/2027,Trincomali,3848.949827194214
7/14/2027,Trincomali,3819.8243708610535
7/15/2027,Trincomali,4204.857025146484
7/16/2027,Trincomali,4477.625936746597
7/17/2027,Trincomali,4597.604705810547
7/18/2027,Trincomali,3597.6677992343903
7/19/2027,Trincomali,4295.970280408859
7/20/2027,Trincomali,4599.575511932373
7/21/2027,Trincomali,4456.627507209778
7/22/2027,Trincomali,4453.339149236679
7/23/2027,Trincomali,4740.679708600044
7/24/2027,Trincomali,4768.387373805046
7/25/2027,Trincomali,4490.160093784332
7/26/2027,Trincomali,4363.957994699478
7/27/2027,Trincomali,4421.593455195427
7/28/2027,Trincomali,4263.279109120369
7/29/2027,Trincomali,4510.071606755257
7/30/2027,Trincomali,4335.115842
7/31/2027,Trincomali,3657.856813
8/1/2027,Trincomali,2911.5218788385387
8/2/2027,Trincomali,4316.049142003059
8/3/2027,Trincomali,4555.768399477005
8/4/2027,Trincomali,4950.208679795265
8/5/2027,Trincomali,4778.191284775734
8/6/2027,Trincomali,4925.2902998924255
8/7/2027,Trincomali,4804.332498908043
8/8/2027,Trincomali,4875.551655650139
8/9/2027,Trincomali,4732.833861470223
8/10/2027,Trincomali,4990.713417768478
8/11/2027,Trincomali,4974.703166484833
8/12/2027,Trincomali,5111.147511005402
8/13/2027,Trincomali,5195.928277373314
8/14/2027,Trincomali,5292.617554783821
8/15/2027,Trincomali,5200.6238079071045
8/16/2027,Trincomali,5183.195340752602
8/17/2027,Trincomali,5485.700488686562
8/18/2027,Trincomali,5403.291060805321
8/19/2027,Trincomali,5332.482630252838
8/20/2027,Trincomali,4967.327934265137
8/21/2027,Trincomali,5353.478936076164
8/22/2027,Trincomali,5438.6181852817535
8/23/2027,Trincomali,5357.590870141983
8/24/2027,Trincomali,5236.313237905502
8/25/2027,Trincomali,4959.3155879974365
8/26/2027,Trincomali,5282.247461795807
8/27/2027,Trincomali,5630.996046304703
8/28/2027,Trincomali,5513.877494573593
8/29/2027,Trincomali,5687.274453878403
8/30/2027,Trincomali,5267.084147453308
8/31/2027,Trincomali,5093.245030999184
9/1/2027,Trincomali,5375.221090078354
9/2/2027,Trincomali,5374.535555362701
9/3/2027,Trincomali,5529.971420168877
9/4/2027,Trincomali,5478.262819290161
9/5/2027,Trincomali,5394.740565538406
9/6/2027,Trincomali,5402.928755283356
9/7/2027,Trincomali,5443.790702
9/8/2027,Trincomali,5458.3067083358765
9/9/2027,Trincomali,5529.983312964439
9/10/2027,Trincomali,5652.628191947937
9/11/2027,Trincomali,5573.656206727028
9/12/2027,Trincomali,5635.128368020058
9/13/2027,Trincomali,5693.926774024963
9/14/2027,Trincomali,5821.900474905968
9/15/2027,Trincomali,5895.942896366119
9/16/2027,Trincomali,6013.526116609573
9/17/2027,Trincomali,5920.831969022751
9/18/2027,Trincomali,5973.346306800842
9/19/2027,Trincomali,5855.757564902306
9/20/2027,Trincomali,5726.349507927895
9/21/2027,Trincomali,5791.464687347412
9/22/2027,Trincomali,5973.135634422302
9/23/2027,Trincomali,6004.422606348991
9/24/2027,Trincomali,6088.251949071884
9/25/2027,Trincomali,6208.098198413849
9/26/2027,Trincomali,6219.601929664612
9/27/2027,Trincomali,6207.617389678955
9/28/2027,Trincomali,6070.233939051628
9/29/2027,Trincomali,5837.874198317528
9/30/2027,Trincomali,5632.144975304604
10/1/2027,Trincomali,5932.505172610283
10/2/2027,Trincomali,5998.391684770584
10/3/2027,Trincomali,6021.235621333122
10/4/2027,Trincomali,6068.947393417358
10/5/2027,Trincomali,6052.085108280182
10/6/2027,Trincomali,6219.313104629517
10/7/2027,Trincomali,6294.203737258911
10/8/2027,Trincomali,6111.873589515686
10/9/2027,Trincomali,6091.388249158859
10/10/2027,Trincomali,6165.098947
10/11/2027,Trincomali,6141.292967796326
10/12/2027,Trincomali,6156.219275712967
10/13/2027,Trincomali,6241.174186587334
10/14/2027,Trincomali,6269.864281654358
10/15/2027,Trincomali,6350.823637962341
10/16/2027,Trincomali,6417.706171751022
10/17/2027,Trincomali,6400.407251119614
10/18/2027,Trincomali,6262.009514927864
10/19/2027,Trincomali,6452.809032082558
10/20/2027,Trincomali,6405.923809289932
10/21/2027,Trincomali,6430.216543197632
10/22/2027,Trincomali,6442.053697
10/23/2027,Trincomali,6350.794755458832
10/24/2027,Trincomali,6219.142783
10/25/2027,Trincomali,6280.255187034607
10/26/2027,Trincomali,6322.092342853546
10/27/2027,Trincomali,6392.280649065971
10/28/2027,Trincomali,6473.739078044891
10/29/2027,Trincomali,6565.529373168945
10/30/2027,Trincomali,6569.794214606285
10/31/2027,Trincomali,6562.180276989937
11/1/2027,Trincomali,6586.368099451065
11/2/2027,Trincomali,6554.129703879356
11/3/2027,Trincomali,6550.843469619751
11/4/2027,Trincomali,6418.444375
11/5/2027,Trincomali,6287.808811187744
11/6/2027,Trincomali,6399.697081327438
11/7/2027,Trincomali,6367.047534823418
11/8/2027,Trincomali,6484.979468822479
11/9/2027,Trincomali,6529.619076967239
11/10/2027,Trincomali,6425.229214429855
11/11/2027,Trincomali,6457.793812394142
11/12/2027,Trincomali,6294.450937509537
11/13/2027,Trincomali,6377.725566267967
11/14/2027,Trincomali,6435.862647891045
11/15/2027,Trincomali,6591.804805994034
11/16/2027,Trincomali,6588.19874
11/17/2027,Trincomali,6490.525334239006
11/18/2027,Trincomali,6513.0129116773605
11/19/2027,Trincomali,6500.614247560501
11/20/2027,Trincomali,6322.123773813248
11/21/2027,Trincomali,6453.411742
11/22/2027,Trincomali,6213.788051605225
11/23/2027,Trincomali,6354.165513515472
11/24/2027,Trincomali,6438.289202928543
11/25/2027,Trincomali,6431.029925465584
11/26/2027,Trincomali,6498.297276139259
11/27/2027,Trincomali,6498.2764637470245
11/28/2027,Trincomali,6475.543385028839
11/29/2027,Trincomali,6452.261963486671
11/30/2027,Trincomali,6436.163365721703
12/1/2027,Trincomali,6392.856600165367
12/2/2027,Trincomali,6453.169638633728
12/3/2027,Trincomali,6417.746097564697
12/4/2027,Trincomali,6389.856642484665
12/5/2027,Trincomali,6443.029331445694
12/6/2027,Trincomali,6454.051829218864
12/7/2027,Trincomali,6278.227890133858
12/8/2027,Trincomali,6334.337674856186
12/9/2027,Trincomali,6416.3002734184265
12/10/2027,Trincomali,6438.0997676849365
12/11/2027,Trincomali,6413.294794082642
12/12/2027,Trincomali,6398.410111
12/13/2027,Trincomali,6468.428944826126
12/14/2027,Trincomali,6347.778658
12/15/2027,Trincomali,6012.810849905014
12/16/2027,Trincomali,5926.727822422981
12/17/2027,Trincomali,5829.411200046539
12/18/2027,Trincomali,5817.762206792831
12/19/2027,Trincomali,5902.390490531921
12/20/2027,Trincomali,5188.096022
12/21/2027,Trincomali,5826.041716217995
12/22/2027,Trincomali,5945.770311832428
12/23/2027,Trincomali,5228.276256561279
12/24/2027,Trincomali,5706.293157696724
12/25/2027,Trincomali,6034.076867341995
12/26/2027,Trincomali,5946.864024281502
12/27/2027,Trincomali,6032.999295115471
12/28/2027,Trincomali,6058.045947313309
12/29/2027,Trincomali,5990.018307209015
12/30/2027,Trincomali,6050.927259683609
12/31/2027,Trincomali,6078.767869353294
1/1/2025,Polonnaruwa,4761.660192608834
1/2/2025,Polonnaruwa,4391.650943160058
1/3/2025,Polonnaruwa,4422.109247446061
1/4/2025,Polonnaruwa,4532.026233
1/5/2025,Polonnaruwa,4628.789135217668
1/6/2025,Polonnaruwa,4645.921686291696
1/7/2025,Polonnaruwa,4452.818084955216
1/8/2025,Polonnaruwa,4275.749917030335
1/9/2025,Polonnaruwa,4463.015004992486
1/10/2025,Polonnaruwa,4387.962658405305
1/11/2025,Polonnaruwa,4646.525580286981
1/12/2025,Polonnaruwa,4600.969490408898
1/13/2025,Polonnaruwa,4240.698794126512
1/14/2025,Polonnaruwa,4460.650842785836
1/15/2025,Polonnaruwa,4749.8537600040445
1/16/2025,Polonnaruwa,4867.310270667077
1/17/2025,Polonnaruwa,4952.058470845223
1/18/2025,Polonnaruwa,4943.143409490586
1/19/2025,Polonnaruwa,4928.433405756951
1/20/2025,Polonnaruwa,4926.935434937478
1/21/2025,Polonnaruwa,4901.832877397538
1/22/2025,Polonnaruwa,4930.171017050744
1/23/2025,Polonnaruwa,5038.832286596299
1/24/2025,Polonnaruwa,5013.269183635713
1/25/2025,Polonnaruwa,4912.607984542848
1/26/2025,Polonnaruwa,4904.960839152337
1/27/2025,Polonnaruwa,4949.977955818177
1/28/2025,Polonnaruwa,4983.430458903314
1/29/2025,Polonnaruwa,5080.233882069589
1/30/2025,Polonnaruwa,5160.825845003129
1/31/2025,Polonnaruwa,5227.6837944984445
2/1/2025,Polonnaruwa,5171.665437221528
2/2/2025,Polonnaruwa,5184.854813218118
2/3/2025,Polonnaruwa,4967.591094970704
2/4/2025,Polonnaruwa,5208.645884
2/5/2025,Polonnaruwa,5222.585116624833
2/6/2025,Polonnaruwa,5405.242136120797
2/7/2025,Polonnaruwa,5493.704327940942
2/8/2025,Polonnaruwa,5599.377499
2/9/2025,Polonnaruwa,5683.353620767594
2/10/2025,Polonnaruwa,5658.488525152207
2/11/2025,Polonnaruwa,5559.235540628434
2/12/2025,Polonnaruwa,5010.825722217561
2/13/2025,Polonnaruwa,5278.298476934434
2/14/2025,Polonnaruwa,5381.152604222299
2/15/2025,Polonnaruwa,5540.237279534341
2/16/2025,Polonnaruwa,5596.464341878892
2/17/2025,Polonnaruwa,5671.279227
2/18/2025,Polonnaruwa,5755.671451687814
2/19/2025,Polonnaruwa,5859.558211565019
2/20/2025,Polonnaruwa,5923.672495484353
2/21/2025,Polonnaruwa,5890.450047254563
2/22/2025,Polonnaruwa,5875.505195856095
2/23/2025,Polonnaruwa,5955.682799
2/24/2025,Polonnaruwa,5919.732370376588
2/25/2025,Polonnaruwa,5964.398740530015
2/26/2025,Polonnaruwa,5982.730801
2/27/2025,Polonnaruwa,6057.3365449905405
2/28/2025,Polonnaruwa,6121.358023
3/1/2025,Polonnaruwa,6212.084599137307
3/2/2025,Polonnaruwa,6107.248427271844
3/3/2025,Polonnaruwa,6195.772925615312
3/4/2025,Polonnaruwa,6230.0916200876245
3/5/2025,Polonnaruwa,6258.035006523133
3/6/2025,Polonnaruwa,6293.865178823472
3/7/2025,Polonnaruwa,6291.2313121557245
3/8/2025,Polonnaruwa,6103.574521
3/9/2025,Polonnaruwa,6091.447841525079
3/10/2025,Polonnaruwa,6147.547676563264
3/11/2025,Polonnaruwa,6150.037759
3/12/2025,Polonnaruwa,6253.155055046082
3/13/2025,Polonnaruwa,6309.019170999528
3/14/2025,Polonnaruwa,6355.284596681596
3/15/2025,Polonnaruwa,6368.141961693765
3/16/2025,Polonnaruwa,6317.668885
3/17/2025,Polonnaruwa,6280.065373182298
3/18/2025,Polonnaruwa,6333.084303140641
3/19/2025,Polonnaruwa,6369.764109849931
3/20/2025,Polonnaruwa,6281.556372642518
3/21/2025,Polonnaruwa,6331.052151918412
3/22/2025,Polonnaruwa,6193.778681
3/23/2025,Polonnaruwa,6217.356253862382
3/24/2025,Polonnaruwa,6289.813076257707
3/25/2025,Polonnaruwa,6206.259157061578
3/26/2025,Polonnaruwa,6232.423975467683
3/27/2025,Polonnaruwa,5779.513065
3/28/2025,Polonnaruwa,5854.478269219399
3/29/2025,Polonnaruwa,6051.494981646539
3/30/2025,Polonnaruwa,6229.012367
3/31/2025,Polonnaruwa,6241.881060004235
4/1/2025,Polonnaruwa,6262.801673412324
4/2/2025,Polonnaruwa,6035.253893136979
4/3/2025,Polonnaruwa,6090.555072
4/4/2025,Polonnaruwa,6012.196122407914
4/5/2025,Polonnaruwa,5986.852181553842
4/6/2025,Polonnaruwa,5739.378077983857
4/7/2025,Polonnaruwa,5681.387697458268
4/8/2025,Polonnaruwa,5655.010688304902
4/9/2025,Polonnaruwa,5632.776409387589
4/10/2025,Polonnaruwa,5696.736887693406
4/11/2025,Polonnaruwa,5659.962096214295
4/12/2025,Polonnaruwa,5734.078102111817
4/13/2025,Polonnaruwa,5700.235202908517
4/14/2025,Polonnaruwa,5738.4439158439645
4/15/2025,Polonnaruwa,5507.221357822419
4/16/2025,Polonnaruwa,5789.812376499177
4/17/2025,Polonnaruwa,5740.116170644761
4/18/2025,Polonnaruwa,5813.082773685456
4/19/2025,Polonnaruwa,5812.352523803712
4/20/2025,Polonnaruwa,5938.318885564805
4/21/2025,Polonnaruwa,5667.007526159287
4/22/2025,Polonnaruwa,5510.890035629273
4/23/2025,Polonnaruwa,5699.302347898484
4/24/2025,Polonnaruwa,5828.671604394914
4/25/2025,Polonnaruwa,5815.751497149468
4/26/2025,Polonnaruwa,5620.053243041039
4/27/2025,Polonnaruwa,5848.830161094666
4/28/2025,Polonnaruwa,5732.826743125916
4/29/2025,Polonnaruwa,5466.262443661691
4/30/2025,Polonnaruwa,5518.609073
5/1/2025,Polonnaruwa,5250.063164830209
5/2/2025,Polonnaruwa,5148.151913881303
5/3/2025,Polonnaruwa,5129.130124449731
5/4/2025,Polonnaruwa,4828.027532696725
5/5/2025,Polonnaruwa,4788.511254
5/6/2025,Polonnaruwa,5057.308131456376
5/7/2025,Polonnaruwa,5046.3164764642725
5/8/2025,Polonnaruwa,5285.371792316438
5/9/2025,Polonnaruwa,5386.821190714837
5/10/2025,Polonnaruwa,5468.122925162316
5/11/2025,Polonnaruwa,5661.180341243745
5/12/2025,Polonnaruwa,5742.047237157823
5/13/2025,Polonnaruwa,5807.0969903469095
5/14/2025,Polonnaruwa,5797.616813182832
5/15/2025,Polonnaruwa,5807.908282279969
5/16/2025,Polonnaruwa,5760.611095428468
5/17/2025,Polonnaruwa,5796.725350618363
5/18/2025,Polonnaruwa,5798.877322077752
5/19/2025,Polonnaruwa,5834.569374322892
5/20/2025,Polonnaruwa,5835.5597430467615
5/21/2025,Polonnaruwa,5884.146631360055
5/22/2025,Polonnaruwa,6001.942995786668
5/23/2025,Polonnaruwa,6001.869796514512
5/24/2025,Polonnaruwa,5978.322723507882
5/25/2025,Polonnaruwa,6047.574899196626
5/26/2025,Polonnaruwa,6127.247514128686
5/27/2025,Polonnaruwa,6226.932287216187
5/28/2025,Polonnaruwa,6065.492163896562
5/29/2025,Polonnaruwa,5885.626738071443
5/30/2025,Polonnaruwa,5692.9235541820535
5/31/2025,Polonnaruwa,5954.656701683999
6/1/2025,Polonnaruwa,5970.691699385644
6/2/2025,Polonnaruwa,5865.598894357682
6/3/2025,Polonnaruwa,5785.568561553956
6/4/2025,Polonnaruwa,5866.364001035691
6/5/2025,Polonnaruwa,5935.786539316178
6/6/2025,Polonnaruwa,5979.579311013223
6/7/2025,Polonnaruwa,6087.170912623406
6/8/2025,Polonnaruwa,6050.994786620141
6/9/2025,Polonnaruwa,6019.384900927545
6/10/2025,Polonnaruwa,6081.892722249032
6/11/2025,Polonnaruwa,5989.407620429994
6/12/2025,Polonnaruwa,6076.814958453179
6/13/2025,Polonnaruwa,5912.915252447129
6/14/2025,Polonnaruwa,5939.338446855546
6/15/2025,Polonnaruwa,5958.496178
6/16/2025,Polonnaruwa,5693.267765045167
6/17/2025,Polonnaruwa,5352.998769879342
6/18/2025,Polonnaruwa,5717.063628435136
6/19/2025,Polonnaruwa,5940.347986817361
6/20/2025,Polonnaruwa,5899.441357851029
6/21/2025,Polonnaruwa,5837.492116689683
6/22/2025,Polonnaruwa,5929.481816
6/23/2025,Polonnaruwa,6019.600141644479
6/24/2025,Polonnaruwa,5987.443004250527
6/25/2025,Polonnaruwa,5939.187691211701
6/26/2025,Polonnaruwa,5990.136998891831
6/27/2025,Polonnaruwa,6193.456255793572
6/28/2025,Polonnaruwa,6020.225385427476
6/29/2025,Polonnaruwa,6052.186453342439
6/30/2025,Polonnaruwa,5827.694306969644
7/1/2025,Polonnaruwa,5191.990870833398
7/2/2025,Polonnaruwa,5588.577991724015
7/3/2025,Polonnaruwa,5837.339618206025
7/4/2025,Polonnaruwa,5944.394425153733
7/5/2025,Polonnaruwa,5975.194326
7/6/2025,Polonnaruwa,6071.454419
7/7/2025,Polonnaruwa,6018.305647
7/8/2025,Polonnaruwa,5901.362838745118
7/9/2025,Polonnaruwa,5987.809436321259
7/10/2025,Polonnaruwa,5525.169558
7/11/2025,Polonnaruwa,5628.236747384072
7/12/2025,Polonnaruwa,5194.797278642655
7/13/2025,Polonnaruwa,5689.404760599137
7/14/2025,Polonnaruwa,5569.894748926164
7/15/2025,Polonnaruwa,5480.844348669053
7/16/2025,Polonnaruwa,5716.167808771134
7/17/2025,Polonnaruwa,5598.5156643390665
7/18/2025,Polonnaruwa,5698.881452083589
7/19/2025,Polonnaruwa,5738.688784837724
7/20/2025,Polonnaruwa,5418.217142820359
7/21/2025,Polonnaruwa,5584.385590553285
7/22/2025,Polonnaruwa,5782.239301800729
7/23/2025,Polonnaruwa,5753.065906167031
7/24/2025,Polonnaruwa,5728.662663102151
7/25/2025,Polonnaruwa,5674.804120063783
7/26/2025,Polonnaruwa,5616.986280679704
7/27/2025,Polonnaruwa,5653.831657
7/28/2025,Polonnaruwa,5728.694905638696
7/29/2025,Polonnaruwa,5645.6185245513925
7/30/2025,Polonnaruwa,5658.770429491998
7/31/2025,Polonnaruwa,5623.850019574166
8/1/2025,Polonnaruwa,5474.141822457314
8/2/2025,Polonnaruwa,5688.279757499696
8/3/2025,Polonnaruwa,5817.852926254273
8/4/2025,Polonnaruwa,6016.629906892777
8/5/2025,Polonnaruwa,6020.051972866059
8/6/2025,Polonnaruwa,6074.955784082414
8/7/2025,Polonnaruwa,6176.828256845475
8/8/2025,Polonnaruwa,6297.305980324746
8/9/2025,Polonnaruwa,6284.541857242585
8/10/2025,Polonnaruwa,6271.586457490922
8/11/2025,Polonnaruwa,6256.315695047379
8/12/2025,Polonnaruwa,6254.256529808045
8/13/2025,Polonnaruwa,6236.479999423028
8/14/2025,Polonnaruwa,6286.197555065156
8/15/2025,Polonnaruwa,6252.688845396043
8/16/2025,Polonnaruwa,6221.400513648988
8/17/2025,Polonnaruwa,6137.823066
8/18/2025,Polonnaruwa,6168.400755
8/19/2025,Polonnaruwa,6182.27376
8/20/2025,Polonnaruwa,6255.671280026437
8/21/2025,Polonnaruwa,6248.612343072892
8/22/2025,Polonnaruwa,6180.280386805535
8/23/2025,Polonnaruwa,6055.809817314149
8/24/2025,Polonnaruwa,5801.572623848916
8/25/2025,Polonnaruwa,5700.1598250865945
8/26/2025,Polonnaruwa,5769.236845374108
8/27/2025,Polonnaruwa,5901.107513
8/28/2025,Polonnaruwa,5776.093612909318
8/29/2025,Polonnaruwa,5367.783280014993
8/30/2025,Polonnaruwa,5826.783237457276
8/31/2025,Polonnaruwa,5837.552244663239
9/1/2025,Polonnaruwa,5698.115909695626
9/2/2025,Polonnaruwa,5715.266325
9/3/2025,Polonnaruwa,5792.200502753259
9/4/2025,Polonnaruwa,5690.539349317552
9/5/2025,Polonnaruwa,5673.492633104325
9/6/2025,Polonnaruwa,5795.4670202732095
9/7/2025,Polonnaruwa,5798.628531694413
9/8/2025,Polonnaruwa,5831.528990268708
9/9/2025,Polonnaruwa,5822.960318326951
9/10/2025,Polonnaruwa,5686.933413743974
9/11/2025,Polonnaruwa,5653.313598036767
9/12/2025,Polonnaruwa,5604.122380018235
9/13/2025,Polonnaruwa,5575.120654106141
9/14/2025,Polonnaruwa,5549.249939918519
9/15/2025,Polonnaruwa,5773.087649941445
9/16/2025,Polonnaruwa,5741.462950110436
9/17/2025,Polonnaruwa,5628.826262950898
9/18/2025,Polonnaruwa,5764.373015
9/19/2025,Polonnaruwa,5914.123911857606
9/20/2025,Polonnaruwa,5864.772788
9/21/2025,Polonnaruwa,5762.556976079942
9/22/2025,Polonnaruwa,5764.801318049432
9/23/2025,Polonnaruwa,5906.956483125688
9/24/2025,Polonnaruwa,5903.948777318002
9/25/2025,Polonnaruwa,5966.199965476991
9/26/2025,Polonnaruwa,6063.020817041398
9/27/2025,Polonnaruwa,6260.882806777955
9/28/2025,Polonnaruwa,6056.435496807099
9/29/2025,Polonnaruwa,6136.293724179269
9/30/2025,Polonnaruwa,6056.359683275224
10/1/2025,Polonnaruwa,6130.150649547578
10/2/2025,Polonnaruwa,6104.2032504081735
10/3/2025,Polonnaruwa,5912.193716764451
10/4/2025,Polonnaruwa,6036.074770689012
10/5/2025,Polonnaruwa,5931.419854164124
10/6/2025,Polonnaruwa,5835.989788770677
10/7/2025,Polonnaruwa,5856.733939647676
10/8/2025,Polonnaruwa,6039.440194368363
10/9/2025,Polonnaruwa,6006.867389678956
10/10/2025,Polonnaruwa,5875.992319583894
10/11/2025,Polonnaruwa,6009.769217967988
10/12/2025,Polonnaruwa,5994.673610925675
10/13/2025,Polonnaruwa,5941.898242831231
10/14/2025,Polonnaruwa,5906.029292345048
10/15/2025,Polonnaruwa,5996.924052834512
10/16/2025,Polonnaruwa,5991.250237822534
10/17/2025,Polonnaruwa,5785.330228209496
10/18/2025,Polonnaruwa,5720.508351
10/19/2025,Polonnaruwa,5468.164317607881
10/20/2025,Polonnaruwa,5474.551825523377
10/21/2025,Polonnaruwa,5336.079280972482
10/22/2025,Polonnaruwa,5308.984221816064
10/23/2025,Polonnaruwa,5379.187988042832
10/24/2025,Polonnaruwa,5573.974301218987
10/25/2025,Polonnaruwa,5543.971749544145
10/26/2025,Polonnaruwa,5410.655832
10/27/2025,Polonnaruwa,4969.394934
10/28/2025,Polonnaruwa,5035.802359580995
10/29/2025,Polonnaruwa,5072.812870144845
10/30/2025,Polonnaruwa,4885.124272108079
10/31/2025,Polonnaruwa,4783.027408719064
11/1/2025,Polonnaruwa,4582.296704649926
11/2/2025,Polonnaruwa,4629.519820809365
11/3/2025,Polonnaruwa,4596.822838783265
11/4/2025,Polonnaruwa,4387.921701669694
11/5/2025,Polonnaruwa,4503.774799704553
11/6/2025,Polonnaruwa,4422.022105
11/7/2025,Polonnaruwa,4606.784039735795
11/8/2025,Polonnaruwa,4480.598951578141
11/9/2025,Polonnaruwa,4562.176490426064
11/10/2025,Polonnaruwa,4641.937554478646
11/11/2025,Polonnaruwa,4688.264850974084
11/12/2025,Polonnaruwa,4509.352323
11/13/2025,Polonnaruwa,4584.511418342591
11/14/2025,Polonnaruwa,4530.911251306535
11/15/2025,Polonnaruwa,4312.361752986909
11/16/2025,Polonnaruwa,4486.9319957494745
11/17/2025,Polonnaruwa,4589.842329621316
11/18/2025,Polonnaruwa,4834.564053416253
11/19/2025,Polonnaruwa,4855.688579
11/20/2025,Polonnaruwa,4780.984364748002
11/21/2025,Polonnaruwa,4719.132722616197
11/22/2025,Polonnaruwa,4641.984611153604
11/23/2025,Polonnaruwa,4173.992471694947
11/24/2025,Polonnaruwa,3944.530181884766
11/25/2025,Polonnaruwa,4704.983913302423
11/26/2025,Polonnaruwa,4756.805512309075
11/27/2025,Polonnaruwa,4461.523134112359
11/28/2025,Polonnaruwa,4712.319090366364
11/29/2025,Polonnaruwa,4568.4907990694055
11/30/2025,Polonnaruwa,4420.877059698106
12/1/2025,Polonnaruwa,4462.154042124749
12/2/2025,Polonnaruwa,4697.813870310784
12/3/2025,Polonnaruwa,4837.4297177791605
12/4/2025,Polonnaruwa,4884.436721801759
12/5/2025,Polonnaruwa,4787.567070722581
12/6/2025,Polonnaruwa,4861.067854166032
12/7/2025,Polonnaruwa,4292.658948898316
12/8/2025,Polonnaruwa,4722.189227938653
12/9/2025,Polonnaruwa,4792.527193
12/10/2025,Polonnaruwa,4235.7195007801065
12/11/2025,Polonnaruwa,4073.517320752144
12/12/2025,Polonnaruwa,3814.445707499981
12/13/2025,Polonnaruwa,2764.1287404298782
12/14/2025,Polonnaruwa,3094.815820157528
12/15/2025,Polonnaruwa,3148.7904798984528
12/16/2025,Polonnaruwa,3935.9390708804135
12/17/2025,Polonnaruwa,4044.295125603676
12/18/2025,Polonnaruwa,3844.6478143334393
12/19/2025,Polonnaruwa,3778.031248152257
12/20/2025,Polonnaruwa,3537.8703182935715
12/21/2025,Polonnaruwa,4244.241116046906
12/22/2025,Polonnaruwa,4220.444816946984
12/23/2025,Polonnaruwa,3795.437207221985
12/24/2025,Polonnaruwa,4297.036091
12/25/2025,Polonnaruwa,4381.908904314042
12/26/2025,Polonnaruwa,4043.679467439652
12/27/2025,Polonnaruwa,4007.204008698464
12/28/2025,Polonnaruwa,3858.7380206584935
12/29/2025,Polonnaruwa,3368.2070410251617
12/30/2025,Polonnaruwa,4259.055254459382
12/31/2025,Polonnaruwa,4026.611837148667
1/1/2026,Polonnaruwa,3896.8659093976025
1/2/2026,Polonnaruwa,3459.9897783994675
1/3/2026,Polonnaruwa,3240.971020460129
1/4/2026,Polonnaruwa,3812.832927107811
1/5/2026,Polonnaruwa,3742.378845512867
1/6/2026,Polonnaruwa,3676.740883886815
1/7/2026,Polonnaruwa,3781.1226102709775
1/8/2026,Polonnaruwa,4191.0391879081735
1/9/2026,Polonnaruwa,4196.576189994813
1/10/2026,Polonnaruwa,4014.228088855744
1/11/2026,Polonnaruwa,4331.0903096199045
1/12/2026,Polonnaruwa,4401.231333613397
1/13/2026,Polonnaruwa,4488.166362047196
1/14/2026,Polonnaruwa,4451.958864927293
1/15/2026,Polonnaruwa,4647.257573008538
1/16/2026,Polonnaruwa,4738.587172031404
1/17/2026,Polonnaruwa,4926.206492185594
1/18/2026,Polonnaruwa,4890.108793973924
1/19/2026,Polonnaruwa,4803.6129611730585
1/20/2026,Polonnaruwa,4735.184277296067
1/21/2026,Polonnaruwa,4122.795245051385
1/22/2026,Polonnaruwa,4108.146676421166
1/23/2026,Polonnaruwa,3929.684454500676
1/24/2026,Polonnaruwa,3945.506390035153
1/25/2026,Polonnaruwa,3936.691324
1/26/2026,Polonnaruwa,4420.860067009927
1/27/2026,Polonnaruwa,4264.339980483056
1/28/2026,Polonnaruwa,4358.378388285638
1/29/2026,Polonnaruwa,4502.431941628457
1/30/2026,Polonnaruwa,4609.619204401971
1/31/2026,Polonnaruwa,4631.090555191041
2/1/2026,Polonnaruwa,4440.326280593873
2/2/2026,Polonnaruwa,4268.264420032502
2/3/2026,Polonnaruwa,4467.424825429917
2/4/2026,Polonnaruwa,4402.697061896325
2/5/2026,Polonnaruwa,4672.702598571778
2/6/2026,Polonnaruwa,4635.312148928643
2/7/2026,Polonnaruwa,4276.686693429948
2/8/2026,Polonnaruwa,4506.002584695817
2/9/2026,Polonnaruwa,4807.049841284753
2/10/2026,Polonnaruwa,4930.611084103585
2/11/2026,Polonnaruwa,5018.430168032647
2/12/2026,Polonnaruwa,5009.946023821832
2/13/2026,Polonnaruwa,4994.185087680818
2/14/2026,Polonnaruwa,4991.175639033319
2/15/2026,Polonnaruwa,4964.113693833352
2/16/2026,Polonnaruwa,4990.878484845162
2/17/2026,Polonnaruwa,5098.813861608506
2/18/2026,Polonnaruwa,5071.066980361939
2/19/2026,Polonnaruwa,4967.704815268517
2/20/2026,Polonnaruwa,4959.086037
2/21/2026,Polonnaruwa,5004.202059507371
2/22/2026,Polonnaruwa,5037.575263381005
2/23/2026,Polonnaruwa,5134.699369072915
2/24/2026,Polonnaruwa,5214.931
2/25/2026,Polonnaruwa,5280.822108983994
2/26/2026,Polonnaruwa,5222.565509676934
2/27/2026,Polonnaruwa,5234.112259149552
2/28/2026,Polonnaruwa,5014.330137372018
3/1/2026,Polonnaruwa,5257.539947628976
3/2/2026,Polonnaruwa,5272.584576606751
3/3/2026,Polonnaruwa,5456.321285367013
3/4/2026,Polonnaruwa,5544.361709952355
3/5/2026,Polonnaruwa,5649.162589311601
3/6/2026,Polonnaruwa,5732.087779045106
3/7/2026,Polonnaruwa,5705.085090398789
3/8/2026,Polonnaruwa,5603.089747428895
3/9/2026,Polonnaruwa,5050.573362708093
3/10/2026,Polonnaruwa,5319.727522134782
3/11/2026,Polonnaruwa,5423.845208
3/12/2026,Polonnaruwa,5583.169959783555
3/13/2026,Polonnaruwa,5638.423210382463
3/14/2026,Polonnaruwa,5712.046428322793
3/15/2026,Polonnaruwa,5795.222586989404
3/16/2026,Polonnaruwa,5897.844916582108
3/17/2026,Polonnaruwa,5960.354045033456
3/18/2026,Polonnaruwa,5925.151295065881
3/19/2026,Polonnaruwa,5908.570352792741
3/20/2026,Polonnaruwa,5987.518817782403
3/21/2026,Polonnaruwa,5949.768036007882
3/22/2026,Polonnaruwa,5992.995691895486
3/23/2026,Polonnaruwa,6009.849388599397
3/24/2026,Polonnaruwa,6083.209873437882
3/25/2026,Polonnaruwa,6145.978249311448
3/26/2026,Polonnaruwa,6235.576773
3/27/2026,Polonnaruwa,6129.229994416238
3/28/2026,Polonnaruwa,6217.054742574693
3/29/2026,Polonnaruwa,6250.455396175385
3/30/2026,Polonnaruwa,6277.439785003663
3/31/2026,Polonnaruwa,6312.466943860055
4/1/2026,Polonnaruwa,6309.027013778687
4/2/2026,Polonnaruwa,6120.376804
4/3/2026,Polonnaruwa,6107.987391352654
4/4/2026,Polonnaruwa,6163.939956426621
4/5/2026,Polonnaruwa,6165.995200276376
4/6/2026,Polonnaruwa,6268.803142
4/7/2026,Polonnaruwa,6324.158784747125
4/8/2026,Polonnaruwa,6369.851251840592
4/9/2026,Polonnaruwa,6382.113001346589
4/10/2026,Polonnaruwa,6331.049973368646
4/11/2026,Polonnaruwa,6293.047786951066
4/12/2026,Polonnaruwa,6345.88764
4/13/2026,Polonnaruwa,6382.239357233048
4/14/2026,Polonnaruwa,6293.501796722413
4/15/2026,Polonnaruwa,6342.746171355248
4/16/2026,Polonnaruwa,6204.912377595902
4/17/2026,Polonnaruwa,6228.303902149201
4/18/2026,Polonnaruwa,6300.605611801148
4/19/2026,Polonnaruwa,6216.561518907548
4/20/2026,Polonnaruwa,6242.465347051621
4/21/2026,Polonnaruwa,5788.755779862405
4/22/2026,Polonnaruwa,5864.039052724839
4/23/2026,Polonnaruwa,6061.446161270143
4/24/2026,Polonnaruwa,6238.852440118791
4/25/2026,Polonnaruwa,6251.2205028533945
4/26/2026,Polonnaruwa,6271.717170476914
4/27/2026,Polonnaruwa,6043.600353002549
4/28/2026,Polonnaruwa,6098.803496956826
4/29/2026,Polonnaruwa,6020.130400657655
4/30/2026,Polonnaruwa,5994.465341567994
5/1/2026,Polonnaruwa,5746.518928408624
5/2/2026,Polonnaruwa,5688.3416283130655
5/3/2026,Polonnaruwa,5661.787285208703
5/4/2026,Polonnaruwa,5639.321208596231
5/5/2026,Polonnaruwa,5703.129188418389
5/6/2026,Polonnaruwa,5666.053321361543
5/7/2026,Polonnaruwa,5739.957572221757
5/8/2026,Polonnaruwa,5705.784404873849
5/9/2026,Polonnaruwa,5743.702934980393
5/10/2026,Polonnaruwa,5512.031595706941
5/11/2026,Polonnaruwa,5794.612593054772
5/12/2026,Polonnaruwa,5744.601368904115
5/13/2026,Polonnaruwa,5817.300010323525
5/14/2026,Polonnaruwa,5816.314434409142
5/15/2026,Polonnaruwa,5942.105205059052
5/16/2026,Polonnaruwa,5670.414777994157
5/17/2026,Polonnaruwa,5514.100782275201
5/18/2026,Polonnaruwa,5702.476494908334
5/19/2026,Polonnaruwa,5831.663625
5/20/2026,Polonnaruwa,5818.460305929185
5/21/2026,Polonnaruwa,5622.468383312226
5/22/2026,Polonnaruwa,5851.148573756219
5/23/2026,Polonnaruwa,5734.894622564317
5/24/2026,Polonnaruwa,5468.079789876939
5/25/2026,Polonnaruwa,5520.341455936433
5/26/2026,Polonnaruwa,5251.633027791978
5/27/2026,Polonnaruwa,5149.611977934838
5/28/2026,Polonnaruwa,5130.514810681344
5/29/2026,Polonnaruwa,4829.263642
5/30/2026,Polonnaruwa,4789.664578437806
5/31/2026,Polonnaruwa,5058.433134555818
6/1/2026,Polonnaruwa,5047.339087724687
6/2/2026,Polonnaruwa,5286.333404183389
6/3/2026,Polonnaruwa,5387.697839140893
6/4/2026,Polonnaruwa,5468.911995887757
6/5/2026,Polonnaruwa,5661.903619766236
6/6/2026,Polonnaruwa,5742.691216468812
6/7/2026,Polonnaruwa,5807.668642
6/8/2026,Polonnaruwa,5798.120929598809
6/9/2026,Polonnaruwa,5808.356627821923
6/10/2026,Polonnaruwa,5761.006284356118
6/11/2026,Polonnaruwa,5797.080889940263
6/12/2026,Polonnaruwa,5799.195826
6/13/2026,Polonnaruwa,5834.856942892076
6/14/2026,Polonnaruwa,5835.818119049073
6/15/2026,Polonnaruwa,5884.381479024888
6/16/2026,Polonnaruwa,6002.158236503602
6/17/2026,Polonnaruwa,6002.062380313874
6/18/2026,Polonnaruwa,5978.494828939439
6/19/2026,Polonnaruwa,6047.7330619096765
6/20/2026,Polonnaruwa,6127.391734123231
6/21/2026,Polonnaruwa,6227.063871622087
6/22/2026,Polonnaruwa,6065.605012774468
6/23/2026,Polonnaruwa,5885.726079940797
6/24/2026,Polonnaruwa,5693.010696172715
6/25/2026,Polonnaruwa,5954.742100834847
6/26/2026,Polonnaruwa,5970.767948627473
6/27/2026,Polonnaruwa,5865.665557980538
6/28/2026,Polonnaruwa,5785.6286895275125
6/29/2026,Polonnaruwa,5866.419771909715
6/30/2026,Polonnaruwa,5935.837517380715
7/1/2026,Polonnaruwa,5979.625496268273
7/2/2026,Polonnaruwa,6087.213176488877
7/3/2026,Polonnaruwa,6051.0322576761255
7/4/2026,Polonnaruwa,6019.418450593949
7/5/2026,Polonnaruwa,6081.923657655717
7/6/2026,Polonnaruwa,5989.434634447099
7/7/2026,Polonnaruwa,6076.839793920518
7/8/2026,Polonnaruwa,5912.937037944795
7/9/2026,Polonnaruwa,5939.358489513398
7/10/2026,Polonnaruwa,5958.514041900636
7/11/2026,Polonnaruwa,5693.283450603486
7/12/2026,Polonnaruwa,5353.012276887895
7/13/2026,Polonnaruwa,5717.077571153642
7/14/2026,Polonnaruwa,5940.361493825913
7/15/2026,Polonnaruwa,5899.453122019769
7/16/2026,Polonnaruwa,5837.502573728562
7/17/2026,Polonnaruwa,5929.491401910783
7/18/2026,Polonnaruwa,6019.608855843545
7/19/2026,Polonnaruwa,5987.450411319734
7/20/2026,Polonnaruwa,5939.194662570954
7/21/2026,Polonnaruwa,5990.143534541131
7/22/2026,Polonnaruwa,6193.462791442872
7/23/2026,Polonnaruwa,6020.230613946916
7/24/2026,Polonnaruwa,6052.190810441972
7/25/2026,Polonnaruwa,5827.698228359223
7/26/2026,Polonnaruwa,5191.993920803071
7/27/2026,Polonnaruwa,5588.581477403642
7/28/2026,Polonnaruwa,5837.343103885652
7/29/2026,Polonnaruwa,5944.397911
7/30/2026,Polonnaruwa,5975.197376012803
7/31/2026,Polonnaruwa,6071.4570331573495
8/1/2026,Polonnaruwa,6018.308262
8/2/2026,Polonnaruwa,5901.365017294885
8/3/2026,Polonnaruwa,5987.811179161073
8/4/2026,Polonnaruwa,5525.171300768853
8/5/2026,Polonnaruwa,5628.238054513932
8/6/2026,Polonnaruwa,5194.798150062562
8/7/2026,Polonnaruwa,5689.406503438951
8/8/2026,Polonnaruwa,5569.896056056024
8/9/2026,Polonnaruwa,5480.84522
8/10/2026,Polonnaruwa,5716.168680191041
8/11/2026,Polonnaruwa,5598.516535758973
8/12/2026,Polonnaruwa,5698.882323503495
8/13/2026,Polonnaruwa,5738.689656
8/14/2026,Polonnaruwa,5418.218014240266
8/15/2026,Polonnaruwa,5584.386026263238
8/16/2026,Polonnaruwa,5782.239737510682
8/17/2026,Polonnaruwa,5753.066341876985
8/18/2026,Polonnaruwa,5728.663098812104
8/19/2026,Polonnaruwa,5674.804555773736
8/20/2026,Polonnaruwa,5616.986280679704
8/21/2026,Polonnaruwa,5653.831657
8/22/2026,Polonnaruwa,5728.694905638696
8/23/2026,Polonnaruwa,5645.618960261346
8/24/2026,Polonnaruwa,5658.770865201951
8/25/2026,Polonnaruwa,5623.850455
8/26/2026,Polonnaruwa,5474.142258167268
8/27/2026,Polonnaruwa,5688.280193209649
8/28/2026,Polonnaruwa,5817.852926254273
8/29/2026,Polonnaruwa,6016.629906892777
8/30/2026,Polonnaruwa,6020.051972866059
8/31/2026,Polonnaruwa,6074.955784082414
9/1/2026,Polonnaruwa,6176.828256845475
9/2/2026,Polonnaruwa,6297.305980324746
9/3/2026,Polonnaruwa,6284.542292952538
9/4/2026,Polonnaruwa,6271.586893200875
9/5/2026,Polonnaruwa,6256.315695047379
9/6/2026,Polonnaruwa,6254.256529808045
9/7/2026,Polonnaruwa,6236.479999423028
9/8/2026,Polonnaruwa,6286.197555065156
9/9/2026,Polonnaruwa,6252.688845396043
9/10/2026,Polonnaruwa,6221.400513648988
9/11/2026,Polonnaruwa,6137.823501825334
9/12/2026,Polonnaruwa,6168.400755
9/13/2026,Polonnaruwa,6182.27376
9/14/2026,Polonnaruwa,6255.671280026437
9/15/2026,Polonnaruwa,6248.612343072892
9/16/2026,Polonnaruwa,6180.280386805535
9/17/2026,Polonnaruwa,6055.809817314149
9/18/2026,Polonnaruwa,5801.572623848916
9/19/2026,Polonnaruwa,5700.1598250865945
9/20/2026,Polonnaruwa,5769.236845374108
9/21/2026,Polonnaruwa,5901.107513
9/22/2026,Polonnaruwa,5776.093612909318
9/23/2026,Polonnaruwa,5367.783280014993
9/24/2026,Polonnaruwa,5826.783237457276
9/25/2026,Polonnaruwa,5837.552244663239
9/26/2026,Polonnaruwa,5698.116345
9/27/2026,Polonnaruwa,5715.266760587693
9/28/2026,Polonnaruwa,5792.200938463212
9/29/2026,Polonnaruwa,5690.539349317552
9/30/2026,Polonnaruwa,5673.492633104325
10/1/2026,Polonnaruwa,5795.4670202732095
10/2/2026,Polonnaruwa,5798.628531694413
10/3/2026,Polonnaruwa,5831.528990268708
10/4/2026,Polonnaruwa,5822.960318326951
10/5/2026,Polonnaruwa,5686.933413743974
10/6/2026,Polonnaruwa,5653.313598036767
10/7/2026,Polonnaruwa,5604.122380018235
10/8/2026,Polonnaruwa,5575.120654106141
10/9/2026,Polonnaruwa,5549.249939918519
10/10/2026,Polonnaruwa,5773.088085651399
10/11/2026,Polonnaruwa,5741.463386
10/12/2026,Polonnaruwa,5628.826262950898
10/13/2026,Polonnaruwa,5764.373015
10/14/2026,Polonnaruwa,5914.123911857606
10/15/2026,Polonnaruwa,5864.772788
10/16/2026,Polonnaruwa,5762.556976079942
10/17/2026,Polonnaruwa,5764.801318049432
10/18/2026,Polonnaruwa,5906.956047415734
10/19/2026,Polonnaruwa,5903.948777318002
10/20/2026,Polonnaruwa,5966.199965476991
10/21/2026,Polonnaruwa,6063.020817041398
10/22/2026,Polonnaruwa,6260.882806777955
10/23/2026,Polonnaruwa,6056.435496807099
10/24/2026,Polonnaruwa,6136.293724179269
10/25/2026,Polonnaruwa,6056.359683275224
10/26/2026,Polonnaruwa,6130.150649547578
10/27/2026,Polonnaruwa,6104.2032504081735
10/28/2026,Polonnaruwa,5912.193716764451
10/29/2026,Polonnaruwa,6036.074770689012
10/30/2026,Polonnaruwa,5931.419854164124
10/31/2026,Polonnaruwa,5835.989788770677
11/1/2026,Polonnaruwa,5856.733939647676
11/2/2026,Polonnaruwa,6039.440194368363
11/3/2026,Polonnaruwa,6006.867825388909
11/4/2026,Polonnaruwa,5875.992755293847
11/5/2026,Polonnaruwa,6009.769217967988
11/6/2026,Polonnaruwa,5994.673610925675
11/7/2026,Polonnaruwa,5941.898242831231
11/8/2026,Polonnaruwa,5906.029292345048
11/9/2026,Polonnaruwa,5996.924052834512
11/10/2026,Polonnaruwa,5991.250237822534
11/11/2026,Polonnaruwa,5785.330228209496
11/12/2026,Polonnaruwa,5720.508351
11/13/2026,Polonnaruwa,5468.164317607881
11/14/2026,Polonnaruwa,5474.551825523377
11/15/2026,Polonnaruwa,5336.079280972482
11/16/2026,Polonnaruwa,5308.984221816064
11/17/2026,Polonnaruwa,5379.187988042832
11/18/2026,Polonnaruwa,5573.974301218987
11/19/2026,Polonnaruwa,5543.971749544145
11/20/2026,Polonnaruwa,5410.655832
11/21/2026,Polonnaruwa,4969.394934
11/22/2026,Polonnaruwa,5035.802359580995
11/23/2026,Polonnaruwa,5072.812434434892
11/24/2026,Polonnaruwa,4885.123836398126
11/25/2026,Polonnaruwa,4783.026973
11/26/2026,Polonnaruwa,4582.296704649926
11/27/2026,Polonnaruwa,4629.519820809365
11/28/2026,Polonnaruwa,4596.822838783265
11/29/2026,Polonnaruwa,4387.921701669694
11/30/2026,Polonnaruwa,4503.774799704553
12/1/2026,Polonnaruwa,4422.022105
12/2/2026,Polonnaruwa,4606.784039735795
12/3/2026,Polonnaruwa,4480.598951578141
12/4/2026,Polonnaruwa,4562.176490426064
12/5/2026,Polonnaruwa,4641.937554478646
12/6/2026,Polonnaruwa,4688.264850974084
12/7/2026,Polonnaruwa,4509.352323
12/8/2026,Polonnaruwa,4584.511418342591
12/9/2026,Polonnaruwa,4530.911251306535
12/10/2026,Polonnaruwa,4312.361752986909
12/11/2026,Polonnaruwa,4486.9319957494745
12/12/2026,Polonnaruwa,4589.842329621316
12/13/2026,Polonnaruwa,4834.564053416253
12/14/2026,Polonnaruwa,4855.688579
12/15/2026,Polonnaruwa,4780.984364748002
12/16/2026,Polonnaruwa,4719.132722616197
12/17/2026,Polonnaruwa,4641.984611153604
12/18/2026,Polonnaruwa,4173.992471694947
12/19/2026,Polonnaruwa,3944.530181884766
12/20/2026,Polonnaruwa,4704.983913302423
12/21/2026,Polonnaruwa,4756.805512309075
12/22/2026,Polonnaruwa,4461.523134112359
12/23/2026,Polonnaruwa,4712.319090366364
12/24/2026,Polonnaruwa,4568.4907990694055
12/25/2026,Polonnaruwa,4420.877059698106
12/26/2026,Polonnaruwa,4462.154042124749
12/27/2026,Polonnaruwa,4697.813870310784
12/28/2026,Polonnaruwa,4837.4297177791605
12/29/2026,Polonnaruwa,4884.436721801759
12/30/2026,Polonnaruwa,4787.566635012628
12/31/2026,Polonnaruwa,4861.067854166032
1/1/2027,Polonnaruwa,4292.658948898316
1/2/2027,Polonnaruwa,4722.189227938653
1/3/2027,Polonnaruwa,4792.527193
1/4/2027,Polonnaruwa,4235.7195007801065
1/5/2027,Polonnaruwa,4073.517320752144
1/6/2027,Polonnaruwa,3814.4454896450047
1/7/2027,Polonnaruwa,2764.1287404298782
1/8/2027,Polonnaruwa,3094.815820157528
1/9/2027,Polonnaruwa,3148.7904798984528
1/10/2027,Polonnaruwa,3935.938853025437
1/11/2027,Polonnaruwa,4044.295125603676
1/12/2027,Polonnaruwa,3844.648032188416
1/13/2027,Polonnaruwa,3778.031248152257
1/14/2027,Polonnaruwa,3537.8703182935715
1/15/2027,Polonnaruwa,4244.241116046906
1/16/2027,Polonnaruwa,4220.444816946984
1/17/2027,Polonnaruwa,3795.437207221985
1/18/2027,Polonnaruwa,4297.036091
1/19/2027,Polonnaruwa,4381.908904314042
1/20/2027,Polonnaruwa,4043.679467439652
1/21/2027,Polonnaruwa,4007.2037908434872
1/22/2027,Polonnaruwa,3858.737802803517
1/23/2027,Polonnaruwa,3368.2070410251617
1/24/2027,Polonnaruwa,4259.055254459382
1/25/2027,Polonnaruwa,4026.611837148667
1/26/2027,Polonnaruwa,3896.866127252579
1/27/2027,Polonnaruwa,3459.9897783994675
1/28/2027,Polonnaruwa,3240.970802605152
1/29/2027,Polonnaruwa,3812.832927107811
1/30/2027,Polonnaruwa,3742.378845512867
1/31/2027,Polonnaruwa,3676.740883886815
2/1/2027,Polonnaruwa,3781.1226102709775
2/2/2027,Polonnaruwa,4191.038752
2/3/2027,Polonnaruwa,4196.576189994813
2/4/2027,Polonnaruwa,4014.228088855744
2/5/2027,Polonnaruwa,4331.0903096199045
2/6/2027,Polonnaruwa,4401.231333613397
2/7/2027,Polonnaruwa,4488.165926337243
2/8/2027,Polonnaruwa,4451.958864927293
2/9/2027,Polonnaruwa,4647.257573008538
2/10/2027,Polonnaruwa,4738.587172031404
2/11/2027,Polonnaruwa,4926.206492185594
2/12/2027,Polonnaruwa,4890.108793973924
2/13/2027,Polonnaruwa,4803.6129611730585
2/14/2027,Polonnaruwa,4735.184277296067
2/15/2027,Polonnaruwa,4122.795245051385
2/16/2027,Polonnaruwa,4108.146676421166
2/17/2027,Polonnaruwa,3929.684236645699
2/18/2027,Polonnaruwa,3945.506390035153
2/19/2027,Polonnaruwa,3936.6911062598233
2/20/2027,Polonnaruwa,4420.860067009927
2/21/2027,Polonnaruwa,4264.339980483056
2/22/2027,Polonnaruwa,4358.378388285638
2/23/2027,Polonnaruwa,4502.431941628457
2/24/2027,Polonnaruwa,4609.619204401971
2/25/2027,Polonnaruwa,4631.090555191041
2/26/2027,Polonnaruwa,4440.326280593873
2/27/2027,Polonnaruwa,4268.264420032502
2/28/2027,Polonnaruwa,4467.424825429917
3/1/2027,Polonnaruwa,4402.697061896325
3/2/2027,Polonnaruwa,4672.702598571778
3/3/2027,Polonnaruwa,4635.312148928643
3/4/2027,Polonnaruwa,4276.686693429948
3/5/2027,Polonnaruwa,4506.002584695817
3/6/2027,Polonnaruwa,4807.049841284753
3/7/2027,Polonnaruwa,4930.611084103585
3/8/2027,Polonnaruwa,5018.430168032647
3/9/2027,Polonnaruwa,5009.946023821832
3/10/2027,Polonnaruwa,4994.185087680818
3/11/2027,Polonnaruwa,4991.175639033319
3/12/2027,Polonnaruwa,4964.113693833352
3/13/2027,Polonnaruwa,4990.878484845162
3/14/2027,Polonnaruwa,5098.813861608506
3/15/2027,Polonnaruwa,5071.066980361939
3/16/2027,Polonnaruwa,4967.704815268517
3/17/2027,Polonnaruwa,4959.086037
3/18/2027,Polonnaruwa,5004.202059507371
3/19/2027,Polonnaruwa,5037.575699090959
3/20/2027,Polonnaruwa,5134.699369072915
3/21/2027,Polonnaruwa,5214.931
3/22/2027,Polonnaruwa,5280.822108983994
3/23/2027,Polonnaruwa,5222.565509676934
3/24/2027,Polonnaruwa,5234.112259149552
3/25/2027,Polonnaruwa,5014.330137372018
3/26/2027,Polonnaruwa,5257.539511919023
3/27/2027,Polonnaruwa,5272.584576606751
3/28/2027,Polonnaruwa,5456.321285367013
3/29/2027,Polonnaruwa,5544.361709952355
3/30/2027,Polonnaruwa,5649.162589311601
3/31/2027,Polonnaruwa,5732.087779045106
4/1/2027,Polonnaruwa,5705.085090398789
4/2/2027,Polonnaruwa,5603.089747428895
4/3/2027,Polonnaruwa,5050.573362708093
4/4/2027,Polonnaruwa,5319.727522134782
4/5/2027,Polonnaruwa,5423.845208
4/6/2027,Polonnaruwa,5583.169959783555
4/7/2027,Polonnaruwa,5638.423646092416
4/8/2027,Polonnaruwa,5712.046428322793
4/9/2027,Polonnaruwa,5795.222586989404
4/10/2027,Polonnaruwa,5897.844916582108
4/11/2027,Polonnaruwa,5960.354045033456
4/12/2027,Polonnaruwa,5925.151295065881
4/13/2027,Polonnaruwa,5908.570352792741
4/14/2027,Polonnaruwa,5987.518817782403
4/15/2027,Polonnaruwa,5949.768036007882
4/16/2027,Polonnaruwa,5992.995691895486
4/17/2027,Polonnaruwa,6009.849388599397
4/18/2027,Polonnaruwa,6083.209873437882
4/19/2027,Polonnaruwa,6145.978249311448
4/20/2027,Polonnaruwa,6235.576773
4/21/2027,Polonnaruwa,6129.229994416238
4/22/2027,Polonnaruwa,6217.054742574693
4/23/2027,Polonnaruwa,6250.455831885339
4/24/2027,Polonnaruwa,6277.439785003663
4/25/2027,Polonnaruwa,6312.466943860055
4/26/2027,Polonnaruwa,6309.027013778687
4/27/2027,Polonnaruwa,6120.376804
4/28/2027,Polonnaruwa,6107.987391352654
4/29/2027,Polonnaruwa,6163.939956426621
4/30/2027,Polonnaruwa,6165.995200276376
5/1/2027,Polonnaruwa,6268.803142
5/2/2027,Polonnaruwa,6324.158784747125
5/3/2027,Polonnaruwa,6369.851251840592
5/4/2027,Polonnaruwa,6382.113001346589
5/5/2027,Polonnaruwa,6331.049973368646
5/6/2027,Polonnaruwa,6293.047786951066
5/7/2027,Polonnaruwa,6345.88764
5/8/2027,Polonnaruwa,6382.239357233048
5/9/2027,Polonnaruwa,6293.501796722413
5/10/2027,Polonnaruwa,6342.746171355248
5/11/2027,Polonnaruwa,6204.912377595902
5/12/2027,Polonnaruwa,6228.303902149201
5/13/2027,Polonnaruwa,6300.605611801148
5/14/2027,Polonnaruwa,6216.561954617501
5/15/2027,Polonnaruwa,6242.465347051621
5/16/2027,Polonnaruwa,5788.755779862405
5/17/2027,Polonnaruwa,5864.039052724839
5/18/2027,Polonnaruwa,6061.446161270143
5/19/2027,Polonnaruwa,6238.852440118791
5/20/2027,Polonnaruwa,6251.2205028533945
5/21/2027,Polonnaruwa,6271.717170476914
5/22/2027,Polonnaruwa,6043.600353002549
5/23/2027,Polonnaruwa,6098.803496956826
5/24/2027,Polonnaruwa,6020.130400657655
5/25/2027,Polonnaruwa,5994.465341567994
5/26/2027,Polonnaruwa,5746.518928408624
5/27/2027,Polonnaruwa,5688.3416283130655
5/28/2027,Polonnaruwa,5661.787285208703
5/29/2027,Polonnaruwa,5639.321208596231
5/30/2027,Polonnaruwa,5703.129188418389
5/31/2027,Polonnaruwa,5666.053321361543
6/1/2027,Polonnaruwa,5739.957572221757
6/2/2027,Polonnaruwa,5705.784404873849
6/3/2027,Polonnaruwa,5743.702934980393
6/4/2027,Polonnaruwa,5512.031595706941
6/5/2027,Polonnaruwa,5794.612593054772
6/6/2027,Polonnaruwa,5744.601368904115
6/7/2027,Polonnaruwa,5817.300010323525
6/8/2027,Polonnaruwa,5816.314434409142
6/9/2027,Polonnaruwa,5942.105205059052
6/10/2027,Polonnaruwa,5670.414777994157
6/11/2027,Polonnaruwa,5514.100346565248
6/12/2027,Polonnaruwa,5702.476494908334
6/13/2027,Polonnaruwa,5831.663625
6/14/2027,Polonnaruwa,5818.460305929185
6/15/2027,Polonnaruwa,5622.468383312226
6/16/2027,Polonnaruwa,5851.148573756219
6/17/2027,Polonnaruwa,5734.894622564317
6/18/2027,Polonnaruwa,5468.079789876939
6/19/2027,Polonnaruwa,5520.341891646386
6/20/2027,Polonnaruwa,5251.633027791978
6/21/2027,Polonnaruwa,5149.611977934838
6/22/2027,Polonnaruwa,5130.514810681344
6/23/2027,Polonnaruwa,4829.263642
6/24/2027,Polonnaruwa,4789.664578437806
6/25/2027,Polonnaruwa,5058.433134555818
6/26/2027,Polonnaruwa,5047.339087724687
6/27/2027,Polonnaruwa,5286.333404183389
6/28/2027,Polonnaruwa,5387.697839140893
6/29/2027,Polonnaruwa,5468.911995887757
6/30/2027,Polonnaruwa,5661.903619766236
7/1/2027,Polonnaruwa,5742.691216468812
7/2/2027,Polonnaruwa,5807.668642
7/3/2027,Polonnaruwa,5798.120929598809
7/4/2027,Polonnaruwa,5808.356627821923
7/5/2027,Polonnaruwa,5761.006284356118
7/6/2027,Polonnaruwa,5797.080889940263
7/7/2027,Polonnaruwa,5799.195826
7/8/2027,Polonnaruwa,5834.856942892076
7/9/2027,Polonnaruwa,5835.818119049073
7/10/2027,Polonnaruwa,5884.381479024888
7/11/2027,Polonnaruwa,6002.158236503602
7/12/2027,Polonnaruwa,6002.062380313874
7/13/2027,Polonnaruwa,5978.494828939439
7/14/2027,Polonnaruwa,6047.7330619096765
7/15/2027,Polonnaruwa,6127.391734123231
7/16/2027,Polonnaruwa,6227.063871622087
7/17/2027,Polonnaruwa,6065.605012774468
7/18/2027,Polonnaruwa,5885.726079940797
7/19/2027,Polonnaruwa,5693.010696172715
7/20/2027,Polonnaruwa,5954.742100834847
7/21/2027,Polonnaruwa,5970.767948627473
7/22/2027,Polonnaruwa,5865.665557980538
7/23/2027,Polonnaruwa,5785.6286895275125
7/24/2027,Polonnaruwa,5866.419771909715
7/25/2027,Polonnaruwa,5935.837517380715
7/26/2027,Polonnaruwa,5979.625496268273
7/27/2027,Polonnaruwa,6087.213176488877
7/28/2027,Polonnaruwa,6051.0322576761255
7/29/2027,Polonnaruwa,6019.418450593949
7/30/2027,Polonnaruwa,6081.923657655717
7/31/2027,Polonnaruwa,5989.434634447099
8/1/2027,Polonnaruwa,6076.839793920518
8/2/2027,Polonnaruwa,5912.937037944795
8/3/2027,Polonnaruwa,5939.358489513398
8/4/2027,Polonnaruwa,5958.514041900636
8/5/2027,Polonnaruwa,5693.283450603486
8/6/2027,Polonnaruwa,5353.012276887895
8/7/2027,Polonnaruwa,5717.077571153642
8/8/2027,Polonnaruwa,5940.361493825913
8/9/2027,Polonnaruwa,5899.453122019769
8/10/2027,Polonnaruwa,5837.502573728562
8/11/2027,Polonnaruwa,5929.491401910783
8/12/2027,Polonnaruwa,6019.608855843545
8/13/2027,Polonnaruwa,5987.450411319734
8/14/2027,Polonnaruwa,5939.194662570954
8/15/2027,Polonnaruwa,5990.143534541131
8/16/2027,Polonnaruwa,6193.462791442872
8/17/2027,Polonnaruwa,6020.230613946916
8/18/2027,Polonnaruwa,6052.190810441972
8/19/2027,Polonnaruwa,5827.698228359223
8/20/2027,Polonnaruwa,5191.993920803071
8/21/2027,Polonnaruwa,5588.581477403642
8/22/2027,Polonnaruwa,5837.343103885652
8/23/2027,Polonnaruwa,5944.397911
8/24/2027,Polonnaruwa,5975.197376012803
8/25/2027,Polonnaruwa,6071.4570331573495
8/26/2027,Polonnaruwa,6018.308262
8/27/2027,Polonnaruwa,5901.365017294885
8/28/2027,Polonnaruwa,5987.811179161073
8/29/2027,Polonnaruwa,5525.171300768853
8/30/2027,Polonnaruwa,5628.2384902238855
8/31/2027,Polonnaruwa,5194.798585772515
9/1/2027,Polonnaruwa,5689.406503438951
9/2/2027,Polonnaruwa,5569.896056056024
9/3/2027,Polonnaruwa,5480.84522
9/4/2027,Polonnaruwa,5716.168680191041
9/5/2027,Polonnaruwa,5598.516535758973
9/6/2027,Polonnaruwa,5698.882323503495
9/7/2027,Polonnaruwa,5738.689656
9/8/2027,Polonnaruwa,5418.218014240266
9/9/2027,Polonnaruwa,5584.386461973191
9/10/2027,Polonnaruwa,5782.239737510682
9/11/2027,Polonnaruwa,5753.066341876985
9/12/2027,Polonnaruwa,5728.663098812104
9/13/2027,Polonnaruwa,5674.804555773736
9/14/2027,Polonnaruwa,5616.986280679704
9/15/2027,Polonnaruwa,5653.831657
9/16/2027,Polonnaruwa,5728.695341348649
9/17/2027,Polonnaruwa,5645.619395971299
9/18/2027,Polonnaruwa,5658.770865201951
9/19/2027,Polonnaruwa,5623.850455
9/20/2027,Polonnaruwa,5474.142258167268
9/21/2027,Polonnaruwa,5688.280193209649
9/22/2027,Polonnaruwa,5817.852926254273
9/23/2027,Polonnaruwa,6016.629906892777
9/24/2027,Polonnaruwa,6020.051972866059
9/25/2027,Polonnaruwa,6074.955784082414
9/26/2027,Polonnaruwa,6176.828256845475
9/27/2027,Polonnaruwa,6297.305980324746
9/28/2027,Polonnaruwa,6284.542292952538
9/29/2027,Polonnaruwa,6271.586893200875
9/30/2027,Polonnaruwa,6256.315695047379
10/1/2027,Polonnaruwa,6254.256529808045
10/2/2027,Polonnaruwa,6236.479999423028
10/3/2027,Polonnaruwa,6286.197555065156
10/4/2027,Polonnaruwa,6252.688845396043
10/5/2027,Polonnaruwa,6221.400513648988
10/6/2027,Polonnaruwa,6137.823501825334
10/7/2027,Polonnaruwa,6168.400755
10/8/2027,Polonnaruwa,6182.27376
10/9/2027,Polonnaruwa,6255.671280026437
10/10/2027,Polonnaruwa,6248.612343072892
10/11/2027,Polonnaruwa,6180.280386805535
10/12/2027,Polonnaruwa,6055.809817314149
10/13/2027,Polonnaruwa,5801.572623848916
10/14/2027,Polonnaruwa,5700.1598250865945
10/15/2027,Polonnaruwa,5769.236845374108
10/16/2027,Polonnaruwa,5901.107513
10/17/2027,Polonnaruwa,5776.093612909318
10/18/2027,Polonnaruwa,5367.783280014993
10/19/2027,Polonnaruwa,5826.783237457276
10/20/2027,Polonnaruwa,5837.552244663239
10/21/2027,Polonnaruwa,5698.115909695626
10/22/2027,Polonnaruwa,5715.266325
10/23/2027,Polonnaruwa,5792.200502753259
10/24/2027,Polonnaruwa,5690.539349317552
10/25/2027,Polonnaruwa,5673.492633104325
10/26/2027,Polonnaruwa,5795.4670202732095
10/27/2027,Polonnaruwa,5798.628531694413
10/28/2027,Polonnaruwa,5831.528990268708
10/29/2027,Polonnaruwa,5822.960318326951
10/30/2027,Polonnaruwa,5686.933413743974
10/31/2027,Polonnaruwa,5653.313598036767
11/1/2027,Polonnaruwa,5604.122380018235
11/2/2027,Polonnaruwa,5575.120654106141
11/3/2027,Polonnaruwa,5549.249939918519
11/4/2027,Polonnaruwa,5773.088085651399
11/5/2027,Polonnaruwa,5741.463386
11/6/2027,Polonnaruwa,5628.826262950898
11/7/2027,Polonnaruwa,5764.373015
11/8/2027,Polonnaruwa,5914.123911857606
11/9/2027,Polonnaruwa,5864.772788
11/10/2027,Polonnaruwa,5762.556976079942
11/11/2027,Polonnaruwa,5764.801318049432
11/12/2027,Polonnaruwa,5906.956047415734
11/13/2027,Polonnaruwa,5903.948777318002
11/14/2027,Polonnaruwa,5966.200401186944
11/15/2027,Polonnaruwa,6063.020817041398
11/16/2027,Polonnaruwa,6260.882806777955
11/17/2027,Polonnaruwa,6056.435496807099
11/18/2027,Polonnaruwa,6136.293724179269
11/19/2027,Polonnaruwa,6056.359683275224
11/20/2027,Polonnaruwa,6130.150649547578
11/21/2027,Polonnaruwa,6104.2032504081735
11/22/2027,Polonnaruwa,5912.193716764451
11/23/2027,Polonnaruwa,6036.074770689012
11/24/2027,Polonnaruwa,5931.419854164124
11/25/2027,Polonnaruwa,5835.990224
11/26/2027,Polonnaruwa,5856.733939647676
11/27/2027,Polonnaruwa,6039.440194368363
11/28/2027,Polonnaruwa,6006.867825388909
11/29/2027,Polonnaruwa,5875.992755293847
11/30/2027,Polonnaruwa,6009.769653677941
12/1/2027,Polonnaruwa,5994.673610925675
12/2/2027,Polonnaruwa,5941.898242831231
12/3/2027,Polonnaruwa,5906.029292345048
12/4/2027,Polonnaruwa,5996.924052834512
12/5/2027,Polonnaruwa,5991.250237822534
12/6/2027,Polonnaruwa,5785.330228209496
12/7/2027,Polonnaruwa,5720.508351
12/8/2027,Polonnaruwa,5468.164317607881
12/9/2027,Polonnaruwa,5474.551825523377
12/10/2027,Polonnaruwa,5336.079280972482
12/11/2027,Polonnaruwa,5308.984221816064
12/12/2027,Polonnaruwa,5379.187988042832
12/13/2027,Polonnaruwa,5573.974301218987
12/14/2027,Polonnaruwa,5543.971749544145
12/15/2027,Polonnaruwa,5410.656268000604
12/16/2027,Polonnaruwa,4969.395369887353
12/17/2027,Polonnaruwa,5035.802359580995
12/18/2027,Polonnaruwa,5072.812870144845
12/19/2027,Polonnaruwa,4885.124272108079
12/20/2027,Polonnaruwa,4783.027408719064
12/21/2027,Polonnaruwa,4582.296704649926
12/22/2027,Polonnaruwa,4629.519820809365
12/23/2027,Polonnaruwa,4596.822838783265
12/24/2027,Polonnaruwa,4387.921701669694
12/25/2027,Polonnaruwa,4503.774799704553
12/26/2027,Polonnaruwa,4422.022105
12/27/2027,Polonnaruwa,4606.784039735795
12/28/2027,Polonnaruwa,4480.598951578141
12/29/2027,Polonnaruwa,4562.176490426064
12/30/2027,Polonnaruwa,4641.937554478646
12/31/2027,Polonnaruwa,4688.264850974084
1/1/2025,Kilinochchi,5508.257715
1/2/2025,Kilinochchi,5202.0743263959885
1/3/2025,Kilinochchi,5151.848504006863
1/4/2025,Kilinochchi,4419.342722535133
1/5/2025,Kilinochchi,5193.717150330544
1/6/2025,Kilinochchi,5354.956697225571
1/7/2025,Kilinochchi,5027.276921033859
1/8/2025,Kilinochchi,5374.271390557289
1/9/2025,Kilinochchi,5427.902004599571
1/10/2025,Kilinochchi,5436.531126081944
1/11/2025,Kilinochchi,5465.737012863159
1/12/2025,Kilinochchi,5521.730618000031
1/13/2025,Kilinochchi,5610.738221585751
1/14/2025,Kilinochchi,5714.114702820778
1/15/2025,Kilinochchi,5818.913095116615
1/16/2025,Kilinochchi,5898.520846247673
1/17/2025,Kilinochchi,5987.599830031395
1/18/2025,Kilinochchi,6083.9534631967545
1/19/2025,Kilinochchi,6142.412531614304
1/20/2025,Kilinochchi,6176.0010749697685
1/21/2025,Kilinochchi,6205.614660918713
1/22/2025,Kilinochchi,6216.878280997276
1/23/2025,Kilinochchi,6224.498883485794
1/24/2025,Kilinochchi,6223.145287
1/25/2025,Kilinochchi,6254.074808716774
1/26/2025,Kilinochchi,6249.389114737511
1/27/2025,Kilinochchi,6243.050728321075
1/28/2025,Kilinochchi,6214.102773666382
1/29/2025,Kilinochchi,6112.892659544945
1/30/2025,Kilinochchi,6214.621265411377
1/31/2025,Kilinochchi,6217.888113737106
2/1/2025,Kilinochchi,6210.630980968475
2/2/2025,Kilinochchi,6208.070052146912
2/3/2025,Kilinochchi,6223.449638366699
2/4/2025,Kilinochchi,6267.708864450455
2/5/2025,Kilinochchi,6305.204926252365
2/6/2025,Kilinochchi,6239.889855504036
2/7/2025,Kilinochchi,6194.079533338547
2/8/2025,Kilinochchi,6250.639800906181
2/9/2025,Kilinochchi,6317.973661
2/10/2025,Kilinochchi,6345.896456182003
2/11/2025,Kilinochchi,6317.285258412361
2/12/2025,Kilinochchi,6275.432814955711
2/13/2025,Kilinochchi,6297.054446220398
2/14/2025,Kilinochchi,6312.744076490402
2/15/2025,Kilinochchi,6316.592476
2/16/2025,Kilinochchi,6142.9783182144165
2/17/2025,Kilinochchi,5507.042937994003
2/18/2025,Kilinochchi,6032.0132023096085
2/19/2025,Kilinochchi,6043.539133667946
2/20/2025,Kilinochchi,5997.176162362099
2/21/2025,Kilinochchi,6015.608894228935
2/22/2025,Kilinochchi,6070.817317187786
2/23/2025,Kilinochchi,6158.8054538965225
2/24/2025,Kilinochchi,6201.249083042145
2/25/2025,Kilinochchi,5904.462919294834
2/26/2025,Kilinochchi,6088.381225049496
2/27/2025,Kilinochchi,6059.098703086376
2/28/2025,Kilinochchi,5995.274734020233
3/1/2025,Kilinochchi,6033.968056321144
3/2/2025,Kilinochchi,5927.558573544025
3/3/2025,Kilinochchi,5774.011885166168
3/4/2025,Kilinochchi,5799.797215342522
3/5/2025,Kilinochchi,6004.082524955273
3/6/2025,Kilinochchi,5985.559144616127
3/7/2025,Kilinochchi,6055.118490695953
3/8/2025,Kilinochchi,6076.6805654764175
3/9/2025,Kilinochchi,6106.231967449188
3/10/2025,Kilinochchi,6082.851668
3/11/2025,Kilinochchi,6161.164066
3/12/2025,Kilinochchi,6171.866716384888
3/13/2025,Kilinochchi,6211.817731499672
3/14/2025,Kilinochchi,6147.460381567478
3/15/2025,Kilinochchi,6056.906936883926
3/16/2025,Kilinochchi,6172.968511343002
3/17/2025,Kilinochchi,6174.065051317215
3/18/2025,Kilinochchi,6105.915792584419
3/19/2025,Kilinochchi,6116.933304
3/20/2025,Kilinochchi,6088.293204069138
3/21/2025,Kilinochchi,6096.999398648739
3/22/2025,Kilinochchi,5945.064238667488
3/23/2025,Kilinochchi,5713.620734333992
3/24/2025,Kilinochchi,5934.78549
3/25/2025,Kilinochchi,5966.803231239319
3/26/2025,Kilinochchi,5973.468302488327
3/27/2025,Kilinochchi,6017.483171820641
3/28/2025,Kilinochchi,6044.432480931282
3/29/2025,Kilinochchi,6114.294864416122
3/30/2025,Kilinochchi,6155.432630062103
3/31/2025,Kilinochchi,6131.5119433403015
4/1/2025,Kilinochchi,6171.730962634087
4/2/2025,Kilinochchi,6163.293210148811
4/3/2025,Kilinochchi,5880.021113336086
4/4/2025,Kilinochchi,6023.343354701996
4/5/2025,Kilinochchi,6032.827724814415
4/6/2025,Kilinochchi,6019.663114309311
4/7/2025,Kilinochchi,6030.8439683914185
4/8/2025,Kilinochchi,6063.550988197327
4/9/2025,Kilinochchi,6102.550851225853
4/10/2025,Kilinochchi,6127.175706
4/11/2025,Kilinochchi,6158.094279408455
4/12/2025,Kilinochchi,6212.7837727069855
4/13/2025,Kilinochchi,6235.098186016083
4/14/2025,Kilinochchi,6258.306822419167
4/15/2025,Kilinochchi,6287.894133448601
4/16/2025,Kilinochchi,6316.891134619713
4/17/2025,Kilinochchi,6330.915810823441
4/18/2025,Kilinochchi,6396.086369514465
4/19/2025,Kilinochchi,6390.888314604759
4/20/2025,Kilinochchi,6368.081684470177
4/21/2025,Kilinochchi,6348.9377781152725
4/22/2025,Kilinochchi,6330.731010556221
4/23/2025,Kilinochchi,6333.706207275391
4/24/2025,Kilinochchi,6343.296114981175
4/25/2025,Kilinochchi,5886.022743
4/26/2025,Kilinochchi,5909.337354779244
4/27/2025,Kilinochchi,5772.420500874519
4/28/2025,Kilinochchi,6063.590400576592
4/29/2025,Kilinochchi,5955.951689481735
4/30/2025,Kilinochchi,5842.911292850971
5/1/2025,Kilinochchi,5622.373193860054
5/2/2025,Kilinochchi,5825.259364008904
5/3/2025,Kilinochchi,5850.671590328217
5/4/2025,Kilinochchi,5740.085271179676
5/5/2025,Kilinochchi,5914.701817512512
5/6/2025,Kilinochchi,5947.979878902435
5/7/2025,Kilinochchi,5850.822233200073
5/8/2025,Kilinochchi,5937.398968815804
5/9/2025,Kilinochchi,6062.787263870239
5/10/2025,Kilinochchi,6063.949491143227
5/11/2025,Kilinochchi,6088.265615403652
5/12/2025,Kilinochchi,6145.209058880806
5/13/2025,Kilinochchi,6208.741814255714
5/14/2025,Kilinochchi,6131.2859790325165
5/15/2025,Kilinochchi,6067.297791719437
5/16/2025,Kilinochchi,6220.928122
5/17/2025,Kilinochchi,6250.183493
5/18/2025,Kilinochchi,6236.628700077534
5/19/2025,Kilinochchi,6228.239556193352
5/20/2025,Kilinochchi,5858.6486558914185
5/21/2025,Kilinochchi,6111.5500111579895
5/22/2025,Kilinochchi,6123.355332493782
5/23/2025,Kilinochchi,6081.727101683617
5/24/2025,Kilinochchi,5947.608526706696
5/25/2025,Kilinochchi,5937.049512386322
5/26/2025,Kilinochchi,5985.905097723007
5/27/2025,Kilinochchi,5986.815962
5/28/2025,Kilinochchi,5973.627703666687
5/29/2025,Kilinochchi,5978.395725727081
5/30/2025,Kilinochchi,6009.242481231689
5/31/2025,Kilinochchi,6027.909059882164
6/1/2025,Kilinochchi,6065.316662788391
6/2/2025,Kilinochchi,6207.539298772812
6/3/2025,Kilinochchi,6212.731222867966
6/4/2025,Kilinochchi,5988.659585118294
6/5/2025,Kilinochchi,5678.626482784748
6/6/2025,Kilinochchi,5929.117114186287
6/7/2025,Kilinochchi,5933.424449324608
6/8/2025,Kilinochchi,5883.858565330505
6/9/2025,Kilinochchi,5976.355916142464
6/10/2025,Kilinochchi,5986.481394290924
6/11/2025,Kilinochchi,5896.943475246429
6/12/2025,Kilinochchi,6045.932778835297
6/13/2025,Kilinochchi,6104.242956
6/14/2025,Kilinochchi,5686.977090120316
6/15/2025,Kilinochchi,5814.548830986023
6/16/2025,Kilinochchi,5958.594071
6/17/2025,Kilinochchi,5967.532360255718
6/18/2025,Kilinochchi,5986.723561
6/19/2025,Kilinochchi,5956.966777205467
6/20/2025,Kilinochchi,6060.052045
6/21/2025,Kilinochchi,6091.419043660164
6/22/2025,Kilinochchi,5724.826111674309
6/23/2025,Kilinochchi,5679.734846
6/24/2025,Kilinochchi,5720.345799982548
6/25/2025,Kilinochchi,5879.013470172882
6/26/2025,Kilinochchi,5946.117862939835
6/27/2025,Kilinochchi,5941.907745
6/28/2025,Kilinochchi,5442.742954969406
6/29/2025,Kilinochchi,5392.210154
6/30/2025,Kilinochchi,4770.803052544594
7/1/2025,Kilinochchi,5056.573894202709
7/2/2025,Kilinochchi,5096.022182524204
7/3/2025,Kilinochchi,5098.735505878925
7/4/2025,Kilinochchi,4778.532258033752
7/5/2025,Kilinochchi,4450.756578
7/6/2025,Kilinochchi,4650.040457069874
7/7/2025,Kilinochchi,4314.100722014904
7/8/2025,Kilinochchi,4633.098388969898
7/9/2025,Kilinochchi,4227.239341437817
7/10/2025,Kilinochchi,4446.669514656067
7/11/2025,Kilinochchi,4227.359330236912
7/12/2025,Kilinochchi,4384.301614046097
7/13/2025,Kilinochchi,4402.362117886543
7/14/2025,Kilinochchi,4689.7615666389465
7/15/2025,Kilinochchi,4598.025312662125
7/16/2025,Kilinochchi,4733.756291866303
7/17/2025,Kilinochchi,4545.742164075375
7/18/2025,Kilinochchi,4616.441403746605
7/19/2025,Kilinochchi,3338.717467069626
7/20/2025,Kilinochchi,3629.658774971962
7/21/2025,Kilinochchi,4387.079748868942
7/22/2025,Kilinochchi,4629.704107284546
7/23/2025,Kilinochchi,4726.503100335598
7/24/2025,Kilinochchi,4728.645382106304
7/25/2025,Kilinochchi,4711.006590723991
7/26/2025,Kilinochchi,3950.539039909839
7/27/2025,Kilinochchi,2519.2951276898384
7/28/2025,Kilinochchi,4088.350993
7/29/2025,Kilinochchi,3424.0187743008137
7/30/2025,Kilinochchi,3598.322211176157
7/31/2025,Kilinochchi,4319.416138231754
8/1/2025,Kilinochchi,4716.883852303028
8/2/2025,Kilinochchi,4761.295472919941
8/3/2025,Kilinochchi,4804.4892510175705
8/4/2025,Kilinochchi,4818.689093351364
8/5/2025,Kilinochchi,4749.447673797607
8/6/2025,Kilinochchi,4808.273715257645
8/7/2025,Kilinochchi,4924.718466
8/8/2025,Kilinochchi,4832.172944128513
8/9/2025,Kilinochchi,3065.0689974427223
8/10/2025,Kilinochchi,4134.498947620392
8/11/2025,Kilinochchi,4030.2089750170703
8/12/2025,Kilinochchi,3522.1380820572376
8/13/2025,Kilinochchi,3876.554341
8/14/2025,Kilinochchi,4221.930056035519
8/15/2025,Kilinochchi,4412.121060907841
8/16/2025,Kilinochchi,3798.1309313774095
8/17/2025,Kilinochchi,4275.747659921646
8/18/2025,Kilinochchi,4527.569115996361
8/19/2025,Kilinochchi,4540.852839
8/20/2025,Kilinochchi,4458.449437
8/21/2025,Kilinochchi,3436.3152176737785
8/22/2025,Kilinochchi,3715.790807574987
8/23/2025,Kilinochchi,4295.618067800999
8/24/2025,Kilinochchi,4368.106629490852
8/25/2025,Kilinochchi,4276.999221920967
8/26/2025,Kilinochchi,4498.730202257633
8/27/2025,Kilinochchi,4338.528514683247
8/28/2025,Kilinochchi,3953.235722482204
8/29/2025,Kilinochchi,4002.073572
8/30/2025,Kilinochchi,4076.238692760467
8/31/2025,Kilinochchi,4173.4598361849785
9/1/2025,Kilinochchi,4438.339051425457
9/2/2025,Kilinochchi,4077.231884717941
9/3/2025,Kilinochchi,4205.9829315543175
9/4/2025,Kilinochchi,2791.037352
9/5/2025,Kilinochchi,2097.197960942984
9/6/2025,Kilinochchi,3039.164116382599
9/7/2025,Kilinochchi,4049.1886631250377
9/8/2025,Kilinochchi,4269.158785939217
9/9/2025,Kilinochchi,4736.205114364624
9/10/2025,Kilinochchi,4674.544885
9/11/2025,Kilinochchi,4773.3293860554695
9/12/2025,Kilinochchi,4713.179088652134
9/13/2025,Kilinochchi,4491.046977877617
9/14/2025,Kilinochchi,2665.784373
9/15/2025,Kilinochchi,4256.548576235771
9/16/2025,Kilinochchi,4771.196300506592
9/17/2025,Kilinochchi,5036.856318771839
9/18/2025,Kilinochchi,5024.008321046829
9/19/2025,Kilinochchi,4868.358763277531
9/20/2025,Kilinochchi,4785.710566043854
9/21/2025,Kilinochchi,4774.156608104706
9/22/2025,Kilinochchi,4817.998500883579
9/23/2025,Kilinochchi,4635.518746972084
9/24/2025,Kilinochchi,4720.374475359917
9/25/2025,Kilinochchi,4767.367168903351
9/26/2025,Kilinochchi,4628.988553643227
9/27/2025,Kilinochchi,4692.389058589935
9/28/2025,Kilinochchi,4818.414958357811
9/29/2025,Kilinochchi,4831.967123925686
9/30/2025,Kilinochchi,4921.261124134064
10/1/2025,Kilinochchi,4278.841531693935
10/2/2025,Kilinochchi,5070.446613788605
10/3/2025,Kilinochchi,5267.715206
10/4/2025,Kilinochchi,4972.408320367336
10/5/2025,Kilinochchi,5332.182473
10/6/2025,Kilinochchi,5397.325004935265
10/7/2025,Kilinochchi,5413.495466
10/8/2025,Kilinochchi,5447.182540535927
10/9/2025,Kilinochchi,5505.990627467632
10/10/2025,Kilinochchi,5596.873384475708
10/11/2025,Kilinochchi,5701.633240222931
10/12/2025,Kilinochchi,5807.586415231228
10/13/2025,Kilinochchi,5888.222829461098
10/14/2025,Kilinochchi,5978.198663830757
10/15/2025,Kilinochchi,6075.424624323845
10/16/2025,Kilinochchi,6134.7831708192825
10/17/2025,Kilinochchi,6169.219956159592
10/18/2025,Kilinochchi,6199.613031387329
10/19/2025,Kilinochchi,6211.615414619446
10/20/2025,Kilinochchi,6219.904275894165
10/21/2025,Kilinochchi,6219.151937365532
10/22/2025,Kilinochchi,6250.615277647972
10/23/2025,Kilinochchi,6246.422238409519
10/24/2025,Kilinochchi,6240.509943604469
10/25/2025,Kilinochchi,6211.938596129417
10/26/2025,Kilinochchi,6111.059984
10/27/2025,Kilinochchi,6213.027691543102
10/28/2025,Kilinochchi,6216.531452059746
10/29/2025,Kilinochchi,6209.481015324593
10/30/2025,Kilinochchi,6207.093500971794
10/31/2025,Kilinochchi,6222.6132200956345
11/1/2025,Kilinochchi,6266.992434978485
11/2/2025,Kilinochchi,6304.595348119736
11/3/2025,Kilinochchi,6239.3809978961945
11/4/2025,Kilinochchi,6193.648186743259
11/5/2025,Kilinochchi,6250.266697049141
11/6/2025,Kilinochchi,6317.653983
11/7/2025,Kilinochchi,6345.626262426376
11/8/2025,Kilinochchi,6317.058418273926
11/9/2025,Kilinochchi,6275.241008043289
11/10/2025,Kilinochchi,6296.889790058136
11/11/2025,Kilinochchi,6312.6039435863495
11/12/2025,Kilinochchi,6316.473363399506
11/13/2025,Kilinochchi,6142.879349350929
11/14/2025,Kilinochchi,5506.9636753201485
11/15/2025,Kilinochchi,6031.936129
11/16/2025,Kilinochchi,6043.4743221998215
11/17/2025,Kilinochchi,5997.121422946453
11/18/2025,Kilinochchi,6015.561599373817
11/19/2025,Kilinochchi,6070.775715231895
11/20/2025,Kilinochchi,6158.769544839859
11/21/2025,Kilinochchi,6201.218428969383
11/22/2025,Kilinochchi,5904.437082290649
11/23/2025,Kilinochchi,6088.358015537262
11/24/2025,Kilinochchi,6059.078996896744
11/25/2025,Kilinochchi,5995.258093237877
11/26/2025,Kilinochchi,6033.953605115414
11/27/2025,Kilinochchi,5927.545873999596
11/28/2025,Kilinochchi,5774.000937283039
11/29/2025,Kilinochchi,5799.787581205368
11/30/2025,Kilinochchi,6004.074204564095
12/1/2025,Kilinochchi,5985.552137970924
12/2/2025,Kilinochchi,6055.111921966076
12/3/2025,Kilinochchi,6076.675310492516
12/4/2025,Kilinochchi,6106.227588295937
12/5/2025,Kilinochchi,6082.847289085388
12/6/2025,Kilinochchi,6161.160562515259
12/7/2025,Kilinochchi,6171.864088892937
12/8/2025,Kilinochchi,6211.815104007721
12/9/2025,Kilinochchi,6147.458191990852
12/10/2025,Kilinochchi,6056.905185222626
12/11/2025,Kilinochchi,6172.967635512352
12/12/2025,Kilinochchi,6174.064175486565
12/13/2025,Kilinochchi,6105.914916753769
12/14/2025,Kilinochchi,6116.932866334915
12/15/2025,Kilinochchi,6088.293204069138
12/16/2025,Kilinochchi,6096.999836564064
12/17/2025,Kilinochchi,5945.064238667488
12/18/2025,Kilinochchi,5713.619858503342
12/19/2025,Kilinochchi,5934.784614
12/20/2025,Kilinochchi,5966.8023554086685
12/21/2025,Kilinochchi,5973.467426657677
12/22/2025,Kilinochchi,6017.482296
12/23/2025,Kilinochchi,6044.431605100632
12/24/2025,Kilinochchi,6114.293988585472
12/25/2025,Kilinochchi,6155.432630062103
12/26/2025,Kilinochchi,6131.5119433403015
12/27/2025,Kilinochchi,6171.730962634087
12/28/2025,Kilinochchi,6163.293210148811
12/29/2025,Kilinochchi,5880.020675420761
12/30/2025,Kilinochchi,6023.343354701996
12/31/2025,Kilinochchi,6032.827724814415
1/1/2026,Kilinochchi,6019.663114309311
1/2/2026,Kilinochchi,6030.8439683914185
1/3/2026,Kilinochchi,6063.550988197327
1/4/2026,Kilinochchi,6102.550851225853
1/5/2026,Kilinochchi,6127.175706
1/6/2026,Kilinochchi,6158.094279408455
1/7/2026,Kilinochchi,6212.7837727069855
1/8/2026,Kilinochchi,6235.098186016083
1/9/2026,Kilinochchi,6258.306822419167
1/10/2026,Kilinochchi,6287.894133448601
1/11/2026,Kilinochchi,6316.891134619713
1/12/2026,Kilinochchi,6330.915810823441
1/13/2026,Kilinochchi,6396.086369514465
1/14/2026,Kilinochchi,6390.888314604759
1/15/2026,Kilinochchi,6368.081684470177
1/16/2026,Kilinochchi,6348.9377781152725
1/17/2026,Kilinochchi,6330.731010556221
1/18/2026,Kilinochchi,6333.706207275391
1/19/2026,Kilinochchi,6343.296114981175
1/20/2026,Kilinochchi,5886.022743
1/21/2026,Kilinochchi,5909.337354779244
1/22/2026,Kilinochchi,5772.4209387898445
1/23/2026,Kilinochchi,6063.590400576592
1/24/2026,Kilinochchi,5955.951689481735
1/25/2026,Kilinochchi,5842.911292850971
1/26/2026,Kilinochchi,5622.373193860054
1/27/2026,Kilinochchi,5825.259364008904
1/28/2026,Kilinochchi,5850.671590328217
1/29/2026,Kilinochchi,5740.085271179676
1/30/2026,Kilinochchi,5914.701817512512
1/31/2026,Kilinochchi,5947.979878902435
2/1/2026,Kilinochchi,5850.822233200073
2/2/2026,Kilinochchi,5937.398968815804
2/3/2026,Kilinochchi,6062.787263870239
2/4/2026,Kilinochchi,6063.949491143227
2/5/2026,Kilinochchi,6088.265615403652
2/6/2026,Kilinochchi,6145.208620965481
2/7/2026,Kilinochchi,6208.741814255714
2/8/2026,Kilinochchi,6131.2859790325165
2/9/2026,Kilinochchi,6067.297791719437
2/10/2026,Kilinochchi,6220.928122
2/11/2026,Kilinochchi,6250.183493
2/12/2026,Kilinochchi,6236.628700077534
2/13/2026,Kilinochchi,6228.239556193352
2/14/2026,Kilinochchi,5858.6486558914185
2/15/2026,Kilinochchi,6111.5500111579895
2/16/2026,Kilinochchi,6123.355332493782
2/17/2026,Kilinochchi,6081.727101683617
2/18/2026,Kilinochchi,5947.608089
2/19/2026,Kilinochchi,5937.049512386322
2/20/2026,Kilinochchi,5985.904659807682
2/21/2026,Kilinochchi,5986.815962
2/22/2026,Kilinochchi,5973.627703666687
2/23/2026,Kilinochchi,5978.395725727081
2/24/2026,Kilinochchi,6009.242481231689
2/25/2026,Kilinochchi,6027.909059882164
2/26/2026,Kilinochchi,6065.316662788391
2/27/2026,Kilinochchi,6207.539298772812
2/28/2026,Kilinochchi,6212.731222867966
3/1/2026,Kilinochchi,5988.659585118294
3/2/2026,Kilinochchi,5678.626920700073
3/3/2026,Kilinochchi,5929.117990016937
3/4/2026,Kilinochchi,5933.424449324608
3/5/2026,Kilinochchi,5883.858565330505
3/6/2026,Kilinochchi,5976.355916142464
3/7/2026,Kilinochchi,5986.481394290924
3/8/2026,Kilinochchi,5896.943475246429
3/9/2026,Kilinochchi,6045.932778835297
3/10/2026,Kilinochchi,6104.242956
3/11/2026,Kilinochchi,5686.977528035641
3/12/2026,Kilinochchi,5814.548830986023
3/13/2026,Kilinochchi,5958.594071
3/14/2026,Kilinochchi,5967.531922340393
3/15/2026,Kilinochchi,5986.723561
3/16/2026,Kilinochchi,5956.966777205467
3/17/2026,Kilinochchi,6060.052045
3/18/2026,Kilinochchi,6091.419043660164
3/19/2026,Kilinochchi,5724.826111674309
3/20/2026,Kilinochchi,5679.734846
3/21/2026,Kilinochchi,5720.346237897873
3/22/2026,Kilinochchi,5879.013470172882
3/23/2026,Kilinochchi,5946.117862939835
3/24/2026,Kilinochchi,5941.907745
3/25/2026,Kilinochchi,5442.742954969406
3/26/2026,Kilinochchi,5392.210154
3/27/2026,Kilinochchi,4770.803052544594
3/28/2026,Kilinochchi,5056.573894202709
3/29/2026,Kilinochchi,5096.022182524204
3/30/2026,Kilinochchi,5098.7359437942505
3/31/2026,Kilinochchi,4778.532695949078
4/1/2026,Kilinochchi,4450.757016301155
4/2/2026,Kilinochchi,4650.040894985199
4/3/2026,Kilinochchi,4314.101159930229
4/4/2026,Kilinochchi,4633.098826885223
4/5/2026,Kilinochchi,4227.239341437817
4/6/2026,Kilinochchi,4446.669514656067
4/7/2026,Kilinochchi,4227.359330236912
4/8/2026,Kilinochchi,4384.301614046097
4/9/2026,Kilinochchi,4402.362117886543
4/10/2026,Kilinochchi,4689.7615666389465
4/11/2026,Kilinochchi,4598.025312662125
4/12/2026,Kilinochchi,4733.756291866303
4/13/2026,Kilinochchi,4545.742164075375
4/14/2026,Kilinochchi,4616.441403746605
4/15/2026,Kilinochchi,3338.717467069626
4/16/2026,Kilinochchi,3629.658774971962
4/17/2026,Kilinochchi,4387.079748868942
4/18/2026,Kilinochchi,4629.704107284546
4/19/2026,Kilinochchi,4726.503100335598
4/20/2026,Kilinochchi,4728.645382106304
4/21/2026,Kilinochchi,4711.006590723991
4/22/2026,Kilinochchi,3950.5388209521766
4/23/2026,Kilinochchi,2519.2951276898384
4/24/2026,Kilinochchi,4088.350993
4/25/2026,Kilinochchi,3424.0187743008137
4/26/2026,Kilinochchi,3598.322211176157
4/27/2026,Kilinochchi,4319.416138231754
4/28/2026,Kilinochchi,4716.883852303028
4/29/2026,Kilinochchi,4761.295472919941
4/30/2026,Kilinochchi,4804.4892510175705
5/1/2026,Kilinochchi,4818.689093351364
5/2/2026,Kilinochchi,4749.447673797607
5/3/2026,Kilinochchi,4808.273715257645
5/4/2026,Kilinochchi,4924.718466
5/5/2026,Kilinochchi,4832.172944128513
5/6/2026,Kilinochchi,3065.0689974427223
5/7/2026,Kilinochchi,4134.498947620392
5/8/2026,Kilinochchi,4030.2089750170703
5/9/2026,Kilinochchi,3522.1380820572376
5/10/2026,Kilinochchi,3876.554341
5/11/2026,Kilinochchi,4221.9296181201935
5/12/2026,Kilinochchi,4412.121060907841
5/13/2026,Kilinochchi,3798.1309313774095
5/14/2026,Kilinochchi,4275.747659921646
5/15/2026,Kilinochchi,4527.569115996361
5/16/2026,Kilinochchi,4540.852839
5/17/2026,Kilinochchi,4458.449437
5/18/2026,Kilinochchi,3436.3152176737785
5/19/2026,Kilinochchi,3715.790588617325
5/20/2026,Kilinochchi,4295.618067800999
5/21/2026,Kilinochchi,4368.106629490852
5/22/2026,Kilinochchi,4276.999221920967
5/23/2026,Kilinochchi,4498.730202257633
5/24/2026,Kilinochchi,4338.528514683247
5/25/2026,Kilinochchi,3953.235722482204
5/26/2026,Kilinochchi,4002.073572
5/27/2026,Kilinochchi,4076.238692760467
5/28/2026,Kilinochchi,4173.4598361849785
5/29/2026,Kilinochchi,4438.339051425457
5/30/2026,Kilinochchi,4077.231884717941
5/31/2026,Kilinochchi,4205.982493638992
6/1/2026,Kilinochchi,2791.037132948637
6/2/2026,Kilinochchi,2097.197960942984
6/3/2026,Kilinochchi,3039.164116382599
6/4/2026,Kilinochchi,4049.1886631250377
6/5/2026,Kilinochchi,4269.158785939217
6/6/2026,Kilinochchi,4736.204676449299
6/7/2026,Kilinochchi,4674.544885
6/8/2026,Kilinochchi,4773.3293860554695
6/9/2026,Kilinochchi,4713.178650736809
6/10/2026,Kilinochchi,4491.046977877617
6/11/2026,Kilinochchi,2665.784373
6/12/2026,Kilinochchi,4256.548138320446
6/13/2026,Kilinochchi,4771.196300506592
6/14/2026,Kilinochchi,5036.856318771839
6/15/2026,Kilinochchi,5024.008321046829
6/16/2026,Kilinochchi,4868.358763277531
6/17/2026,Kilinochchi,4785.710566043854
6/18/2026,Kilinochchi,4774.156608104706
6/19/2026,Kilinochchi,4817.998500883579
6/20/2026,Kilinochchi,4635.518746972084
6/21/2026,Kilinochchi,4720.374475359917
6/22/2026,Kilinochchi,4767.367168903351
6/23/2026,Kilinochchi,4628.988553643227
6/24/2026,Kilinochchi,4692.389058589935
6/25/2026,Kilinochchi,4818.414958357811
6/26/2026,Kilinochchi,4831.967123925686
6/27/2026,Kilinochchi,4921.261124134064
6/28/2026,Kilinochchi,4278.841531693935
6/29/2026,Kilinochchi,5070.446613788605
6/30/2026,Kilinochchi,5267.715206
7/1/2026,Kilinochchi,4972.408320367336
7/2/2026,Kilinochchi,5332.182473
7/3/2026,Kilinochchi,5397.325004935265
7/4/2026,Kilinochchi,5413.495466
7/5/2026,Kilinochchi,5447.182540535927
7/6/2026,Kilinochchi,5505.990627467632
7/7/2026,Kilinochchi,5596.873384475708
7/8/2026,Kilinochchi,5701.633240222931
7/9/2026,Kilinochchi,5807.586415231228
7/10/2026,Kilinochchi,5888.222829461098
7/11/2026,Kilinochchi,5978.198663830757
7/12/2026,Kilinochchi,6075.424186
7/13/2026,Kilinochchi,6134.782294988632
7/14/2026,Kilinochchi,6169.219956159592
7/15/2026,Kilinochchi,6199.613031387329
7/16/2026,Kilinochchi,6211.615414619446
7/17/2026,Kilinochchi,6219.904275894165
7/18/2026,Kilinochchi,6219.151937365532
7/19/2026,Kilinochchi,6250.615715563297
7/20/2026,Kilinochchi,6246.422676324844
7/21/2026,Kilinochchi,6240.5103815197945
7/22/2026,Kilinochchi,6211.938596129417
7/23/2026,Kilinochchi,6111.059984
7/24/2026,Kilinochchi,6213.027691543102
7/25/2026,Kilinochchi,6216.531452059746
7/26/2026,Kilinochchi,6209.481015324593
7/27/2026,Kilinochchi,6207.093500971794
7/28/2026,Kilinochchi,6222.6132200956345
7/29/2026,Kilinochchi,6266.992434978485
7/30/2026,Kilinochchi,6304.595786035061
7/31/2026,Kilinochchi,6239.3809978961945
8/1/2026,Kilinochchi,6193.648624658585
8/2/2026,Kilinochchi,6250.267572879791
8/3/2026,Kilinochchi,6317.654421031475
8/4/2026,Kilinochchi,6345.626262426376
8/5/2026,Kilinochchi,6317.058418273926
8/6/2026,Kilinochchi,6275.241008043289
8/7/2026,Kilinochchi,6296.889790058136
8/8/2026,Kilinochchi,6312.6039435863495
8/9/2026,Kilinochchi,6316.473801314831
8/10/2026,Kilinochchi,6142.879349350929
8/11/2026,Kilinochchi,5506.963237404823
8/12/2026,Kilinochchi,6031.936129
8/13/2026,Kilinochchi,6043.473884284496
8/14/2026,Kilinochchi,5997.120985031128
8/15/2026,Kilinochchi,6015.561161458492
8/16/2026,Kilinochchi,6070.775715231895
8/17/2026,Kilinochchi,6158.769544839859
8/18/2026,Kilinochchi,6201.218428969383
8/19/2026,Kilinochchi,5904.437082290649
8/20/2026,Kilinochchi,6088.358015537262
8/21/2026,Kilinochchi,6059.078996896744
8/22/2026,Kilinochchi,5995.258093237877
8/23/2026,Kilinochchi,6033.9531672000885
8/24/2026,Kilinochchi,5927.545873999596
8/25/2026,Kilinochchi,5774.001375198364
8/26/2026,Kilinochchi,5799.788019120693
8/27/2026,Kilinochchi,6004.074204564095
8/28/2026,Kilinochchi,5985.552137970924
8/29/2026,Kilinochchi,6055.112359881401
8/30/2026,Kilinochchi,6076.675310492516
8/31/2026,Kilinochchi,6106.227588295937
9/1/2026,Kilinochchi,6082.847289085388
9/2/2026,Kilinochchi,6161.160562515259
9/3/2026,Kilinochchi,6171.864088892937
9/4/2026,Kilinochchi,6211.815104007721
9/5/2026,Kilinochchi,6147.458191990852
9/6/2026,Kilinochchi,6056.905623137951
9/7/2026,Kilinochchi,6172.967635512352
9/8/2026,Kilinochchi,6174.064175486565
9/9/2026,Kilinochchi,6105.914916753769
9/10/2026,Kilinochchi,6116.932866334915
9/11/2026,Kilinochchi,6088.293204069138
9/12/2026,Kilinochchi,6096.999398648739
9/13/2026,Kilinochchi,5945.063362836838
9/14/2026,Kilinochchi,5713.619858503342
9/15/2026,Kilinochchi,5934.784614
9/16/2026,Kilinochchi,5966.8023554086685
9/17/2026,Kilinochchi,5973.467426657677
9/18/2026,Kilinochchi,6017.482296
9/19/2026,Kilinochchi,6044.431605100632
9/20/2026,Kilinochchi,6114.293988585472
9/21/2026,Kilinochchi,6155.432630062103
9/22/2026,Kilinochchi,6131.5119433403015
9/23/2026,Kilinochchi,6171.730962634087
9/24/2026,Kilinochchi,6163.293210148811
9/25/2026,Kilinochchi,5880.020675420761
9/26/2026,Kilinochchi,6023.343354701996
9/27/2026,Kilinochchi,6032.827724814415
9/28/2026,Kilinochchi,6019.663114309311
9/29/2026,Kilinochchi,6030.8439683914185
9/30/2026,Kilinochchi,6063.550988197327
10/1/2026,Kilinochchi,6102.550851225853
10/2/2026,Kilinochchi,6127.175706
10/3/2026,Kilinochchi,6158.094279408455
10/4/2026,Kilinochchi,6212.7837727069855
10/5/2026,Kilinochchi,6235.098186016083
10/6/2026,Kilinochchi,6258.306822419167
10/7/2026,Kilinochchi,6287.894133448601
10/8/2026,Kilinochchi,6316.891134619713
10/9/2026,Kilinochchi,6330.915372908115
10/10/2026,Kilinochchi,6396.086369514465
10/11/2026,Kilinochchi,6390.888314604759
10/12/2026,Kilinochchi,6368.081684470177
10/13/2026,Kilinochchi,6348.9377781152725
10/14/2026,Kilinochchi,6330.731010556221
10/15/2026,Kilinochchi,6333.706207275391
10/16/2026,Kilinochchi,6343.296114981175
10/17/2026,Kilinochchi,5886.022743
10/18/2026,Kilinochchi,5909.337354779244
10/19/2026,Kilinochchi,5772.4209387898445
10/20/2026,Kilinochchi,6063.590400576592
10/21/2026,Kilinochchi,5955.951689481735
10/22/2026,Kilinochchi,5842.911292850971
10/23/2026,Kilinochchi,5622.373193860054
10/24/2026,Kilinochchi,5825.259364008904
10/25/2026,Kilinochchi,5850.671590328217
10/26/2026,Kilinochchi,5740.085271179676
10/27/2026,Kilinochchi,5914.701379597187
10/28/2026,Kilinochchi,5947.979878902435
10/29/2026,Kilinochchi,5850.822233200073
10/30/2026,Kilinochchi,5937.398968815804
10/31/2026,Kilinochchi,6062.787263870239
11/1/2026,Kilinochchi,6063.949491143227
11/2/2026,Kilinochchi,6088.265615403652
11/3/2026,Kilinochchi,6145.208620965481
11/4/2026,Kilinochchi,6208.741814255714
11/5/2026,Kilinochchi,6131.2859790325165
11/6/2026,Kilinochchi,6067.298229634762
11/7/2026,Kilinochchi,6220.9285598397255
11/8/2026,Kilinochchi,6250.183931052685
11/9/2026,Kilinochchi,6236.629137992859
11/10/2026,Kilinochchi,6228.239556193352
11/11/2026,Kilinochchi,5858.6486558914185
11/12/2026,Kilinochchi,6111.5500111579895
11/13/2026,Kilinochchi,6123.355332493782
11/14/2026,Kilinochchi,6081.727101683617
11/15/2026,Kilinochchi,5947.608526706696
11/16/2026,Kilinochchi,5937.049512386322
11/17/2026,Kilinochchi,5985.905097723007
11/18/2026,Kilinochchi,5986.815962
11/19/2026,Kilinochchi,5973.627703666687
11/20/2026,Kilinochchi,5978.395725727081
11/21/2026,Kilinochchi,6009.242481231689
11/22/2026,Kilinochchi,6027.909059882164
11/23/2026,Kilinochchi,6065.316662788391
11/24/2026,Kilinochchi,6207.539298772812
11/25/2026,Kilinochchi,6212.731222867966
11/26/2026,Kilinochchi,5988.659585118294
11/27/2026,Kilinochchi,5678.626482784748
11/28/2026,Kilinochchi,5929.117552101612
11/29/2026,Kilinochchi,5933.424449324608
11/30/2026,Kilinochchi,5883.859003245831
12/1/2026,Kilinochchi,5976.356791973114
12/2/2026,Kilinochchi,5986.481394290924
12/3/2026,Kilinochchi,5896.943475246429
12/4/2026,Kilinochchi,6045.932778835297
12/5/2026,Kilinochchi,6104.242956
12/6/2026,Kilinochchi,5686.977528035641
12/7/2026,Kilinochchi,5814.548830986023
12/8/2026,Kilinochchi,5958.594071
12/9/2026,Kilinochchi,5967.531922340393
12/10/2026,Kilinochchi,5986.723561
12/11/2026,Kilinochchi,5956.966777205467
12/12/2026,Kilinochchi,6060.052045
12/13/2026,Kilinochchi,6091.419043660164
12/14/2026,Kilinochchi,5724.826111674309
12/15/2026,Kilinochchi,5679.734846
12/16/2026,Kilinochchi,5720.345362067223
12/17/2026,Kilinochchi,5879.013032257557
12/18/2026,Kilinochchi,5946.116987109184
12/19/2026,Kilinochchi,5941.906869
12/20/2026,Kilinochchi,5442.742517054081
12/21/2026,Kilinochchi,5392.209278106689
12/22/2026,Kilinochchi,4770.802614629269
12/23/2026,Kilinochchi,5056.573894202709
12/24/2026,Kilinochchi,5096.022182524204
12/25/2026,Kilinochchi,5098.735505878925
12/26/2026,Kilinochchi,4778.532258033752
12/27/2026,Kilinochchi,4450.756578
12/28/2026,Kilinochchi,4650.040894985199
12/29/2026,Kilinochchi,4314.101159930229
12/30/2026,Kilinochchi,4633.098826885223
12/31/2026,Kilinochchi,4227.239341437817
1/1/2027,Kilinochchi,4446.669514656067
1/2/2027,Kilinochchi,4227.359330236912
1/3/2027,Kilinochchi,4384.301614046097
1/4/2027,Kilinochchi,4402.362117886543
1/5/2027,Kilinochchi,4689.7615666389465
1/6/2027,Kilinochchi,4598.025312662125
1/7/2027,Kilinochchi,4733.756291866303
1/8/2027,Kilinochchi,4545.742164075375
1/9/2027,Kilinochchi,4616.441403746605
1/10/2027,Kilinochchi,3338.717467069626
1/11/2027,Kilinochchi,3629.658774971962
1/12/2027,Kilinochchi,4387.079748868942
1/13/2027,Kilinochchi,4629.704107284546
1/14/2027,Kilinochchi,4726.503100335598
1/15/2027,Kilinochchi,4728.645382106304
1/16/2027,Kilinochchi,4711.006590723991
1/17/2027,Kilinochchi,3950.5388209521766
1/18/2027,Kilinochchi,2519.2951276898384
1/19/2027,Kilinochchi,4088.350993
1/20/2027,Kilinochchi,3424.0187743008137
1/21/2027,Kilinochchi,3598.322211176157
1/22/2027,Kilinochchi,4319.416138231754
1/23/2027,Kilinochchi,4716.883852303028
1/24/2027,Kilinochchi,4761.295472919941
1/25/2027,Kilinochchi,4804.4892510175705
1/26/2027,Kilinochchi,4818.689093351364
1/27/2027,Kilinochchi,4749.447673797607
1/28/2027,Kilinochchi,4808.273277
1/29/2027,Kilinochchi,4924.718466
1/30/2027,Kilinochchi,4832.172944128513
1/31/2027,Kilinochchi,3065.0689974427223
2/1/2027,Kilinochchi,4134.498947620392
2/2/2027,Kilinochchi,4030.2089750170703
2/3/2027,Kilinochchi,3522.1380820572376
2/4/2027,Kilinochchi,3876.554559469223
2/5/2027,Kilinochchi,4221.930056035519
2/6/2027,Kilinochchi,4412.121060907841
2/7/2027,Kilinochchi,3798.1309313774095
2/8/2027,Kilinochchi,4275.747659921646
2/9/2027,Kilinochchi,4527.569115996361
2/10/2027,Kilinochchi,4540.852839
2/11/2027,Kilinochchi,4458.449437
2/12/2027,Kilinochchi,3436.3152176737785
2/13/2027,Kilinochchi,3715.790807574987
2/14/2027,Kilinochchi,4295.618067800999
2/15/2027,Kilinochchi,4368.106629490852
2/16/2027,Kilinochchi,4276.999221920967
2/17/2027,Kilinochchi,4498.730202257633
2/18/2027,Kilinochchi,4338.528514683247
2/19/2027,Kilinochchi,3953.235722482204
2/20/2027,Kilinochchi,4002.073572
2/21/2027,Kilinochchi,4076.238692760467
2/22/2027,Kilinochchi,4173.4598361849785
2/23/2027,Kilinochchi,4438.339051425457
2/24/2027,Kilinochchi,4077.231884717941
2/25/2027,Kilinochchi,4205.982493638992
2/26/2027,Kilinochchi,2791.037132948637
2/27/2027,Kilinochchi,2097.197960942984
2/28/2027,Kilinochchi,3039.164116382599
3/1/2027,Kilinochchi,4049.1886631250377
3/2/2027,Kilinochchi,4269.158785939217
3/3/2027,Kilinochchi,4736.204676449299
3/4/2027,Kilinochchi,4674.544885
3/5/2027,Kilinochchi,4773.3293860554695
3/6/2027,Kilinochchi,4713.178650736809
3/7/2027,Kilinochchi,4491.046977877617
3/8/2027,Kilinochchi,2665.784373
3/9/2027,Kilinochchi,4256.548138320446
3/10/2027,Kilinochchi,4771.196300506592
3/11/2027,Kilinochchi,5036.856318771839
3/12/2027,Kilinochchi,5024.008321046829
3/13/2027,Kilinochchi,4868.358763277531
3/14/2027,Kilinochchi,4785.710566043854
3/15/2027,Kilinochchi,4774.156608104706
3/16/2027,Kilinochchi,4817.998500883579
3/17/2027,Kilinochchi,4635.518746972084
3/18/2027,Kilinochchi,4720.374475359917
3/19/2027,Kilinochchi,4767.367168903351
3/20/2027,Kilinochchi,4628.988553643227
3/21/2027,Kilinochchi,4692.389058589935
3/22/2027,Kilinochchi,4818.414958357811
3/23/2027,Kilinochchi,4831.967123925686
3/24/2027,Kilinochchi,4921.261124134064
3/25/2027,Kilinochchi,4278.841531693935
3/26/2027,Kilinochchi,5070.446613788605
3/27/2027,Kilinochchi,5267.715206
3/28/2027,Kilinochchi,4972.408320367336
3/29/2027,Kilinochchi,5332.182473
3/30/2027,Kilinochchi,5397.325004935265
3/31/2027,Kilinochchi,5413.495466
4/1/2027,Kilinochchi,5447.182540535927
4/2/2027,Kilinochchi,5505.990627467632
4/3/2027,Kilinochchi,5596.873384475708
4/4/2027,Kilinochchi,5701.633240222931
4/5/2027,Kilinochchi,5807.586853146553
4/6/2027,Kilinochchi,5888.223267376423
4/7/2027,Kilinochchi,5978.198663830757
4/8/2027,Kilinochchi,6075.424186
4/9/2027,Kilinochchi,6134.782294988632
4/10/2027,Kilinochchi,6169.219956159592
4/11/2027,Kilinochchi,6199.613031387329
4/12/2027,Kilinochchi,6211.615414619446
4/13/2027,Kilinochchi,6219.904275894165
4/14/2027,Kilinochchi,6219.151937365532
4/15/2027,Kilinochchi,6250.615277647972
4/16/2027,Kilinochchi,6246.422676324844
4/17/2027,Kilinochchi,6240.509943604469
4/18/2027,Kilinochchi,6211.938596129417
4/19/2027,Kilinochchi,6111.059984
4/20/2027,Kilinochchi,6213.027253627777
4/21/2027,Kilinochchi,6216.531014144421
4/22/2027,Kilinochchi,6209.481015324593
4/23/2027,Kilinochchi,6207.093500971794
4/24/2027,Kilinochchi,6222.612782180309
4/25/2027,Kilinochchi,6266.992434978485
4/26/2027,Kilinochchi,6304.595348119736
4/27/2027,Kilinochchi,6239.3809978961945
4/28/2027,Kilinochchi,6193.648624658585
4/29/2027,Kilinochchi,6250.267572879791
4/30/2027,Kilinochchi,6317.654421031475
5/1/2027,Kilinochchi,6345.626262426376
5/2/2027,Kilinochchi,6317.058418273926
5/3/2027,Kilinochchi,6275.241008043289
5/4/2027,Kilinochchi,6296.889790058136
5/5/2027,Kilinochchi,6312.6039435863495
5/6/2027,Kilinochchi,6316.473363399506
5/7/2027,Kilinochchi,6142.879349350929
5/8/2027,Kilinochchi,5506.9636753201485
5/9/2027,Kilinochchi,6031.936129
5/10/2027,Kilinochchi,6043.473884284496
5/11/2027,Kilinochchi,5997.120985031128
5/12/2027,Kilinochchi,6015.561161458492
5/13/2027,Kilinochchi,6070.775715231895
5/14/2027,Kilinochchi,6158.769544839859
5/15/2027,Kilinochchi,6201.218428969383
5/16/2027,Kilinochchi,5904.437082290649
5/17/2027,Kilinochchi,6088.358015537262
5/18/2027,Kilinochchi,6059.078996896744
5/19/2027,Kilinochchi,5995.258093237877
5/20/2027,Kilinochchi,6033.953605115414
5/21/2027,Kilinochchi,5927.545873999596
5/22/2027,Kilinochchi,5774.001375198364
5/23/2027,Kilinochchi,5799.787581205368
5/24/2027,Kilinochchi,6004.074204564095
5/25/2027,Kilinochchi,5985.552137970924
5/26/2027,Kilinochchi,6055.112359881401
5/27/2027,Kilinochchi,6076.675310492516
5/28/2027,Kilinochchi,6106.227588295937
5/29/2027,Kilinochchi,6082.847289085388
5/30/2027,Kilinochchi,6161.160562515259
5/31/2027,Kilinochchi,6171.864088892937
6/1/2027,Kilinochchi,6211.815104007721
6/2/2027,Kilinochchi,6147.458191990852
6/3/2027,Kilinochchi,6056.905185222626
6/4/2027,Kilinochchi,6172.967635512352
6/5/2027,Kilinochchi,6174.064175486565
6/6/2027,Kilinochchi,6105.914916753769
6/7/2027,Kilinochchi,6116.932866334915
6/8/2027,Kilinochchi,6088.293204069138
6/9/2027,Kilinochchi,6096.999398648739
6/10/2027,Kilinochchi,5945.063362836838
6/11/2027,Kilinochchi,5713.619858503342
6/12/2027,Kilinochchi,5934.784614
6/13/2027,Kilinochchi,5966.8023554086685
6/14/2027,Kilinochchi,5973.467426657677
6/15/2027,Kilinochchi,6017.482296
6/16/2027,Kilinochchi,6044.431605100632
6/17/2027,Kilinochchi,6114.293988585472
6/18/2027,Kilinochchi,6155.432630062103
6/19/2027,Kilinochchi,6131.5119433403015
6/20/2027,Kilinochchi,6171.730962634087
6/21/2027,Kilinochchi,6163.293210148811
6/22/2027,Kilinochchi,5880.020675420761
6/23/2027,Kilinochchi,6023.343354701996
6/24/2027,Kilinochchi,6032.827724814415
6/25/2027,Kilinochchi,6019.663114309311
6/26/2027,Kilinochchi,6030.8439683914185
6/27/2027,Kilinochchi,6063.550988197327
6/28/2027,Kilinochchi,6102.550851225853
6/29/2027,Kilinochchi,6127.176143705845
6/30/2027,Kilinochchi,6158.095155239105
7/1/2027,Kilinochchi,6212.784210622311
7/2/2027,Kilinochchi,6235.098623931408
7/3/2027,Kilinochchi,6258.306822419167
7/4/2027,Kilinochchi,6287.894133448601
7/5/2027,Kilinochchi,6316.891134619713
7/6/2027,Kilinochchi,6330.915810823441
7/7/2027,Kilinochchi,6396.086369514465
7/8/2027,Kilinochchi,6390.888314604759
7/9/2027,Kilinochchi,6368.081684470177
7/10/2027,Kilinochchi,6348.9377781152725
7/11/2027,Kilinochchi,6330.731010556221
7/12/2027,Kilinochchi,6333.706207275391
7/13/2027,Kilinochchi,6343.296114981175
7/14/2027,Kilinochchi,5886.022743
7/15/2027,Kilinochchi,5909.337354779244
7/16/2027,Kilinochchi,5772.4209387898445
7/17/2027,Kilinochchi,6063.590400576592
7/18/2027,Kilinochchi,5955.951689481735
7/19/2027,Kilinochchi,5842.911292850971
7/20/2027,Kilinochchi,5622.373193860054
7/21/2027,Kilinochchi,5825.259364008904
7/22/2027,Kilinochchi,5850.671590328217
7/23/2027,Kilinochchi,5740.085271179676
7/24/2027,Kilinochchi,5914.701379597187
7/25/2027,Kilinochchi,5947.979878902435
7/26/2027,Kilinochchi,5850.822233200073
7/27/2027,Kilinochchi,5937.398968815804
7/28/2027,Kilinochchi,6062.787263870239
7/29/2027,Kilinochchi,6063.949491143227
7/30/2027,Kilinochchi,6088.265177488327
7/31/2027,Kilinochchi,6145.208183050156
8/1/2027,Kilinochchi,6208.741376340389
8/2/2027,Kilinochchi,6131.2859790325165
8/3/2027,Kilinochchi,6067.297791719437
8/4/2027,Kilinochchi,6220.928122
8/5/2027,Kilinochchi,6250.183493
8/6/2027,Kilinochchi,6236.628262162209
8/7/2027,Kilinochchi,6228.239118278027
8/8/2027,Kilinochchi,5858.6486558914185
8/9/2027,Kilinochchi,6111.5500111579895
8/10/2027,Kilinochchi,6123.355332493782
8/11/2027,Kilinochchi,6081.727101683617
8/12/2027,Kilinochchi,5947.608526706696
8/13/2027,Kilinochchi,5937.049512386322
8/14/2027,Kilinochchi,5985.904659807682
8/15/2027,Kilinochchi,5986.815962
8/16/2027,Kilinochchi,5973.627703666687
8/17/2027,Kilinochchi,5978.395725727081
8/18/2027,Kilinochchi,6009.242481231689
8/19/2027,Kilinochchi,6027.909059882164
8/20/2027,Kilinochchi,6065.316662788391
8/21/2027,Kilinochchi,6207.539298772812
8/22/2027,Kilinochchi,6212.731222867966
8/23/2027,Kilinochchi,5988.659585118294
8/24/2027,Kilinochchi,5678.626482784748
8/25/2027,Kilinochchi,5929.117114186287
8/26/2027,Kilinochchi,5933.424449324608
8/27/2027,Kilinochchi,5883.858565330505
8/28/2027,Kilinochchi,5976.356354057789
8/29/2027,Kilinochchi,5986.481394290924
8/30/2027,Kilinochchi,5896.943475246429
8/31/2027,Kilinochchi,6045.932778835297
9/1/2027,Kilinochchi,6104.242956
9/2/2027,Kilinochchi,5686.977528035641
9/3/2027,Kilinochchi,5814.548830986023
9/4/2027,Kilinochchi,5958.594071
9/5/2027,Kilinochchi,5967.532360255718
9/6/2027,Kilinochchi,5986.723999381065
9/7/2027,Kilinochchi,5956.967215120792
9/8/2027,Kilinochchi,6060.052045
9/9/2027,Kilinochchi,6091.419043660164
9/10/2027,Kilinochchi,5724.826111674309
9/11/2027,Kilinochchi,5679.734846
9/12/2027,Kilinochchi,5720.346237897873
9/13/2027,Kilinochchi,5879.013470172882
9/14/2027,Kilinochchi,5946.117862939835
9/15/2027,Kilinochchi,5941.907745
9/16/2027,Kilinochchi,5442.742954969406
9/17/2027,Kilinochchi,5392.210154
9/18/2027,Kilinochchi,4770.803052544594
9/19/2027,Kilinochchi,5056.574332118034
9/20/2027,Kilinochchi,5096.022620439529
9/21/2027,Kilinochchi,5098.7359437942505
9/22/2027,Kilinochchi,4778.532695949078
9/23/2027,Kilinochchi,4450.757016301155
9/24/2027,Kilinochchi,4650.040894985199
9/25/2027,Kilinochchi,4314.101159930229
9/26/2027,Kilinochchi,4633.098826885223
9/27/2027,Kilinochchi,4227.239341437817
9/28/2027,Kilinochchi,4446.669514656067
9/29/2027,Kilinochchi,4227.359330236912
9/30/2027,Kilinochchi,4384.301614046097
10/1/2027,Kilinochchi,4402.362117886543
10/2/2027,Kilinochchi,4689.7615666389465
10/3/2027,Kilinochchi,4598.025312662125
10/4/2027,Kilinochchi,4733.756291866303
10/5/2027,Kilinochchi,4545.742164075375
10/6/2027,Kilinochchi,4616.441403746605
10/7/2027,Kilinochchi,3338.717467069626
10/8/2027,Kilinochchi,3629.658774971962
10/9/2027,Kilinochchi,4387.079748868942
10/10/2027,Kilinochchi,4629.704107284546
10/11/2027,Kilinochchi,4726.503100335598
10/12/2027,Kilinochchi,4728.645382106304
10/13/2027,Kilinochchi,4711.006590723991
10/14/2027,Kilinochchi,3950.539039909839
10/15/2027,Kilinochchi,2519.295346647501
10/16/2027,Kilinochchi,4088.350993
10/17/2027,Kilinochchi,3424.0189932584763
10/18/2027,Kilinochchi,3598.322211176157
10/19/2027,Kilinochchi,4319.416138231754
10/20/2027,Kilinochchi,4716.883852303028
10/21/2027,Kilinochchi,4761.295472919941
10/22/2027,Kilinochchi,4804.4892510175705
10/23/2027,Kilinochchi,4818.689093351364
10/24/2027,Kilinochchi,4749.447673797607
10/25/2027,Kilinochchi,4808.273715257645
10/26/2027,Kilinochchi,4924.718466
10/27/2027,Kilinochchi,4832.172944128513
10/28/2027,Kilinochchi,3065.0689974427223
10/29/2027,Kilinochchi,4134.498947620392
10/30/2027,Kilinochchi,4030.2089750170703
10/31/2027,Kilinochchi,3522.1380820572376
11/1/2027,Kilinochchi,3876.554559469223
11/2/2027,Kilinochchi,4221.9296181201935
11/3/2027,Kilinochchi,4412.120622992516
11/4/2027,Kilinochchi,3798.1309313774095
11/5/2027,Kilinochchi,4275.747659921646
11/6/2027,Kilinochchi,4527.569115996361
11/7/2027,Kilinochchi,4540.852839
11/8/2027,Kilinochchi,4458.449437
11/9/2027,Kilinochchi,3436.314998716116
11/10/2027,Kilinochchi,3715.790588617325
11/11/2027,Kilinochchi,4295.618067800999
11/12/2027,Kilinochchi,4368.106629490852
11/13/2027,Kilinochchi,4276.999221920967
11/14/2027,Kilinochchi,4498.730202257633
11/15/2027,Kilinochchi,4338.528514683247
11/16/2027,Kilinochchi,3953.235722482204
11/17/2027,Kilinochchi,4002.073572
11/18/2027,Kilinochchi,4076.238692760467
11/19/2027,Kilinochchi,4173.4598361849785
11/20/2027,Kilinochchi,4438.339051425457
11/21/2027,Kilinochchi,4077.231884717941
11/22/2027,Kilinochchi,4205.982493638992
11/23/2027,Kilinochchi,2791.037132948637
11/24/2027,Kilinochchi,2097.197960942984
11/25/2027,Kilinochchi,3039.164116382599
11/26/2027,Kilinochchi,4049.1886631250377
11/27/2027,Kilinochchi,4269.158785939217
11/28/2027,Kilinochchi,4736.204676449299
11/29/2027,Kilinochchi,4674.544885
11/30/2027,Kilinochchi,4773.3293860554695
12/1/2027,Kilinochchi,4713.178650736809
12/2/2027,Kilinochchi,4491.046977877617
12/3/2027,Kilinochchi,2665.784373
12/4/2027,Kilinochchi,4256.548138320446
12/5/2027,Kilinochchi,4771.196300506592
12/6/2027,Kilinochchi,5036.856318771839
12/7/2027,Kilinochchi,5024.007883131504
12/8/2027,Kilinochchi,4868.3583253622055
12/9/2027,Kilinochchi,4785.710566043854
12/10/2027,Kilinochchi,4774.156608104706
12/11/2027,Kilinochchi,4817.998500883579
12/12/2027,Kilinochchi,4635.518746972084
12/13/2027,Kilinochchi,4720.374475359917
12/14/2027,Kilinochchi,4767.367168903351
12/15/2027,Kilinochchi,4628.988553643227
12/16/2027,Kilinochchi,4692.389058589935
12/17/2027,Kilinochchi,4818.414958357811
12/18/2027,Kilinochchi,4831.967123925686
12/19/2027,Kilinochchi,4921.261124134064
12/20/2027,Kilinochchi,4278.841531693935
12/21/2027,Kilinochchi,5070.446613788605
12/22/2027,Kilinochchi,5267.715206
12/23/2027,Kilinochchi,4972.408758282661
12/24/2027,Kilinochchi,5332.182473
12/25/2027,Kilinochchi,5397.325004935265
12/26/2027,Kilinochchi,5413.495466
12/27/2027,Kilinochchi,5447.182540535927
12/28/2027,Kilinochchi,5505.990627467632
12/29/2027,Kilinochchi,5596.873384475708
12/30/2027,Kilinochchi,5701.633240222931
12/31/2027,Kilinochchi,5807.585977315903
1/1/2025,Matara,5463.261147975922
1/2/2025,Matara,5531.054890036583
1/3/2025,Matara,5633.363870382309
1/4/2025,Matara,5669.946485757828
1/5/2025,Matara,5635.270270228386
1/6/2025,Matara,4865.237124204636
1/7/2025,Matara,5606.875172138214
1/8/2025,Matara,5600.103396058083
1/9/2025,Matara,5600.351515650749
1/10/2025,Matara,5652.260881781578
1/11/2025,Matara,5640.556762933731
1/12/2025,Matara,5680.331879019737
1/13/2025,Matara,5680.137419
1/14/2025,Matara,5604.498289465904
1/15/2025,Matara,5512.269489526749
1/16/2025,Matara,4778.504302024841
1/17/2025,Matara,5360.838839650154
1/18/2025,Matara,5215.386240720749
1/19/2025,Matara,5433.685550093651
1/20/2025,Matara,3887.236832261086
1/21/2025,Matara,4960.4073
1/22/2025,Matara,5206.529487371445
1/23/2025,Matara,5181.239318370819
1/24/2025,Matara,4779.263685
1/25/2025,Matara,5257.092225193977
1/26/2025,Matara,5345.364419102669
1/27/2025,Matara,5253.572189450264
1/28/2025,Matara,5404.128840208054
1/29/2025,Matara,5382.529128193855
1/30/2025,Matara,5378.566941618919
1/31/2025,Matara,4873.011681199074
2/1/2025,Matara,5406.096196770668
2/2/2025,Matara,5322.093977928162
2/3/2025,Matara,5358.813102006912
2/4/2025,Matara,4849.144551038742
2/5/2025,Matara,5035.071121931076
2/6/2025,Matara,5297.760657668114
2/7/2025,Matara,5327.856534004211
2/8/2025,Matara,4027.890806853772
2/9/2025,Matara,3519.4308730363846
2/10/2025,Matara,4873.575316
2/11/2025,Matara,4546.161337852478
2/12/2025,Matara,4193.508274
2/13/2025,Matara,5035.771265625954
2/14/2025,Matara,4954.582929
2/15/2025,Matara,5148.428721785545
2/16/2025,Matara,5139.310541391373
2/17/2025,Matara,5186.698807954788
2/18/2025,Matara,5276.852933168411
2/19/2025,Matara,5145.767231345177
2/20/2025,Matara,5520.301180839539
2/21/2025,Matara,5598.905296087265
2/22/2025,Matara,5697.850066661835
2/23/2025,Matara,5702.087846279144
2/24/2025,Matara,5585.547618985176
2/25/2025,Matara,5400.509213209152
2/26/2025,Matara,5283.774525403976
2/27/2025,Matara,5627.587148308754
2/28/2025,Matara,5689.950591
3/1/2025,Matara,5682.527179
3/2/2025,Matara,5732.595395088196
3/3/2025,Matara,5651.828604221344
3/4/2025,Matara,5703.361498236656
3/5/2025,Matara,5747.892955303192
3/6/2025,Matara,5700.992342472076
3/7/2025,Matara,4902.637504
3/8/2025,Matara,5647.935959815979
3/9/2025,Matara,5631.724907398224
3/10/2025,Matara,5626.777110815048
3/11/2025,Matara,5676.734144926071
3/12/2025,Matara,5663.014161705971
3/13/2025,Matara,5701.151173353195
3/14/2025,Matara,5699.4396632909775
3/15/2025,Matara,5622.283055
3/16/2025,Matara,5528.687022089958
3/17/2025,Matara,4792.102801084518
3/18/2025,Matara,5375.188995
3/19/2025,Matara,5227.563847303391
3/20/2025,Matara,5445.272477507591
3/21/2025,Matara,3896.134581148625
3/22/2025,Matara,4968.486640930176
3/23/2025,Matara,5214.199301838875
3/24/2025,Matara,5187.307517
3/25/2025,Matara,4783.713954925537
3/26/2025,Matara,5261.311546087265
3/27/2025,Matara,5348.803322315216
3/28/2025,Matara,5256.214362621307
3/29/2025,Matara,5406.547362327576
3/30/2025,Matara,5384.584485650063
3/31/2025,Matara,5380.347564578056
4/1/2025,Matara,4874.387929320335
4/2/2025,Matara,5407.587060689926
4/3/2025,Matara,5323.344019889832
4/4/2025,Matara,5359.947669625282
4/5/2025,Matara,4850.056326150894
4/6/2025,Matara,5035.899618148804
4/7/2025,Matara,5298.513172626495
4/8/2025,Matara,5328.494862437248
4/9/2025,Matara,4028.3745971322064
4/10/2025,Matara,3519.8661555051804
4/11/2025,Matara,4873.938480854034
4/12/2025,Matara,4546.436930894852
4/13/2025,Matara,4193.711319923401
4/14/2025,Matara,5035.951989412308
4/15/2025,Matara,4954.709135174751
4/16/2025,Matara,5148.523591041565
4/17/2025,Matara,5139.377507925034
4/18/2025,Matara,5186.753325581551
4/19/2025,Matara,5276.900153160095
4/20/2025,Matara,5145.805436611176
4/21/2025,Matara,5520.344966650009
4/22/2025,Matara,5598.945647716522
4/23/2025,Matara,5697.889559745789
4/24/2025,Matara,5702.125622272492
4/25/2025,Matara,5585.582390069962
4/26/2025,Matara,5400.539691567421
4/27/2025,Matara,5283.802857398987
4/28/2025,Matara,5627.616338849068
4/29/2025,Matara,5689.978494048119
4/30/2025,Matara,5682.552936
5/1/2025,Matara,5732.618575811386
5/2/2025,Matara,5651.847921490669
5/3/2025,Matara,5703.379527688026
5/4/2025,Matara,5747.909267663956
5/5/2025,Matara,5701.007367014885
5/6/2025,Matara,4902.649523615837
5/7/2025,Matara,5647.950125813484
5/8/2025,Matara,5631.736927032471
5/9/2025,Matara,5626.788271903992
5/10/2025,Matara,5676.744018
5/11/2025,Matara,5663.023176431656
5/12/2025,Matara,5701.158900260925
5/13/2025,Matara,5699.446960926056
5/14/2025,Matara,5622.289494514465
5/15/2025,Matara,5528.692603
5/16/2025,Matara,4792.107523083687
5/17/2025,Matara,5375.193717122078
5/18/2025,Matara,5227.568140029907
5/19/2025,Matara,5445.276340961456
5/20/2025,Matara,3896.1375860571866
5/21/2025,Matara,4968.4896458387375
5/22/2025,Matara,5214.201877474785
5/23/2025,Matara,5187.309662938118
5/24/2025,Matara,4783.715242743492
5/25/2025,Matara,5261.312834
5/26/2025,Matara,5348.804180860519
5/27/2025,Matara,5256.215221166611
5/28/2025,Matara,5406.547791600227
5/29/2025,Matara,5384.584914922714
5/30/2025,Matara,5380.347993850708
5/31/2025,Matara,4874.388358592987
6/1/2025,Matara,5407.587489962578
6/2/2025,Matara,5323.344019889832
6/3/2025,Matara,5359.948098897934
6/4/2025,Matara,4850.056326150894
6/5/2025,Matara,5035.899618148804
6/6/2025,Matara,5298.513172626495
6/7/2025,Matara,5328.494862437248
6/8/2025,Matara,4028.3745971322064
6/9/2025,Matara,3519.866370141506
6/10/2025,Matara,4873.938480854034
6/11/2025,Matara,4546.436930894852
6/12/2025,Matara,4193.711319923401
6/13/2025,Matara,5035.951989412308
6/14/2025,Matara,4954.709135174751
6/15/2025,Matara,5148.523591041565
6/16/2025,Matara,5139.377507925034
6/17/2025,Matara,5186.753325581551
6/18/2025,Matara,5276.900582432747
6/19/2025,Matara,5145.805436611176
6/20/2025,Matara,5520.344966650009
6/21/2025,Matara,5598.945647716522
6/22/2025,Matara,5697.889559745789
6/23/2025,Matara,5702.125622272492
6/24/2025,Matara,5585.582390069962
6/25/2025,Matara,5400.539691567421
6/26/2025,Matara,5283.802857398987
6/27/2025,Matara,5627.616338849068
6/28/2025,Matara,5689.978494048119
6/29/2025,Matara,5682.552936
6/30/2025,Matara,5732.618575811386
7/1/2025,Matara,5651.847921490669
7/2/2025,Matara,5703.379527688026
7/3/2025,Matara,5747.909267663956
7/4/2025,Matara,5701.007367014885
7/5/2025,Matara,4902.649523615837
7/6/2025,Matara,5647.950125813484
7/7/2025,Matara,5631.736927032471
7/8/2025,Matara,5626.788271903992
7/9/2025,Matara,5676.744018
7/10/2025,Matara,5663.023176431656
7/11/2025,Matara,5701.159329533577
7/12/2025,Matara,5699.447390198708
7/13/2025,Matara,5622.289494514465
7/14/2025,Matara,5528.692603
7/15/2025,Matara,4792.107523083687
7/16/2025,Matara,5375.194146
7/17/2025,Matara,5227.568140029907
7/18/2025,Matara,5445.276770234108
7/19/2025,Matara,3896.137800693512
7/20/2025,Matara,4968.4896458387375
7/21/2025,Matara,5214.201877474785
7/22/2025,Matara,5187.309662938118
7/23/2025,Matara,4783.715672016144
7/24/2025,Matara,5261.312834
7/25/2025,Matara,5348.804180860519
7/26/2025,Matara,5256.215221166611
7/27/2025,Matara,5406.547791600227
7/28/2025,Matara,5384.584914922714
7/29/2025,Matara,5380.347993850708
7/30/2025,Matara,4874.388358592987
7/31/2025,Matara,5407.587489962578
8/1/2025,Matara,5323.344019889832
8/2/2025,Matara,5359.948098897934
8/3/2025,Matara,4850.056326150894
8/4/2025,Matara,5035.899618148804
8/5/2025,Matara,5298.513172626495
8/6/2025,Matara,5328.494862437248
8/7/2025,Matara,4028.3745971322064
8/8/2025,Matara,3519.866370141506
8/9/2025,Matara,4873.938480854034
8/10/2025,Matara,4546.436930894852
8/11/2025,Matara,4193.711319923401
8/12/2025,Matara,5035.951989412308
8/13/2025,Matara,4954.709135174751
8/14/2025,Matara,5148.523591041565
8/15/2025,Matara,5139.377507925034
8/16/2025,Matara,5186.753325581551
8/17/2025,Matara,5276.900582432747
8/18/2025,Matara,5145.805436611176
8/19/2025,Matara,5520.344966650009
8/20/2025,Matara,5598.945647716522
8/21/2025,Matara,5697.889559745789
8/22/2025,Matara,5702.125622272492
8/23/2025,Matara,5585.582390069962
8/24/2025,Matara,5400.539691567421
8/25/2025,Matara,5283.802857398987
8/26/2025,Matara,5627.616338849068
8/27/2025,Matara,5689.978494048119
8/28/2025,Matara,5682.552936
8/29/2025,Matara,5732.618575811386
8/30/2025,Matara,5651.847921490669
8/31/2025,Matara,5703.379527688026
9/1/2025,Matara,5747.909267663956
9/2/2025,Matara,5701.007367014885
9/3/2025,Matara,4902.649523615837
9/4/2025,Matara,5647.950125813484
9/5/2025,Matara,5631.736927032471
9/6/2025,Matara,5626.787843
9/7/2025,Matara,5676.744018
9/8/2025,Matara,5663.023176431656
9/9/2025,Matara,5701.158900260925
9/10/2025,Matara,5699.446960926056
9/11/2025,Matara,5622.289494514465
9/12/2025,Matara,5528.692603
9/13/2025,Matara,4792.107523083687
9/14/2025,Matara,5375.193717122078
9/15/2025,Matara,5227.568140029907
9/16/2025,Matara,5445.276340961456
9/17/2025,Matara,3896.1375860571866
9/18/2025,Matara,4968.4896458387375
9/19/2025,Matara,5214.201877474785
9/20/2025,Matara,5187.309662938118
9/21/2025,Matara,4783.715242743492
9/22/2025,Matara,5261.312834
9/23/2025,Matara,5348.804180860519
9/24/2025,Matara,5256.215221166611
9/25/2025,Matara,5406.547791600227
9/26/2025,Matara,5384.584914922714
9/27/2025,Matara,5380.347993850708
9/28/2025,Matara,4874.388358592987
9/29/2025,Matara,5407.587489962578
9/30/2025,Matara,5323.344019889832
10/1/2025,Matara,5359.948098897934
10/2/2025,Matara,4850.056326150894
10/3/2025,Matara,5035.899618148804
10/4/2025,Matara,5298.513172626495
10/5/2025,Matara,5328.494862437248
10/6/2025,Matara,4028.3743824958806
10/7/2025,Matara,3519.866370141506
10/8/2025,Matara,4873.938480854034
10/9/2025,Matara,4546.436930894852
10/10/2025,Matara,4193.711319923401
10/11/2025,Matara,5035.951989412308
10/12/2025,Matara,4954.709135174751
10/13/2025,Matara,5148.523591041565
10/14/2025,Matara,5139.377507925034
10/15/2025,Matara,5186.753325581551
10/16/2025,Matara,5276.900582432747
10/17/2025,Matara,5145.805436611176
10/18/2025,Matara,5520.344966650009
10/19/2025,Matara,5598.945647716522
10/20/2025,Matara,5697.889559745789
10/21/2025,Matara,5702.125622272492
10/22/2025,Matara,5585.582390069962
10/23/2025,Matara,5400.539691567421
10/24/2025,Matara,5283.802857398987
10/25/2025,Matara,5627.616338849068
10/26/2025,Matara,5689.978494048119
10/27/2025,Matara,5682.552936
10/28/2025,Matara,5732.618575811386
10/29/2025,Matara,5651.847921490669
10/30/2025,Matara,5703.379527688026
10/31/2025,Matara,5747.909267663956
11/1/2025,Matara,5701.007367014885
11/2/2025,Matara,4902.649523615837
11/3/2025,Matara,5647.950125813484
11/4/2025,Matara,5631.736927032471
11/5/2025,Matara,5626.788271903992
11/6/2025,Matara,5676.744018
11/7/2025,Matara,5663.023176431656
11/8/2025,Matara,5701.158900260925
11/9/2025,Matara,5699.446960926056
11/10/2025,Matara,5622.289494514465
11/11/2025,Matara,5528.692603
11/12/2025,Matara,4792.107523083687
11/13/2025,Matara,5375.193717122078
11/14/2025,Matara,5227.568140029907
11/15/2025,Matara,5445.276340961456
11/16/2025,Matara,3896.1375860571866
11/17/2025,Matara,4968.4896458387375
11/18/2025,Matara,5214.201877474785
11/19/2025,Matara,5187.309662938118
11/20/2025,Matara,4783.715672016144
11/21/2025,Matara,5261.312834
11/22/2025,Matara,5348.804180860519
11/23/2025,Matara,5256.215221166611
11/24/2025,Matara,5406.547791600227
11/25/2025,Matara,5384.584914922714
11/26/2025,Matara,5380.347993850708
11/27/2025,Matara,4874.388358592987
11/28/2025,Matara,5407.587489962578
11/29/2025,Matara,5323.344019889832
11/30/2025,Matara,5359.948098897934
12/1/2025,Matara,4850.056326150894
12/2/2025,Matara,5035.899618148804
12/3/2025,Matara,5298.513172626495
12/4/2025,Matara,5328.494862437248
12/5/2025,Matara,4028.3745971322064
12/6/2025,Matara,3519.866370141506
12/7/2025,Matara,4873.938480854034
12/8/2025,Matara,4546.436930894852
12/9/2025,Matara,4193.711319923401
12/10/2025,Matara,5035.951989412308
12/11/2025,Matara,4954.709135174751
12/12/2025,Matara,5148.523591041565
12/13/2025,Matara,5139.377507925034
12/14/2025,Matara,5186.753325581551
12/15/2025,Matara,5276.900582432747
12/16/2025,Matara,5145.805436611176
12/17/2025,Matara,5520.344966650009
12/18/2025,Matara,5598.945647716522
12/19/2025,Matara,5697.889559745789
12/20/2025,Matara,5702.125622272492
12/21/2025,Matara,5585.582390069962
12/22/2025,Matara,5400.539691567421
12/23/2025,Matara,5283.802857398987
12/24/2025,Matara,5627.616338849068
12/25/2025,Matara,5689.978494048119
12/26/2025,Matara,5682.552936
12/27/2025,Matara,5732.618575811386
12/28/2025,Matara,5651.847921490669
12/29/2025,Matara,5703.379527688026
12/30/2025,Matara,5747.909267663956
12/31/2025,Matara,5701.007367014885
1/1/2026,Matara,4902.649523615837
1/2/2026,Matara,5647.950125813484
1/3/2026,Matara,5631.736927032471
1/4/2026,Matara,5626.788271903992
1/5/2026,Matara,5676.744018
1/6/2026,Matara,5663.023176431656
1/7/2026,Matara,5701.159329533577
1/8/2026,Matara,5699.447390198708
1/9/2026,Matara,5622.289494514465
1/10/2026,Matara,5528.692603
1/11/2026,Matara,4792.107523083687
1/12/2026,Matara,5375.194146
1/13/2026,Matara,5227.568140029907
1/14/2026,Matara,5445.276770234108
1/15/2026,Matara,3896.137800693512
1/16/2026,Matara,4968.4896458387375
1/17/2026,Matara,5214.201877474785
1/18/2026,Matara,5187.309662938118
1/19/2026,Matara,4783.715672016144
1/20/2026,Matara,5261.312834
1/21/2026,Matara,5348.804180860519
1/22/2026,Matara,5256.215221166611
1/23/2026,Matara,5406.547791600227
1/24/2026,Matara,5384.584914922714
1/25/2026,Matara,5380.347993850708
1/26/2026,Matara,4874.388358592987
1/27/2026,Matara,5407.587489962578
1/28/2026,Matara,5323.344019889832
1/29/2026,Matara,5359.948098897934
1/30/2026,Matara,4850.056326150894
1/31/2026,Matara,5035.899618148804
2/1/2026,Matara,5298.513172626495
2/2/2026,Matara,5328.494862437248
2/3/2026,Matara,4028.3745971322064
2/4/2026,Matara,3519.866370141506
2/5/2026,Matara,4873.938480854034
2/6/2026,Matara,4546.436930894852
2/7/2026,Matara,4193.711319923401
2/8/2026,Matara,5035.951989412308
2/9/2026,Matara,4954.709135174751
2/10/2026,Matara,5148.523591041565
2/11/2026,Matara,5139.377507925034
2/12/2026,Matara,5186.753325581551
2/13/2026,Matara,5276.900582432747
2/14/2026,Matara,5145.805436611176
2/15/2026,Matara,5520.344966650009
2/16/2026,Matara,5598.945647716522
2/17/2026,Matara,5697.889559745789
2/18/2026,Matara,5702.125622272492
2/19/2026,Matara,5585.582390069962
2/20/2026,Matara,5400.539691567421
2/21/2026,Matara,5283.802857398987
2/22/2026,Matara,5627.616338849068
2/23/2026,Matara,5689.978494048119
2/24/2026,Matara,5682.552936
2/25/2026,Matara,5732.618575811386
2/26/2026,Matara,5651.847921490669
2/27/2026,Matara,5703.379527688026
2/28/2026,Matara,5747.909267663956
3/1/2026,Matara,5701.007367014885
3/2/2026,Matara,4902.649523615837
3/3/2026,Matara,5647.950125813484
3/4/2026,Matara,5631.736927032471
3/5/2026,Matara,5626.787843
3/6/2026,Matara,5676.744018
3/7/2026,Matara,5663.023176431656
3/8/2026,Matara,5701.158900260925
3/9/2026,Matara,5699.446960926056
3/10/2026,Matara,5622.289494514465
3/11/2026,Matara,5528.692603
3/12/2026,Matara,4792.107523083687
3/13/2026,Matara,5375.193717122078
3/14/2026,Matara,5227.568140029907
3/15/2026,Matara,5445.276340961456
3/16/2026,Matara,3896.1375860571866
3/17/2026,Matara,4968.4896458387375
3/18/2026,Matara,5214.201877474785
3/19/2026,Matara,5187.309662938118
3/20/2026,Matara,4783.715242743492
3/21/2026,Matara,5261.312834
3/22/2026,Matara,5348.804180860519
3/23/2026,Matara,5256.215221166611
3/24/2026,Matara,5406.547791600227
3/25/2026,Matara,5384.584914922714
3/26/2026,Matara,5380.347993850708
3/27/2026,Matara,4874.388358592987
3/28/2026,Matara,5407.587489962578
3/29/2026,Matara,5323.344019889832
3/30/2026,Matara,5359.948098897934
3/31/2026,Matara,4850.056326150894
4/1/2026,Matara,5035.899618148804
4/2/2026,Matara,5298.513172626495
4/3/2026,Matara,5328.494862437248
4/4/2026,Matara,4028.3743824958806
4/5/2026,Matara,3519.866370141506
4/6/2026,Matara,4873.938480854034
4/7/2026,Matara,4546.436930894852
4/8/2026,Matara,4193.711319923401
4/9/2026,Matara,5035.951989412308
4/10/2026,Matara,4954.709135174751
4/11/2026,Matara,5148.523591041565
4/12/2026,Matara,5139.377507925034
4/13/2026,Matara,5186.753325581551
4/14/2026,Matara,5276.900582432747
4/15/2026,Matara,5145.805436611176
4/16/2026,Matara,5520.344966650009
4/17/2026,Matara,5598.945647716522
4/18/2026,Matara,5697.889559745789
4/19/2026,Matara,5702.125622272492
4/20/2026,Matara,5585.582390069962
4/21/2026,Matara,5400.539691567421
4/22/2026,Matara,5283.802857398987
4/23/2026,Matara,5627.616338849068
4/24/2026,Matara,5689.978494048119
4/25/2026,Matara,5682.552936
4/26/2026,Matara,5732.618575811386
4/27/2026,Matara,5651.847921490669
4/28/2026,Matara,5703.379527688026
4/29/2026,Matara,5747.909267663956
4/30/2026,Matara,5701.007367014885
5/1/2026,Matara,4902.649523615837
5/2/2026,Matara,5647.950125813484
5/3/2026,Matara,5631.736927032471
5/4/2026,Matara,5626.788271903992
5/5/2026,Matara,5676.744018
5/6/2026,Matara,5663.023176431656
5/7/2026,Matara,5701.158900260925
5/8/2026,Matara,5699.446960926056
5/9/2026,Matara,5622.289494514465
5/10/2026,Matara,5528.692603
5/11/2026,Matara,4792.107523083687
5/12/2026,Matara,5375.193717122078
5/13/2026,Matara,5227.568140029907
5/14/2026,Matara,5445.276340961456
5/15/2026,Matara,3896.1375860571866
5/16/2026,Matara,4968.4896458387375
5/17/2026,Matara,5214.201877474785
5/18/2026,Matara,5187.309662938118
5/19/2026,Matara,4783.715672016144
5/20/2026,Matara,5261.312834
5/21/2026,Matara,5348.804180860519
5/22/2026,Matara,5256.215221166611
5/23/2026,Matara,5406.547791600227
5/24/2026,Matara,5384.584914922714
5/25/2026,Matara,5380.347993850708
5/26/2026,Matara,4874.388358592987
5/27/2026,Matara,5407.587489962578
5/28/2026,Matara,5323.344019889832
5/29/2026,Matara,5359.948098897934
5/30/2026,Matara,4850.056326150894
5/31/2026,Matara,5035.899618148804
6/1/2026,Matara,5298.513172626495
6/2/2026,Matara,5328.494862437248
6/3/2026,Matara,4028.3745971322064
6/4/2026,Matara,3519.866370141506
6/5/2026,Matara,4873.938480854034
6/6/2026,Matara,4546.436930894852
6/7/2026,Matara,4193.711319923401
6/8/2026,Matara,5035.951989412308
6/9/2026,Matara,4954.709135174751
6/10/2026,Matara,5148.523591041565
6/11/2026,Matara,5139.377507925034
6/12/2026,Matara,5186.753325581551
6/13/2026,Matara,5276.900582432747
6/14/2026,Matara,5145.805436611176
6/15/2026,Matara,5520.344966650009
6/16/2026,Matara,5598.945647716522
6/17/2026,Matara,5697.889559745789
6/18/2026,Matara,5702.125622272492
6/19/2026,Matara,5585.582390069962
6/20/2026,Matara,5400.539691567421
6/21/2026,Matara,5283.802857398987
6/22/2026,Matara,5627.616338849068
6/23/2026,Matara,5689.978494048119
6/24/2026,Matara,5682.552936
6/25/2026,Matara,5732.618575811386
6/26/2026,Matara,5651.847921490669
6/27/2026,Matara,5703.379527688026
6/28/2026,Matara,5747.909267663956
6/29/2026,Matara,5701.007367014885
6/30/2026,Matara,4902.649523615837
7/1/2026,Matara,5647.950125813484
7/2/2026,Matara,5631.736927032471
7/3/2026,Matara,5626.788271903992
7/4/2026,Matara,5676.744018
7/5/2026,Matara,5663.023176431656
7/6/2026,Matara,5701.159329533577
7/7/2026,Matara,5699.447390198708
7/8/2026,Matara,5622.289494514465
7/9/2026,Matara,5528.692603
7/10/2026,Matara,4792.107523083687
7/11/2026,Matara,5375.194146
7/12/2026,Matara,5227.568140029907
7/13/2026,Matara,5445.276770234108
7/14/2026,Matara,3896.137800693512
7/15/2026,Matara,4968.4896458387375
7/16/2026,Matara,5214.201877474785
7/17/2026,Matara,5187.309662938118
7/18/2026,Matara,4783.715672016144
7/19/2026,Matara,5261.312834
7/20/2026,Matara,5348.804180860519
7/21/2026,Matara,5256.215221166611
7/22/2026,Matara,5406.547791600227
7/23/2026,Matara,5384.584914922714
7/24/2026,Matara,5380.347993850708
7/25/2026,Matara,4874.388358592987
7/26/2026,Matara,5407.587489962578
7/27/2026,Matara,5323.344019889832
7/28/2026,Matara,5359.948098897934
7/29/2026,Matara,4850.056326150894
7/30/2026,Matara,5035.899618148804
7/31/2026,Matara,5298.513172626495
8/1/2026,Matara,5328.494862437248
8/2/2026,Matara,4028.3745971322064
8/3/2026,Matara,3519.866370141506
8/4/2026,Matara,4873.938480854034
8/5/2026,Matara,4546.436930894852
8/6/2026,Matara,4193.711319923401
8/7/2026,Matara,5035.951989412308
8/8/2026,Matara,4954.709135174751
8/9/2026,Matara,5148.523591041565
8/10/2026,Matara,5139.377507925034
8/11/2026,Matara,5186.753325581551
8/12/2026,Matara,5276.900582432747
8/13/2026,Matara,5145.805436611176
8/14/2026,Matara,5520.344966650009
8/15/2026,Matara,5598.945647716522
8/16/2026,Matara,5697.889559745789
8/17/2026,Matara,5702.125622272492
8/18/2026,Matara,5585.582390069962
8/19/2026,Matara,5400.539691567421
8/20/2026,Matara,5283.802857398987
8/21/2026,Matara,5627.616338849068
8/22/2026,Matara,5689.978494048119
8/23/2026,Matara,5682.552936
8/24/2026,Matara,5732.618575811386
8/25/2026,Matara,5651.847921490669
8/26/2026,Matara,5703.379527688026
8/27/2026,Matara,5747.909267663956
8/28/2026,Matara,5701.007367014885
8/29/2026,Matara,4902.649523615837
8/30/2026,Matara,5647.950125813484
8/31/2026,Matara,5631.736927032471
9/1/2026,Matara,5626.787843
9/2/2026,Matara,5676.744018
9/3/2026,Matara,5663.023176431656
9/4/2026,Matara,5701.158900260925
9/5/2026,Matara,5699.446960926056
9/6/2026,Matara,5622.289494514465
9/7/2026,Matara,5528.692603
9/8/2026,Matara,4792.107523083687
9/9/2026,Matara,5375.193717122078
9/10/2026,Matara,5227.568140029907
9/11/2026,Matara,5445.276340961456
9/12/2026,Matara,3896.1375860571866
9/13/2026,Matara,4968.4896458387375
9/14/2026,Matara,5214.201877474785
9/15/2026,Matara,5187.309662938118
9/16/2026,Matara,4783.715242743492
9/17/2026,Matara,5261.312834
9/18/2026,Matara,5348.804180860519
9/19/2026,Matara,5256.215221166611
9/20/2026,Matara,5406.547791600227
9/21/2026,Matara,5384.584914922714
9/22/2026,Matara,5380.347993850708
9/23/2026,Matara,4874.388358592987
9/24/2026,Matara,5407.587489962578
9/25/2026,Matara,5323.344019889832
9/26/2026,Matara,5359.948098897934
9/27/2026,Matara,4850.056326150894
9/28/2026,Matara,5035.899618148804
9/29/2026,Matara,5298.513172626495
9/30/2026,Matara,5328.494862437248
10/1/2026,Matara,4028.3743824958806
10/2/2026,Matara,3519.866370141506
10/3/2026,Matara,4873.938480854034
10/4/2026,Matara,4546.436930894852
10/5/2026,Matara,4193.711319923401
10/6/2026,Matara,5035.951989412308
10/7/2026,Matara,4954.709135174751
10/8/2026,Matara,5148.523591041565
10/9/2026,Matara,5139.377507925034
10/10/2026,Matara,5186.753325581551
10/11/2026,Matara,5276.900582432747
10/12/2026,Matara,5145.805436611176
10/13/2026,Matara,5520.344966650009
10/14/2026,Matara,5598.945647716522
10/15/2026,Matara,5697.889559745789
10/16/2026,Matara,5702.125622272492
10/17/2026,Matara,5585.582390069962
10/18/2026,Matara,5400.539691567421
10/19/2026,Matara,5283.802857398987
10/20/2026,Matara,5627.616338849068
10/21/2026,Matara,5689.978494048119
10/22/2026,Matara,5682.552936
10/23/2026,Matara,5732.618575811386
10/24/2026,Matara,5651.847921490669
10/25/2026,Matara,5703.379527688026
10/26/2026,Matara,5747.909267663956
10/27/2026,Matara,5701.007367014885
10/28/2026,Matara,4902.649523615837
10/29/2026,Matara,5647.950125813484
10/30/2026,Matara,5631.736927032471
10/31/2026,Matara,5626.788271903992
11/1/2026,Matara,5676.744018
11/2/2026,Matara,5663.023176431656
11/3/2026,Matara,5701.158900260925
11/4/2026,Matara,5699.446960926056
11/5/2026,Matara,5622.289494514465
11/6/2026,Matara,5528.692603
11/7/2026,Matara,4792.107523083687
11/8/2026,Matara,5375.193717122078
11/9/2026,Matara,5227.568140029907
11/10/2026,Matara,5445.276340961456
11/11/2026,Matara,3896.1375860571866
11/12/2026,Matara,4968.4896458387375
11/13/2026,Matara,5214.201877474785
11/14/2026,Matara,5187.309662938118
11/15/2026,Matara,4783.715672016144
11/16/2026,Matara,5261.312834
11/17/2026,Matara,5348.804180860519
11/18/2026,Matara,5256.215221166611
11/19/2026,Matara,5406.547791600227
11/20/2026,Matara,5384.584914922714
11/21/2026,Matara,5380.347993850708
11/22/2026,Matara,4874.388358592987
11/23/2026,Matara,5407.587489962578
11/24/2026,Matara,5323.344019889832
11/25/2026,Matara,5359.948098897934
11/26/2026,Matara,4850.056326150894
11/27/2026,Matara,5035.899618148804
11/28/2026,Matara,5298.513172626495
11/29/2026,Matara,5328.494862437248
11/30/2026,Matara,4028.3745971322064
12/1/2026,Matara,3519.866370141506
12/2/2026,Matara,4873.938480854034
12/3/2026,Matara,4546.436930894852
12/4/2026,Matara,4193.711319923401
12/5/2026,Matara,5035.951989412308
12/6/2026,Matara,4954.709135174751
12/7/2026,Matara,5148.523591041565
12/8/2026,Matara,5139.377507925034
12/9/2026,Matara,5186.753325581551
12/10/2026,Matara,5276.900582432747
12/11/2026,Matara,5145.805436611176
12/12/2026,Matara,5520.344966650009
12/13/2026,Matara,5598.945647716522
12/14/2026,Matara,5697.889559745789
12/15/2026,Matara,5702.125622272492
12/16/2026,Matara,5585.582390069962
12/17/2026,Matara,5400.539691567421
12/18/2026,Matara,5283.802857398987
12/19/2026,Matara,5627.616338849068
12/20/2026,Matara,5689.978494048119
12/21/2026,Matara,5682.552936
12/22/2026,Matara,5732.618575811386
12/23/2026,Matara,5651.847921490669
12/24/2026,Matara,5703.379527688026
12/25/2026,Matara,5747.909267663956
12/26/2026,Matara,5701.007367014885
12/27/2026,Matara,4902.649523615837
12/28/2026,Matara,5647.950125813484
12/29/2026,Matara,5631.736927032471
12/30/2026,Matara,5626.788271903992
12/31/2026,Matara,5676.744018
1/1/2027,Matara,5663.023176431656
1/2/2027,Matara,5701.159329533577
1/3/2027,Matara,5699.447390198708
1/4/2027,Matara,5622.289494514465
1/5/2027,Matara,5528.692603
1/6/2027,Matara,4792.107523083687
1/7/2027,Matara,5375.194146
1/8/2027,Matara,5227.568140029907
1/9/2027,Matara,5445.276770234108
1/10/2027,Matara,3896.137800693512
1/11/2027,Matara,4968.4896458387375
1/12/2027,Matara,5214.201877474785
1/13/2027,Matara,5187.309662938118
1/14/2027,Matara,4783.715672016144
1/15/2027,Matara,5261.312834
1/16/2027,Matara,5348.804180860519
1/17/2027,Matara,5256.215221166611
1/18/2027,Matara,5406.547791600227
1/19/2027,Matara,5384.584914922714
1/20/2027,Matara,5380.347993850708
1/21/2027,Matara,4874.388358592987
1/22/2027,Matara,5407.587489962578
1/23/2027,Matara,5323.344019889832
1/24/2027,Matara,5359.948098897934
1/25/2027,Matara,4850.056326150894
1/26/2027,Matara,5035.899618148804
1/27/2027,Matara,5298.513172626495
1/28/2027,Matara,5328.494862437248
1/29/2027,Matara,4028.3745971322064
1/30/2027,Matara,3519.866370141506
1/31/2027,Matara,4873.938480854034
2/1/2027,Matara,4546.436930894852
2/2/2027,Matara,4193.711319923401
2/3/2027,Matara,5035.951989412308
2/4/2027,Matara,4954.709135174751
2/5/2027,Matara,5148.523591041565
2/6/2027,Matara,5139.377507925034
2/7/2027,Matara,5186.753325581551
2/8/2027,Matara,5276.900582432747
2/9/2027,Matara,5145.805436611176
2/10/2027,Matara,5520.344966650009
2/11/2027,Matara,5598.945647716522
2/12/2027,Matara,5697.889559745789
2/13/2027,Matara,5702.125622272492
2/14/2027,Matara,5585.582390069962
2/15/2027,Matara,5400.539691567421
2/16/2027,Matara,5283.802857398987
2/17/2027,Matara,5627.616338849068
2/18/2027,Matara,5689.978494048119
2/19/2027,Matara,5682.552936
2/20/2027,Matara,5732.618575811386
2/21/2027,Matara,5651.847921490669
2/22/2027,Matara,5703.379527688026
2/23/2027,Matara,5747.909267663956
2/24/2027,Matara,5701.007367014885
2/25/2027,Matara,4902.649523615837
2/26/2027,Matara,5647.950125813484
2/27/2027,Matara,5631.736927032471
2/28/2027,Matara,5626.787843
3/1/2027,Matara,5676.744018
3/2/2027,Matara,5663.023176431656
3/3/2027,Matara,5701.158900260925
3/4/2027,Matara,5699.446960926056
3/5/2027,Matara,5622.289494514465
3/6/2027,Matara,5528.692603
3/7/2027,Matara,4792.107523083687
3/8/2027,Matara,5375.193717122078
3/9/2027,Matara,5227.568140029907
3/10/2027,Matara,5445.276340961456
3/11/2027,Matara,3896.1375860571866
3/12/2027,Matara,4968.4896458387375
3/13/2027,Matara,5214.201877474785
3/14/2027,Matara,5187.309662938118
3/15/2027,Matara,4783.715242743492
3/16/2027,Matara,5261.312834
3/17/2027,Matara,5348.804180860519
3/18/2027,Matara,5256.215221166611
3/19/2027,Matara,5406.547791600227
3/20/2027,Matara,5384.584914922714
3/21/2027,Matara,5380.347993850708
3/22/2027,Matara,4874.388358592987
3/23/2027,Matara,5407.587489962578
3/24/2027,Matara,5323.344019889832
3/25/2027,Matara,5359.948098897934
3/26/2027,Matara,4850.056326150894
3/27/2027,Matara,5035.899618148804
3/28/2027,Matara,5298.513172626495
3/29/2027,Matara,5328.494862437248
3/30/2027,Matara,4028.3743824958806
3/31/2027,Matara,3519.866370141506
4/1/2027,Matara,4873.938480854034
4/2/2027,Matara,4546.436930894852
4/3/2027,Matara,4193.711319923401
4/4/2027,Matara,5035.951989412308
4/5/2027,Matara,4954.709135174751
4/6/2027,Matara,5148.523591041565
4/7/2027,Matara,5139.377507925034
4/8/2027,Matara,5186.753325581551
4/9/2027,Matara,5276.900582432747
4/10/2027,Matara,5145.805436611176
4/11/2027,Matara,5520.344966650009
4/12/2027,Matara,5598.945647716522
4/13/2027,Matara,5697.889559745789
4/14/2027,Matara,5702.125622272492
4/15/2027,Matara,5585.582390069962
4/16/2027,Matara,5400.539691567421
4/17/2027,Matara,5283.802857398987
4/18/2027,Matara,5627.616338849068
4/19/2027,Matara,5689.978494048119
4/20/2027,Matara,5682.552936
4/21/2027,Matara,5732.618575811386
4/22/2027,Matara,5651.847921490669
4/23/2027,Matara,5703.379527688026
4/24/2027,Matara,5747.909267663956
4/25/2027,Matara,5701.007367014885
4/26/2027,Matara,4902.649523615837
4/27/2027,Matara,5647.950125813484
4/28/2027,Matara,5631.736927032471
4/29/2027,Matara,5626.788271903992
4/30/2027,Matara,5676.744018
5/1/2027,Matara,5663.023176431656
5/2/2027,Matara,5701.158900260925
5/3/2027,Matara,5699.446960926056
5/4/2027,Matara,5622.289494514465
5/5/2027,Matara,5528.692603
5/6/2027,Matara,4792.107523083687
5/7/2027,Matara,5375.193717122078
5/8/2027,Matara,5227.568140029907
5/9/2027,Matara,5445.276340961456
5/10/2027,Matara,3896.1375860571866
5/11/2027,Matara,4968.4896458387375
5/12/2027,Matara,5214.201877474785
5/13/2027,Matara,5187.309662938118
5/14/2027,Matara,4783.715672016144
5/15/2027,Matara,5261.312834
5/16/2027,Matara,5348.804180860519
5/17/2027,Matara,5256.215221166611
5/18/2027,Matara,5406.547791600227
5/19/2027,Matara,5384.584914922714
5/20/2027,Matara,5380.347993850708
5/21/2027,Matara,4874.388358592987
5/22/2027,Matara,5407.587489962578
5/23/2027,Matara,5323.344019889832
5/24/2027,Matara,5359.948098897934
5/25/2027,Matara,4850.056326150894
5/26/2027,Matara,5035.899618148804
5/27/2027,Matara,5298.513172626495
5/28/2027,Matara,5328.494862437248
5/29/2027,Matara,4028.3745971322064
5/30/2027,Matara,3519.866370141506
5/31/2027,Matara,4873.938480854034
6/1/2027,Matara,4546.436930894852
6/2/2027,Matara,4193.711319923401
6/3/2027,Matara,5035.951989412308
6/4/2027,Matara,4954.709135174751
6/5/2027,Matara,5148.523591041565
6/6/2027,Matara,5139.377507925034
6/7/2027,Matara,5186.753325581551
6/8/2027,Matara,5276.900582432747
6/9/2027,Matara,5145.805436611176
6/10/2027,Matara,5520.344966650009
6/11/2027,Matara,5598.945647716522
6/12/2027,Matara,5697.889559745789
6/13/2027,Matara,5702.125622272492
6/14/2027,Matara,5585.582390069962
6/15/2027,Matara,5400.539691567421
6/16/2027,Matara,5283.802857398987
6/17/2027,Matara,5627.616338849068
6/18/2027,Matara,5689.978494048119
6/19/2027,Matara,5682.552936
6/20/2027,Matara,5732.618575811386
6/21/2027,Matara,5651.847921490669
6/22/2027,Matara,5703.379527688026
6/23/2027,Matara,5747.909267663956
6/24/2027,Matara,5701.007367014885
6/25/2027,Matara,4902.649523615837
6/26/2027,Matara,5647.950125813484
6/27/2027,Matara,5631.736927032471
6/28/2027,Matara,5626.788271903992
6/29/2027,Matara,5676.744018
6/30/2027,Matara,5663.023176431656
7/1/2027,Matara,5701.159329533577
7/2/2027,Matara,5699.447390198708
7/3/2027,Matara,5622.289494514465
7/4/2027,Matara,5528.692603
7/5/2027,Matara,4792.107523083687
7/6/2027,Matara,5375.194146
7/7/2027,Matara,5227.568140029907
7/8/2027,Matara,5445.276770234108
7/9/2027,Matara,3896.137800693512
7/10/2027,Matara,4968.4896458387375
7/11/2027,Matara,5214.201877474785
7/12/2027,Matara,5187.309662938118
7/13/2027,Matara,4783.715672016144
7/14/2027,Matara,5261.312834
7/15/2027,Matara,5348.804180860519
7/16/2027,Matara,5256.215221166611
7/17/2027,Matara,5406.547791600227
7/18/2027,Matara,5384.584914922714
7/19/2027,Matara,5380.347993850708
7/20/2027,Matara,4874.388358592987
7/21/2027,Matara,5407.587489962578
7/22/2027,Matara,5323.344019889832
7/23/2027,Matara,5359.948098897934
7/24/2027,Matara,4850.056326150894
7/25/2027,Matara,5035.899618148804
7/26/2027,Matara,5298.513172626495
7/27/2027,Matara,5328.494862437248
7/28/2027,Matara,4028.3745971322064
7/29/2027,Matara,3519.866370141506
7/30/2027,Matara,4873.938480854034
7/31/2027,Matara,4546.436930894852
8/1/2027,Matara,4193.711319923401
8/2/2027,Matara,5035.951989412308
8/3/2027,Matara,4954.709135174751
8/4/2027,Matara,5148.523591041565
8/5/2027,Matara,5139.377507925034
8/6/2027,Matara,5186.753325581551
8/7/2027,Matara,5276.900582432747
8/8/2027,Matara,5145.805436611176
8/9/2027,Matara,5520.344966650009
8/10/2027,Matara,5598.945647716522
8/11/2027,Matara,5697.889559745789
8/12/2027,Matara,5702.125622272492
8/13/2027,Matara,5585.582390069962
8/14/2027,Matara,5400.539691567421
8/15/2027,Matara,5283.802857398987
8/16/2027,Matara,5627.616338849068
8/17/2027,Matara,5689.978494048119
8/18/2027,Matara,5682.552936
8/19/2027,Matara,5732.618575811386
8/20/2027,Matara,5651.847921490669
8/21/2027,Matara,5703.379527688026
8/22/2027,Matara,5747.909267663956
8/23/2027,Matara,5701.007367014885
8/24/2027,Matara,4902.649523615837
8/25/2027,Matara,5647.950125813484
8/26/2027,Matara,5631.736927032471
8/27/2027,Matara,5626.787843
8/28/2027,Matara,5676.744018
8/29/2027,Matara,5663.023176431656
8/30/2027,Matara,5701.158900260925
8/31/2027,Matara,5699.446960926056
9/1/2027,Matara,5622.289494514465
9/2/2027,Matara,5528.692603
9/3/2027,Matara,4792.107523083687
9/4/2027,Matara,5375.193717122078
9/5/2027,Matara,5227.568140029907
9/6/2027,Matara,5445.276340961456
9/7/2027,Matara,3896.1375860571866
9/8/2027,Matara,4968.4896458387375
9/9/2027,Matara,5214.201877474785
9/10/2027,Matara,5187.309662938118
9/11/2027,Matara,4783.715242743492
9/12/2027,Matara,5261.312834
9/13/2027,Matara,5348.804180860519
9/14/2027,Matara,5256.215221166611
9/15/2027,Matara,5406.547791600227
9/16/2027,Matara,5384.584914922714
9/17/2027,Matara,5380.347993850708
9/18/2027,Matara,4874.388358592987
9/19/2027,Matara,5407.587489962578
9/20/2027,Matara,5323.344019889832
9/21/2027,Matara,5359.948098897934
9/22/2027,Matara,4850.056326150894
9/23/2027,Matara,5035.899618148804
9/24/2027,Matara,5298.513172626495
9/25/2027,Matara,5328.494862437248
9/26/2027,Matara,4028.3743824958806
9/27/2027,Matara,3519.866370141506
9/28/2027,Matara,4873.938480854034
9/29/2027,Matara,4546.436930894852
9/30/2027,Matara,4193.711319923401
10/1/2027,Matara,5035.951989412308
10/2/2027,Matara,4954.709135174751
10/3/2027,Matara,5148.523591041565
10/4/2027,Matara,5139.377507925034
10/5/2027,Matara,5186.753325581551
10/6/2027,Matara,5276.900582432747
10/7/2027,Matara,5145.805436611176
10/8/2027,Matara,5520.344966650009
10/9/2027,Matara,5598.945647716522
10/10/2027,Matara,5697.889559745789
10/11/2027,Matara,5702.125622272492
10/12/2027,Matara,5585.582390069962
10/13/2027,Matara,5400.539691567421
10/14/2027,Matara,5283.802857398987
10/15/2027,Matara,5627.616338849068
10/16/2027,Matara,5689.978494048119
10/17/2027,Matara,5682.552936
10/18/2027,Matara,5732.618575811386
10/19/2027,Matara,5651.847921490669
10/20/2027,Matara,5703.379527688026
10/21/2027,Matara,5747.909267663956
10/22/2027,Matara,5701.007367014885
10/23/2027,Matara,4902.649523615837
10/24/2027,Matara,5647.950125813484
10/25/2027,Matara,5631.736927032471
10/26/2027,Matara,5626.788271903992
10/27/2027,Matara,5676.744018
10/28/2027,Matara,5663.023176431656
10/29/2027,Matara,5701.158900260925
10/30/2027,Matara,5699.446960926056
10/31/2027,Matara,5622.289494514465
11/1/2027,Matara,5528.692603
11/2/2027,Matara,4792.107523083687
11/3/2027,Matara,5375.193717122078
11/4/2027,Matara,5227.568140029907
11/5/2027,Matara,5445.276340961456
11/6/2027,Matara,3896.1375860571866
11/7/2027,Matara,4968.4896458387375
11/8/2027,Matara,5214.201877474785
11/9/2027,Matara,5187.309662938118
11/10/2027,Matara,4783.715672016144
11/11/2027,Matara,5261.312834
11/12/2027,Matara,5348.804180860519
11/13/2027,Matara,5256.215221166611
11/14/2027,Matara,5406.547791600227
11/15/2027,Matara,5384.584914922714
11/16/2027,Matara,5380.347993850708
11/17/2027,Matara,4874.388358592987
11/18/2027,Matara,5407.587489962578
11/19/2027,Matara,5323.344019889832
11/20/2027,Matara,5359.948098897934
11/21/2027,Matara,4850.056326150894
11/22/2027,Matara,5035.899618148804
11/23/2027,Matara,5298.513172626495
11/24/2027,Matara,5328.494862437248
11/25/2027,Matara,4028.3745971322064
11/26/2027,Matara,3519.866370141506
11/27/2027,Matara,4873.938480854034
11/28/2027,Matara,4546.436930894852
11/29/2027,Matara,4193.711319923401
11/30/2027,Matara,5035.951989412308
12/1/2027,Matara,4954.709135174751
12/2/2027,Matara,5148.523591041565
12/3/2027,Matara,5139.377507925034
12/4/2027,Matara,5186.753325581551
12/5/2027,Matara,5276.900582432747
12/6/2027,Matara,5145.805436611176
12/7/2027,Matara,5520.344966650009
12/8/2027,Matara,5598.945647716522
12/9/2027,Matara,5697.889559745789
12/10/2027,Matara,5702.125622272492
12/11/2027,Matara,5585.582390069962
12/12/2027,Matara,5400.539691567421
12/13/2027,Matara,5283.802857398987
12/14/2027,Matara,5627.616338849068
12/15/2027,Matara,5689.978494048119
12/16/2027,Matara,5682.552936
12/17/2027,Matara,5732.618575811386
12/18/2027,Matara,5651.847921490669
12/19/2027,Matara,5703.379527688026
12/20/2027,Matara,5747.909267663956
12/21/2027,Matara,5701.007367014885
12/22/2027,Matara,4902.649523615837
12/23/2027,Matara,5647.950125813484
12/24/2027,Matara,5631.736927032471
12/25/2027,Matara,5626.788271903992
12/26/2027,Matara,5676.744018
12/27/2027,Matara,5663.023176431656
12/28/2027,Matara,5701.159329533577
12/29/2027,Matara,5699.447390198708
12/30/2027,Matara,5622.289494514465
12/31/2027,Matara,5528.692603
