Date,Location,Forecasted Solar Irradiance
1/1/2025,Vavnathivu_Batticalo,4559.919107
1/2/2025,Vavnathivu_Batticalo,4292.273013
1/3/2025,Vavnathivu_Batticalo,4053.287028
1/4/2025,Vavnathivu_Batticalo,3842.961151
1/5/2025,Vavnathivu_Batticalo,3661.295382
1/6/2025,Vavnathivu_Batticalo,3508.289721
1/7/2025,Vavnathivu_Batticalo,3383.944169
1/8/2025,Vavnathivu_Batticalo,3288.258725
1/9/2025,Vavnathivu_Batticalo,3221.233389
1/10/2025,Vavnathivu_Batticalo,3182.868161
1/11/2025,Vavnathivu_Batticalo,3173.163042
1/12/2025,Vavnathivu_Batticalo,3184.257286
1/13/2025,Vavnathivu_Batticalo,3203.183363
1/14/2025,Vavnathivu_Batticalo,3331.581758
1/15/2025,Vavnathivu_Batticalo,3465.771864
1/16/2025,Vavnathivu_Batticalo,3636.837336
1/17/2025,Vavnathivu_Batticalo,3794.994801
1/18/2025,Vavnathivu_Batticalo,3946.621857
1/19/2025,Vavnathivu_Batticalo,4051.599198
1/20/2025,Vavnathivu_Batticalo,4127.719717
1/21/2025,Vavnathivu_Batticalo,4187.688598
1/22/2025,Vavnathivu_Batticalo,4369.997661
1/23/2025,Vavnathivu_Batticalo,4509.444329
1/24/2025,Vavnathivu_Batticalo,4535.58791
1/25/2025,Vavnathivu_Batticalo,4581.465713
1/26/2025,Vavnathivu_Batticalo,4619.387837
1/27/2025,Vavnathivu_Batticalo,4572.675295
1/28/2025,Vavnathivu_Batticalo,4557.356331
1/29/2025,Vavnathivu_Batticalo,4527.804479
1/30/2025,Vavnathivu_Batticalo,4556.291692
1/31/2025,Vavnathivu_Batticalo,4607.946392
2/1/2025,Vavnathivu_Batticalo,4692.359637
2/2/2025,Vavnathivu_Batticalo,4677.803433
2/3/2025,Vavnathivu_Batticalo,4717.743271
2/4/2025,Vavnathivu_Batticalo,4712.681613
2/5/2025,Vavnathivu_Batticalo,4704.571442
2/6/2025,Vavnathivu_Batticalo,4748.828871
2/7/2025,Vavnathivu_Batticalo,4853.058436
2/8/2025,Vavnathivu_Batticalo,4858.945738
2/9/2025,Vavnathivu_Batticalo,4889.388203
2/10/2025,Vavnathivu_Batticalo,4936.920807
2/11/2025,Vavnathivu_Batticalo,5015.81175
2/12/2025,Vavnathivu_Batticalo,4939.363456
2/13/2025,Vavnathivu_Batticalo,4831.044852
2/14/2025,Vavnathivu_Batticalo,4849.274522
2/15/2025,Vavnathivu_Batticalo,4766.606051
2/16/2025,Vavnathivu_Batticalo,4628.180946
2/17/2025,Vavnathivu_Batticalo,4665.059464
2/18/2025,Vavnathivu_Batticalo,4642.973678
2/19/2025,Vavnathivu_Batticalo,4633.343731
2/20/2025,Vavnathivu_Batticalo,4711.914216
2/21/2025,Vavnathivu_Batticalo,4806.706536
2/22/2025,Vavnathivu_Batticalo,4804.342372
2/23/2025,Vavnathivu_Batticalo,4828.042235
2/24/2025,Vavnathivu_Batticalo,4828.539608
2/25/2025,Vavnathivu_Batticalo,4893.576412
2/26/2025,Vavnathivu_Batticalo,5040.791368
2/27/2025,Vavnathivu_Batticalo,5163.637295
2/28/2025,Vavnathivu_Batticalo,5193.857999
3/1/2025,Vavnathivu_Batticalo,5230.55783
3/2/2025,Vavnathivu_Batticalo,5294.442551
3/3/2025,Vavnathivu_Batticalo,5394.35968
3/4/2025,Vavnathivu_Batticalo,5459.934461
3/5/2025,Vavnathivu_Batticalo,5564.076167
3/6/2025,Vavnathivu_Batticalo,5680.339351
3/7/2025,Vavnathivu_Batticalo,5743.246539
3/8/2025,Vavnathivu_Batticalo,5718.468386
3/9/2025,Vavnathivu_Batticalo,5772.669274
3/10/2025,Vavnathivu_Batticalo,5833.121356
3/11/2025,Vavnathivu_Batticalo,5810.115561
3/12/2025,Vavnathivu_Batticalo,5830.416074
3/13/2025,Vavnathivu_Batticalo,5805.154512
3/14/2025,Vavnathivu_Batticalo,5817.448159
3/15/2025,Vavnathivu_Batticalo,5902.69182
3/16/2025,Vavnathivu_Batticalo,5884.694041
3/17/2025,Vavnathivu_Batticalo,5974.673523
3/18/2025,Vavnathivu_Batticalo,6041.545373
3/19/2025,Vavnathivu_Batticalo,6094.595608
3/20/2025,Vavnathivu_Batticalo,6081.164472
3/21/2025,Vavnathivu_Batticalo,6123.651952
3/22/2025,Vavnathivu_Batticalo,6172.499342
3/23/2025,Vavnathivu_Batticalo,6267.398568
3/24/2025,Vavnathivu_Batticalo,6298.852721
3/25/2025,Vavnathivu_Batticalo,6367.060003
3/26/2025,Vavnathivu_Batticalo,6440.26715
3/27/2025,Vavnathivu_Batticalo,6471.279142
3/28/2025,Vavnathivu_Batticalo,6422.5184
3/29/2025,Vavnathivu_Batticalo,6458.261081
3/30/2025,Vavnathivu_Batticalo,6461.904602
3/31/2025,Vavnathivu_Batticalo,6394.856483
4/1/2025,Vavnathivu_Batticalo,6341.398545
4/2/2025,Vavnathivu_Batticalo,6354.621609
4/3/2025,Vavnathivu_Batticalo,6370.523784
4/4/2025,Vavnathivu_Batticalo,6360.759666
4/5/2025,Vavnathivu_Batticalo,6226.572418
4/6/2025,Vavnathivu_Batticalo,6277.818584
4/7/2025,Vavnathivu_Batticalo,6200.618938
4/8/2025,Vavnathivu_Batticalo,6160.581145
4/9/2025,Vavnathivu_Batticalo,6065.135846
4/10/2025,Vavnathivu_Batticalo,5978.363885
4/11/2025,Vavnathivu_Batticalo,5963.81376
4/12/2025,Vavnathivu_Batticalo,5992.898321
4/13/2025,Vavnathivu_Batticalo,5992.555791
4/14/2025,Vavnathivu_Batticalo,6034.921238
4/15/2025,Vavnathivu_Batticalo,6061.095336
4/16/2025,Vavnathivu_Batticalo,6051.189805
4/17/2025,Vavnathivu_Batticalo,5998.995692
4/18/2025,Vavnathivu_Batticalo,5948.676061
4/19/2025,Vavnathivu_Batticalo,5971.502106
4/20/2025,Vavnathivu_Batticalo,5969.223494
4/21/2025,Vavnathivu_Batticalo,5900.593221
4/22/2025,Vavnathivu_Batticalo,5970.948359
4/23/2025,Vavnathivu_Batticalo,6001.23766
4/24/2025,Vavnathivu_Batticalo,6125.791054
4/25/2025,Vavnathivu_Batticalo,6245.48138
4/26/2025,Vavnathivu_Batticalo,6406.338239
4/27/2025,Vavnathivu_Batticalo,6357.494452
4/28/2025,Vavnathivu_Batticalo,6339.952462
4/29/2025,Vavnathivu_Batticalo,6340.131971
4/30/2025,Vavnathivu_Batticalo,6283.541613
5/1/2025,Vavnathivu_Batticalo,6313.025123
5/2/2025,Vavnathivu_Batticalo,6272.045668
5/3/2025,Vavnathivu_Batticalo,6159.545631
5/4/2025,Vavnathivu_Batticalo,6075.666822
5/5/2025,Vavnathivu_Batticalo,5974.719918
5/6/2025,Vavnathivu_Batticalo,5876.077246
5/7/2025,Vavnathivu_Batticalo,5733.120065
5/8/2025,Vavnathivu_Batticalo,5746.976024
5/9/2025,Vavnathivu_Batticalo,5768.036904
5/10/2025,Vavnathivu_Batticalo,5734.313827
5/11/2025,Vavnathivu_Batticalo,5761.279397
5/12/2025,Vavnathivu_Batticalo,5841.033479
5/13/2025,Vavnathivu_Batticalo,5948.781558
5/14/2025,Vavnathivu_Batticalo,6155.190598
5/15/2025,Vavnathivu_Batticalo,6296.261676
5/16/2025,Vavnathivu_Batticalo,6355.879603
5/17/2025,Vavnathivu_Batticalo,6365.425496
5/18/2025,Vavnathivu_Batticalo,6437.940364
5/19/2025,Vavnathivu_Batticalo,6514.049627
5/20/2025,Vavnathivu_Batticalo,6438.788525
5/21/2025,Vavnathivu_Batticalo,6413.449995
5/22/2025,Vavnathivu_Batticalo,6413.056616
5/23/2025,Vavnathivu_Batticalo,6401.022061
5/24/2025,Vavnathivu_Batticalo,6428.131554
5/25/2025,Vavnathivu_Batticalo,6255.790546
5/26/2025,Vavnathivu_Batticalo,6074.646775
5/27/2025,Vavnathivu_Batticalo,5997.775267
5/28/2025,Vavnathivu_Batticalo,5913.071695
5/29/2025,Vavnathivu_Batticalo,5767.501287
5/30/2025,Vavnathivu_Batticalo,5566.053256
5/31/2025,Vavnathivu_Batticalo,5421.778249
6/1/2025,Vavnathivu_Batticalo,5313.721635
6/2/2025,Vavnathivu_Batticalo,5305.49218
6/3/2025,Vavnathivu_Batticalo,5300.270105
6/4/2025,Vavnathivu_Batticalo,5285.059908
6/5/2025,Vavnathivu_Batticalo,5293.821552
6/6/2025,Vavnathivu_Batticalo,5294.187046
6/7/2025,Vavnathivu_Batticalo,5302.362481
6/8/2025,Vavnathivu_Batticalo,5300.498248
6/9/2025,Vavnathivu_Batticalo,5237.321731
6/10/2025,Vavnathivu_Batticalo,5229.809932
6/11/2025,Vavnathivu_Batticalo,5344.893706
6/12/2025,Vavnathivu_Batticalo,5296.699392
6/13/2025,Vavnathivu_Batticalo,5337.771355
6/14/2025,Vavnathivu_Batticalo,5262.814022
6/15/2025,Vavnathivu_Batticalo,5285.298335
6/16/2025,Vavnathivu_Batticalo,5342.637959
6/17/2025,Vavnathivu_Batticalo,5248.588042
6/18/2025,Vavnathivu_Batticalo,5268.92496
6/19/2025,Vavnathivu_Batticalo,5257.245705
6/20/2025,Vavnathivu_Batticalo,5266.081998
6/21/2025,Vavnathivu_Batticalo,5262.728373
6/22/2025,Vavnathivu_Batticalo,5311.9731
6/23/2025,Vavnathivu_Batticalo,5329.945001
6/24/2025,Vavnathivu_Batticalo,5313.354019
6/25/2025,Vavnathivu_Batticalo,5272.089015
6/26/2025,Vavnathivu_Batticalo,5215.051241
6/27/2025,Vavnathivu_Batticalo,5180.205058
6/28/2025,Vavnathivu_Batticalo,5200.801157
6/29/2025,Vavnathivu_Batticalo,5243.608568
6/30/2025,Vavnathivu_Batticalo,5242.412931
7/1/2025,Vavnathivu_Batticalo,5311.22911
7/2/2025,Vavnathivu_Batticalo,5228.858713
7/3/2025,Vavnathivu_Batticalo,5364.346445
7/4/2025,Vavnathivu_Batticalo,5398.06881
7/5/2025,Vavnathivu_Batticalo,5401.019085
7/6/2025,Vavnathivu_Batticalo,5452.666637
7/7/2025,Vavnathivu_Batticalo,5496.203475
7/8/2025,Vavnathivu_Batticalo,5522.169764
7/9/2025,Vavnathivu_Batticalo,5493.967151
7/10/2025,Vavnathivu_Batticalo,5390.010436
7/11/2025,Vavnathivu_Batticalo,5363.731592
7/12/2025,Vavnathivu_Batticalo,5339.001443
7/13/2025,Vavnathivu_Batticalo,5308.067813
7/14/2025,Vavnathivu_Batticalo,5155.496038
7/15/2025,Vavnathivu_Batticalo,5140.000441
7/16/2025,Vavnathivu_Batticalo,5122.31507
7/17/2025,Vavnathivu_Batticalo,5083.53429
7/18/2025,Vavnathivu_Batticalo,5130.044769
7/19/2025,Vavnathivu_Batticalo,5111.292978
7/20/2025,Vavnathivu_Batticalo,5045.553631
7/21/2025,Vavnathivu_Batticalo,4981.124621
7/22/2025,Vavnathivu_Batticalo,4945.336653
7/23/2025,Vavnathivu_Batticalo,5017.504233
7/24/2025,Vavnathivu_Batticalo,5018.420418
7/25/2025,Vavnathivu_Batticalo,5006.66205
7/26/2025,Vavnathivu_Batticalo,4991.726233
7/27/2025,Vavnathivu_Batticalo,4933.387207
7/28/2025,Vavnathivu_Batticalo,4831.191332
7/29/2025,Vavnathivu_Batticalo,4843.275386
7/30/2025,Vavnathivu_Batticalo,4761.080226
7/31/2025,Vavnathivu_Batticalo,4721.948919
8/1/2025,Vavnathivu_Batticalo,4757.890538
8/2/2025,Vavnathivu_Batticalo,4718.411723
8/3/2025,Vavnathivu_Batticalo,4612.820767
8/4/2025,Vavnathivu_Batticalo,4627.050145
8/5/2025,Vavnathivu_Batticalo,4578.278421
8/6/2025,Vavnathivu_Batticalo,4538.734148
8/7/2025,Vavnathivu_Batticalo,4559.343074
8/8/2025,Vavnathivu_Batticalo,4594.59266
8/9/2025,Vavnathivu_Batticalo,4579.549423
8/10/2025,Vavnathivu_Batticalo,4559.693178
8/11/2025,Vavnathivu_Batticalo,4598.801074
8/12/2025,Vavnathivu_Batticalo,4616.426085
8/13/2025,Vavnathivu_Batticalo,4581.295714
8/14/2025,Vavnathivu_Batticalo,4553.600548
8/15/2025,Vavnathivu_Batticalo,4542.560056
8/16/2025,Vavnathivu_Batticalo,4572.13162
8/17/2025,Vavnathivu_Batticalo,4555.825525
8/18/2025,Vavnathivu_Batticalo,4599.428518
8/19/2025,Vavnathivu_Batticalo,4493.210048
8/20/2025,Vavnathivu_Batticalo,4491.368245
8/21/2025,Vavnathivu_Batticalo,4516.208554
8/22/2025,Vavnathivu_Batticalo,4434.94151
8/23/2025,Vavnathivu_Batticalo,4410.422098
8/24/2025,Vavnathivu_Batticalo,4412.134014
8/25/2025,Vavnathivu_Batticalo,4446.725558
8/26/2025,Vavnathivu_Batticalo,4427.093802
8/27/2025,Vavnathivu_Batticalo,4494.828093
8/28/2025,Vavnathivu_Batticalo,4534.852402
8/29/2025,Vavnathivu_Batticalo,4556.001044
8/30/2025,Vavnathivu_Batticalo,4578.461118
8/31/2025,Vavnathivu_Batticalo,4644.267121
9/1/2025,Vavnathivu_Batticalo,4660.472837
9/2/2025,Vavnathivu_Batticalo,4700.012676
9/3/2025,Vavnathivu_Batticalo,4695.383213
9/4/2025,Vavnathivu_Batticalo,4707.018544
9/5/2025,Vavnathivu_Batticalo,4686.589614
9/6/2025,Vavnathivu_Batticalo,4676.141814
9/7/2025,Vavnathivu_Batticalo,4734.513385
9/8/2025,Vavnathivu_Batticalo,4699.731954
9/9/2025,Vavnathivu_Batticalo,4764.836661
9/10/2025,Vavnathivu_Batticalo,4749.444056
9/11/2025,Vavnathivu_Batticalo,4803.711124
9/12/2025,Vavnathivu_Batticalo,4803.998772
9/13/2025,Vavnathivu_Batticalo,4874.138964
9/14/2025,Vavnathivu_Batticalo,5001.036499
9/15/2025,Vavnathivu_Batticalo,5021.990295
9/16/2025,Vavnathivu_Batticalo,5109.680835
9/17/2025,Vavnathivu_Batticalo,5148.230129
9/18/2025,Vavnathivu_Batticalo,5267.718319
9/19/2025,Vavnathivu_Batticalo,5178.365549
9/20/2025,Vavnathivu_Batticalo,5140.857665
9/21/2025,Vavnathivu_Batticalo,4997.365464
9/22/2025,Vavnathivu_Batticalo,4893.692547
9/23/2025,Vavnathivu_Batticalo,4721.346316
9/24/2025,Vavnathivu_Batticalo,4590.322277
9/25/2025,Vavnathivu_Batticalo,4403.633955
9/26/2025,Vavnathivu_Batticalo,4305.578586
9/27/2025,Vavnathivu_Batticalo,4237.430657
9/28/2025,Vavnathivu_Batticalo,4120.149998
9/29/2025,Vavnathivu_Batticalo,4114.012484
9/30/2025,Vavnathivu_Batticalo,4056.477565
10/1/2025,Vavnathivu_Batticalo,4119.85109
10/2/2025,Vavnathivu_Batticalo,4141.386428
10/3/2025,Vavnathivu_Batticalo,4275.868274
10/4/2025,Vavnathivu_Batticalo,4428.552065
10/5/2025,Vavnathivu_Batticalo,4503.133107
10/6/2025,Vavnathivu_Batticalo,4709.160002
10/7/2025,Vavnathivu_Batticalo,4823.090188
10/8/2025,Vavnathivu_Batticalo,4920.630249
10/9/2025,Vavnathivu_Batticalo,4843.464149
10/10/2025,Vavnathivu_Batticalo,4896.643206
10/11/2025,Vavnathivu_Batticalo,4812.662208
10/12/2025,Vavnathivu_Batticalo,4729.389612
10/13/2025,Vavnathivu_Batticalo,4671.968109
10/14/2025,Vavnathivu_Batticalo,4582.378182
10/15/2025,Vavnathivu_Batticalo,4493.922958
10/16/2025,Vavnathivu_Batticalo,4380.986903
10/17/2025,Vavnathivu_Batticalo,4290.145199
10/18/2025,Vavnathivu_Batticalo,4224.383307
10/19/2025,Vavnathivu_Batticalo,4230.227048
10/20/2025,Vavnathivu_Batticalo,4241.986521
10/21/2025,Vavnathivu_Batticalo,4337.24263
10/22/2025,Vavnathivu_Batticalo,4434.637696
10/23/2025,Vavnathivu_Batticalo,4529.27992
10/24/2025,Vavnathivu_Batticalo,4610.525841
10/25/2025,Vavnathivu_Batticalo,4731.090086
10/26/2025,Vavnathivu_Batticalo,4871.182803
10/27/2025,Vavnathivu_Batticalo,4879.272005
10/28/2025,Vavnathivu_Batticalo,4937.213529
10/29/2025,Vavnathivu_Batticalo,4948.699351
10/30/2025,Vavnathivu_Batticalo,4976.839039
10/31/2025,Vavnathivu_Batticalo,4961.538137
11/1/2025,Vavnathivu_Batticalo,5018.989196
11/2/2025,Vavnathivu_Batticalo,5070.992468
11/3/2025,Vavnathivu_Batticalo,5049.317606
11/4/2025,Vavnathivu_Batticalo,4973.306252
11/5/2025,Vavnathivu_Batticalo,4853.604296
11/6/2025,Vavnathivu_Batticalo,4824.802973
11/7/2025,Vavnathivu_Batticalo,4778.589154
11/8/2025,Vavnathivu_Batticalo,4774.767967
11/9/2025,Vavnathivu_Batticalo,4756.646656
11/10/2025,Vavnathivu_Batticalo,4737.874761
11/11/2025,Vavnathivu_Batticalo,4752.813703
11/12/2025,Vavnathivu_Batticalo,4720.030422
11/13/2025,Vavnathivu_Batticalo,4677.714937
11/14/2025,Vavnathivu_Batticalo,4664.013404
11/15/2025,Vavnathivu_Batticalo,4677.168832
11/16/2025,Vavnathivu_Batticalo,4675.773082
11/17/2025,Vavnathivu_Batticalo,4680.46887
11/18/2025,Vavnathivu_Batticalo,4637.734201
11/19/2025,Vavnathivu_Batticalo,4606.795523
11/20/2025,Vavnathivu_Batticalo,4689.122381
11/21/2025,Vavnathivu_Batticalo,4695.655663
11/22/2025,Vavnathivu_Batticalo,4636.960979
11/23/2025,Vavnathivu_Batticalo,4596.948331
11/24/2025,Vavnathivu_Batticalo,4552.755392
11/25/2025,Vavnathivu_Batticalo,4454.543434
11/26/2025,Vavnathivu_Batticalo,4363.965563
11/27/2025,Vavnathivu_Batticalo,4281.576541
11/28/2025,Vavnathivu_Batticalo,4262.90867
11/29/2025,Vavnathivu_Batticalo,4202.838143
11/30/2025,Vavnathivu_Batticalo,4169.860728
12/1/2025,Vavnathivu_Batticalo,4128.63262
12/2/2025,Vavnathivu_Batticalo,4072.140584
12/3/2025,Vavnathivu_Batticalo,4029.877902
12/4/2025,Vavnathivu_Batticalo,4081.049073
12/5/2025,Vavnathivu_Batticalo,4155.775336
12/6/2025,Vavnathivu_Batticalo,4183.800217
12/7/2025,Vavnathivu_Batticalo,4228.02799
12/8/2025,Vavnathivu_Batticalo,4182.416283
12/9/2025,Vavnathivu_Batticalo,4192.686849
12/10/2025,Vavnathivu_Batticalo,4247.081316
12/11/2025,Vavnathivu_Batticalo,4219.655713
12/12/2025,Vavnathivu_Batticalo,4240.544367
12/13/2025,Vavnathivu_Batticalo,4346.008441
12/14/2025,Vavnathivu_Batticalo,4359.760546
12/15/2025,Vavnathivu_Batticalo,4286.528311
12/16/2025,Vavnathivu_Batticalo,4230.663819
12/17/2025,Vavnathivu_Batticalo,4187.529622
12/18/2025,Vavnathivu_Batticalo,4104.560917
12/19/2025,Vavnathivu_Batticalo,3973.724643
12/20/2025,Vavnathivu_Batticalo,3854.397206
12/21/2025,Vavnathivu_Batticalo,3751.61058
12/22/2025,Vavnathivu_Batticalo,3764.250251
12/23/2025,Vavnathivu_Batticalo,3735.558483
12/24/2025,Vavnathivu_Batticalo,3795.407385
12/25/2025,Vavnathivu_Batticalo,3791.39736
12/26/2025,Vavnathivu_Batticalo,3796.201573
12/27/2025,Vavnathivu_Batticalo,3805.434048
12/28/2025,Vavnathivu_Batticalo,3733.325056
12/29/2025,Vavnathivu_Batticalo,3775.875925
12/30/2025,Vavnathivu_Batticalo,3926.150481
12/31/2025,Vavnathivu_Batticalo,4023.83052
1/1/2026,Vavnathivu_Batticalo,4175.340231
1/2/2026,Vavnathivu_Batticalo,4279.881444
1/3/2026,Vavnathivu_Batticalo,4252.560671
1/4/2026,Vavnathivu_Batticalo,4155.846587
1/5/2026,Vavnathivu_Batticalo,3974.487471
1/6/2026,Vavnathivu_Batticalo,3802.645368
1/7/2026,Vavnathivu_Batticalo,3697.46338
1/8/2026,Vavnathivu_Batticalo,3633.478133
1/9/2026,Vavnathivu_Batticalo,3531.290164
1/10/2026,Vavnathivu_Batticalo,3410.304229
1/11/2026,Vavnathivu_Batticalo,3362.264968
1/12/2026,Vavnathivu_Batticalo,3267.097678
1/13/2026,Vavnathivu_Batticalo,3186.916993
1/14/2026,Vavnathivu_Batticalo,3163.258386
1/15/2026,Vavnathivu_Batticalo,3157.713898
1/16/2026,Vavnathivu_Batticalo,3169.85402
1/17/2026,Vavnathivu_Batticalo,3156.024506
1/18/2026,Vavnathivu_Batticalo,3261.100611
1/19/2026,Vavnathivu_Batticalo,3443.511755
1/20/2026,Vavnathivu_Batticalo,3449.464884
1/21/2026,Vavnathivu_Batticalo,3535.179031
1/22/2026,Vavnathivu_Batticalo,3617.020536
1/23/2026,Vavnathivu_Batticalo,3561.109276
1/24/2026,Vavnathivu_Batticalo,3482.590385
1/25/2026,Vavnathivu_Batticalo,3341.221664
1/26/2026,Vavnathivu_Batticalo,3375.252267
1/27/2026,Vavnathivu_Batticalo,3466.429351
1/28/2026,Vavnathivu_Batticalo,3424.591626
1/29/2026,Vavnathivu_Batticalo,3416.069245
1/30/2026,Vavnathivu_Batticalo,3422.492846
1/31/2026,Vavnathivu_Batticalo,3444.046951
2/1/2026,Vavnathivu_Batticalo,3426.315503
2/2/2026,Vavnathivu_Batticalo,3421.204519
2/3/2026,Vavnathivu_Batticalo,3471.768838
2/4/2026,Vavnathivu_Batticalo,3462.062936
2/5/2026,Vavnathivu_Batticalo,3492.388189
2/6/2026,Vavnathivu_Batticalo,3618.560171
2/7/2026,Vavnathivu_Batticalo,3772.761455
2/8/2026,Vavnathivu_Batticalo,3931.46334
2/9/2026,Vavnathivu_Batticalo,4011.60898
2/10/2026,Vavnathivu_Batticalo,4089.224507
2/11/2026,Vavnathivu_Batticalo,4072.400396
2/12/2026,Vavnathivu_Batticalo,3964.985755
2/13/2026,Vavnathivu_Batticalo,3945.655069
2/14/2026,Vavnathivu_Batticalo,3889.996286
2/15/2026,Vavnathivu_Batticalo,3939.074468
2/16/2026,Vavnathivu_Batticalo,3877.129037
2/17/2026,Vavnathivu_Batticalo,3827.307814
2/18/2026,Vavnathivu_Batticalo,3828.598409
2/19/2026,Vavnathivu_Batticalo,3764.369845
2/20/2026,Vavnathivu_Batticalo,3651.907024
2/21/2026,Vavnathivu_Batticalo,3629.28441
2/22/2026,Vavnathivu_Batticalo,3560.063433
2/23/2026,Vavnathivu_Batticalo,3545.36104
2/24/2026,Vavnathivu_Batticalo,3501.080681
2/25/2026,Vavnathivu_Batticalo,3578.96312
2/26/2026,Vavnathivu_Batticalo,3623.789039
2/27/2026,Vavnathivu_Batticalo,3581.800269
2/28/2026,Vavnathivu_Batticalo,3582.032168
3/1/2026,Vavnathivu_Batticalo,3547.237748
3/2/2026,Vavnathivu_Batticalo,3424.178267
3/3/2026,Vavnathivu_Batticalo,3298.211515
3/4/2026,Vavnathivu_Batticalo,3251.590212
3/5/2026,Vavnathivu_Batticalo,3245.388196
3/6/2026,Vavnathivu_Batticalo,3271.340468
3/7/2026,Vavnathivu_Batticalo,3337.534002
3/8/2026,Vavnathivu_Batticalo,3432.740378
3/9/2026,Vavnathivu_Batticalo,3554.273347
3/10/2026,Vavnathivu_Batticalo,3652.89728
3/11/2026,Vavnathivu_Batticalo,3734.459023
3/12/2026,Vavnathivu_Batticalo,3853.776865
3/13/2026,Vavnathivu_Batticalo,3980.321038
3/14/2026,Vavnathivu_Batticalo,4121.935197
3/15/2026,Vavnathivu_Batticalo,4280.620737
3/16/2026,Vavnathivu_Batticalo,4341.229894
3/17/2026,Vavnathivu_Batticalo,4489.59831
3/18/2026,Vavnathivu_Batticalo,4568.4637
3/19/2026,Vavnathivu_Batticalo,4685.645908
3/20/2026,Vavnathivu_Batticalo,4731.488212
3/21/2026,Vavnathivu_Batticalo,4763.954544
3/22/2026,Vavnathivu_Batticalo,4771.654554
3/23/2026,Vavnathivu_Batticalo,4765.759364
3/24/2026,Vavnathivu_Batticalo,4794.330397
3/25/2026,Vavnathivu_Batticalo,4779.279081
3/26/2026,Vavnathivu_Batticalo,4899.944582
3/27/2026,Vavnathivu_Batticalo,4976.158288
3/28/2026,Vavnathivu_Batticalo,5009.357103
3/29/2026,Vavnathivu_Batticalo,5056.776776
3/30/2026,Vavnathivu_Batticalo,5090.621488
3/31/2026,Vavnathivu_Batticalo,5124.642918
4/1/2026,Vavnathivu_Batticalo,5162.45937
4/2/2026,Vavnathivu_Batticalo,5171.144788
4/3/2026,Vavnathivu_Batticalo,5268.404806
4/4/2026,Vavnathivu_Batticalo,5273.78574
4/5/2026,Vavnathivu_Batticalo,5292.405667
4/6/2026,Vavnathivu_Batticalo,5271.54179
4/7/2026,Vavnathivu_Batticalo,5266.817696
4/8/2026,Vavnathivu_Batticalo,5215.4924
4/9/2026,Vavnathivu_Batticalo,5165.630044
4/10/2026,Vavnathivu_Batticalo,5151.302491
4/11/2026,Vavnathivu_Batticalo,5112.871521
4/12/2026,Vavnathivu_Batticalo,5034.465518
4/13/2026,Vavnathivu_Batticalo,4995.421508
4/14/2026,Vavnathivu_Batticalo,4957.772308
4/15/2026,Vavnathivu_Batticalo,5028.419628
4/16/2026,Vavnathivu_Batticalo,4985.451611
4/17/2026,Vavnathivu_Batticalo,4951.556064
4/18/2026,Vavnathivu_Batticalo,5082.355615
4/19/2026,Vavnathivu_Batticalo,5205.51971
4/20/2026,Vavnathivu_Batticalo,5242.995391
4/21/2026,Vavnathivu_Batticalo,5219.260311
4/22/2026,Vavnathivu_Batticalo,5285.870724
4/23/2026,Vavnathivu_Batticalo,5366.666409
4/24/2026,Vavnathivu_Batticalo,5317.04941
4/25/2026,Vavnathivu_Batticalo,5312.93801
4/26/2026,Vavnathivu_Batticalo,5289.777729
4/27/2026,Vavnathivu_Batticalo,5309.902266
4/28/2026,Vavnathivu_Batticalo,5429.757963
4/29/2026,Vavnathivu_Batticalo,5506.68107
4/30/2026,Vavnathivu_Batticalo,5536.078126
5/1/2026,Vavnathivu_Batticalo,5601.931219
5/2/2026,Vavnathivu_Batticalo,5660.873572
5/3/2026,Vavnathivu_Batticalo,5738.688138
5/4/2026,Vavnathivu_Batticalo,5759.081965
5/5/2026,Vavnathivu_Batticalo,5752.897649
5/6/2026,Vavnathivu_Batticalo,5773.941397
5/7/2026,Vavnathivu_Batticalo,5821.236012
5/8/2026,Vavnathivu_Batticalo,5966.145953
5/9/2026,Vavnathivu_Batticalo,5992.640274
5/10/2026,Vavnathivu_Batticalo,5899.822361
5/11/2026,Vavnathivu_Batticalo,5858.362728
5/12/2026,Vavnathivu_Batticalo,5906.286571
5/13/2026,Vavnathivu_Batticalo,5836.957115
5/14/2026,Vavnathivu_Batticalo,5758.648657
5/15/2026,Vavnathivu_Batticalo,5791.675392
5/16/2026,Vavnathivu_Batticalo,5753.926265
5/17/2026,Vavnathivu_Batticalo,5786.005582
5/18/2026,Vavnathivu_Batticalo,5896.119487
5/19/2026,Vavnathivu_Batticalo,5837.675735
5/20/2026,Vavnathivu_Batticalo,5894.163352
5/21/2026,Vavnathivu_Batticalo,5925.349809
5/22/2026,Vavnathivu_Batticalo,5889.019906
5/23/2026,Vavnathivu_Batticalo,5875.470433
5/24/2026,Vavnathivu_Batticalo,5843.16012
5/25/2026,Vavnathivu_Batticalo,5781.20006
5/26/2026,Vavnathivu_Batticalo,5763.064124
5/27/2026,Vavnathivu_Batticalo,5789.127085
5/28/2026,Vavnathivu_Batticalo,5844.087374
5/29/2026,Vavnathivu_Batticalo,5783.188463
5/30/2026,Vavnathivu_Batticalo,5779.736962
5/31/2026,Vavnathivu_Batticalo,5818.421148
6/1/2026,Vavnathivu_Batticalo,5841.389498
6/2/2026,Vavnathivu_Batticalo,5805.300858
6/3/2026,Vavnathivu_Batticalo,5790.14597
6/4/2026,Vavnathivu_Batticalo,5768.052046
6/5/2026,Vavnathivu_Batticalo,5644.676479
6/6/2026,Vavnathivu_Batticalo,5633.038051
6/7/2026,Vavnathivu_Batticalo,5648.873201
6/8/2026,Vavnathivu_Batticalo,5611.362916
6/9/2026,Vavnathivu_Batticalo,5624.675646
6/10/2026,Vavnathivu_Batticalo,5580.847211
6/11/2026,Vavnathivu_Batticalo,5527.445913
6/12/2026,Vavnathivu_Batticalo,5561.416968
6/13/2026,Vavnathivu_Batticalo,5572.094125
6/14/2026,Vavnathivu_Batticalo,5584.976177
6/15/2026,Vavnathivu_Batticalo,5634.719148
6/16/2026,Vavnathivu_Batticalo,5711.681293
6/17/2026,Vavnathivu_Batticalo,5812.405291
6/18/2026,Vavnathivu_Batticalo,5882.268552
6/19/2026,Vavnathivu_Batticalo,5977.456674
6/20/2026,Vavnathivu_Batticalo,6055.823829
6/21/2026,Vavnathivu_Batticalo,6051.598594
6/22/2026,Vavnathivu_Batticalo,6021.893356
6/23/2026,Vavnathivu_Batticalo,5997.649852
6/24/2026,Vavnathivu_Batticalo,6020.217457
6/25/2026,Vavnathivu_Batticalo,5980.785242
6/26/2026,Vavnathivu_Batticalo,5947.176667
6/27/2026,Vavnathivu_Batticalo,5855.157215
6/28/2026,Vavnathivu_Batticalo,5787.259595
6/29/2026,Vavnathivu_Batticalo,5671.662903
6/30/2026,Vavnathivu_Batticalo,5569.42261
7/1/2026,Vavnathivu_Batticalo,5444.974516
7/2/2026,Vavnathivu_Batticalo,5404.603395
7/3/2026,Vavnathivu_Batticalo,5326.659209
7/4/2026,Vavnathivu_Batticalo,5363.885773
7/5/2026,Vavnathivu_Batticalo,5356.30579
7/6/2026,Vavnathivu_Batticalo,5406.294048
7/7/2026,Vavnathivu_Batticalo,5469.890028
7/8/2026,Vavnathivu_Batticalo,5494.141521
7/9/2026,Vavnathivu_Batticalo,5515.302972
7/10/2026,Vavnathivu_Batticalo,5525.773141
7/11/2026,Vavnathivu_Batticalo,5530.477829
7/12/2026,Vavnathivu_Batticalo,5633.707317
7/13/2026,Vavnathivu_Batticalo,5798.330515
7/14/2026,Vavnathivu_Batticalo,5880.387773
7/15/2026,Vavnathivu_Batticalo,5943.329461
7/16/2026,Vavnathivu_Batticalo,5970.162759
7/17/2026,Vavnathivu_Batticalo,5922.712254
7/18/2026,Vavnathivu_Batticalo,5949.87224
7/19/2026,Vavnathivu_Batticalo,5811.605376
7/20/2026,Vavnathivu_Batticalo,5692.640647
7/21/2026,Vavnathivu_Batticalo,5620.387925
7/22/2026,Vavnathivu_Batticalo,5490.712298
7/23/2026,Vavnathivu_Batticalo,5353.293009
7/24/2026,Vavnathivu_Batticalo,5301.919727
7/25/2026,Vavnathivu_Batticalo,5103.611646
7/26/2026,Vavnathivu_Batticalo,4925.334196
7/27/2026,Vavnathivu_Batticalo,4690.09179
7/28/2026,Vavnathivu_Batticalo,4522.642216
7/29/2026,Vavnathivu_Batticalo,4407.341079
7/30/2026,Vavnathivu_Batticalo,4365.147649
7/31/2026,Vavnathivu_Batticalo,4367.288224
8/1/2026,Vavnathivu_Batticalo,4457.633442
8/2/2026,Vavnathivu_Batticalo,4557.722964
8/3/2026,Vavnathivu_Batticalo,4585.098405
8/4/2026,Vavnathivu_Batticalo,4740.886905
8/5/2026,Vavnathivu_Batticalo,4836.283112
8/6/2026,Vavnathivu_Batticalo,4915.469585
8/7/2026,Vavnathivu_Batticalo,5058.193195
8/8/2026,Vavnathivu_Batticalo,5107.292821
8/9/2026,Vavnathivu_Batticalo,5154.358812
8/10/2026,Vavnathivu_Batticalo,5212.360759
8/11/2026,Vavnathivu_Batticalo,5156.125755
8/12/2026,Vavnathivu_Batticalo,5167.52465
8/13/2026,Vavnathivu_Batticalo,5172.645312
8/14/2026,Vavnathivu_Batticalo,5151.641946
8/15/2026,Vavnathivu_Batticalo,5074.233336
8/16/2026,Vavnathivu_Batticalo,5017.376451
8/17/2026,Vavnathivu_Batticalo,4990.243109
8/18/2026,Vavnathivu_Batticalo,4998.46045
8/19/2026,Vavnathivu_Batticalo,4946.861811
8/20/2026,Vavnathivu_Batticalo,4868.604037
8/21/2026,Vavnathivu_Batticalo,4863.90092
8/22/2026,Vavnathivu_Batticalo,4848.418031
8/23/2026,Vavnathivu_Batticalo,4763.106168
8/24/2026,Vavnathivu_Batticalo,4771.003529
8/25/2026,Vavnathivu_Batticalo,4760.070058
8/26/2026,Vavnathivu_Batticalo,4791.591981
8/27/2026,Vavnathivu_Batticalo,4735.560231
8/28/2026,Vavnathivu_Batticalo,4704.735833
8/29/2026,Vavnathivu_Batticalo,4664.992063
8/30/2026,Vavnathivu_Batticalo,4668.003689
8/31/2026,Vavnathivu_Batticalo,4644.552667
9/1/2026,Vavnathivu_Batticalo,4636.925678
9/2/2026,Vavnathivu_Batticalo,4653.5318
9/3/2026,Vavnathivu_Batticalo,4654.426983
9/4/2026,Vavnathivu_Batticalo,4636.882928
9/5/2026,Vavnathivu_Batticalo,4650.137412
9/6/2026,Vavnathivu_Batticalo,4603.80159
9/7/2026,Vavnathivu_Batticalo,4607.72851
9/8/2026,Vavnathivu_Batticalo,4535.854595
9/9/2026,Vavnathivu_Batticalo,4541.939146
9/10/2026,Vavnathivu_Batticalo,4602.210539
9/11/2026,Vavnathivu_Batticalo,4609.291771
9/12/2026,Vavnathivu_Batticalo,4592.284713
9/13/2026,Vavnathivu_Batticalo,4637.098551
9/14/2026,Vavnathivu_Batticalo,4673.317366
9/15/2026,Vavnathivu_Batticalo,4750.199955
9/16/2026,Vavnathivu_Batticalo,4813.26077
9/17/2026,Vavnathivu_Batticalo,4850.942715
9/18/2026,Vavnathivu_Batticalo,4847.781198
9/19/2026,Vavnathivu_Batticalo,4846.028677
9/20/2026,Vavnathivu_Batticalo,4792.795831
9/21/2026,Vavnathivu_Batticalo,4761.134253
9/22/2026,Vavnathivu_Batticalo,4774.108837
9/23/2026,Vavnathivu_Batticalo,4727.636073
9/24/2026,Vavnathivu_Batticalo,4668.831576
9/25/2026,Vavnathivu_Batticalo,4573.238002
9/26/2026,Vavnathivu_Batticalo,4492.093233
9/27/2026,Vavnathivu_Batticalo,4457.861985
9/28/2026,Vavnathivu_Batticalo,4431.088583
9/29/2026,Vavnathivu_Batticalo,4429.491164
9/30/2026,Vavnathivu_Batticalo,4443.562829
10/1/2026,Vavnathivu_Batticalo,4457.070817
10/2/2026,Vavnathivu_Batticalo,4514.575859
10/3/2026,Vavnathivu_Batticalo,4609.366545
10/4/2026,Vavnathivu_Batticalo,4647.196683
10/5/2026,Vavnathivu_Batticalo,4739.511525
10/6/2026,Vavnathivu_Batticalo,4780.013853
10/7/2026,Vavnathivu_Batticalo,4728.237592
10/8/2026,Vavnathivu_Batticalo,4773.665016
10/9/2026,Vavnathivu_Batticalo,4736.64449
10/10/2026,Vavnathivu_Batticalo,4690.80411
10/11/2026,Vavnathivu_Batticalo,4665.951452
10/12/2026,Vavnathivu_Batticalo,4642.088487
10/13/2026,Vavnathivu_Batticalo,4517.952635
10/14/2026,Vavnathivu_Batticalo,4445.139377
10/15/2026,Vavnathivu_Batticalo,4389.709226
10/16/2026,Vavnathivu_Batticalo,4360.695853
10/17/2026,Vavnathivu_Batticalo,4334.339558
10/18/2026,Vavnathivu_Batticalo,4278.581144
10/19/2026,Vavnathivu_Batticalo,4266.802865
10/20/2026,Vavnathivu_Batticalo,4234.122695
10/21/2026,Vavnathivu_Batticalo,4249.210279
10/22/2026,Vavnathivu_Batticalo,4204.315699
10/23/2026,Vavnathivu_Batticalo,4220.224538
10/24/2026,Vavnathivu_Batticalo,4211.903608
10/25/2026,Vavnathivu_Batticalo,4286.40016
10/26/2026,Vavnathivu_Batticalo,4315.636981
10/27/2026,Vavnathivu_Batticalo,4346.465726
10/28/2026,Vavnathivu_Batticalo,4427.090697
10/29/2026,Vavnathivu_Batticalo,4489.272337
10/30/2026,Vavnathivu_Batticalo,4596.759308
10/31/2026,Vavnathivu_Batticalo,4725.423915
11/1/2026,Vavnathivu_Batticalo,4799.577796
11/2/2026,Vavnathivu_Batticalo,4814.639959
11/3/2026,Vavnathivu_Batticalo,4943.276486
11/4/2026,Vavnathivu_Batticalo,4970.047825
11/5/2026,Vavnathivu_Batticalo,5062.577265
11/6/2026,Vavnathivu_Batticalo,5119.354004
11/7/2026,Vavnathivu_Batticalo,5155.845103
11/8/2026,Vavnathivu_Batticalo,5243.068346
11/9/2026,Vavnathivu_Batticalo,5144.933182
11/10/2026,Vavnathivu_Batticalo,5113.556175
11/11/2026,Vavnathivu_Batticalo,5075.339639
11/12/2026,Vavnathivu_Batticalo,5160.773712
11/13/2026,Vavnathivu_Batticalo,5051.69641
11/14/2026,Vavnathivu_Batticalo,4955.029591
11/15/2026,Vavnathivu_Batticalo,4828.782652
11/16/2026,Vavnathivu_Batticalo,4699.205192
11/17/2026,Vavnathivu_Batticalo,4636.417191
11/18/2026,Vavnathivu_Batticalo,4594.302333
11/19/2026,Vavnathivu_Batticalo,4528.554028
11/20/2026,Vavnathivu_Batticalo,4449.918559
11/21/2026,Vavnathivu_Batticalo,4319.943119
11/22/2026,Vavnathivu_Batticalo,4256.889368
11/23/2026,Vavnathivu_Batticalo,4270.57273
11/24/2026,Vavnathivu_Batticalo,4221.214195
11/25/2026,Vavnathivu_Batticalo,4301.633458
11/26/2026,Vavnathivu_Batticalo,4394.009854
11/27/2026,Vavnathivu_Batticalo,4456.708812
11/28/2026,Vavnathivu_Batticalo,4521.436789
11/29/2026,Vavnathivu_Batticalo,4608.866167
11/30/2026,Vavnathivu_Batticalo,4834.087655
12/1/2026,Vavnathivu_Batticalo,4892.748105
12/2/2026,Vavnathivu_Batticalo,4944.118954
12/3/2026,Vavnathivu_Batticalo,4892.425367
12/4/2026,Vavnathivu_Batticalo,4933.964304
12/5/2026,Vavnathivu_Batticalo,4955.630391
12/6/2026,Vavnathivu_Batticalo,4992.83336
12/7/2026,Vavnathivu_Batticalo,5008.933854
12/8/2026,Vavnathivu_Batticalo,5018.170641
12/9/2026,Vavnathivu_Batticalo,5013.352212
12/10/2026,Vavnathivu_Batticalo,4962.756734
12/11/2026,Vavnathivu_Batticalo,4892.190863
12/12/2026,Vavnathivu_Batticalo,4822.875309
12/13/2026,Vavnathivu_Batticalo,4783.792466
12/14/2026,Vavnathivu_Batticalo,4721.600299
12/15/2026,Vavnathivu_Batticalo,4716.669605
12/16/2026,Vavnathivu_Batticalo,4740.594256
12/17/2026,Vavnathivu_Batticalo,4794.847841
12/18/2026,Vavnathivu_Batticalo,4839.030043
12/19/2026,Vavnathivu_Batticalo,4969.893795
12/20/2026,Vavnathivu_Batticalo,5036.05744
12/21/2026,Vavnathivu_Batticalo,5012.237942
12/22/2026,Vavnathivu_Batticalo,5100.878369
12/23/2026,Vavnathivu_Batticalo,5174.549227
12/24/2026,Vavnathivu_Batticalo,5292.617308
12/25/2026,Vavnathivu_Batticalo,5414.657346
12/26/2026,Vavnathivu_Batticalo,5541.571184
12/27/2026,Vavnathivu_Batticalo,5622.441854
12/28/2026,Vavnathivu_Batticalo,5714.187664
12/29/2026,Vavnathivu_Batticalo,5752.520998
12/30/2026,Vavnathivu_Batticalo,5800.839157
12/31/2026,Vavnathivu_Batticalo,5770.218243
1/1/2027,Vavnathivu_Batticalo,5723.260754
1/2/2027,Vavnathivu_Batticalo,5726.326429
1/3/2027,Vavnathivu_Batticalo,5672.333669
1/4/2027,Vavnathivu_Batticalo,5599.547164
1/5/2027,Vavnathivu_Batticalo,5596.184487
1/6/2027,Vavnathivu_Batticalo,5584.600633
1/7/2027,Vavnathivu_Batticalo,5474.110431
1/8/2027,Vavnathivu_Batticalo,5412.255763
1/9/2027,Vavnathivu_Batticalo,5361.281911
1/10/2027,Vavnathivu_Batticalo,5356.268544
1/11/2027,Vavnathivu_Batticalo,5319.095861
1/12/2027,Vavnathivu_Batticalo,5236.608103
1/13/2027,Vavnathivu_Batticalo,5251.0581
1/14/2027,Vavnathivu_Batticalo,5269.752257
1/15/2027,Vavnathivu_Batticalo,5273.956444
1/16/2027,Vavnathivu_Batticalo,5283.463859
1/17/2027,Vavnathivu_Batticalo,5245.962891
1/18/2027,Vavnathivu_Batticalo,5182.04176
1/19/2027,Vavnathivu_Batticalo,5073.340235
1/20/2027,Vavnathivu_Batticalo,4938.227681
1/21/2027,Vavnathivu_Batticalo,4827.468877
1/22/2027,Vavnathivu_Batticalo,4813.111849
1/23/2027,Vavnathivu_Batticalo,4700.647411
1/24/2027,Vavnathivu_Batticalo,4573.906362
1/25/2027,Vavnathivu_Batticalo,4540.905638
1/26/2027,Vavnathivu_Batticalo,4510.90213
1/27/2027,Vavnathivu_Batticalo,4382.885243
1/28/2027,Vavnathivu_Batticalo,4391.477661
1/29/2027,Vavnathivu_Batticalo,4430.477308
1/30/2027,Vavnathivu_Batticalo,4443.15185
1/31/2027,Vavnathivu_Batticalo,4441.921049
2/1/2027,Vavnathivu_Batticalo,4409.375723
2/2/2027,Vavnathivu_Batticalo,4471.95018
2/3/2027,Vavnathivu_Batticalo,4493.868854
2/4/2027,Vavnathivu_Batticalo,4521.46629
2/5/2027,Vavnathivu_Batticalo,4618.594024
2/6/2027,Vavnathivu_Batticalo,4758.034632
2/7/2027,Vavnathivu_Batticalo,4773.83371
2/8/2027,Vavnathivu_Batticalo,4748.428014
2/9/2027,Vavnathivu_Batticalo,4824.80334
2/10/2027,Vavnathivu_Batticalo,4829.756473
2/11/2027,Vavnathivu_Batticalo,4828.310396
2/12/2027,Vavnathivu_Batticalo,4673.768291
2/13/2027,Vavnathivu_Batticalo,4608.381752
2/14/2027,Vavnathivu_Batticalo,4574.23469
2/15/2027,Vavnathivu_Batticalo,4574.98019
2/16/2027,Vavnathivu_Batticalo,4473.511989
2/17/2027,Vavnathivu_Batticalo,4445.13023
2/18/2027,Vavnathivu_Batticalo,4451.947211
2/19/2027,Vavnathivu_Batticalo,4448.126719
2/20/2027,Vavnathivu_Batticalo,4448.50197
2/21/2027,Vavnathivu_Batticalo,4425.375498
2/22/2027,Vavnathivu_Batticalo,4501.169595
2/23/2027,Vavnathivu_Batticalo,4600.715592
2/24/2027,Vavnathivu_Batticalo,4722.94078
2/25/2027,Vavnathivu_Batticalo,4889.249342
2/26/2027,Vavnathivu_Batticalo,5010.974955
2/27/2027,Vavnathivu_Batticalo,4941.949962
2/28/2027,Vavnathivu_Batticalo,4881.733712
3/1/2027,Vavnathivu_Batticalo,4740.534995
3/2/2027,Vavnathivu_Batticalo,4477.782716
3/3/2027,Vavnathivu_Batticalo,4262.610047
3/4/2027,Vavnathivu_Batticalo,4063.484436
3/5/2027,Vavnathivu_Batticalo,3919.50902
3/6/2027,Vavnathivu_Batticalo,3754.591655
3/7/2027,Vavnathivu_Batticalo,3573.055653
3/8/2027,Vavnathivu_Batticalo,3416.245916
3/9/2027,Vavnathivu_Batticalo,3290.544382
3/10/2027,Vavnathivu_Batticalo,3324.658189
3/11/2027,Vavnathivu_Batticalo,3395.686769
3/12/2027,Vavnathivu_Batticalo,3472.222879
3/13/2027,Vavnathivu_Batticalo,3524.401788
3/14/2027,Vavnathivu_Batticalo,3623.870556
3/15/2027,Vavnathivu_Batticalo,3723.539352
3/16/2027,Vavnathivu_Batticalo,3838.552362
3/17/2027,Vavnathivu_Batticalo,4013.140133
3/18/2027,Vavnathivu_Batticalo,4152.298852
3/19/2027,Vavnathivu_Batticalo,4193.912607
3/20/2027,Vavnathivu_Batticalo,4123.24801
3/21/2027,Vavnathivu_Batticalo,3963.692499
3/22/2027,Vavnathivu_Batticalo,3868.382476
3/23/2027,Vavnathivu_Batticalo,3820.512974
3/24/2027,Vavnathivu_Batticalo,3694.508167
3/25/2027,Vavnathivu_Batticalo,3600.376252
3/26/2027,Vavnathivu_Batticalo,3515.601379
3/27/2027,Vavnathivu_Batticalo,3455.465305
3/28/2027,Vavnathivu_Batticalo,3422.742348
3/29/2027,Vavnathivu_Batticalo,3406.278814
3/30/2027,Vavnathivu_Batticalo,3510.329773
3/31/2027,Vavnathivu_Batticalo,3498.943154
4/1/2027,Vavnathivu_Batticalo,3491.498798
4/2/2027,Vavnathivu_Batticalo,3551.032586
4/3/2027,Vavnathivu_Batticalo,3619.77504
4/4/2027,Vavnathivu_Batticalo,3754.880689
4/5/2027,Vavnathivu_Batticalo,4003.95805
4/6/2027,Vavnathivu_Batticalo,4217.606043
4/7/2027,Vavnathivu_Batticalo,4286.077216
4/8/2027,Vavnathivu_Batticalo,4260.143371
4/9/2027,Vavnathivu_Batticalo,4193.444325
4/10/2027,Vavnathivu_Batticalo,4175.275324
4/11/2027,Vavnathivu_Batticalo,4121.642011
4/12/2027,Vavnathivu_Batticalo,4008.384237
4/13/2027,Vavnathivu_Batticalo,3895.782712
4/14/2027,Vavnathivu_Batticalo,3880.816802
4/15/2027,Vavnathivu_Batticalo,3800.209373
4/16/2027,Vavnathivu_Batticalo,3732.348144
4/17/2027,Vavnathivu_Batticalo,3755.965857
4/18/2027,Vavnathivu_Batticalo,3755.281253
4/19/2027,Vavnathivu_Batticalo,3728.799591
4/20/2027,Vavnathivu_Batticalo,3626.572445
4/21/2027,Vavnathivu_Batticalo,3645.461326
4/22/2027,Vavnathivu_Batticalo,3650.203171
4/23/2027,Vavnathivu_Batticalo,3611.493092
4/24/2027,Vavnathivu_Batticalo,3631.327891
4/25/2027,Vavnathivu_Batticalo,3703.019318
4/26/2027,Vavnathivu_Batticalo,3609.88273
4/27/2027,Vavnathivu_Batticalo,3485.688251
4/28/2027,Vavnathivu_Batticalo,3451.075653
4/29/2027,Vavnathivu_Batticalo,3440.545817
4/30/2027,Vavnathivu_Batticalo,3486.214459
5/1/2027,Vavnathivu_Batticalo,3486.924709
5/2/2027,Vavnathivu_Batticalo,3551.020171
5/3/2027,Vavnathivu_Batticalo,3643.061305
5/4/2027,Vavnathivu_Batticalo,3762.32393
5/5/2027,Vavnathivu_Batticalo,3826.3709
5/6/2027,Vavnathivu_Batticalo,3972.68169
5/7/2027,Vavnathivu_Batticalo,4199.062403
5/8/2027,Vavnathivu_Batticalo,4273.405418
5/9/2027,Vavnathivu_Batticalo,4302.807228
5/10/2027,Vavnathivu_Batticalo,4327.523867
5/11/2027,Vavnathivu_Batticalo,4460.548999
5/12/2027,Vavnathivu_Batticalo,4565.245784
5/13/2027,Vavnathivu_Batticalo,4645.349596
5/14/2027,Vavnathivu_Batticalo,4716.469633
5/15/2027,Vavnathivu_Batticalo,4801.099646
5/16/2027,Vavnathivu_Batticalo,4789.642475
5/17/2027,Vavnathivu_Batticalo,4825.10032
5/18/2027,Vavnathivu_Batticalo,4869.1036
5/19/2027,Vavnathivu_Batticalo,4885.442741
5/20/2027,Vavnathivu_Batticalo,5030.931689
5/21/2027,Vavnathivu_Batticalo,5107.78827
5/22/2027,Vavnathivu_Batticalo,5165.936427
5/23/2027,Vavnathivu_Batticalo,5168.473138
5/24/2027,Vavnathivu_Batticalo,5149.789379
5/25/2027,Vavnathivu_Batticalo,5100.628369
5/26/2027,Vavnathivu_Batticalo,5026.029785
5/27/2027,Vavnathivu_Batticalo,4956.128726
5/28/2027,Vavnathivu_Batticalo,4917.008787
5/29/2027,Vavnathivu_Batticalo,4862.12675
5/30/2027,Vavnathivu_Batticalo,4902.348018
5/31/2027,Vavnathivu_Batticalo,4953.368501
6/1/2027,Vavnathivu_Batticalo,4883.924788
6/2/2027,Vavnathivu_Batticalo,4910.663628
6/3/2027,Vavnathivu_Batticalo,4928.973242
6/4/2027,Vavnathivu_Batticalo,4854.739441
6/5/2027,Vavnathivu_Batticalo,4724.670786
6/6/2027,Vavnathivu_Batticalo,4698.560807
6/7/2027,Vavnathivu_Batticalo,4744.994306
6/8/2027,Vavnathivu_Batticalo,4758.279907
6/9/2027,Vavnathivu_Batticalo,4842.447517
6/10/2027,Vavnathivu_Batticalo,4786.43426
6/11/2027,Vavnathivu_Batticalo,4770.539483
6/12/2027,Vavnathivu_Batticalo,4814.793556
6/13/2027,Vavnathivu_Batticalo,4879.2692
6/14/2027,Vavnathivu_Batticalo,4941.637556
6/15/2027,Vavnathivu_Batticalo,4956.756564
6/16/2027,Vavnathivu_Batticalo,5034.730459
6/17/2027,Vavnathivu_Batticalo,5100.952361
6/18/2027,Vavnathivu_Batticalo,5079.214298
6/19/2027,Vavnathivu_Batticalo,5066.817186
6/20/2027,Vavnathivu_Batticalo,5105.446394
6/21/2027,Vavnathivu_Batticalo,5160.789416
6/22/2027,Vavnathivu_Batticalo,5283.171619
6/23/2027,Vavnathivu_Batticalo,5263.833559
6/24/2027,Vavnathivu_Batticalo,5241.85893
6/25/2027,Vavnathivu_Batticalo,5303.264066
6/26/2027,Vavnathivu_Batticalo,5406.23921
6/27/2027,Vavnathivu_Batticalo,5459.875874
6/28/2027,Vavnathivu_Batticalo,5433.292623
6/29/2027,Vavnathivu_Batticalo,5440.335805
6/30/2027,Vavnathivu_Batticalo,5468.803799
7/1/2027,Vavnathivu_Batticalo,5489.460903
7/2/2027,Vavnathivu_Batticalo,5531.978147
7/3/2027,Vavnathivu_Batticalo,5576.963416
7/4/2027,Vavnathivu_Batticalo,5572.959932
7/5/2027,Vavnathivu_Batticalo,5537.69308
7/6/2027,Vavnathivu_Batticalo,5478.30671
7/7/2027,Vavnathivu_Batticalo,5392.7143
7/8/2027,Vavnathivu_Batticalo,5327.379184
7/9/2027,Vavnathivu_Batticalo,5271.154957
7/10/2027,Vavnathivu_Batticalo,5336.208968
7/11/2027,Vavnathivu_Batticalo,5350.75747
7/12/2027,Vavnathivu_Batticalo,5367.007525
7/13/2027,Vavnathivu_Batticalo,5344.337256
7/14/2027,Vavnathivu_Batticalo,5355.268563
7/15/2027,Vavnathivu_Batticalo,5386.452419
7/16/2027,Vavnathivu_Batticalo,5423.46262
7/17/2027,Vavnathivu_Batticalo,5402.41787
7/18/2027,Vavnathivu_Batticalo,5474.955121
7/19/2027,Vavnathivu_Batticalo,5466.073808
7/20/2027,Vavnathivu_Batticalo,5457.525349
7/21/2027,Vavnathivu_Batticalo,5382.204309
7/22/2027,Vavnathivu_Batticalo,5362.116984
7/23/2027,Vavnathivu_Batticalo,5341.790338
7/24/2027,Vavnathivu_Batticalo,5248.644793
7/25/2027,Vavnathivu_Batticalo,5233.821317
7/26/2027,Vavnathivu_Batticalo,5181.525906
7/27/2027,Vavnathivu_Batticalo,5181.532506
7/28/2027,Vavnathivu_Batticalo,5113.602757
7/29/2027,Vavnathivu_Batticalo,5141.832198
7/30/2027,Vavnathivu_Batticalo,5191.500332
7/31/2027,Vavnathivu_Batticalo,5172.699068
8/1/2027,Vavnathivu_Batticalo,5211.05649
8/2/2027,Vavnathivu_Batticalo,5217.748285
8/3/2027,Vavnathivu_Batticalo,5268.370709
8/4/2027,Vavnathivu_Batticalo,5314.918403
8/5/2027,Vavnathivu_Batticalo,5388.004053
8/6/2027,Vavnathivu_Batticalo,5379.960693
8/7/2027,Vavnathivu_Batticalo,5405.658272
8/8/2027,Vavnathivu_Batticalo,5379.409176
8/9/2027,Vavnathivu_Batticalo,5365.295621
8/10/2027,Vavnathivu_Batticalo,5345.61888
8/11/2027,Vavnathivu_Batticalo,5325.049036
8/12/2027,Vavnathivu_Batticalo,5292.645454
8/13/2027,Vavnathivu_Batticalo,5240.99577
8/14/2027,Vavnathivu_Batticalo,5323.380552
8/15/2027,Vavnathivu_Batticalo,5298.297
8/16/2027,Vavnathivu_Batticalo,5321.462335
8/17/2027,Vavnathivu_Batticalo,5309.119355
8/18/2027,Vavnathivu_Batticalo,5321.373753
8/19/2027,Vavnathivu_Batticalo,5259.294651
8/20/2027,Vavnathivu_Batticalo,5216.378265
8/21/2027,Vavnathivu_Batticalo,5258.471473
8/22/2027,Vavnathivu_Batticalo,5214.96763
8/23/2027,Vavnathivu_Batticalo,5217.565187
8/24/2027,Vavnathivu_Batticalo,5234.976222
8/25/2027,Vavnathivu_Batticalo,5272.894922
8/26/2027,Vavnathivu_Batticalo,5243.69805
8/27/2027,Vavnathivu_Batticalo,5175.035239
8/28/2027,Vavnathivu_Batticalo,5181.101557
8/29/2027,Vavnathivu_Batticalo,5152.092783
8/30/2027,Vavnathivu_Batticalo,5164.434991
8/31/2027,Vavnathivu_Batticalo,5141.787472
9/1/2027,Vavnathivu_Batticalo,5122.801465
9/2/2027,Vavnathivu_Batticalo,5100.889276
9/3/2027,Vavnathivu_Batticalo,5140.37669
9/4/2027,Vavnathivu_Batticalo,5086.757006
9/5/2027,Vavnathivu_Batticalo,5124.834019
9/6/2027,Vavnathivu_Batticalo,5187.974696
9/7/2027,Vavnathivu_Batticalo,5175.614563
9/8/2027,Vavnathivu_Batticalo,5230.071348
9/9/2027,Vavnathivu_Batticalo,5293.685244
9/10/2027,Vavnathivu_Batticalo,5341.353876
9/11/2027,Vavnathivu_Batticalo,5351.701453
9/12/2027,Vavnathivu_Batticalo,5344.607165
9/13/2027,Vavnathivu_Batticalo,5307.147423
9/14/2027,Vavnathivu_Batticalo,5296.34002
9/15/2027,Vavnathivu_Batticalo,5182.059927
9/16/2027,Vavnathivu_Batticalo,5015.420479
9/17/2027,Vavnathivu_Batticalo,4866.810164
9/18/2027,Vavnathivu_Batticalo,4799.551341
9/19/2027,Vavnathivu_Batticalo,4751.254028
9/20/2027,Vavnathivu_Batticalo,4657.769458
9/21/2027,Vavnathivu_Batticalo,4594.843571
9/22/2027,Vavnathivu_Batticalo,4549.098662
9/23/2027,Vavnathivu_Batticalo,4557.140138
9/24/2027,Vavnathivu_Batticalo,4562.311801
9/25/2027,Vavnathivu_Batticalo,4623.711319
9/26/2027,Vavnathivu_Batticalo,4712.025893
9/27/2027,Vavnathivu_Batticalo,4694.905758
9/28/2027,Vavnathivu_Batticalo,4715.311854
9/29/2027,Vavnathivu_Batticalo,4801.922819
9/30/2027,Vavnathivu_Batticalo,4833.177701
10/1/2027,Vavnathivu_Batticalo,4876.086091
10/2/2027,Vavnathivu_Batticalo,4924.730004
10/3/2027,Vavnathivu_Batticalo,4955.657088
10/4/2027,Vavnathivu_Batticalo,5042.043104
10/5/2027,Vavnathivu_Batticalo,4976.027746
10/6/2027,Vavnathivu_Batticalo,4968.001822
10/7/2027,Vavnathivu_Batticalo,4991.615326
10/8/2027,Vavnathivu_Batticalo,5101.009281
10/9/2027,Vavnathivu_Batticalo,5105.685306
10/10/2027,Vavnathivu_Batticalo,5003.516239
10/11/2027,Vavnathivu_Batticalo,5023.99844
10/12/2027,Vavnathivu_Batticalo,5050.624298
10/13/2027,Vavnathivu_Batticalo,5005.682091
10/14/2027,Vavnathivu_Batticalo,4988.204796
10/15/2027,Vavnathivu_Batticalo,4965.523055
10/16/2027,Vavnathivu_Batticalo,4917.322297
10/17/2027,Vavnathivu_Batticalo,4824.382465
10/18/2027,Vavnathivu_Batticalo,4828.521125
10/19/2027,Vavnathivu_Batticalo,4836.381227
10/20/2027,Vavnathivu_Batticalo,4884.75267
10/21/2027,Vavnathivu_Batticalo,4882.390181
10/22/2027,Vavnathivu_Batticalo,4887.612891
10/23/2027,Vavnathivu_Batticalo,4872.374028
10/24/2027,Vavnathivu_Batticalo,4902.941268
10/25/2027,Vavnathivu_Batticalo,4880.156189
10/26/2027,Vavnathivu_Batticalo,4882.015881
10/27/2027,Vavnathivu_Batticalo,4928.263844
10/28/2027,Vavnathivu_Batticalo,4956.695934
10/29/2027,Vavnathivu_Batticalo,4984.194682
10/30/2027,Vavnathivu_Batticalo,4945.790689
10/31/2027,Vavnathivu_Batticalo,4974.851994
11/1/2027,Vavnathivu_Batticalo,4926.221176
11/2/2027,Vavnathivu_Batticalo,4921.450181
11/3/2027,Vavnathivu_Batticalo,4911.230788
11/4/2027,Vavnathivu_Batticalo,4921.364357
11/5/2027,Vavnathivu_Batticalo,4870.382643
11/6/2027,Vavnathivu_Batticalo,4836.357893
11/7/2027,Vavnathivu_Batticalo,4829.714482
11/8/2027,Vavnathivu_Batticalo,4692.32314
11/9/2027,Vavnathivu_Batticalo,4724.554482
11/10/2027,Vavnathivu_Batticalo,4696.884895
11/11/2027,Vavnathivu_Batticalo,4680.321501
11/12/2027,Vavnathivu_Batticalo,4685.430182
11/13/2027,Vavnathivu_Batticalo,4661.712092
11/14/2027,Vavnathivu_Batticalo,4665.502091
11/15/2027,Vavnathivu_Batticalo,4662.189829
11/16/2027,Vavnathivu_Batticalo,4766.097244
11/17/2027,Vavnathivu_Batticalo,4781.250517
11/18/2027,Vavnathivu_Batticalo,4837.285977
11/19/2027,Vavnathivu_Batticalo,4796.499344
11/20/2027,Vavnathivu_Batticalo,4773.87548
11/21/2027,Vavnathivu_Batticalo,4756.54834
11/22/2027,Vavnathivu_Batticalo,4826.617531
11/23/2027,Vavnathivu_Batticalo,4795.032409
11/24/2027,Vavnathivu_Batticalo,4868.609735
11/25/2027,Vavnathivu_Batticalo,4860.123704
11/26/2027,Vavnathivu_Batticalo,4826.550484
11/27/2027,Vavnathivu_Batticalo,4861.565433
11/28/2027,Vavnathivu_Batticalo,4778.052632
11/29/2027,Vavnathivu_Batticalo,4855.883872
11/30/2027,Vavnathivu_Batticalo,4801.320296
12/1/2027,Vavnathivu_Batticalo,4747.2617
12/2/2027,Vavnathivu_Batticalo,4699.465445
12/3/2027,Vavnathivu_Batticalo,4649.381738
12/4/2027,Vavnathivu_Batticalo,4696.868869
12/5/2027,Vavnathivu_Batticalo,4649.07515
12/6/2027,Vavnathivu_Batticalo,4667.650766
12/7/2027,Vavnathivu_Batticalo,4665.111257
12/8/2027,Vavnathivu_Batticalo,4673.224733
12/9/2027,Vavnathivu_Batticalo,4714.724062
12/10/2027,Vavnathivu_Batticalo,4668.334148
12/11/2027,Vavnathivu_Batticalo,4679.96054
12/12/2027,Vavnathivu_Batticalo,4802.166741
12/13/2027,Vavnathivu_Batticalo,4835.546624
12/14/2027,Vavnathivu_Batticalo,4826.742549
12/15/2027,Vavnathivu_Batticalo,4857.917656
12/16/2027,Vavnathivu_Batticalo,4859.470388
12/17/2027,Vavnathivu_Batticalo,4877.624275
12/18/2027,Vavnathivu_Batticalo,4818.194504
12/19/2027,Vavnathivu_Batticalo,4750.153298
12/20/2027,Vavnathivu_Batticalo,4705.771031
12/21/2027,Vavnathivu_Batticalo,4839.426208
12/22/2027,Vavnathivu_Batticalo,4892.666111
12/23/2027,Vavnathivu_Batticalo,4957.991272
12/24/2027,Vavnathivu_Batticalo,5035.401691
12/25/2027,Vavnathivu_Batticalo,5124.897368
12/26/2027,Vavnathivu_Batticalo,5226.478302
12/27/2027,Vavnathivu_Batticalo,5340.144495
12/28/2027,Vavnathivu_Batticalo,5465.895946
12/29/2027,Vavnathivu_Batticalo,5603.732654
12/30/2027,Vavnathivu_Batticalo,5753.65462
12/31/2027,Vavnathivu_Batticalo,5915.661845
1/1/2025,Panirendawa_Madampe,5047.88818
1/2/2025,Panirendawa_Madampe,5001.6393
1/3/2025,Panirendawa_Madampe,4961.579027
1/4/2025,Panirendawa_Madampe,4927.707361
1/5/2025,Panirendawa_Madampe,4900.024303
1/6/2025,Panirendawa_Madampe,4878.529852
1/7/2025,Panirendawa_Madampe,4863.224008
1/8/2025,Panirendawa_Madampe,4854.106772
1/9/2025,Panirendawa_Madampe,4851.178142
1/10/2025,Panirendawa_Madampe,4854.43812
1/11/2025,Panirendawa_Madampe,4863.886706
1/12/2025,Panirendawa_Madampe,4879.6035
1/13/2025,Panirendawa_Madampe,4893.859915
1/14/2025,Panirendawa_Madampe,4915.657825
1/15/2025,Panirendawa_Madampe,4949.932268
1/16/2025,Panirendawa_Madampe,5018.014883
1/17/2025,Panirendawa_Madampe,5092.250389
1/18/2025,Panirendawa_Madampe,5147.733705
1/19/2025,Panirendawa_Madampe,5240.472279
1/20/2025,Panirendawa_Madampe,5251.827586
1/21/2025,Panirendawa_Madampe,5297.573505
1/22/2025,Panirendawa_Madampe,5389.353145
1/23/2025,Panirendawa_Madampe,5537.213331
1/24/2025,Panirendawa_Madampe,5564.983028
1/25/2025,Panirendawa_Madampe,5594.145929
1/26/2025,Panirendawa_Madampe,5570.409273
1/27/2025,Panirendawa_Madampe,5522.425652
1/28/2025,Panirendawa_Madampe,5445.854989
1/29/2025,Panirendawa_Madampe,5378.759556
1/30/2025,Panirendawa_Madampe,5313.427538
1/31/2025,Panirendawa_Madampe,5230.802198
2/1/2025,Panirendawa_Madampe,5096.25608
2/2/2025,Panirendawa_Madampe,4999.408107
2/3/2025,Panirendawa_Madampe,4905.11572
2/4/2025,Panirendawa_Madampe,4821.491456
2/5/2025,Panirendawa_Madampe,4832.836171
2/6/2025,Panirendawa_Madampe,4776.314437
2/7/2025,Panirendawa_Madampe,4777.263795
2/8/2025,Panirendawa_Madampe,4812.423125
2/9/2025,Panirendawa_Madampe,4808.895084
2/10/2025,Panirendawa_Madampe,4871.014626
2/11/2025,Panirendawa_Madampe,4917.190117
2/12/2025,Panirendawa_Madampe,4904.23493
2/13/2025,Panirendawa_Madampe,4893.03849
2/14/2025,Panirendawa_Madampe,4948.938451
2/15/2025,Panirendawa_Madampe,4858.075867
2/16/2025,Panirendawa_Madampe,4859.709917
2/17/2025,Panirendawa_Madampe,4813.54681
2/18/2025,Panirendawa_Madampe,4826.255652
2/19/2025,Panirendawa_Madampe,4830.008346
2/20/2025,Panirendawa_Madampe,4783.58355
2/21/2025,Panirendawa_Madampe,4708.043134
2/22/2025,Panirendawa_Madampe,4668.188767
2/23/2025,Panirendawa_Madampe,4554.281476
2/24/2025,Panirendawa_Madampe,4452.680512
2/25/2025,Panirendawa_Madampe,4413.295254
2/26/2025,Panirendawa_Madampe,4362.815339
2/27/2025,Panirendawa_Madampe,4392.070308
2/28/2025,Panirendawa_Madampe,4364.414748
3/1/2025,Panirendawa_Madampe,4311.66657
3/2/2025,Panirendawa_Madampe,4312.810489
3/3/2025,Panirendawa_Madampe,4405.36573
3/4/2025,Panirendawa_Madampe,4481.202693
3/5/2025,Panirendawa_Madampe,4597.043688
3/6/2025,Panirendawa_Madampe,4709.905291
3/7/2025,Panirendawa_Madampe,4789.37785
3/8/2025,Panirendawa_Madampe,4946.605062
3/9/2025,Panirendawa_Madampe,5037.155652
3/10/2025,Panirendawa_Madampe,5108.407184
3/11/2025,Panirendawa_Madampe,5091.895838
3/12/2025,Panirendawa_Madampe,5113.446275
3/13/2025,Panirendawa_Madampe,5090.756916
3/14/2025,Panirendawa_Madampe,5062.81925
3/15/2025,Panirendawa_Madampe,4964.171621
3/16/2025,Panirendawa_Madampe,4914.847497
3/17/2025,Panirendawa_Madampe,4894.438198
3/18/2025,Panirendawa_Madampe,4888.666966
3/19/2025,Panirendawa_Madampe,4946.859512
3/20/2025,Panirendawa_Madampe,4941.842525
3/21/2025,Panirendawa_Madampe,5004.991276
3/22/2025,Panirendawa_Madampe,5080.111583
3/23/2025,Panirendawa_Madampe,5094.103755
3/24/2025,Panirendawa_Madampe,5053.699878
3/25/2025,Panirendawa_Madampe,5047.141675
3/26/2025,Panirendawa_Madampe,5001.844644
3/27/2025,Panirendawa_Madampe,5020.948882
3/28/2025,Panirendawa_Madampe,5025.336138
3/29/2025,Panirendawa_Madampe,5016.510992
3/30/2025,Panirendawa_Madampe,4976.316639
3/31/2025,Panirendawa_Madampe,4992.959777
4/1/2025,Panirendawa_Madampe,5034.039485
4/2/2025,Panirendawa_Madampe,4958.819541
4/3/2025,Panirendawa_Madampe,4936.727775
4/4/2025,Panirendawa_Madampe,4838.094573
4/5/2025,Panirendawa_Madampe,4849.480695
4/6/2025,Panirendawa_Madampe,4884.907283
4/7/2025,Panirendawa_Madampe,4936.231177
4/8/2025,Panirendawa_Madampe,4958.198152
4/9/2025,Panirendawa_Madampe,4878.947578
4/10/2025,Panirendawa_Madampe,4832.564089
4/11/2025,Panirendawa_Madampe,4715.655281
4/12/2025,Panirendawa_Madampe,4567.063708
4/13/2025,Panirendawa_Madampe,4465.491377
4/14/2025,Panirendawa_Madampe,4434.607372
4/15/2025,Panirendawa_Madampe,4444.512627
4/16/2025,Panirendawa_Madampe,4514.139866
4/17/2025,Panirendawa_Madampe,4537.898482
4/18/2025,Panirendawa_Madampe,4606.641812
4/19/2025,Panirendawa_Madampe,4637.548148
4/20/2025,Panirendawa_Madampe,4688.036574
4/21/2025,Panirendawa_Madampe,4662.402034
4/22/2025,Panirendawa_Madampe,4610.406128
4/23/2025,Panirendawa_Madampe,4584.954534
4/24/2025,Panirendawa_Madampe,4596.633802
4/25/2025,Panirendawa_Madampe,4692.59104
4/26/2025,Panirendawa_Madampe,4688.842223
4/27/2025,Panirendawa_Madampe,4717.18109
4/28/2025,Panirendawa_Madampe,4679.741359
4/29/2025,Panirendawa_Madampe,4690.979351
4/30/2025,Panirendawa_Madampe,4696.771517
5/1/2025,Panirendawa_Madampe,4701.803555
5/2/2025,Panirendawa_Madampe,4751.473876
5/3/2025,Panirendawa_Madampe,4826.578578
5/4/2025,Panirendawa_Madampe,4919.744272
5/5/2025,Panirendawa_Madampe,5038.465436
5/6/2025,Panirendawa_Madampe,5141.116699
5/7/2025,Panirendawa_Madampe,5244.270076
5/8/2025,Panirendawa_Madampe,5367.992366
5/9/2025,Panirendawa_Madampe,5378.578919
5/10/2025,Panirendawa_Madampe,5428.944069
5/11/2025,Panirendawa_Madampe,5361.945771
5/12/2025,Panirendawa_Madampe,5334.680571
5/13/2025,Panirendawa_Madampe,5318.406792
5/14/2025,Panirendawa_Madampe,5332.472015
5/15/2025,Panirendawa_Madampe,5249.534778
5/16/2025,Panirendawa_Madampe,5209.517703
5/17/2025,Panirendawa_Madampe,5318.841248
5/18/2025,Panirendawa_Madampe,5331.219149
5/19/2025,Panirendawa_Madampe,5328.080507
5/20/2025,Panirendawa_Madampe,5289.482859
5/21/2025,Panirendawa_Madampe,5367.940962
5/22/2025,Panirendawa_Madampe,5401.552656
5/23/2025,Panirendawa_Madampe,5371.411482
5/24/2025,Panirendawa_Madampe,5333.945254
5/25/2025,Panirendawa_Madampe,5317.696923
5/26/2025,Panirendawa_Madampe,5230.288364
5/27/2025,Panirendawa_Madampe,5197.91968
5/28/2025,Panirendawa_Madampe,5062.894855
5/29/2025,Panirendawa_Madampe,4840.184993
5/30/2025,Panirendawa_Madampe,4649.923278
5/31/2025,Panirendawa_Madampe,4421.104907
6/1/2025,Panirendawa_Madampe,4303.718552
6/2/2025,Panirendawa_Madampe,4199.236887
6/3/2025,Panirendawa_Madampe,4090.737707
6/4/2025,Panirendawa_Madampe,4054.817924
6/5/2025,Panirendawa_Madampe,4101.702114
6/6/2025,Panirendawa_Madampe,4137.00875
6/7/2025,Panirendawa_Madampe,4091.207324
6/8/2025,Panirendawa_Madampe,4095.368008
6/9/2025,Panirendawa_Madampe,4168.926668
6/10/2025,Panirendawa_Madampe,4236.858614
6/11/2025,Panirendawa_Madampe,4261.746872
6/12/2025,Panirendawa_Madampe,4305.778242
6/13/2025,Panirendawa_Madampe,4338.675936
6/14/2025,Panirendawa_Madampe,4324.937805
6/15/2025,Panirendawa_Madampe,4278.961161
6/16/2025,Panirendawa_Madampe,4261.045754
6/17/2025,Panirendawa_Madampe,4175.431586
6/18/2025,Panirendawa_Madampe,4051.754783
6/19/2025,Panirendawa_Madampe,3977.033297
6/20/2025,Panirendawa_Madampe,3931.822994
6/21/2025,Panirendawa_Madampe,4029.493818
6/22/2025,Panirendawa_Madampe,4059.217217
6/23/2025,Panirendawa_Madampe,4144.620633
6/24/2025,Panirendawa_Madampe,4236.905295
6/25/2025,Panirendawa_Madampe,4228.260084
6/26/2025,Panirendawa_Madampe,4221.505176
6/27/2025,Panirendawa_Madampe,4217.501145
6/28/2025,Panirendawa_Madampe,4251.07371
6/29/2025,Panirendawa_Madampe,4315.678293
6/30/2025,Panirendawa_Madampe,4344.016025
7/1/2025,Panirendawa_Madampe,4451.722938
7/2/2025,Panirendawa_Madampe,4552.618113
7/3/2025,Panirendawa_Madampe,4565.057702
7/4/2025,Panirendawa_Madampe,4575.658819
7/5/2025,Panirendawa_Madampe,4576.228831
7/6/2025,Panirendawa_Madampe,4553.021101
7/7/2025,Panirendawa_Madampe,4509.765967
7/8/2025,Panirendawa_Madampe,4451.265921
7/9/2025,Panirendawa_Madampe,4494.771178
7/10/2025,Panirendawa_Madampe,4508.441464
7/11/2025,Panirendawa_Madampe,4585.944297
7/12/2025,Panirendawa_Madampe,4529.926468
7/13/2025,Panirendawa_Madampe,4532.545579
7/14/2025,Panirendawa_Madampe,4435.2772
7/15/2025,Panirendawa_Madampe,4274.0258
7/16/2025,Panirendawa_Madampe,4193.879733
7/17/2025,Panirendawa_Madampe,4153.013469
7/18/2025,Panirendawa_Madampe,4104.402076
7/19/2025,Panirendawa_Madampe,4145.033361
7/20/2025,Panirendawa_Madampe,4198.232516
7/21/2025,Panirendawa_Madampe,4277.038023
7/22/2025,Panirendawa_Madampe,4246.636371
7/23/2025,Panirendawa_Madampe,4196.596815
7/24/2025,Panirendawa_Madampe,4230.406123
7/25/2025,Panirendawa_Madampe,4279.88865
7/26/2025,Panirendawa_Madampe,4248.938633
7/27/2025,Panirendawa_Madampe,4235.498634
7/28/2025,Panirendawa_Madampe,4229.159696
7/29/2025,Panirendawa_Madampe,4208.142585
7/30/2025,Panirendawa_Madampe,4170.807745
7/31/2025,Panirendawa_Madampe,4152.328112
8/1/2025,Panirendawa_Madampe,4062.188521
8/2/2025,Panirendawa_Madampe,3975.61563
8/3/2025,Panirendawa_Madampe,3854.410487
8/4/2025,Panirendawa_Madampe,3759.24
8/5/2025,Panirendawa_Madampe,3714.956828
8/6/2025,Panirendawa_Madampe,3717.755605
8/7/2025,Panirendawa_Madampe,3705.41054
8/8/2025,Panirendawa_Madampe,3764.38884
8/9/2025,Panirendawa_Madampe,3808.312035
8/10/2025,Panirendawa_Madampe,3770.108839
8/11/2025,Panirendawa_Madampe,3728.607231
8/12/2025,Panirendawa_Madampe,3768.656766
8/13/2025,Panirendawa_Madampe,3843.244722
8/14/2025,Panirendawa_Madampe,3923.868513
8/15/2025,Panirendawa_Madampe,3982.651305
8/16/2025,Panirendawa_Madampe,4072.78535
8/17/2025,Panirendawa_Madampe,4087.825606
8/18/2025,Panirendawa_Madampe,4149.485428
8/19/2025,Panirendawa_Madampe,4199.075389
8/20/2025,Panirendawa_Madampe,4202.626578
8/21/2025,Panirendawa_Madampe,4200.969217
8/22/2025,Panirendawa_Madampe,4116.442405
8/23/2025,Panirendawa_Madampe,4064.235632
8/24/2025,Panirendawa_Madampe,4043.038734
8/25/2025,Panirendawa_Madampe,4012.257448
8/26/2025,Panirendawa_Madampe,4033.405604
8/27/2025,Panirendawa_Madampe,4023.409409
8/28/2025,Panirendawa_Madampe,3996.774237
8/29/2025,Panirendawa_Madampe,4030.127913
8/30/2025,Panirendawa_Madampe,3966.925439
8/31/2025,Panirendawa_Madampe,3983.111788
9/1/2025,Panirendawa_Madampe,4014.469012
9/2/2025,Panirendawa_Madampe,4097.301022
9/3/2025,Panirendawa_Madampe,4176.144958
9/4/2025,Panirendawa_Madampe,4207.695777
9/5/2025,Panirendawa_Madampe,4187.62777
9/6/2025,Panirendawa_Madampe,4105.238686
9/7/2025,Panirendawa_Madampe,4024.80533
9/8/2025,Panirendawa_Madampe,3882.872372
9/9/2025,Panirendawa_Madampe,3768.634402
9/10/2025,Panirendawa_Madampe,3675.567682
9/11/2025,Panirendawa_Madampe,3510.881973
9/12/2025,Panirendawa_Madampe,3373.921242
9/13/2025,Panirendawa_Madampe,3244.978014
9/14/2025,Panirendawa_Madampe,3197.617461
9/15/2025,Panirendawa_Madampe,3217.364354
9/16/2025,Panirendawa_Madampe,3193.702034
9/17/2025,Panirendawa_Madampe,3203.71796
9/18/2025,Panirendawa_Madampe,3311.981941
9/19/2025,Panirendawa_Madampe,3343.0845
9/20/2025,Panirendawa_Madampe,3470.908407
9/21/2025,Panirendawa_Madampe,3565.156894
9/22/2025,Panirendawa_Madampe,3660.206746
9/23/2025,Panirendawa_Madampe,3702.993528
9/24/2025,Panirendawa_Madampe,3747.273686
9/25/2025,Panirendawa_Madampe,3760.265371
9/26/2025,Panirendawa_Madampe,3701.836306
9/27/2025,Panirendawa_Madampe,3673.049762
9/28/2025,Panirendawa_Madampe,3657.623981
9/29/2025,Panirendawa_Madampe,3665.076786
9/30/2025,Panirendawa_Madampe,3613.972375
10/1/2025,Panirendawa_Madampe,3480.126424
10/2/2025,Panirendawa_Madampe,3368.316217
10/3/2025,Panirendawa_Madampe,3336.966201
10/4/2025,Panirendawa_Madampe,3345.67552
10/5/2025,Panirendawa_Madampe,3318.216026
10/6/2025,Panirendawa_Madampe,3268.672347
10/7/2025,Panirendawa_Madampe,3389.678287
10/8/2025,Panirendawa_Madampe,3498.373139
10/9/2025,Panirendawa_Madampe,3556.364124
10/10/2025,Panirendawa_Madampe,3639.976678
10/11/2025,Panirendawa_Madampe,3678.273654
10/12/2025,Panirendawa_Madampe,3763.546583
10/13/2025,Panirendawa_Madampe,3828.718893
10/14/2025,Panirendawa_Madampe,3848.261824
10/15/2025,Panirendawa_Madampe,3877.476348
10/16/2025,Panirendawa_Madampe,3852.616053
10/17/2025,Panirendawa_Madampe,3880.040921
10/18/2025,Panirendawa_Madampe,3881.618123
10/19/2025,Panirendawa_Madampe,3831.180865
10/20/2025,Panirendawa_Madampe,3763.699355
10/21/2025,Panirendawa_Madampe,3740.92721
10/22/2025,Panirendawa_Madampe,3774.263325
10/23/2025,Panirendawa_Madampe,3790.752772
10/24/2025,Panirendawa_Madampe,3812.639084
10/25/2025,Panirendawa_Madampe,3787.480932
10/26/2025,Panirendawa_Madampe,3851.786621
10/27/2025,Panirendawa_Madampe,3912.144767
10/28/2025,Panirendawa_Madampe,3943.264404
10/29/2025,Panirendawa_Madampe,3985.016739
10/30/2025,Panirendawa_Madampe,4070.161757
10/31/2025,Panirendawa_Madampe,4115.550902
11/1/2025,Panirendawa_Madampe,4188.434582
11/2/2025,Panirendawa_Madampe,4248.851785
11/3/2025,Panirendawa_Madampe,4231.466852
11/4/2025,Panirendawa_Madampe,4284.456492
11/5/2025,Panirendawa_Madampe,4311.263412
11/6/2025,Panirendawa_Madampe,4370.471983
11/7/2025,Panirendawa_Madampe,4438.473502
11/8/2025,Panirendawa_Madampe,4455.915118
11/9/2025,Panirendawa_Madampe,4535.051936
11/10/2025,Panirendawa_Madampe,4555.568211
11/11/2025,Panirendawa_Madampe,4561.367691
11/12/2025,Panirendawa_Madampe,4556.424027
11/13/2025,Panirendawa_Madampe,4546.976401
11/14/2025,Panirendawa_Madampe,4534.322917
11/15/2025,Panirendawa_Madampe,4537.113272
11/16/2025,Panirendawa_Madampe,4523.605562
11/17/2025,Panirendawa_Madampe,4538.8562
11/18/2025,Panirendawa_Madampe,4561.7638
11/19/2025,Panirendawa_Madampe,4552.357414
11/20/2025,Panirendawa_Madampe,4527.496574
11/21/2025,Panirendawa_Madampe,4534.697434
11/22/2025,Panirendawa_Madampe,4469.073918
11/23/2025,Panirendawa_Madampe,4426.203254
11/24/2025,Panirendawa_Madampe,4458.525084
11/25/2025,Panirendawa_Madampe,4432.642653
11/26/2025,Panirendawa_Madampe,4413.085159
11/27/2025,Panirendawa_Madampe,4384.22591
11/28/2025,Panirendawa_Madampe,4298.306415
11/29/2025,Panirendawa_Madampe,4322.875022
11/30/2025,Panirendawa_Madampe,4283.026403
12/1/2025,Panirendawa_Madampe,4255.554374
12/2/2025,Panirendawa_Madampe,4303.379791
12/3/2025,Panirendawa_Madampe,4346.6109
12/4/2025,Panirendawa_Madampe,4408.882227
12/5/2025,Panirendawa_Madampe,4448.535171
12/6/2025,Panirendawa_Madampe,4490.696823
12/7/2025,Panirendawa_Madampe,4445.629833
12/8/2025,Panirendawa_Madampe,4422.560704
12/9/2025,Panirendawa_Madampe,4370.383034
12/10/2025,Panirendawa_Madampe,4376.41789
12/11/2025,Panirendawa_Madampe,4385.541027
12/12/2025,Panirendawa_Madampe,4353.310321
12/13/2025,Panirendawa_Madampe,4370.258616
12/14/2025,Panirendawa_Madampe,4361.597591
12/15/2025,Panirendawa_Madampe,4321.341094
12/16/2025,Panirendawa_Madampe,4334.908689
12/17/2025,Panirendawa_Madampe,4307.975931
12/18/2025,Panirendawa_Madampe,4253.852667
12/19/2025,Panirendawa_Madampe,4366.422926
12/20/2025,Panirendawa_Madampe,4347.800496
12/21/2025,Panirendawa_Madampe,4323.692195
12/22/2025,Panirendawa_Madampe,4317.754315
12/23/2025,Panirendawa_Madampe,4360.437086
12/24/2025,Panirendawa_Madampe,4441.649729
12/25/2025,Panirendawa_Madampe,4468.816622
12/26/2025,Panirendawa_Madampe,4489.660263
12/27/2025,Panirendawa_Madampe,4502.350439
12/28/2025,Panirendawa_Madampe,4506.584887
12/29/2025,Panirendawa_Madampe,4573.243309
12/30/2025,Panirendawa_Madampe,4611.569526
12/31/2025,Panirendawa_Madampe,4680.935831
1/1/2026,Panirendawa_Madampe,4671.848864
1/2/2026,Panirendawa_Madampe,4689.235103
1/3/2026,Panirendawa_Madampe,4692.906033
1/4/2026,Panirendawa_Madampe,4714.006861
1/5/2026,Panirendawa_Madampe,4617.583741
1/6/2026,Panirendawa_Madampe,4591.585479
1/7/2026,Panirendawa_Madampe,4584.793604
1/8/2026,Panirendawa_Madampe,4652.244945
1/9/2026,Panirendawa_Madampe,4575.475219
1/10/2026,Panirendawa_Madampe,4581.568376
1/11/2026,Panirendawa_Madampe,4616.552163
1/12/2026,Panirendawa_Madampe,4702.755135
1/13/2026,Panirendawa_Madampe,4753.16451
1/14/2026,Panirendawa_Madampe,4777.320012
1/15/2026,Panirendawa_Madampe,4840.089521
1/16/2026,Panirendawa_Madampe,4859.095985
1/17/2026,Panirendawa_Madampe,4847.029391
1/18/2026,Panirendawa_Madampe,4817.177303
1/19/2026,Panirendawa_Madampe,4831.533524
1/20/2026,Panirendawa_Madampe,4865.303682
1/21/2026,Panirendawa_Madampe,4854.186624
1/22/2026,Panirendawa_Madampe,4844.739283
1/23/2026,Panirendawa_Madampe,4815.248309
1/24/2026,Panirendawa_Madampe,4789.992261
1/25/2026,Panirendawa_Madampe,4673.67688
1/26/2026,Panirendawa_Madampe,4747.238831
1/27/2026,Panirendawa_Madampe,4733.566692
1/28/2026,Panirendawa_Madampe,4698.248952
1/29/2026,Panirendawa_Madampe,4618.503938
1/30/2026,Panirendawa_Madampe,4636.266794
1/31/2026,Panirendawa_Madampe,4622.823134
2/1/2026,Panirendawa_Madampe,4558.417371
2/2/2026,Panirendawa_Madampe,4549.951248
2/3/2026,Panirendawa_Madampe,4538.725811
2/4/2026,Panirendawa_Madampe,4459.505826
2/5/2026,Panirendawa_Madampe,4445.27389
2/6/2026,Panirendawa_Madampe,4409.469507
2/7/2026,Panirendawa_Madampe,4358.349273
2/8/2026,Panirendawa_Madampe,4390.29914
2/9/2026,Panirendawa_Madampe,4408.091976
2/10/2026,Panirendawa_Madampe,4420.508301
2/11/2026,Panirendawa_Madampe,4415.747247
2/12/2026,Panirendawa_Madampe,4411.579817
2/13/2026,Panirendawa_Madampe,4421.421823
2/14/2026,Panirendawa_Madampe,4419.790592
2/15/2026,Panirendawa_Madampe,4426.483625
2/16/2026,Panirendawa_Madampe,4414.938164
2/17/2026,Panirendawa_Madampe,4409.833851
2/18/2026,Panirendawa_Madampe,4382.689467
2/19/2026,Panirendawa_Madampe,4352.71776
2/20/2026,Panirendawa_Madampe,4285.528295
2/21/2026,Panirendawa_Madampe,4308.769001
2/22/2026,Panirendawa_Madampe,4374.252707
2/23/2026,Panirendawa_Madampe,4396.822213
2/24/2026,Panirendawa_Madampe,4412.043086
2/25/2026,Panirendawa_Madampe,4425.043414
2/26/2026,Panirendawa_Madampe,4404.111326
2/27/2026,Panirendawa_Madampe,4421.859232
2/28/2026,Panirendawa_Madampe,4518.64354
3/1/2026,Panirendawa_Madampe,4637.839211
3/2/2026,Panirendawa_Madampe,4717.963032
3/3/2026,Panirendawa_Madampe,4766.056884
3/4/2026,Panirendawa_Madampe,4903.466314
3/5/2026,Panirendawa_Madampe,5033.511994
3/6/2026,Panirendawa_Madampe,5122.661064
3/7/2026,Panirendawa_Madampe,5122.058398
3/8/2026,Panirendawa_Madampe,5252.432731
3/9/2026,Panirendawa_Madampe,5282.045358
3/10/2026,Panirendawa_Madampe,5342.487169
3/11/2026,Panirendawa_Madampe,5346.687677
3/12/2026,Panirendawa_Madampe,5411.303231
3/13/2026,Panirendawa_Madampe,5523.993407
3/14/2026,Panirendawa_Madampe,5536.898155
3/15/2026,Panirendawa_Madampe,5498.007858
3/16/2026,Panirendawa_Madampe,5442.69052
3/17/2026,Panirendawa_Madampe,5310.008899
3/18/2026,Panirendawa_Madampe,5164.883106
3/19/2026,Panirendawa_Madampe,5042.298048
3/20/2026,Panirendawa_Madampe,5009.434483
3/21/2026,Panirendawa_Madampe,4937.893597
3/22/2026,Panirendawa_Madampe,4885.139962
3/23/2026,Panirendawa_Madampe,4773.358496
3/24/2026,Panirendawa_Madampe,4743.254837
3/25/2026,Panirendawa_Madampe,4655.36895
3/26/2026,Panirendawa_Madampe,4537.176451
3/27/2026,Panirendawa_Madampe,4442.798231
3/28/2026,Panirendawa_Madampe,4431.615646
3/29/2026,Panirendawa_Madampe,4441.994821
3/30/2026,Panirendawa_Madampe,4521.411424
3/31/2026,Panirendawa_Madampe,4572.490797
4/1/2026,Panirendawa_Madampe,4580.469798
4/2/2026,Panirendawa_Madampe,4579.071411
4/3/2026,Panirendawa_Madampe,4500.234216
4/4/2026,Panirendawa_Madampe,4494.290517
4/5/2026,Panirendawa_Madampe,4468.986674
4/6/2026,Panirendawa_Madampe,4306.896757
4/7/2026,Panirendawa_Madampe,4204.074929
4/8/2026,Panirendawa_Madampe,4278.541158
4/9/2026,Panirendawa_Madampe,4368.214718
4/10/2026,Panirendawa_Madampe,4362.691943
4/11/2026,Panirendawa_Madampe,4362.625763
4/12/2026,Panirendawa_Madampe,4327.588295
4/13/2026,Panirendawa_Madampe,4363.429415
4/14/2026,Panirendawa_Madampe,4410.83666
4/15/2026,Panirendawa_Madampe,4428.157292
4/16/2026,Panirendawa_Madampe,4522.791646
4/17/2026,Panirendawa_Madampe,4620.362011
4/18/2026,Panirendawa_Madampe,4766.983072
4/19/2026,Panirendawa_Madampe,4866.921508
4/20/2026,Panirendawa_Madampe,4923.623069
4/21/2026,Panirendawa_Madampe,4871.758269
4/22/2026,Panirendawa_Madampe,4871.548597
4/23/2026,Panirendawa_Madampe,4782.920554
4/24/2026,Panirendawa_Madampe,4855.947824
4/25/2026,Panirendawa_Madampe,4765.358402
4/26/2026,Panirendawa_Madampe,4677.515587
4/27/2026,Panirendawa_Madampe,4671.965652
4/28/2026,Panirendawa_Madampe,4727.978121
4/29/2026,Panirendawa_Madampe,4701.395018
4/30/2026,Panirendawa_Madampe,4722.479108
5/1/2026,Panirendawa_Madampe,4739.721804
5/2/2026,Panirendawa_Madampe,4778.944743
5/3/2026,Panirendawa_Madampe,4772.819803
5/4/2026,Panirendawa_Madampe,4918.51869
5/5/2026,Panirendawa_Madampe,5023.840878
5/6/2026,Panirendawa_Madampe,5097.4931
5/7/2026,Panirendawa_Madampe,5156.364317
5/8/2026,Panirendawa_Madampe,5234.537789
5/9/2026,Panirendawa_Madampe,5277.022449
5/10/2026,Panirendawa_Madampe,5252.296629
5/11/2026,Panirendawa_Madampe,5216.072295
5/12/2026,Panirendawa_Madampe,5165.999526
5/13/2026,Panirendawa_Madampe,5109.311503
5/14/2026,Panirendawa_Madampe,5102.842468
5/15/2026,Panirendawa_Madampe,5021.533336
5/16/2026,Panirendawa_Madampe,5026.278191
5/17/2026,Panirendawa_Madampe,4950.900301
5/18/2026,Panirendawa_Madampe,4927.651931
5/19/2026,Panirendawa_Madampe,4855.64318
5/20/2026,Panirendawa_Madampe,4911.290874
5/21/2026,Panirendawa_Madampe,4848.173045
5/22/2026,Panirendawa_Madampe,4800.803519
5/23/2026,Panirendawa_Madampe,4738.06826
5/24/2026,Panirendawa_Madampe,4827.547359
5/25/2026,Panirendawa_Madampe,4795.721425
5/26/2026,Panirendawa_Madampe,4771.535268
5/27/2026,Panirendawa_Madampe,4839.313173
5/28/2026,Panirendawa_Madampe,4840.864404
5/29/2026,Panirendawa_Madampe,4740.624413
5/30/2026,Panirendawa_Madampe,4653.886358
5/31/2026,Panirendawa_Madampe,4574.440814
6/1/2026,Panirendawa_Madampe,4482.429949
6/2/2026,Panirendawa_Madampe,4428.441355
6/3/2026,Panirendawa_Madampe,4395.583382
6/4/2026,Panirendawa_Madampe,4372.476251
6/5/2026,Panirendawa_Madampe,4341.732168
6/6/2026,Panirendawa_Madampe,4198.547259
6/7/2026,Panirendawa_Madampe,4156.903
6/8/2026,Panirendawa_Madampe,4110.2822
6/9/2026,Panirendawa_Madampe,4152.283166
6/10/2026,Panirendawa_Madampe,4109.568931
6/11/2026,Panirendawa_Madampe,4167.961945
6/12/2026,Panirendawa_Madampe,4273.220216
6/13/2026,Panirendawa_Madampe,4375.714115
6/14/2026,Panirendawa_Madampe,4500.390483
6/15/2026,Panirendawa_Madampe,4585.060729
6/16/2026,Panirendawa_Madampe,4638.339313
6/17/2026,Panirendawa_Madampe,4610.196675
6/18/2026,Panirendawa_Madampe,4585.553513
6/19/2026,Panirendawa_Madampe,4537.725932
6/20/2026,Panirendawa_Madampe,4583.332109
6/21/2026,Panirendawa_Madampe,4537.897286
6/22/2026,Panirendawa_Madampe,4581.079113
6/23/2026,Panirendawa_Madampe,4590.976016
6/24/2026,Panirendawa_Madampe,4575.658197
6/25/2026,Panirendawa_Madampe,4538.27989
6/26/2026,Panirendawa_Madampe,4446.812677
6/27/2026,Panirendawa_Madampe,4432.032981
6/28/2026,Panirendawa_Madampe,4433.579396
6/29/2026,Panirendawa_Madampe,4406.323156
6/30/2026,Panirendawa_Madampe,4421.128672
7/1/2026,Panirendawa_Madampe,4499.101798
7/2/2026,Panirendawa_Madampe,4505.627445
7/3/2026,Panirendawa_Madampe,4417.775697
7/4/2026,Panirendawa_Madampe,4287.920375
7/5/2026,Panirendawa_Madampe,4110.087931
7/6/2026,Panirendawa_Madampe,3963.341516
7/7/2026,Panirendawa_Madampe,3886.962506
7/8/2026,Panirendawa_Madampe,3810.763155
7/9/2026,Panirendawa_Madampe,3713.713821
7/10/2026,Panirendawa_Madampe,3670.665213
7/11/2026,Panirendawa_Madampe,3628.46307
7/12/2026,Panirendawa_Madampe,3683.800191
7/13/2026,Panirendawa_Madampe,3670.160634
7/14/2026,Panirendawa_Madampe,3725.371119
7/15/2026,Panirendawa_Madampe,3738.707642
7/16/2026,Panirendawa_Madampe,3766.762644
7/17/2026,Panirendawa_Madampe,3852.76485
7/18/2026,Panirendawa_Madampe,3896.690335
7/19/2026,Panirendawa_Madampe,3910.772649
7/20/2026,Panirendawa_Madampe,3951.714325
7/21/2026,Panirendawa_Madampe,4021.380611
7/22/2026,Panirendawa_Madampe,4013.377079
7/23/2026,Panirendawa_Madampe,3926.637022
7/24/2026,Panirendawa_Madampe,3881.274837
7/25/2026,Panirendawa_Madampe,3812.795669
7/26/2026,Panirendawa_Madampe,3788.752249
7/27/2026,Panirendawa_Madampe,3788.726853
7/28/2026,Panirendawa_Madampe,3719.767689
7/29/2026,Panirendawa_Madampe,3667.447139
7/30/2026,Panirendawa_Madampe,3660.23051
7/31/2026,Panirendawa_Madampe,3721.792588
8/1/2026,Panirendawa_Madampe,3732.789458
8/2/2026,Panirendawa_Madampe,3754.358313
8/3/2026,Panirendawa_Madampe,3817.674154
8/4/2026,Panirendawa_Madampe,3850.792917
8/5/2026,Panirendawa_Madampe,3916.963042
8/6/2026,Panirendawa_Madampe,4046.909807
8/7/2026,Panirendawa_Madampe,4124.876842
8/8/2026,Panirendawa_Madampe,4202.044725
8/9/2026,Panirendawa_Madampe,4261.022374
8/10/2026,Panirendawa_Madampe,4268.197373
8/11/2026,Panirendawa_Madampe,4236.723254
8/12/2026,Panirendawa_Madampe,4157.147709
8/13/2026,Panirendawa_Madampe,4107.140883
8/14/2026,Panirendawa_Madampe,3981.780904
8/15/2026,Panirendawa_Madampe,3893.291541
8/16/2026,Panirendawa_Madampe,3812.93066
8/17/2026,Panirendawa_Madampe,3775.837382
8/18/2026,Panirendawa_Madampe,3812.428927
8/19/2026,Panirendawa_Madampe,3783.222775
8/20/2026,Panirendawa_Madampe,3794.885676
8/21/2026,Panirendawa_Madampe,3819.481027
8/22/2026,Panirendawa_Madampe,3849.682065
8/23/2026,Panirendawa_Madampe,3947.771843
8/24/2026,Panirendawa_Madampe,4040.497557
8/25/2026,Panirendawa_Madampe,4163.875229
8/26/2026,Panirendawa_Madampe,4301.95136
8/27/2026,Panirendawa_Madampe,4324.587697
8/28/2026,Panirendawa_Madampe,4310.380191
8/29/2026,Panirendawa_Madampe,4319.785771
8/30/2026,Panirendawa_Madampe,4245.534662
8/31/2026,Panirendawa_Madampe,4211.586778
9/1/2026,Panirendawa_Madampe,4120.37358
9/2/2026,Panirendawa_Madampe,4142.641113
9/3/2026,Panirendawa_Madampe,4150.289159
9/4/2026,Panirendawa_Madampe,4112.393041
9/5/2026,Panirendawa_Madampe,4189.174509
9/6/2026,Panirendawa_Madampe,4251.92501
9/7/2026,Panirendawa_Madampe,4302.172636
9/8/2026,Panirendawa_Madampe,4353.482017
9/9/2026,Panirendawa_Madampe,4457.85041
9/10/2026,Panirendawa_Madampe,4525.292659
9/11/2026,Panirendawa_Madampe,4577.415068
9/12/2026,Panirendawa_Madampe,4646.814879
9/13/2026,Panirendawa_Madampe,4663.547652
9/14/2026,Panirendawa_Madampe,4702.885765
9/15/2026,Panirendawa_Madampe,4638.852964
9/16/2026,Panirendawa_Madampe,4517.922534
9/17/2026,Panirendawa_Madampe,4452.401693
9/18/2026,Panirendawa_Madampe,4374.11641
9/19/2026,Panirendawa_Madampe,4264.39986
9/20/2026,Panirendawa_Madampe,4126.906795
9/21/2026,Panirendawa_Madampe,3996.269697
9/22/2026,Panirendawa_Madampe,4001.810743
9/23/2026,Panirendawa_Madampe,3936.461042
9/24/2026,Panirendawa_Madampe,3845.305959
9/25/2026,Panirendawa_Madampe,3838.143166
9/26/2026,Panirendawa_Madampe,3830.910701
9/27/2026,Panirendawa_Madampe,3807.081737
9/28/2026,Panirendawa_Madampe,3874.894755
9/29/2026,Panirendawa_Madampe,3961.353953
9/30/2026,Panirendawa_Madampe,4035.847785
10/1/2026,Panirendawa_Madampe,4102.238636
10/2/2026,Panirendawa_Madampe,4171.051301
10/3/2026,Panirendawa_Madampe,4190.941817
10/4/2026,Panirendawa_Madampe,4202.235933
10/5/2026,Panirendawa_Madampe,4149.008234
10/6/2026,Panirendawa_Madampe,4154.536947
10/7/2026,Panirendawa_Madampe,4160.50324
10/8/2026,Panirendawa_Madampe,4120.013312
10/9/2026,Panirendawa_Madampe,4059.889673
10/10/2026,Panirendawa_Madampe,4017.432648
10/11/2026,Panirendawa_Madampe,4005.834752
10/12/2026,Panirendawa_Madampe,4018.143806
10/13/2026,Panirendawa_Madampe,3972.924562
10/14/2026,Panirendawa_Madampe,3897.807273
10/15/2026,Panirendawa_Madampe,3878.553189
10/16/2026,Panirendawa_Madampe,3854.240317
10/17/2026,Panirendawa_Madampe,3756.753154
10/18/2026,Panirendawa_Madampe,3759.765977
10/19/2026,Panirendawa_Madampe,3790.440774
10/20/2026,Panirendawa_Madampe,3841.972874
10/21/2026,Panirendawa_Madampe,3927.910565
10/22/2026,Panirendawa_Madampe,3958.230728
10/23/2026,Panirendawa_Madampe,4024.230816
10/24/2026,Panirendawa_Madampe,4138.94494
10/25/2026,Panirendawa_Madampe,4228.917755
10/26/2026,Panirendawa_Madampe,4326.048211
10/27/2026,Panirendawa_Madampe,4387.000033
10/28/2026,Panirendawa_Madampe,4464.741258
10/29/2026,Panirendawa_Madampe,4522.280363
10/30/2026,Panirendawa_Madampe,4634.525338
10/31/2026,Panirendawa_Madampe,4705.119042
11/1/2026,Panirendawa_Madampe,4656.843997
11/2/2026,Panirendawa_Madampe,4599.300764
11/3/2026,Panirendawa_Madampe,4533.535295
11/4/2026,Panirendawa_Madampe,4513.520194
11/5/2026,Panirendawa_Madampe,4437.835696
11/6/2026,Panirendawa_Madampe,4363.845996
11/7/2026,Panirendawa_Madampe,4322.643683
11/8/2026,Panirendawa_Madampe,4265.532474
11/9/2026,Panirendawa_Madampe,4241.756239
11/10/2026,Panirendawa_Madampe,4205.102697
11/11/2026,Panirendawa_Madampe,4143.392511
11/12/2026,Panirendawa_Madampe,4171.590545
11/13/2026,Panirendawa_Madampe,4171.79929
11/14/2026,Panirendawa_Madampe,4102.217491
11/15/2026,Panirendawa_Madampe,4109.99467
11/16/2026,Panirendawa_Madampe,4080.490458
11/17/2026,Panirendawa_Madampe,4101.259712
11/18/2026,Panirendawa_Madampe,4114.595279
11/19/2026,Panirendawa_Madampe,4136.144409
11/20/2026,Panirendawa_Madampe,4092.907081
11/21/2026,Panirendawa_Madampe,4008.129456
11/22/2026,Panirendawa_Madampe,4013.10588
11/23/2026,Panirendawa_Madampe,4061.932382
11/24/2026,Panirendawa_Madampe,4105.000121
11/25/2026,Panirendawa_Madampe,4080.658402
11/26/2026,Panirendawa_Madampe,4073.439924
11/27/2026,Panirendawa_Madampe,4071.11391
11/28/2026,Panirendawa_Madampe,4034.286069
11/29/2026,Panirendawa_Madampe,4035.997568
11/30/2026,Panirendawa_Madampe,4070.606463
12/1/2026,Panirendawa_Madampe,4060.772938
12/2/2026,Panirendawa_Madampe,4049.870718
12/3/2026,Panirendawa_Madampe,3977.991779
12/4/2026,Panirendawa_Madampe,3918.80685
12/5/2026,Panirendawa_Madampe,3849.299484
12/6/2026,Panirendawa_Madampe,3779.519363
12/7/2026,Panirendawa_Madampe,3814.479454
12/8/2026,Panirendawa_Madampe,3832.552374
12/9/2026,Panirendawa_Madampe,3859.26021
12/10/2026,Panirendawa_Madampe,3846.312292
12/11/2026,Panirendawa_Madampe,3872.377295
12/12/2026,Panirendawa_Madampe,3941.205174
12/13/2026,Panirendawa_Madampe,4008.061378
12/14/2026,Panirendawa_Madampe,4055.882509
12/15/2026,Panirendawa_Madampe,4102.911076
12/16/2026,Panirendawa_Madampe,4126.576455
12/17/2026,Panirendawa_Madampe,4167.232973
12/18/2026,Panirendawa_Madampe,4259.09519
12/19/2026,Panirendawa_Madampe,4309.699014
12/20/2026,Panirendawa_Madampe,4382.317947
12/21/2026,Panirendawa_Madampe,4410.659474
12/22/2026,Panirendawa_Madampe,4460.857318
12/23/2026,Panirendawa_Madampe,4448.998266
12/24/2026,Panirendawa_Madampe,4406.272811
12/25/2026,Panirendawa_Madampe,4344.43228
12/26/2026,Panirendawa_Madampe,4392.707461
12/27/2026,Panirendawa_Madampe,4493.70751
12/28/2026,Panirendawa_Madampe,4523.287319
12/29/2026,Panirendawa_Madampe,4572.618415
12/30/2026,Panirendawa_Madampe,4616.099672
12/31/2026,Panirendawa_Madampe,4639.057268
1/1/2027,Panirendawa_Madampe,4618.384657
1/2/2027,Panirendawa_Madampe,4691.685754
1/3/2027,Panirendawa_Madampe,4729.639739
1/4/2027,Panirendawa_Madampe,4755.152114
1/5/2027,Panirendawa_Madampe,4837.389749
1/6/2027,Panirendawa_Madampe,4918.888789
1/7/2027,Panirendawa_Madampe,5039.491761
1/8/2027,Panirendawa_Madampe,5032.632323
1/9/2027,Panirendawa_Madampe,5027.261158
1/10/2027,Panirendawa_Madampe,5058.739361
1/11/2027,Panirendawa_Madampe,5075.30458
1/12/2027,Panirendawa_Madampe,4991.992092
1/13/2027,Panirendawa_Madampe,4882.433147
1/14/2027,Panirendawa_Madampe,4866.318028
1/15/2027,Panirendawa_Madampe,4842.383589
1/16/2027,Panirendawa_Madampe,4742.626084
1/17/2027,Panirendawa_Madampe,4669.012686
1/18/2027,Panirendawa_Madampe,4554.088932
1/19/2027,Panirendawa_Madampe,4391.250182
1/20/2027,Panirendawa_Madampe,4175.559126
1/21/2027,Panirendawa_Madampe,4096.556401
1/22/2027,Panirendawa_Madampe,4153.490074
1/23/2027,Panirendawa_Madampe,4163.92974
1/24/2027,Panirendawa_Madampe,4203.085309
1/25/2027,Panirendawa_Madampe,4290.68688
1/26/2027,Panirendawa_Madampe,4299.328361
1/27/2027,Panirendawa_Madampe,4299.599011
1/28/2027,Panirendawa_Madampe,4280.537522
1/29/2027,Panirendawa_Madampe,4319.965757
1/30/2027,Panirendawa_Madampe,4415.547048
1/31/2027,Panirendawa_Madampe,4472.294295
2/1/2027,Panirendawa_Madampe,4485.471453
2/2/2027,Panirendawa_Madampe,4552.908703
2/3/2027,Panirendawa_Madampe,4627.157267
2/4/2027,Panirendawa_Madampe,4602.499342
2/5/2027,Panirendawa_Madampe,4495.133879
2/6/2027,Panirendawa_Madampe,4434.964671
2/7/2027,Panirendawa_Madampe,4332.789733
2/8/2027,Panirendawa_Madampe,4235.038725
2/9/2027,Panirendawa_Madampe,4160.870201
2/10/2027,Panirendawa_Madampe,4213.471454
2/11/2027,Panirendawa_Madampe,4223.167446
2/12/2027,Panirendawa_Madampe,4285.356269
2/13/2027,Panirendawa_Madampe,4309.623077
2/14/2027,Panirendawa_Madampe,4412.030974
2/15/2027,Panirendawa_Madampe,4457.172787
2/16/2027,Panirendawa_Madampe,4489.555857
2/17/2027,Panirendawa_Madampe,4573.892082
2/18/2027,Panirendawa_Madampe,4704.222894
2/19/2027,Panirendawa_Madampe,4743.85114
2/20/2027,Panirendawa_Madampe,4725.951431
2/21/2027,Panirendawa_Madampe,4748.02406
2/22/2027,Panirendawa_Madampe,4854.189599
2/23/2027,Panirendawa_Madampe,4866.370141
2/24/2027,Panirendawa_Madampe,4888.596205
2/25/2027,Panirendawa_Madampe,4855.424085
2/26/2027,Panirendawa_Madampe,4871.6912
2/27/2027,Panirendawa_Madampe,4980.742988
2/28/2027,Panirendawa_Madampe,5020.977239
3/1/2027,Panirendawa_Madampe,5115.337799
3/2/2027,Panirendawa_Madampe,5186.282059
3/3/2027,Panirendawa_Madampe,5297.442127
3/4/2027,Panirendawa_Madampe,5450.766288
3/5/2027,Panirendawa_Madampe,5524.965098
3/6/2027,Panirendawa_Madampe,5558.723996
3/7/2027,Panirendawa_Madampe,5522.888451
3/8/2027,Panirendawa_Madampe,5475.5843
3/9/2027,Panirendawa_Madampe,5446.150366
3/10/2027,Panirendawa_Madampe,5372.565168
3/11/2027,Panirendawa_Madampe,5234.099565
3/12/2027,Panirendawa_Madampe,5152.268446
3/13/2027,Panirendawa_Madampe,5061.528478
3/14/2027,Panirendawa_Madampe,5029.006114
3/15/2027,Panirendawa_Madampe,4921.303525
3/16/2027,Panirendawa_Madampe,4921.626775
3/17/2027,Panirendawa_Madampe,4853.969898
3/18/2027,Panirendawa_Madampe,4853.602338
3/19/2027,Panirendawa_Madampe,4842.881645
3/20/2027,Panirendawa_Madampe,4824.102924
3/21/2027,Panirendawa_Madampe,4827.772953
3/22/2027,Panirendawa_Madampe,4806.248518
3/23/2027,Panirendawa_Madampe,4891.870655
3/24/2027,Panirendawa_Madampe,4901.182023
3/25/2027,Panirendawa_Madampe,4828.408957
3/26/2027,Panirendawa_Madampe,4708.249496
3/27/2027,Panirendawa_Madampe,4631.295531
3/28/2027,Panirendawa_Madampe,4556.244064
3/29/2027,Panirendawa_Madampe,4504.198286
3/30/2027,Panirendawa_Madampe,4401.350286
3/31/2027,Panirendawa_Madampe,4377.243282
4/1/2027,Panirendawa_Madampe,4326.643865
4/2/2027,Panirendawa_Madampe,4193.280219
4/3/2027,Panirendawa_Madampe,4199.922637
4/4/2027,Panirendawa_Madampe,4186.641734
4/5/2027,Panirendawa_Madampe,4227.429558
4/6/2027,Panirendawa_Madampe,4208.364383
4/7/2027,Panirendawa_Madampe,4231.697288
4/8/2027,Panirendawa_Madampe,4293.144187
4/9/2027,Panirendawa_Madampe,4366.929388
4/10/2027,Panirendawa_Madampe,4392.414703
4/11/2027,Panirendawa_Madampe,4417.734408
4/12/2027,Panirendawa_Madampe,4447.991478
4/13/2027,Panirendawa_Madampe,4456.876954
4/14/2027,Panirendawa_Madampe,4451.077133
4/15/2027,Panirendawa_Madampe,4407.88438
4/16/2027,Panirendawa_Madampe,4416.981276
4/17/2027,Panirendawa_Madampe,4423.21033
4/18/2027,Panirendawa_Madampe,4403.484601
4/19/2027,Panirendawa_Madampe,4392.723111
4/20/2027,Panirendawa_Madampe,4456.442228
4/21/2027,Panirendawa_Madampe,4558.472395
4/22/2027,Panirendawa_Madampe,4608.772291
4/23/2027,Panirendawa_Madampe,4745.600807
4/24/2027,Panirendawa_Madampe,4866.353643
4/25/2027,Panirendawa_Madampe,4982.808045
4/26/2027,Panirendawa_Madampe,5101.907593
4/27/2027,Panirendawa_Madampe,5244.503214
4/28/2027,Panirendawa_Madampe,5386.682789
4/29/2027,Panirendawa_Madampe,5340.391453
4/30/2027,Panirendawa_Madampe,5234.898264
5/1/2027,Panirendawa_Madampe,5088.161336
5/2/2027,Panirendawa_Madampe,4984.868713
5/3/2027,Panirendawa_Madampe,4909.770586
5/4/2027,Panirendawa_Madampe,4769.846818
5/5/2027,Panirendawa_Madampe,4538.991023
5/6/2027,Panirendawa_Madampe,4421.916494
5/7/2027,Panirendawa_Madampe,4283.329589
5/8/2027,Panirendawa_Madampe,4184.530022
5/9/2027,Panirendawa_Madampe,4100.245031
5/10/2027,Panirendawa_Madampe,4080.171849
5/11/2027,Panirendawa_Madampe,4133.538353
5/12/2027,Panirendawa_Madampe,4137.873576
5/13/2027,Panirendawa_Madampe,4194.945291
5/14/2027,Panirendawa_Madampe,4210.422001
5/15/2027,Panirendawa_Madampe,4250.94802
5/16/2027,Panirendawa_Madampe,4352.649147
5/17/2027,Panirendawa_Madampe,4442.911841
5/18/2027,Panirendawa_Madampe,4449.061395
5/19/2027,Panirendawa_Madampe,4345.159613
5/20/2027,Panirendawa_Madampe,4273.210611
5/21/2027,Panirendawa_Madampe,4220.326233
5/22/2027,Panirendawa_Madampe,4234.663528
5/23/2027,Panirendawa_Madampe,4200.585726
5/24/2027,Panirendawa_Madampe,4091.904828
5/25/2027,Panirendawa_Madampe,4010.825033
5/26/2027,Panirendawa_Madampe,4024.468665
5/27/2027,Panirendawa_Madampe,4016.748318
5/28/2027,Panirendawa_Madampe,3988.546868
5/29/2027,Panirendawa_Madampe,4011.193107
5/30/2027,Panirendawa_Madampe,4045.855704
5/31/2027,Panirendawa_Madampe,4070.966395
6/1/2027,Panirendawa_Madampe,4122.253943
6/2/2027,Panirendawa_Madampe,4146.368058
6/3/2027,Panirendawa_Madampe,4182.949641
6/4/2027,Panirendawa_Madampe,4314.266105
6/5/2027,Panirendawa_Madampe,4409.289056
6/6/2027,Panirendawa_Madampe,4451.960295
6/7/2027,Panirendawa_Madampe,4435.471364
6/8/2027,Panirendawa_Madampe,4347.274236
6/9/2027,Panirendawa_Madampe,4296.405162
6/10/2027,Panirendawa_Madampe,4279.298011
6/11/2027,Panirendawa_Madampe,4159.520837
6/12/2027,Panirendawa_Madampe,4106.100263
6/13/2027,Panirendawa_Madampe,4094.116501
6/14/2027,Panirendawa_Madampe,4156.823506
6/15/2027,Panirendawa_Madampe,4206.827963
6/16/2027,Panirendawa_Madampe,4342.861384
6/17/2027,Panirendawa_Madampe,4413.80728
6/18/2027,Panirendawa_Madampe,4589.810725
6/19/2027,Panirendawa_Madampe,4639.6885
6/20/2027,Panirendawa_Madampe,4750.738073
6/21/2027,Panirendawa_Madampe,4866.415014
6/22/2027,Panirendawa_Madampe,5004.871107
6/23/2027,Panirendawa_Madampe,5130.863727
6/24/2027,Panirendawa_Madampe,5204.498008
6/25/2027,Panirendawa_Madampe,5198.184416
6/26/2027,Panirendawa_Madampe,5090.798945
6/27/2027,Panirendawa_Madampe,4977.540055
6/28/2027,Panirendawa_Madampe,4827.358814
6/29/2027,Panirendawa_Madampe,4763.573142
6/30/2027,Panirendawa_Madampe,4683.122911
7/1/2027,Panirendawa_Madampe,4565.05621
7/2/2027,Panirendawa_Madampe,4607.402165
7/3/2027,Panirendawa_Madampe,4635.30806
7/4/2027,Panirendawa_Madampe,4648.684295
7/5/2027,Panirendawa_Madampe,4713.115012
7/6/2027,Panirendawa_Madampe,4804.105341
7/7/2027,Panirendawa_Madampe,4811.171752
7/8/2027,Panirendawa_Madampe,4857.708563
7/9/2027,Panirendawa_Madampe,4813.95333
7/10/2027,Panirendawa_Madampe,4847.314301
7/11/2027,Panirendawa_Madampe,4850.015605
7/12/2027,Panirendawa_Madampe,4884.643995
7/13/2027,Panirendawa_Madampe,4862.310621
7/14/2027,Panirendawa_Madampe,4784.982335
7/15/2027,Panirendawa_Madampe,4709.007736
7/16/2027,Panirendawa_Madampe,4647.138213
7/17/2027,Panirendawa_Madampe,4599.900014
7/18/2027,Panirendawa_Madampe,4519.400202
7/19/2027,Panirendawa_Madampe,4445.581832
7/20/2027,Panirendawa_Madampe,4401.040478
7/21/2027,Panirendawa_Madampe,4360.193048
7/22/2027,Panirendawa_Madampe,4403.575808
7/23/2027,Panirendawa_Madampe,4397.255097
7/24/2027,Panirendawa_Madampe,4392.923415
7/25/2027,Panirendawa_Madampe,4409.310372
7/26/2027,Panirendawa_Madampe,4400.239268
7/27/2027,Panirendawa_Madampe,4358.836672
7/28/2027,Panirendawa_Madampe,4379.579136
7/29/2027,Panirendawa_Madampe,4320.469992
7/30/2027,Panirendawa_Madampe,4334.14222
7/31/2027,Panirendawa_Madampe,4281.692951
8/1/2027,Panirendawa_Madampe,4294.661402
8/2/2027,Panirendawa_Madampe,4263.194983
8/3/2027,Panirendawa_Madampe,4234.449275
8/4/2027,Panirendawa_Madampe,4230.058558
8/5/2027,Panirendawa_Madampe,4207.723788
8/6/2027,Panirendawa_Madampe,4156.817285
8/7/2027,Panirendawa_Madampe,4164.160209
8/8/2027,Panirendawa_Madampe,4159.937676
8/9/2027,Panirendawa_Madampe,4189.112467
8/10/2027,Panirendawa_Madampe,4173.642673
8/11/2027,Panirendawa_Madampe,4229.078916
8/12/2027,Panirendawa_Madampe,4197.547862
8/13/2027,Panirendawa_Madampe,4191.3029
8/14/2027,Panirendawa_Madampe,4120.830228
8/15/2027,Panirendawa_Madampe,4117.245946
8/16/2027,Panirendawa_Madampe,4123.383675
8/17/2027,Panirendawa_Madampe,4180.938816
8/18/2027,Panirendawa_Madampe,4146.401186
8/19/2027,Panirendawa_Madampe,4195.361357
8/20/2027,Panirendawa_Madampe,4157.447671
8/21/2027,Panirendawa_Madampe,4198.381831
8/22/2027,Panirendawa_Madampe,4147.97194
8/23/2027,Panirendawa_Madampe,4156.184188
8/24/2027,Panirendawa_Madampe,4153.100497
8/25/2027,Panirendawa_Madampe,4126.933796
8/26/2027,Panirendawa_Madampe,4133.470091
8/27/2027,Panirendawa_Madampe,4096.140981
8/28/2027,Panirendawa_Madampe,4024.084976
8/29/2027,Panirendawa_Madampe,3938.71906
8/30/2027,Panirendawa_Madampe,3859.627353
8/31/2027,Panirendawa_Madampe,3862.186881
9/1/2027,Panirendawa_Madampe,3780.58924
9/2/2027,Panirendawa_Madampe,3735.394492
9/3/2027,Panirendawa_Madampe,3720.006315
9/4/2027,Panirendawa_Madampe,3766.339752
9/5/2027,Panirendawa_Madampe,3820.631982
9/6/2027,Panirendawa_Madampe,3879.937002
9/7/2027,Panirendawa_Madampe,3909.142443
9/8/2027,Panirendawa_Madampe,3930.266345
9/9/2027,Panirendawa_Madampe,3922.916043
9/10/2027,Panirendawa_Madampe,3931.875948
9/11/2027,Panirendawa_Madampe,3952.920092
9/12/2027,Panirendawa_Madampe,4000.677669
9/13/2027,Panirendawa_Madampe,4027.91587
9/14/2027,Panirendawa_Madampe,4064.277529
9/15/2027,Panirendawa_Madampe,4112.902668
9/16/2027,Panirendawa_Madampe,4124.254718
9/17/2027,Panirendawa_Madampe,4137.849898
9/18/2027,Panirendawa_Madampe,4148.175705
9/19/2027,Panirendawa_Madampe,4168.276399
9/20/2027,Panirendawa_Madampe,4199.316717
9/21/2027,Panirendawa_Madampe,4210.541452
9/22/2027,Panirendawa_Madampe,4277.52909
9/23/2027,Panirendawa_Madampe,4333.268626
9/24/2027,Panirendawa_Madampe,4338.336249
9/25/2027,Panirendawa_Madampe,4330.707623
9/26/2027,Panirendawa_Madampe,4273.563635
9/27/2027,Panirendawa_Madampe,4176.766435
9/28/2027,Panirendawa_Madampe,4088.535386
9/29/2027,Panirendawa_Madampe,4029.960674
9/30/2027,Panirendawa_Madampe,3996.273789
10/1/2027,Panirendawa_Madampe,3974.305615
10/2/2027,Panirendawa_Madampe,3971.333635
10/3/2027,Panirendawa_Madampe,4005.374142
10/4/2027,Panirendawa_Madampe,4034.651456
10/5/2027,Panirendawa_Madampe,3975.575866
10/6/2027,Panirendawa_Madampe,3939.932531
10/7/2027,Panirendawa_Madampe,3888.616765
10/8/2027,Panirendawa_Madampe,3819.997596
10/9/2027,Panirendawa_Madampe,3809.893423
10/10/2027,Panirendawa_Madampe,3828.331212
10/11/2027,Panirendawa_Madampe,3813.436557
10/12/2027,Panirendawa_Madampe,3788.872743
10/13/2027,Panirendawa_Madampe,3759.13379
10/14/2027,Panirendawa_Madampe,3737.024001
10/15/2027,Panirendawa_Madampe,3696.738179
10/16/2027,Panirendawa_Madampe,3616.828949
10/17/2027,Panirendawa_Madampe,3621.736031
10/18/2027,Panirendawa_Madampe,3630.475007
10/19/2027,Panirendawa_Madampe,3668.871354
10/20/2027,Panirendawa_Madampe,3755.029487
10/21/2027,Panirendawa_Madampe,3781.887719
10/22/2027,Panirendawa_Madampe,3856.461113
10/23/2027,Panirendawa_Madampe,3928.487233
10/24/2027,Panirendawa_Madampe,3967.899656
10/25/2027,Panirendawa_Madampe,4040.306957
10/26/2027,Panirendawa_Madampe,4119.073837
10/27/2027,Panirendawa_Madampe,4165.068396
10/28/2027,Panirendawa_Madampe,4194.066076
10/29/2027,Panirendawa_Madampe,4283.294614
10/30/2027,Panirendawa_Madampe,4307.256206
10/31/2027,Panirendawa_Madampe,4332.466264
11/1/2027,Panirendawa_Madampe,4361.593442
11/2/2027,Panirendawa_Madampe,4476.544301
11/3/2027,Panirendawa_Madampe,4537.288305
11/4/2027,Panirendawa_Madampe,4516.665754
11/5/2027,Panirendawa_Madampe,4457.831987
11/6/2027,Panirendawa_Madampe,4559.560493
11/7/2027,Panirendawa_Madampe,4595.885972
11/8/2027,Panirendawa_Madampe,4629.122107
11/9/2027,Panirendawa_Madampe,4603.844877
11/10/2027,Panirendawa_Madampe,4537.750263
11/11/2027,Panirendawa_Madampe,4430.033921
11/12/2027,Panirendawa_Madampe,4328.116868
11/13/2027,Panirendawa_Madampe,4232.321905
11/14/2027,Panirendawa_Madampe,4150.591309
11/15/2027,Panirendawa_Madampe,3985.545421
11/16/2027,Panirendawa_Madampe,3863.08133
11/17/2027,Panirendawa_Madampe,3732.290376
11/18/2027,Panirendawa_Madampe,3657.41365
11/19/2027,Panirendawa_Madampe,3662.731885
11/20/2027,Panirendawa_Madampe,3685.45087
11/21/2027,Panirendawa_Madampe,3769.256272
11/22/2027,Panirendawa_Madampe,3897.618801
11/23/2027,Panirendawa_Madampe,3926.661234
11/24/2027,Panirendawa_Madampe,3894.362861
11/25/2027,Panirendawa_Madampe,4001.369951
11/26/2027,Panirendawa_Madampe,4224.8209
11/27/2027,Panirendawa_Madampe,4271.865719
11/28/2027,Panirendawa_Madampe,4301.411062
11/29/2027,Panirendawa_Madampe,4321.316062
11/30/2027,Panirendawa_Madampe,4318.426034
12/1/2027,Panirendawa_Madampe,4262.46518
12/2/2027,Panirendawa_Madampe,4210.960511
12/3/2027,Panirendawa_Madampe,4138.030757
12/4/2027,Panirendawa_Madampe,4101.263672
12/5/2027,Panirendawa_Madampe,3969.218097
12/6/2027,Panirendawa_Madampe,3892.228461
12/7/2027,Panirendawa_Madampe,3829.000631
12/8/2027,Panirendawa_Madampe,3831.815949
12/9/2027,Panirendawa_Madampe,3912.331274
12/10/2027,Panirendawa_Madampe,3954.258288
12/11/2027,Panirendawa_Madampe,4073.972687
12/12/2027,Panirendawa_Madampe,4040.244578
12/13/2027,Panirendawa_Madampe,4010.551015
12/14/2027,Panirendawa_Madampe,3976.28512
12/15/2027,Panirendawa_Madampe,4090.135927
12/16/2027,Panirendawa_Madampe,4118.800318
12/17/2027,Panirendawa_Madampe,4034.469005
12/18/2027,Panirendawa_Madampe,4027.93561
12/19/2027,Panirendawa_Madampe,4096.3444
12/20/2027,Panirendawa_Madampe,4070.680464
12/21/2027,Panirendawa_Madampe,4092.470574
12/22/2027,Panirendawa_Madampe,4129.285914
12/23/2027,Panirendawa_Madampe,4172.612153
12/24/2027,Panirendawa_Madampe,4222.449292
12/25/2027,Panirendawa_Madampe,4278.797329
12/26/2027,Panirendawa_Madampe,4341.656265
12/27/2027,Panirendawa_Madampe,4411.026099
12/28/2027,Panirendawa_Madampe,4486.906833
12/29/2027,Panirendawa_Madampe,4569.298465
12/30/2027,Panirendawa_Madampe,4658.200997
12/31/2027,Panirendawa_Madampe,4753.614427
1/1/2025,Manalthivu_Puttalam,4418.334252
1/2/2025,Manalthivu_Puttalam,4393.492458
1/3/2025,Manalthivu_Puttalam,4376.553672
1/4/2025,Manalthivu_Puttalam,4367.517894
1/5/2025,Manalthivu_Puttalam,4366.385125
1/6/2025,Manalthivu_Puttalam,4373.155363
1/7/2025,Manalthivu_Puttalam,4387.82861
1/8/2025,Manalthivu_Puttalam,4410.404864
1/9/2025,Manalthivu_Puttalam,4440.884127
1/10/2025,Manalthivu_Puttalam,4479.266398
1/11/2025,Manalthivu_Puttalam,4525.551677
1/12/2025,Manalthivu_Puttalam,4637.879309
1/13/2025,Manalthivu_Puttalam,4722.371475
1/14/2025,Manalthivu_Puttalam,4865.684626
1/15/2025,Manalthivu_Puttalam,4939.995437
1/16/2025,Manalthivu_Puttalam,5045.473184
1/17/2025,Manalthivu_Puttalam,5079.074989
1/18/2025,Manalthivu_Puttalam,5111.605885
1/19/2025,Manalthivu_Puttalam,5091.53609
1/20/2025,Manalthivu_Puttalam,5029.799027
1/21/2025,Manalthivu_Puttalam,5050.499503
1/22/2025,Manalthivu_Puttalam,5066.931118
1/23/2025,Manalthivu_Puttalam,5114.871096
1/24/2025,Manalthivu_Puttalam,5104.416567
1/25/2025,Manalthivu_Puttalam,5039.376594
1/26/2025,Manalthivu_Puttalam,5015.695242
1/27/2025,Manalthivu_Puttalam,4978.581366
1/28/2025,Manalthivu_Puttalam,4925.32863
1/29/2025,Manalthivu_Puttalam,4918.130551
1/30/2025,Manalthivu_Puttalam,4931.98356
1/31/2025,Manalthivu_Puttalam,4948.92381
2/1/2025,Manalthivu_Puttalam,4851.457438
2/2/2025,Manalthivu_Puttalam,4801.715599
2/3/2025,Manalthivu_Puttalam,4732.135646
2/4/2025,Manalthivu_Puttalam,4615.046598
2/5/2025,Manalthivu_Puttalam,4555.025839
2/6/2025,Manalthivu_Puttalam,4448.280721
2/7/2025,Manalthivu_Puttalam,4381.457585
2/8/2025,Manalthivu_Puttalam,4363.299719
2/9/2025,Manalthivu_Puttalam,4319.150011
2/10/2025,Manalthivu_Puttalam,4286.292622
2/11/2025,Manalthivu_Puttalam,4197.45552
2/12/2025,Manalthivu_Puttalam,4152.331776
2/13/2025,Manalthivu_Puttalam,4229.119693
2/14/2025,Manalthivu_Puttalam,4214.922582
2/15/2025,Manalthivu_Puttalam,4204.276565
2/16/2025,Manalthivu_Puttalam,4287.111424
2/17/2025,Manalthivu_Puttalam,4415.600491
2/18/2025,Manalthivu_Puttalam,4483.224158
2/19/2025,Manalthivu_Puttalam,4555.324381
2/20/2025,Manalthivu_Puttalam,4611.823964
2/21/2025,Manalthivu_Puttalam,4622.988122
2/22/2025,Manalthivu_Puttalam,4579.113816
2/23/2025,Manalthivu_Puttalam,4498.294088
2/24/2025,Manalthivu_Puttalam,4437.190113
2/25/2025,Manalthivu_Puttalam,4457.032244
2/26/2025,Manalthivu_Puttalam,4431.39743
2/27/2025,Manalthivu_Puttalam,4415.415638
2/28/2025,Manalthivu_Puttalam,4443.810032
3/1/2025,Manalthivu_Puttalam,4492.309029
3/2/2025,Manalthivu_Puttalam,4547.951427
3/3/2025,Manalthivu_Puttalam,4525.562641
3/4/2025,Manalthivu_Puttalam,4628.299489
3/5/2025,Manalthivu_Puttalam,4794.684644
3/6/2025,Manalthivu_Puttalam,4839.783668
3/7/2025,Manalthivu_Puttalam,4918.07929
3/8/2025,Manalthivu_Puttalam,5084.915493
3/9/2025,Manalthivu_Puttalam,5207.984961
3/10/2025,Manalthivu_Puttalam,5157.001553
3/11/2025,Manalthivu_Puttalam,5080.049027
3/12/2025,Manalthivu_Puttalam,4966.971761
3/13/2025,Manalthivu_Puttalam,4781.686575
3/14/2025,Manalthivu_Puttalam,4653.322286
3/15/2025,Manalthivu_Puttalam,4514.710573
3/16/2025,Manalthivu_Puttalam,4265.86424
3/17/2025,Manalthivu_Puttalam,4084.015217
3/18/2025,Manalthivu_Puttalam,3910.155284
3/19/2025,Manalthivu_Puttalam,3805.632426
3/20/2025,Manalthivu_Puttalam,3845.35611
3/21/2025,Manalthivu_Puttalam,3894.801022
3/22/2025,Manalthivu_Puttalam,3895.307232
3/23/2025,Manalthivu_Puttalam,3926.054232
3/24/2025,Manalthivu_Puttalam,4075.221918
3/25/2025,Manalthivu_Puttalam,4113.751342
3/26/2025,Manalthivu_Puttalam,4136.198356
3/27/2025,Manalthivu_Puttalam,4274.715469
3/28/2025,Manalthivu_Puttalam,4360.756776
3/29/2025,Manalthivu_Puttalam,4440.042486
3/30/2025,Manalthivu_Puttalam,4406.0909
3/31/2025,Manalthivu_Puttalam,4350.510453
4/1/2025,Manalthivu_Puttalam,4352.377709
4/2/2025,Manalthivu_Puttalam,4299.876307
4/3/2025,Manalthivu_Puttalam,4301.02302
4/4/2025,Manalthivu_Puttalam,4143.042753
4/5/2025,Manalthivu_Puttalam,4008.754629
4/6/2025,Manalthivu_Puttalam,4022.861942
4/7/2025,Manalthivu_Puttalam,4006.028632
4/8/2025,Manalthivu_Puttalam,3962.004599
4/9/2025,Manalthivu_Puttalam,3930.162496
4/10/2025,Manalthivu_Puttalam,3964.131381
4/11/2025,Manalthivu_Puttalam,4037.983629
4/12/2025,Manalthivu_Puttalam,4184.696407
4/13/2025,Manalthivu_Puttalam,4260.28199
4/14/2025,Manalthivu_Puttalam,4312.694351
4/15/2025,Manalthivu_Puttalam,4463.825126
4/16/2025,Manalthivu_Puttalam,4560.445878
4/17/2025,Manalthivu_Puttalam,4540.633845
4/18/2025,Manalthivu_Puttalam,4507.820148
4/19/2025,Manalthivu_Puttalam,4475.795994
4/20/2025,Manalthivu_Puttalam,4493.586756
4/21/2025,Manalthivu_Puttalam,4509.525843
4/22/2025,Manalthivu_Puttalam,4510.232776
4/23/2025,Manalthivu_Puttalam,4544.898472
4/24/2025,Manalthivu_Puttalam,4578.538283
4/25/2025,Manalthivu_Puttalam,4644.70215
4/26/2025,Manalthivu_Puttalam,4647.625376
4/27/2025,Manalthivu_Puttalam,4673.220271
4/28/2025,Manalthivu_Puttalam,4609.452368
4/29/2025,Manalthivu_Puttalam,4623.391071
4/30/2025,Manalthivu_Puttalam,4746.794721
5/1/2025,Manalthivu_Puttalam,4753.14449
5/2/2025,Manalthivu_Puttalam,4745.21294
5/3/2025,Manalthivu_Puttalam,4771.106039
5/4/2025,Manalthivu_Puttalam,4805.416235
5/5/2025,Manalthivu_Puttalam,4847.988276
5/6/2025,Manalthivu_Puttalam,4759.17654
5/7/2025,Manalthivu_Puttalam,4720.237272
5/8/2025,Manalthivu_Puttalam,4637.442231
5/9/2025,Manalthivu_Puttalam,4702.639145
5/10/2025,Manalthivu_Puttalam,4766.174482
5/11/2025,Manalthivu_Puttalam,4801.472139
5/12/2025,Manalthivu_Puttalam,4856.657296
5/13/2025,Manalthivu_Puttalam,4870.32372
5/14/2025,Manalthivu_Puttalam,4913.995756
5/15/2025,Manalthivu_Puttalam,4935.378328
5/16/2025,Manalthivu_Puttalam,4956.947261
5/17/2025,Manalthivu_Puttalam,5036.59171
5/18/2025,Manalthivu_Puttalam,4968.158357
5/19/2025,Manalthivu_Puttalam,5019.323017
5/20/2025,Manalthivu_Puttalam,5056.115206
5/21/2025,Manalthivu_Puttalam,4958.829757
5/22/2025,Manalthivu_Puttalam,4946.844367
5/23/2025,Manalthivu_Puttalam,5002.087349
5/24/2025,Manalthivu_Puttalam,5052.376899
5/25/2025,Manalthivu_Puttalam,5039.640064
5/26/2025,Manalthivu_Puttalam,4995.596377
5/27/2025,Manalthivu_Puttalam,4945.019226
5/28/2025,Manalthivu_Puttalam,4831.290913
5/29/2025,Manalthivu_Puttalam,4808.536653
5/30/2025,Manalthivu_Puttalam,4750.624312
5/31/2025,Manalthivu_Puttalam,4681.412043
6/1/2025,Manalthivu_Puttalam,4642.802304
6/2/2025,Manalthivu_Puttalam,4597.103513
6/3/2025,Manalthivu_Puttalam,4626.956662
6/4/2025,Manalthivu_Puttalam,4581.340171
6/5/2025,Manalthivu_Puttalam,4634.719398
6/6/2025,Manalthivu_Puttalam,4621.708154
6/7/2025,Manalthivu_Puttalam,4630.683515
6/8/2025,Manalthivu_Puttalam,4660.018955
6/9/2025,Manalthivu_Puttalam,4647.371344
6/10/2025,Manalthivu_Puttalam,4566.876122
6/11/2025,Manalthivu_Puttalam,4544.081447
6/12/2025,Manalthivu_Puttalam,4523.379935
6/13/2025,Manalthivu_Puttalam,4463.367459
6/14/2025,Manalthivu_Puttalam,4358.137832
6/15/2025,Manalthivu_Puttalam,4356.976258
6/16/2025,Manalthivu_Puttalam,4345.872491
6/17/2025,Manalthivu_Puttalam,4358.680034
6/18/2025,Manalthivu_Puttalam,4361.953405
6/19/2025,Manalthivu_Puttalam,4364.562758
6/20/2025,Manalthivu_Puttalam,4369.854351
6/21/2025,Manalthivu_Puttalam,4367.822387
6/22/2025,Manalthivu_Puttalam,4270.801149
6/23/2025,Manalthivu_Puttalam,4207.437184
6/24/2025,Manalthivu_Puttalam,4150.502689
6/25/2025,Manalthivu_Puttalam,4170.629071
6/26/2025,Manalthivu_Puttalam,4116.205502
6/27/2025,Manalthivu_Puttalam,4111.395668
6/28/2025,Manalthivu_Puttalam,4102.588931
6/29/2025,Manalthivu_Puttalam,4154.640424
6/30/2025,Manalthivu_Puttalam,4153.488591
7/1/2025,Manalthivu_Puttalam,4139.906094
7/2/2025,Manalthivu_Puttalam,4175.102063
7/3/2025,Manalthivu_Puttalam,4181.402323
7/4/2025,Manalthivu_Puttalam,4271.814953
7/5/2025,Manalthivu_Puttalam,4394.581459
7/6/2025,Manalthivu_Puttalam,4477.121021
7/7/2025,Manalthivu_Puttalam,4491.728334
7/8/2025,Manalthivu_Puttalam,4400.783694
7/9/2025,Manalthivu_Puttalam,4292.73701
7/10/2025,Manalthivu_Puttalam,4158.30656
7/11/2025,Manalthivu_Puttalam,4009.790995
7/12/2025,Manalthivu_Puttalam,3932.395237
7/13/2025,Manalthivu_Puttalam,3847.179156
7/14/2025,Manalthivu_Puttalam,3722.372138
7/15/2025,Manalthivu_Puttalam,3610.906107
7/16/2025,Manalthivu_Puttalam,3512.878251
7/17/2025,Manalthivu_Puttalam,3421.618174
7/18/2025,Manalthivu_Puttalam,3400.289461
7/19/2025,Manalthivu_Puttalam,3456.011973
7/20/2025,Manalthivu_Puttalam,3451.63121
7/21/2025,Manalthivu_Puttalam,3484.827128
7/22/2025,Manalthivu_Puttalam,3586.892444
7/23/2025,Manalthivu_Puttalam,3640.584584
7/24/2025,Manalthivu_Puttalam,3724.126235
7/25/2025,Manalthivu_Puttalam,3831.109267
7/26/2025,Manalthivu_Puttalam,3900.345566
7/27/2025,Manalthivu_Puttalam,3907.606473
7/28/2025,Manalthivu_Puttalam,3829.705163
7/29/2025,Manalthivu_Puttalam,3826.103435
7/30/2025,Manalthivu_Puttalam,3825.392696
7/31/2025,Manalthivu_Puttalam,3791.516581
8/1/2025,Manalthivu_Puttalam,3793.230977
8/2/2025,Manalthivu_Puttalam,3647.360642
8/3/2025,Manalthivu_Puttalam,3587.588638
8/4/2025,Manalthivu_Puttalam,3522.615811
8/5/2025,Manalthivu_Puttalam,3440.593875
8/6/2025,Manalthivu_Puttalam,3364.715502
8/7/2025,Manalthivu_Puttalam,3349.568534
8/8/2025,Manalthivu_Puttalam,3386.573321
8/9/2025,Manalthivu_Puttalam,3388.687392
8/10/2025,Manalthivu_Puttalam,3454.984554
8/11/2025,Manalthivu_Puttalam,3582.063029
8/12/2025,Manalthivu_Puttalam,3666.099261
8/13/2025,Manalthivu_Puttalam,3738.314784
8/14/2025,Manalthivu_Puttalam,3829.055934
8/15/2025,Manalthivu_Puttalam,3893.92273
8/16/2025,Manalthivu_Puttalam,3920.593991
8/17/2025,Manalthivu_Puttalam,3877.411934
8/18/2025,Manalthivu_Puttalam,3915.857379
8/19/2025,Manalthivu_Puttalam,3879.514644
8/20/2025,Manalthivu_Puttalam,3869.068876
8/21/2025,Manalthivu_Puttalam,3944.011776
8/22/2025,Manalthivu_Puttalam,4008.560363
8/23/2025,Manalthivu_Puttalam,4128.175692
8/24/2025,Manalthivu_Puttalam,4119.884893
8/25/2025,Manalthivu_Puttalam,4137.834593
8/26/2025,Manalthivu_Puttalam,4149.344835
8/27/2025,Manalthivu_Puttalam,4162.62285
8/28/2025,Manalthivu_Puttalam,4142.960211
8/29/2025,Manalthivu_Puttalam,4071.081994
8/30/2025,Manalthivu_Puttalam,4076.802205
8/31/2025,Manalthivu_Puttalam,4094.611689
9/1/2025,Manalthivu_Puttalam,4015.753365
9/2/2025,Manalthivu_Puttalam,3946.569631
9/3/2025,Manalthivu_Puttalam,4004.535715
9/4/2025,Manalthivu_Puttalam,3988.178493
9/5/2025,Manalthivu_Puttalam,3923.564735
9/6/2025,Manalthivu_Puttalam,3889.861823
9/7/2025,Manalthivu_Puttalam,3956.120235
9/8/2025,Manalthivu_Puttalam,4012.933343
9/9/2025,Manalthivu_Puttalam,4122.932027
9/10/2025,Manalthivu_Puttalam,4220.760283
9/11/2025,Manalthivu_Puttalam,4311.700669
9/12/2025,Manalthivu_Puttalam,4402.45043
9/13/2025,Manalthivu_Puttalam,4439.323328
9/14/2025,Manalthivu_Puttalam,4495.683405
9/15/2025,Manalthivu_Puttalam,4546.635962
9/16/2025,Manalthivu_Puttalam,4557.598226
9/17/2025,Manalthivu_Puttalam,4510.528138
9/18/2025,Manalthivu_Puttalam,4445.848538
9/19/2025,Manalthivu_Puttalam,4405.723227
9/20/2025,Manalthivu_Puttalam,4304.174274
9/21/2025,Manalthivu_Puttalam,4271.29623
9/22/2025,Manalthivu_Puttalam,4303.584271
9/23/2025,Manalthivu_Puttalam,4339.775025
9/24/2025,Manalthivu_Puttalam,4268.642039
9/25/2025,Manalthivu_Puttalam,4225.127068
9/26/2025,Manalthivu_Puttalam,4234.4121
9/27/2025,Manalthivu_Puttalam,4225.604818
9/28/2025,Manalthivu_Puttalam,4187.94374
9/29/2025,Manalthivu_Puttalam,4117.460635
9/30/2025,Manalthivu_Puttalam,4051.842364
10/1/2025,Manalthivu_Puttalam,4024.65239
10/2/2025,Manalthivu_Puttalam,3938.250501
10/3/2025,Manalthivu_Puttalam,3914.388336
10/4/2025,Manalthivu_Puttalam,3919.329651
10/5/2025,Manalthivu_Puttalam,3941.598053
10/6/2025,Manalthivu_Puttalam,3944.938772
10/7/2025,Manalthivu_Puttalam,3894.674845
10/8/2025,Manalthivu_Puttalam,3774.88067
10/9/2025,Manalthivu_Puttalam,3648.180368
10/10/2025,Manalthivu_Puttalam,3633.668351
10/11/2025,Manalthivu_Puttalam,3721.725999
10/12/2025,Manalthivu_Puttalam,3720.668294
10/13/2025,Manalthivu_Puttalam,3802.470103
10/14/2025,Manalthivu_Puttalam,3842.060004
10/15/2025,Manalthivu_Puttalam,3903.014497
10/16/2025,Manalthivu_Puttalam,3902.071859
10/17/2025,Manalthivu_Puttalam,3919.385347
10/18/2025,Manalthivu_Puttalam,3935.505628
10/19/2025,Manalthivu_Puttalam,3926.733492
10/20/2025,Manalthivu_Puttalam,3940.503008
10/21/2025,Manalthivu_Puttalam,3920.907967
10/22/2025,Manalthivu_Puttalam,3859.313306
10/23/2025,Manalthivu_Puttalam,3902.502297
10/24/2025,Manalthivu_Puttalam,3943.131353
10/25/2025,Manalthivu_Puttalam,3998.537443
10/26/2025,Manalthivu_Puttalam,4035.91411
10/27/2025,Manalthivu_Puttalam,3978.334948
10/28/2025,Manalthivu_Puttalam,3910.95657
10/29/2025,Manalthivu_Puttalam,3868.030492
10/30/2025,Manalthivu_Puttalam,3931.378979
10/31/2025,Manalthivu_Puttalam,4005.438771
11/1/2025,Manalthivu_Puttalam,4081.776309
11/2/2025,Manalthivu_Puttalam,4157.272998
11/3/2025,Manalthivu_Puttalam,4193.756245
11/4/2025,Manalthivu_Puttalam,4208.107152
11/5/2025,Manalthivu_Puttalam,4119.763554
11/6/2025,Manalthivu_Puttalam,4050.393403
11/7/2025,Manalthivu_Puttalam,3907.898157
11/8/2025,Manalthivu_Puttalam,3806.525484
11/9/2025,Manalthivu_Puttalam,3743.814356
11/10/2025,Manalthivu_Puttalam,3584.848638
11/11/2025,Manalthivu_Puttalam,3427.963543
11/12/2025,Manalthivu_Puttalam,3329.980014
11/13/2025,Manalthivu_Puttalam,3253.984261
11/14/2025,Manalthivu_Puttalam,3194.480012
11/15/2025,Manalthivu_Puttalam,3159.943321
11/16/2025,Manalthivu_Puttalam,3129.152644
11/17/2025,Manalthivu_Puttalam,3130.999849
11/18/2025,Manalthivu_Puttalam,3172.408334
11/19/2025,Manalthivu_Puttalam,3290.080686
11/20/2025,Manalthivu_Puttalam,3396.347457
11/21/2025,Manalthivu_Puttalam,3489.710495
11/22/2025,Manalthivu_Puttalam,3556.388897
11/23/2025,Manalthivu_Puttalam,3686.63035
11/24/2025,Manalthivu_Puttalam,3758.265756
11/25/2025,Manalthivu_Puttalam,3778.104355
11/26/2025,Manalthivu_Puttalam,3715.323463
11/27/2025,Manalthivu_Puttalam,3714.993234
11/28/2025,Manalthivu_Puttalam,3730.921114
11/29/2025,Manalthivu_Puttalam,3757.676564
11/30/2025,Manalthivu_Puttalam,3654.07156
12/1/2025,Manalthivu_Puttalam,3632.540888
12/2/2025,Manalthivu_Puttalam,3614.830911
12/3/2025,Manalthivu_Puttalam,3551.142994
12/4/2025,Manalthivu_Puttalam,3521.672204
12/5/2025,Manalthivu_Puttalam,3471.268008
12/6/2025,Manalthivu_Puttalam,3455.54613
12/7/2025,Manalthivu_Puttalam,3474.227742
12/8/2025,Manalthivu_Puttalam,3502.787897
12/9/2025,Manalthivu_Puttalam,3567.27163
12/10/2025,Manalthivu_Puttalam,3684.878137
12/11/2025,Manalthivu_Puttalam,3817.664371
12/12/2025,Manalthivu_Puttalam,3942.226692
12/13/2025,Manalthivu_Puttalam,4047.048994
12/14/2025,Manalthivu_Puttalam,4113.687453
12/15/2025,Manalthivu_Puttalam,4085.947886
12/16/2025,Manalthivu_Puttalam,4074.860136
12/17/2025,Manalthivu_Puttalam,4135.015089
12/18/2025,Manalthivu_Puttalam,4111.641237
12/19/2025,Manalthivu_Puttalam,4174.846745
12/20/2025,Manalthivu_Puttalam,4173.164259
12/21/2025,Manalthivu_Puttalam,4279.759967
12/22/2025,Manalthivu_Puttalam,4350.513517
12/23/2025,Manalthivu_Puttalam,4372.492217
12/24/2025,Manalthivu_Puttalam,4364.511845
12/25/2025,Manalthivu_Puttalam,4309.169392
12/26/2025,Manalthivu_Puttalam,4318.934337
12/27/2025,Manalthivu_Puttalam,4286.484775
12/28/2025,Manalthivu_Puttalam,4327.354375
12/29/2025,Manalthivu_Puttalam,4421.581502
12/30/2025,Manalthivu_Puttalam,4441.859265
12/31/2025,Manalthivu_Puttalam,4412.170006
1/1/2026,Manalthivu_Puttalam,4436.863009
1/2/2026,Manalthivu_Puttalam,4351.942591
1/3/2026,Manalthivu_Puttalam,4287.648483
1/4/2026,Manalthivu_Puttalam,4231.767102
1/5/2026,Manalthivu_Puttalam,4309.022902
1/6/2026,Manalthivu_Puttalam,4367.208673
1/7/2026,Manalthivu_Puttalam,4363.073735
1/8/2026,Manalthivu_Puttalam,4489.683071
1/9/2026,Manalthivu_Puttalam,4585.471422
1/10/2026,Manalthivu_Puttalam,4726.168243
1/11/2026,Manalthivu_Puttalam,4833.51526
1/12/2026,Manalthivu_Puttalam,4824.565321
1/13/2026,Manalthivu_Puttalam,4814.827262
1/14/2026,Manalthivu_Puttalam,4787.277724
1/15/2026,Manalthivu_Puttalam,4771.698814
1/16/2026,Manalthivu_Puttalam,4768.292896
1/17/2026,Manalthivu_Puttalam,4823.705912
1/18/2026,Manalthivu_Puttalam,4811.401276
1/19/2026,Manalthivu_Puttalam,4735.225182
1/20/2026,Manalthivu_Puttalam,4749.80143
1/21/2026,Manalthivu_Puttalam,4788.52488
1/22/2026,Manalthivu_Puttalam,4728.065747
1/23/2026,Manalthivu_Puttalam,4717.387112
1/24/2026,Manalthivu_Puttalam,4708.228864
1/25/2026,Manalthivu_Puttalam,4702.302436
1/26/2026,Manalthivu_Puttalam,4665.290315
1/27/2026,Manalthivu_Puttalam,4626.993454
1/28/2026,Manalthivu_Puttalam,4675.500896
1/29/2026,Manalthivu_Puttalam,4649.187645
1/30/2026,Manalthivu_Puttalam,4560.064492
1/31/2026,Manalthivu_Puttalam,4511.242478
2/1/2026,Manalthivu_Puttalam,4415.725335
2/2/2026,Manalthivu_Puttalam,4456.515646
2/3/2026,Manalthivu_Puttalam,4459.28209
2/4/2026,Manalthivu_Puttalam,4424.42236
2/5/2026,Manalthivu_Puttalam,4415.414305
2/6/2026,Manalthivu_Puttalam,4409.585171
2/7/2026,Manalthivu_Puttalam,4407.056167
2/8/2026,Manalthivu_Puttalam,4419.684159
2/9/2026,Manalthivu_Puttalam,4425.018705
2/10/2026,Manalthivu_Puttalam,4432.23291
2/11/2026,Manalthivu_Puttalam,4407.004334
2/12/2026,Manalthivu_Puttalam,4483.807654
2/13/2026,Manalthivu_Puttalam,4485.666113
2/14/2026,Manalthivu_Puttalam,4484.463938
2/15/2026,Manalthivu_Puttalam,4539.919654
2/16/2026,Manalthivu_Puttalam,4566.590077
2/17/2026,Manalthivu_Puttalam,4546.43456
2/18/2026,Manalthivu_Puttalam,4493.654564
2/19/2026,Manalthivu_Puttalam,4413.379715
2/20/2026,Manalthivu_Puttalam,4431.314527
2/21/2026,Manalthivu_Puttalam,4441.723381
2/22/2026,Manalthivu_Puttalam,4533.035552
2/23/2026,Manalthivu_Puttalam,4561.89161
2/24/2026,Manalthivu_Puttalam,4553.817432
2/25/2026,Manalthivu_Puttalam,4642.991797
2/26/2026,Manalthivu_Puttalam,4712.15747
2/27/2026,Manalthivu_Puttalam,4776.735015
2/28/2026,Manalthivu_Puttalam,4866.732728
3/1/2026,Manalthivu_Puttalam,4915.167746
3/2/2026,Manalthivu_Puttalam,5024.152086
3/3/2026,Manalthivu_Puttalam,5150.968242
3/4/2026,Manalthivu_Puttalam,5280.372406
3/5/2026,Manalthivu_Puttalam,5173.679671
3/6/2026,Manalthivu_Puttalam,5091.707972
3/7/2026,Manalthivu_Puttalam,4938.274737
3/8/2026,Manalthivu_Puttalam,4775.812414
3/9/2026,Manalthivu_Puttalam,4690.222855
3/10/2026,Manalthivu_Puttalam,4508.1006
3/11/2026,Manalthivu_Puttalam,4344.581783
3/12/2026,Manalthivu_Puttalam,4206.140547
3/13/2026,Manalthivu_Puttalam,4101.327261
3/14/2026,Manalthivu_Puttalam,4039.627519
3/15/2026,Manalthivu_Puttalam,3938.201701
3/16/2026,Manalthivu_Puttalam,3893.219849
3/17/2026,Manalthivu_Puttalam,3915.925354
3/18/2026,Manalthivu_Puttalam,3987.906068
3/19/2026,Manalthivu_Puttalam,4054.296153
3/20/2026,Manalthivu_Puttalam,4086.096967
3/21/2026,Manalthivu_Puttalam,4126.413667
3/22/2026,Manalthivu_Puttalam,4181.331377
3/23/2026,Manalthivu_Puttalam,4294.203163
3/24/2026,Manalthivu_Puttalam,4311.903541
3/25/2026,Manalthivu_Puttalam,4275.05652
3/26/2026,Manalthivu_Puttalam,4277.279101
3/27/2026,Manalthivu_Puttalam,4272.848429
3/28/2026,Manalthivu_Puttalam,4292.118746
3/29/2026,Manalthivu_Puttalam,4303.321216
3/30/2026,Manalthivu_Puttalam,4230.176124
3/31/2026,Manalthivu_Puttalam,4237.991975
4/1/2026,Manalthivu_Puttalam,4155.288307
4/2/2026,Manalthivu_Puttalam,4072.481972
4/3/2026,Manalthivu_Puttalam,4032.977933
4/4/2026,Manalthivu_Puttalam,3957.478918
4/5/2026,Manalthivu_Puttalam,3964.009598
4/6/2026,Manalthivu_Puttalam,4083.838565
4/7/2026,Manalthivu_Puttalam,4142.131079
4/8/2026,Manalthivu_Puttalam,4229.427454
4/9/2026,Manalthivu_Puttalam,4240.54633
4/10/2026,Manalthivu_Puttalam,4329.809867
4/11/2026,Manalthivu_Puttalam,4456.124259
4/12/2026,Manalthivu_Puttalam,4559.840049
4/13/2026,Manalthivu_Puttalam,4588.857286
4/14/2026,Manalthivu_Puttalam,4635.406723
4/15/2026,Manalthivu_Puttalam,4689.337132
4/16/2026,Manalthivu_Puttalam,4712.189765
4/17/2026,Manalthivu_Puttalam,4731.98222
4/18/2026,Manalthivu_Puttalam,4734.534823
4/19/2026,Manalthivu_Puttalam,4762.490367
4/20/2026,Manalthivu_Puttalam,4768.194926
4/21/2026,Manalthivu_Puttalam,4748.456053
4/22/2026,Manalthivu_Puttalam,4757.35306
4/23/2026,Manalthivu_Puttalam,4760.321953
4/24/2026,Manalthivu_Puttalam,4730.20612
4/25/2026,Manalthivu_Puttalam,4805.868634
4/26/2026,Manalthivu_Puttalam,4853.203302
4/27/2026,Manalthivu_Puttalam,4856.455483
4/28/2026,Manalthivu_Puttalam,4927.169937
4/29/2026,Manalthivu_Puttalam,4878.391149
4/30/2026,Manalthivu_Puttalam,4935.140661
5/1/2026,Manalthivu_Puttalam,5041.42582
5/2/2026,Manalthivu_Puttalam,4985.841258
5/3/2026,Manalthivu_Puttalam,4970.640369
5/4/2026,Manalthivu_Puttalam,5014.46902
5/5/2026,Manalthivu_Puttalam,5101.122577
5/6/2026,Manalthivu_Puttalam,5213.704998
5/7/2026,Manalthivu_Puttalam,5201.512334
5/8/2026,Manalthivu_Puttalam,5188.908015
5/9/2026,Manalthivu_Puttalam,5262.33722
5/10/2026,Manalthivu_Puttalam,5320.843299
5/11/2026,Manalthivu_Puttalam,5302.675687
5/12/2026,Manalthivu_Puttalam,5167.190471
5/13/2026,Manalthivu_Puttalam,5063.662512
5/14/2026,Manalthivu_Puttalam,5030.683086
5/15/2026,Manalthivu_Puttalam,5017.537686
5/16/2026,Manalthivu_Puttalam,4956.258549
5/17/2026,Manalthivu_Puttalam,4901.331166
5/18/2026,Manalthivu_Puttalam,4867.189485
5/19/2026,Manalthivu_Puttalam,4840.01012
5/20/2026,Manalthivu_Puttalam,4879.292509
5/21/2026,Manalthivu_Puttalam,4967.307113
5/22/2026,Manalthivu_Puttalam,4931.06517
5/23/2026,Manalthivu_Puttalam,4901.379721
5/24/2026,Manalthivu_Puttalam,4949.625014
5/25/2026,Manalthivu_Puttalam,4993.235546
5/26/2026,Manalthivu_Puttalam,4982.03393
5/27/2026,Manalthivu_Puttalam,4893.701112
5/28/2026,Manalthivu_Puttalam,4917.366145
5/29/2026,Manalthivu_Puttalam,4891.510586
5/30/2026,Manalthivu_Puttalam,4774.876354
5/31/2026,Manalthivu_Puttalam,4601.932101
6/1/2026,Manalthivu_Puttalam,4479.610219
6/2/2026,Manalthivu_Puttalam,4493.829708
6/3/2026,Manalthivu_Puttalam,4502.793679
6/4/2026,Manalthivu_Puttalam,4439.205079
6/5/2026,Manalthivu_Puttalam,4369.828753
6/6/2026,Manalthivu_Puttalam,4275.843838
6/7/2026,Manalthivu_Puttalam,4215.557869
6/8/2026,Manalthivu_Puttalam,4247.292354
6/9/2026,Manalthivu_Puttalam,4292.639586
6/10/2026,Manalthivu_Puttalam,4346.428693
6/11/2026,Manalthivu_Puttalam,4359.868232
6/12/2026,Manalthivu_Puttalam,4354.209132
6/13/2026,Manalthivu_Puttalam,4386.930927
6/14/2026,Manalthivu_Puttalam,4380.49554
6/15/2026,Manalthivu_Puttalam,4403.235798
6/16/2026,Manalthivu_Puttalam,4427.766635
6/17/2026,Manalthivu_Puttalam,4343.717621
6/18/2026,Manalthivu_Puttalam,4271.3258
6/19/2026,Manalthivu_Puttalam,4160.689389
6/20/2026,Manalthivu_Puttalam,4091.988146
6/21/2026,Manalthivu_Puttalam,4076.64045
6/22/2026,Manalthivu_Puttalam,4077.741746
6/23/2026,Manalthivu_Puttalam,4132.240371
6/24/2026,Manalthivu_Puttalam,4124.865678
6/25/2026,Manalthivu_Puttalam,4179.356985
6/26/2026,Manalthivu_Puttalam,4194.191379
6/27/2026,Manalthivu_Puttalam,4229.665412
6/28/2026,Manalthivu_Puttalam,4350.194125
6/29/2026,Manalthivu_Puttalam,4472.119806
6/30/2026,Manalthivu_Puttalam,4545.715842
7/1/2026,Manalthivu_Puttalam,4646.117189
7/2/2026,Manalthivu_Puttalam,4681.240758
7/3/2026,Manalthivu_Puttalam,4621.057519
7/4/2026,Manalthivu_Puttalam,4535.697271
7/5/2026,Manalthivu_Puttalam,4421.020547
7/6/2026,Manalthivu_Puttalam,4285.62316
7/7/2026,Manalthivu_Puttalam,4193.197162
7/8/2026,Manalthivu_Puttalam,4051.338546
7/9/2026,Manalthivu_Puttalam,3817.404061
7/10/2026,Manalthivu_Puttalam,3673.003484
7/11/2026,Manalthivu_Puttalam,3559.262665
7/12/2026,Manalthivu_Puttalam,3513.975789
7/13/2026,Manalthivu_Puttalam,3493.842656
7/14/2026,Manalthivu_Puttalam,3510.027602
7/15/2026,Manalthivu_Puttalam,3536.998539
7/16/2026,Manalthivu_Puttalam,3551.865598
7/17/2026,Manalthivu_Puttalam,3593.996631
7/18/2026,Manalthivu_Puttalam,3589.718508
7/19/2026,Manalthivu_Puttalam,3661.159194
7/20/2026,Manalthivu_Puttalam,3709.537265
7/21/2026,Manalthivu_Puttalam,3815.530357
7/22/2026,Manalthivu_Puttalam,3811.129802
7/23/2026,Manalthivu_Puttalam,3740.103447
7/24/2026,Manalthivu_Puttalam,3742.766339
7/25/2026,Manalthivu_Puttalam,3719.877613
7/26/2026,Manalthivu_Puttalam,3726.311888
7/27/2026,Manalthivu_Puttalam,3714.247328
7/28/2026,Manalthivu_Puttalam,3596.784256
7/29/2026,Manalthivu_Puttalam,3543.415854
7/30/2026,Manalthivu_Puttalam,3521.22419
7/31/2026,Manalthivu_Puttalam,3481.138188
8/1/2026,Manalthivu_Puttalam,3534.44073
8/2/2026,Manalthivu_Puttalam,3506.646826
8/3/2026,Manalthivu_Puttalam,3619.172655
8/4/2026,Manalthivu_Puttalam,3639.093687
8/5/2026,Manalthivu_Puttalam,3642.132778
8/6/2026,Manalthivu_Puttalam,3700.193085
8/7/2026,Manalthivu_Puttalam,3688.483808
8/8/2026,Manalthivu_Puttalam,3810.715237
8/9/2026,Manalthivu_Puttalam,3943.015318
8/10/2026,Manalthivu_Puttalam,4025.20301
8/11/2026,Manalthivu_Puttalam,4027.735643
8/12/2026,Manalthivu_Puttalam,4060.261674
8/13/2026,Manalthivu_Puttalam,4145.157867
8/14/2026,Manalthivu_Puttalam,4174.210045
8/15/2026,Manalthivu_Puttalam,4215.73278
8/16/2026,Manalthivu_Puttalam,4246.657516
8/17/2026,Manalthivu_Puttalam,4274.976913
8/18/2026,Manalthivu_Puttalam,4233.342037
8/19/2026,Manalthivu_Puttalam,4213.495512
8/20/2026,Manalthivu_Puttalam,4203.632297
8/21/2026,Manalthivu_Puttalam,4239.968752
8/22/2026,Manalthivu_Puttalam,4131.407128
8/23/2026,Manalthivu_Puttalam,4139.775954
8/24/2026,Manalthivu_Puttalam,4003.524669
8/25/2026,Manalthivu_Puttalam,3975.508812
8/26/2026,Manalthivu_Puttalam,4065.088847
8/27/2026,Manalthivu_Puttalam,4007.485923
8/28/2026,Manalthivu_Puttalam,4053.27962
8/29/2026,Manalthivu_Puttalam,4134.716746
8/30/2026,Manalthivu_Puttalam,4164.285712
8/31/2026,Manalthivu_Puttalam,4164.600016
9/1/2026,Manalthivu_Puttalam,4235.21122
9/2/2026,Manalthivu_Puttalam,4377.401961
9/3/2026,Manalthivu_Puttalam,4427.921432
9/4/2026,Manalthivu_Puttalam,4467.922843
9/5/2026,Manalthivu_Puttalam,4425.027253
9/6/2026,Manalthivu_Puttalam,4387.227127
9/7/2026,Manalthivu_Puttalam,4381.768561
9/8/2026,Manalthivu_Puttalam,4439.462668
9/9/2026,Manalthivu_Puttalam,4420.863272
9/10/2026,Manalthivu_Puttalam,4396.760919
9/11/2026,Manalthivu_Puttalam,4301.621093
9/12/2026,Manalthivu_Puttalam,4284.088144
9/13/2026,Manalthivu_Puttalam,4206.317241
9/14/2026,Manalthivu_Puttalam,4231.656927
9/15/2026,Manalthivu_Puttalam,4183.907405
9/16/2026,Manalthivu_Puttalam,4053.653417
9/17/2026,Manalthivu_Puttalam,4092.642976
9/18/2026,Manalthivu_Puttalam,4127.777876
9/19/2026,Manalthivu_Puttalam,4109.183857
9/20/2026,Manalthivu_Puttalam,4092.108623
9/21/2026,Manalthivu_Puttalam,4143.541962
9/22/2026,Manalthivu_Puttalam,4167.903876
9/23/2026,Manalthivu_Puttalam,4110.251772
9/24/2026,Manalthivu_Puttalam,4054.543692
9/25/2026,Manalthivu_Puttalam,3943.705173
9/26/2026,Manalthivu_Puttalam,3936.666131
9/27/2026,Manalthivu_Puttalam,3927.994472
9/28/2026,Manalthivu_Puttalam,3900.869171
9/29/2026,Manalthivu_Puttalam,3798.141373
9/30/2026,Manalthivu_Puttalam,3769.434966
10/1/2026,Manalthivu_Puttalam,3753.794831
10/2/2026,Manalthivu_Puttalam,3713.729475
10/3/2026,Manalthivu_Puttalam,3652.125647
10/4/2026,Manalthivu_Puttalam,3567.441918
10/5/2026,Manalthivu_Puttalam,3519.888244
10/6/2026,Manalthivu_Puttalam,3547.711761
10/7/2026,Manalthivu_Puttalam,3592.249983
10/8/2026,Manalthivu_Puttalam,3633.666369
10/9/2026,Manalthivu_Puttalam,3740.931519
10/10/2026,Manalthivu_Puttalam,3843.630526
10/11/2026,Manalthivu_Puttalam,3907.611743
10/12/2026,Manalthivu_Puttalam,3940.173623
10/13/2026,Manalthivu_Puttalam,3968.526189
10/14/2026,Manalthivu_Puttalam,3937.666341
10/15/2026,Manalthivu_Puttalam,3913.278051
10/16/2026,Manalthivu_Puttalam,3957.042226
10/17/2026,Manalthivu_Puttalam,3936.302214
10/18/2026,Manalthivu_Puttalam,3925.759643
10/19/2026,Manalthivu_Puttalam,3877.964071
10/20/2026,Manalthivu_Puttalam,3905.60928
10/21/2026,Manalthivu_Puttalam,3916.687441
10/22/2026,Manalthivu_Puttalam,3941.477964
10/23/2026,Manalthivu_Puttalam,3944.148377
10/24/2026,Manalthivu_Puttalam,3865.848237
10/25/2026,Manalthivu_Puttalam,3859.573356
10/26/2026,Manalthivu_Puttalam,3914.047437
10/27/2026,Manalthivu_Puttalam,3924.966444
10/28/2026,Manalthivu_Puttalam,3998.230425
10/29/2026,Manalthivu_Puttalam,4070.515729
10/30/2026,Manalthivu_Puttalam,4075.803738
10/31/2026,Manalthivu_Puttalam,4007.015255
11/1/2026,Manalthivu_Puttalam,3957.908795
11/2/2026,Manalthivu_Puttalam,3837.350955
11/3/2026,Manalthivu_Puttalam,3786.677403
11/4/2026,Manalthivu_Puttalam,3818.817752
11/5/2026,Manalthivu_Puttalam,3773.02829
11/6/2026,Manalthivu_Puttalam,3638.327189
11/7/2026,Manalthivu_Puttalam,3530.399353
11/8/2026,Manalthivu_Puttalam,3463.57565
11/9/2026,Manalthivu_Puttalam,3432.335357
11/10/2026,Manalthivu_Puttalam,3401.560899
11/11/2026,Manalthivu_Puttalam,3390.929017
11/12/2026,Manalthivu_Puttalam,3328.565919
11/13/2026,Manalthivu_Puttalam,3322.247069
11/14/2026,Manalthivu_Puttalam,3399.982955
11/15/2026,Manalthivu_Puttalam,3461.08802
11/16/2026,Manalthivu_Puttalam,3460.398578
11/17/2026,Manalthivu_Puttalam,3505.82181
11/18/2026,Manalthivu_Puttalam,3616.127616
11/19/2026,Manalthivu_Puttalam,3672.739437
11/20/2026,Manalthivu_Puttalam,3629.420833
11/21/2026,Manalthivu_Puttalam,3622.652011
11/22/2026,Manalthivu_Puttalam,3582.498641
11/23/2026,Manalthivu_Puttalam,3613.003848
11/24/2026,Manalthivu_Puttalam,3569.229163
11/25/2026,Manalthivu_Puttalam,3386.399015
11/26/2026,Manalthivu_Puttalam,3316.789271
11/27/2026,Manalthivu_Puttalam,3271.93542
11/28/2026,Manalthivu_Puttalam,3262.906035
11/29/2026,Manalthivu_Puttalam,3278.340706
11/30/2026,Manalthivu_Puttalam,3262.883054
12/1/2026,Manalthivu_Puttalam,3289.61099
12/2/2026,Manalthivu_Puttalam,3419.245676
12/3/2026,Manalthivu_Puttalam,3514.109432
12/4/2026,Manalthivu_Puttalam,3601.5193
12/5/2026,Manalthivu_Puttalam,3665.100016
12/6/2026,Manalthivu_Puttalam,3809.427897
12/7/2026,Manalthivu_Puttalam,3996.221311
12/8/2026,Manalthivu_Puttalam,4141.729743
12/9/2026,Manalthivu_Puttalam,4224.625791
12/10/2026,Manalthivu_Puttalam,4206.024243
12/11/2026,Manalthivu_Puttalam,4232.05448
12/12/2026,Manalthivu_Puttalam,4238.025177
12/13/2026,Manalthivu_Puttalam,4209.841299
12/14/2026,Manalthivu_Puttalam,4233.483667
12/15/2026,Manalthivu_Puttalam,4235.517272
12/16/2026,Manalthivu_Puttalam,4299.135747
12/17/2026,Manalthivu_Puttalam,4353.348279
12/18/2026,Manalthivu_Puttalam,4388.469776
12/19/2026,Manalthivu_Puttalam,4373.510695
12/20/2026,Manalthivu_Puttalam,4332.232239
12/21/2026,Manalthivu_Puttalam,4332.735518
12/22/2026,Manalthivu_Puttalam,4316.993826
12/23/2026,Manalthivu_Puttalam,4226.058372
12/24/2026,Manalthivu_Puttalam,4222.883911
12/25/2026,Manalthivu_Puttalam,4175.987283
12/26/2026,Manalthivu_Puttalam,4202.633059
12/27/2026,Manalthivu_Puttalam,4241.579197
12/28/2026,Manalthivu_Puttalam,4191.26233
12/29/2026,Manalthivu_Puttalam,4204.978822
12/30/2026,Manalthivu_Puttalam,4180.914071
12/31/2026,Manalthivu_Puttalam,4239.635173
1/1/2027,Manalthivu_Puttalam,4280.010968
1/2/2027,Manalthivu_Puttalam,4393.00222
1/3/2027,Manalthivu_Puttalam,4494.775624
1/4/2027,Manalthivu_Puttalam,4597.593952
1/5/2027,Manalthivu_Puttalam,4723.319949
1/6/2027,Manalthivu_Puttalam,4912.469955
1/7/2027,Manalthivu_Puttalam,4945.097283
1/8/2027,Manalthivu_Puttalam,4974.061206
1/9/2027,Manalthivu_Puttalam,5025.498747
1/10/2027,Manalthivu_Puttalam,5029.047332
1/11/2027,Manalthivu_Puttalam,4964.085814
1/12/2027,Manalthivu_Puttalam,4915.088808
1/13/2027,Manalthivu_Puttalam,4843.195476
1/14/2027,Manalthivu_Puttalam,4791.825384
1/15/2027,Manalthivu_Puttalam,4800.79485
1/16/2027,Manalthivu_Puttalam,4782.391364
1/17/2027,Manalthivu_Puttalam,4700.875361
1/18/2027,Manalthivu_Puttalam,4643.738093
1/19/2027,Manalthivu_Puttalam,4622.649873
1/20/2027,Manalthivu_Puttalam,4603.575508
1/21/2027,Manalthivu_Puttalam,4551.305443
1/22/2027,Manalthivu_Puttalam,4546.285022
1/23/2027,Manalthivu_Puttalam,4497.855417
1/24/2027,Manalthivu_Puttalam,4497.624633
1/25/2027,Manalthivu_Puttalam,4464.427742
1/26/2027,Manalthivu_Puttalam,4423.085158
1/27/2027,Manalthivu_Puttalam,4338.192977
1/28/2027,Manalthivu_Puttalam,4321.907321
1/29/2027,Manalthivu_Puttalam,4313.940499
1/30/2027,Manalthivu_Puttalam,4283.671476
1/31/2027,Manalthivu_Puttalam,4281.097384
2/1/2027,Manalthivu_Puttalam,4222.198957
2/2/2027,Manalthivu_Puttalam,4149.830578
2/3/2027,Manalthivu_Puttalam,4212.963145
2/4/2027,Manalthivu_Puttalam,4196.366638
2/5/2027,Manalthivu_Puttalam,4236.373509
2/6/2027,Manalthivu_Puttalam,4269.806517
2/7/2027,Manalthivu_Puttalam,4396.770498
2/8/2027,Manalthivu_Puttalam,4492.504145
2/9/2027,Manalthivu_Puttalam,4553.805347
2/10/2027,Manalthivu_Puttalam,4553.698846
2/11/2027,Manalthivu_Puttalam,4588.34544
2/12/2027,Manalthivu_Puttalam,4583.406129
2/13/2027,Manalthivu_Puttalam,4519.946443
2/14/2027,Manalthivu_Puttalam,4497.533649
2/15/2027,Manalthivu_Puttalam,4477.939571
2/16/2027,Manalthivu_Puttalam,4508.062739
2/17/2027,Manalthivu_Puttalam,4514.756006
2/18/2027,Manalthivu_Puttalam,4542.94139
2/19/2027,Manalthivu_Puttalam,4596.279036
2/20/2027,Manalthivu_Puttalam,4694.968779
2/21/2027,Manalthivu_Puttalam,4632.175401
2/22/2027,Manalthivu_Puttalam,4659.450849
2/23/2027,Manalthivu_Puttalam,4775.625046
2/24/2027,Manalthivu_Puttalam,4856.040611
2/25/2027,Manalthivu_Puttalam,4966.409185
2/26/2027,Manalthivu_Puttalam,5027.533089
2/27/2027,Manalthivu_Puttalam,5121.488085
2/28/2027,Manalthivu_Puttalam,5049.739421
3/1/2027,Manalthivu_Puttalam,4942.292759
3/2/2027,Manalthivu_Puttalam,4777.591997
3/3/2027,Manalthivu_Puttalam,4644.898937
3/4/2027,Manalthivu_Puttalam,4549.199871
3/5/2027,Manalthivu_Puttalam,4369.163552
3/6/2027,Manalthivu_Puttalam,4188.441899
3/7/2027,Manalthivu_Puttalam,4053.531686
3/8/2027,Manalthivu_Puttalam,3894.129773
3/9/2027,Manalthivu_Puttalam,3726.6453
3/10/2027,Manalthivu_Puttalam,3658.801087
3/11/2027,Manalthivu_Puttalam,3663.652604
3/12/2027,Manalthivu_Puttalam,3724.247722
3/13/2027,Manalthivu_Puttalam,3791.281656
3/14/2027,Manalthivu_Puttalam,3944.109152
3/15/2027,Manalthivu_Puttalam,4046.691714
3/16/2027,Manalthivu_Puttalam,4094.329167
3/17/2027,Manalthivu_Puttalam,4193.343383
3/18/2027,Manalthivu_Puttalam,4375.444497
3/19/2027,Manalthivu_Puttalam,4487.788022
3/20/2027,Manalthivu_Puttalam,4472.661626
3/21/2027,Manalthivu_Puttalam,4419.72752
3/22/2027,Manalthivu_Puttalam,4449.999104
3/23/2027,Manalthivu_Puttalam,4450.271074
3/24/2027,Manalthivu_Puttalam,4434.573607
3/25/2027,Manalthivu_Puttalam,4317.628125
3/26/2027,Manalthivu_Puttalam,4269.689168
3/27/2027,Manalthivu_Puttalam,4218.743926
3/28/2027,Manalthivu_Puttalam,4059.998315
3/29/2027,Manalthivu_Puttalam,3972.812452
3/30/2027,Manalthivu_Puttalam,3974.502067
3/31/2027,Manalthivu_Puttalam,3984.641596
4/1/2027,Manalthivu_Puttalam,4046.058887
4/2/2027,Manalthivu_Puttalam,4126.133015
4/3/2027,Manalthivu_Puttalam,4156.632092
4/4/2027,Manalthivu_Puttalam,4203.352747
4/5/2027,Manalthivu_Puttalam,4315.711814
4/6/2027,Manalthivu_Puttalam,4518.133116
4/7/2027,Manalthivu_Puttalam,4688.047111
4/8/2027,Manalthivu_Puttalam,4697.640834
4/9/2027,Manalthivu_Puttalam,4675.704467
4/10/2027,Manalthivu_Puttalam,4702.142866
4/11/2027,Manalthivu_Puttalam,4738.599267
4/12/2027,Manalthivu_Puttalam,4698.438582
4/13/2027,Manalthivu_Puttalam,4673.393635
4/14/2027,Manalthivu_Puttalam,4704.891218
4/15/2027,Manalthivu_Puttalam,4732.238844
4/16/2027,Manalthivu_Puttalam,4701.602824
4/17/2027,Manalthivu_Puttalam,4686.283188
4/18/2027,Manalthivu_Puttalam,4719.072781
4/19/2027,Manalthivu_Puttalam,4689.908436
4/20/2027,Manalthivu_Puttalam,4656.853615
4/21/2027,Manalthivu_Puttalam,4629.656968
4/22/2027,Manalthivu_Puttalam,4578.454303
4/23/2027,Manalthivu_Puttalam,4588.292348
4/24/2027,Manalthivu_Puttalam,4615.145003
4/25/2027,Manalthivu_Puttalam,4666.71367
4/26/2027,Manalthivu_Puttalam,4725.551795
4/27/2027,Manalthivu_Puttalam,4745.828339
4/28/2027,Manalthivu_Puttalam,4702.495382
4/29/2027,Manalthivu_Puttalam,4718.760649
4/30/2027,Manalthivu_Puttalam,4728.930301
5/1/2027,Manalthivu_Puttalam,4683.69013
5/2/2027,Manalthivu_Puttalam,4676.547131
5/3/2027,Manalthivu_Puttalam,4682.04297
5/4/2027,Manalthivu_Puttalam,4766.690773
5/5/2027,Manalthivu_Puttalam,4846.300861
5/6/2027,Manalthivu_Puttalam,4866.99015
5/7/2027,Manalthivu_Puttalam,4883.192249
5/8/2027,Manalthivu_Puttalam,4835.79012
5/9/2027,Manalthivu_Puttalam,4791.500735
5/10/2027,Manalthivu_Puttalam,4805.027607
5/11/2027,Manalthivu_Puttalam,4784.348405
5/12/2027,Manalthivu_Puttalam,4809.264519
5/13/2027,Manalthivu_Puttalam,4846.029267
5/14/2027,Manalthivu_Puttalam,4852.37615
5/15/2027,Manalthivu_Puttalam,4904.210925
5/16/2027,Manalthivu_Puttalam,4993.152321
5/17/2027,Manalthivu_Puttalam,5019.728927
5/18/2027,Manalthivu_Puttalam,4974.037237
5/19/2027,Manalthivu_Puttalam,4961.005517
5/20/2027,Manalthivu_Puttalam,4912.33641
5/21/2027,Manalthivu_Puttalam,4876.322662
5/22/2027,Manalthivu_Puttalam,4874.268144
5/23/2027,Manalthivu_Puttalam,4803.689706
5/24/2027,Manalthivu_Puttalam,4776.057493
5/25/2027,Manalthivu_Puttalam,4657.734465
5/26/2027,Manalthivu_Puttalam,4550.595838
5/27/2027,Manalthivu_Puttalam,4491.60598
5/28/2027,Manalthivu_Puttalam,4474.541473
5/29/2027,Manalthivu_Puttalam,4513.672677
5/30/2027,Manalthivu_Puttalam,4534.832359
5/31/2027,Manalthivu_Puttalam,4547.409382
6/1/2027,Manalthivu_Puttalam,4530.289948
6/2/2027,Manalthivu_Puttalam,4437.75199
6/3/2027,Manalthivu_Puttalam,4497.851754
6/4/2027,Manalthivu_Puttalam,4557.931704
6/5/2027,Manalthivu_Puttalam,4612.492319
6/6/2027,Manalthivu_Puttalam,4620.131167
6/7/2027,Manalthivu_Puttalam,4647.874787
6/8/2027,Manalthivu_Puttalam,4652.80251
6/9/2027,Manalthivu_Puttalam,4652.761652
6/10/2027,Manalthivu_Puttalam,4656.84537
6/11/2027,Manalthivu_Puttalam,4635.58616
6/12/2027,Manalthivu_Puttalam,4511.963123
6/13/2027,Manalthivu_Puttalam,4418.311461
6/14/2027,Manalthivu_Puttalam,4318.647438
6/15/2027,Manalthivu_Puttalam,4310.776704
6/16/2027,Manalthivu_Puttalam,4314.515382
6/17/2027,Manalthivu_Puttalam,4338.398468
6/18/2027,Manalthivu_Puttalam,4372.755097
6/19/2027,Manalthivu_Puttalam,4410.370302
6/20/2027,Manalthivu_Puttalam,4446.814122
6/21/2027,Manalthivu_Puttalam,4357.95295
6/22/2027,Manalthivu_Puttalam,4344.384474
6/23/2027,Manalthivu_Puttalam,4475.202125
6/24/2027,Manalthivu_Puttalam,4519.686702
6/25/2027,Manalthivu_Puttalam,4608.05678
6/26/2027,Manalthivu_Puttalam,4697.966107
6/27/2027,Manalthivu_Puttalam,4727.221505
6/28/2027,Manalthivu_Puttalam,4616.591009
6/29/2027,Manalthivu_Puttalam,4567.684293
6/30/2027,Manalthivu_Puttalam,4437.381175
7/1/2027,Manalthivu_Puttalam,4336.680902
7/2/2027,Manalthivu_Puttalam,4214.772937
7/3/2027,Manalthivu_Puttalam,4022.735372
7/4/2027,Manalthivu_Puttalam,3886.035589
7/5/2027,Manalthivu_Puttalam,3744.316672
7/6/2027,Manalthivu_Puttalam,3638.710224
7/7/2027,Manalthivu_Puttalam,3519.155822
7/8/2027,Manalthivu_Puttalam,3427.857679
7/9/2027,Manalthivu_Puttalam,3447.059058
7/10/2027,Manalthivu_Puttalam,3421.25899
7/11/2027,Manalthivu_Puttalam,3426.004662
7/12/2027,Manalthivu_Puttalam,3529.489089
7/13/2027,Manalthivu_Puttalam,3625.012529
7/14/2027,Manalthivu_Puttalam,3683.328714
7/15/2027,Manalthivu_Puttalam,3822.209737
7/16/2027,Manalthivu_Puttalam,3945.99822
7/17/2027,Manalthivu_Puttalam,3970.079231
7/18/2027,Manalthivu_Puttalam,3964.325693
7/19/2027,Manalthivu_Puttalam,4016.126963
7/20/2027,Manalthivu_Puttalam,3983.350646
7/21/2027,Manalthivu_Puttalam,4004.196072
7/22/2027,Manalthivu_Puttalam,3926.585068
7/23/2027,Manalthivu_Puttalam,3752.917509
7/24/2027,Manalthivu_Puttalam,3730.665694
7/25/2027,Manalthivu_Puttalam,3644.148896
7/26/2027,Manalthivu_Puttalam,3555.376316
7/27/2027,Manalthivu_Puttalam,3510.115888
7/28/2027,Manalthivu_Puttalam,3558.190211
7/29/2027,Manalthivu_Puttalam,3690.267085
7/30/2027,Manalthivu_Puttalam,3709.893038
7/31/2027,Manalthivu_Puttalam,3816.373739
8/1/2027,Manalthivu_Puttalam,3913.242771
8/2/2027,Manalthivu_Puttalam,3935.797163
8/3/2027,Manalthivu_Puttalam,4037.749761
8/4/2027,Manalthivu_Puttalam,4178.775583
8/5/2027,Manalthivu_Puttalam,4252.230726
8/6/2027,Manalthivu_Puttalam,4228.08676
8/7/2027,Manalthivu_Puttalam,4208.585886
8/8/2027,Manalthivu_Puttalam,4197.027595
8/9/2027,Manalthivu_Puttalam,4111.423751
8/10/2027,Manalthivu_Puttalam,4084.011136
8/11/2027,Manalthivu_Puttalam,4034.636102
8/12/2027,Manalthivu_Puttalam,3976.405493
8/13/2027,Manalthivu_Puttalam,4020.299987
8/14/2027,Manalthivu_Puttalam,3952.418499
8/15/2027,Manalthivu_Puttalam,3877.708759
8/16/2027,Manalthivu_Puttalam,3865.173512
8/17/2027,Manalthivu_Puttalam,3882.76484
8/18/2027,Manalthivu_Puttalam,3868.709919
8/19/2027,Manalthivu_Puttalam,3867.818582
8/20/2027,Manalthivu_Puttalam,3927.033215
8/21/2027,Manalthivu_Puttalam,3975.958462
8/22/2027,Manalthivu_Puttalam,3926.286796
8/23/2027,Manalthivu_Puttalam,3993.153916
8/24/2027,Manalthivu_Puttalam,4029.159792
8/25/2027,Manalthivu_Puttalam,4003.565741
8/26/2027,Manalthivu_Puttalam,3964.658233
8/27/2027,Manalthivu_Puttalam,3987.268692
8/28/2027,Manalthivu_Puttalam,4043.921547
8/29/2027,Manalthivu_Puttalam,4120.960489
8/30/2027,Manalthivu_Puttalam,4207.883728
8/31/2027,Manalthivu_Puttalam,4225.256705
9/1/2027,Manalthivu_Puttalam,4249.13344
9/2/2027,Manalthivu_Puttalam,4365.320883
9/3/2027,Manalthivu_Puttalam,4408.924578
9/4/2027,Manalthivu_Puttalam,4416.469952
9/5/2027,Manalthivu_Puttalam,4433.363541
9/6/2027,Manalthivu_Puttalam,4495.692895
9/7/2027,Manalthivu_Puttalam,4496.163494
9/8/2027,Manalthivu_Puttalam,4493.689642
9/9/2027,Manalthivu_Puttalam,4479.680155
9/10/2027,Manalthivu_Puttalam,4435.320616
9/11/2027,Manalthivu_Puttalam,4424.937116
9/12/2027,Manalthivu_Puttalam,4443.078149
9/13/2027,Manalthivu_Puttalam,4455.028897
9/14/2027,Manalthivu_Puttalam,4400.279982
9/15/2027,Manalthivu_Puttalam,4328.65403
9/16/2027,Manalthivu_Puttalam,4303.717551
9/17/2027,Manalthivu_Puttalam,4248.174017
9/18/2027,Manalthivu_Puttalam,4231.669372
9/19/2027,Manalthivu_Puttalam,4129.227187
9/20/2027,Manalthivu_Puttalam,4086.444946
9/21/2027,Manalthivu_Puttalam,4054.379852
9/22/2027,Manalthivu_Puttalam,4086.564709
9/23/2027,Manalthivu_Puttalam,4067.969978
9/24/2027,Manalthivu_Puttalam,4012.612683
9/25/2027,Manalthivu_Puttalam,3962.536525
9/26/2027,Manalthivu_Puttalam,3966.588184
9/27/2027,Manalthivu_Puttalam,3906.939397
9/28/2027,Manalthivu_Puttalam,3867.832387
9/29/2027,Manalthivu_Puttalam,3813.926142
9/30/2027,Manalthivu_Puttalam,3741.828415
10/1/2027,Manalthivu_Puttalam,3789.50386
10/2/2027,Manalthivu_Puttalam,3769.066204
10/3/2027,Manalthivu_Puttalam,3758.38211
10/4/2027,Manalthivu_Puttalam,3733.631086
10/5/2027,Manalthivu_Puttalam,3710.602963
10/6/2027,Manalthivu_Puttalam,3698.373867
10/7/2027,Manalthivu_Puttalam,3643.104316
10/8/2027,Manalthivu_Puttalam,3592.003043
10/9/2027,Manalthivu_Puttalam,3560.641633
10/10/2027,Manalthivu_Puttalam,3528.000579
10/11/2027,Manalthivu_Puttalam,3480.741911
10/12/2027,Manalthivu_Puttalam,3500.791391
10/13/2027,Manalthivu_Puttalam,3527.489103
10/14/2027,Manalthivu_Puttalam,3573.376697
10/15/2027,Manalthivu_Puttalam,3667.735487
10/16/2027,Manalthivu_Puttalam,3789.188814
10/17/2027,Manalthivu_Puttalam,3886.73485
10/18/2027,Manalthivu_Puttalam,3999.620776
10/19/2027,Manalthivu_Puttalam,4056.843741
10/20/2027,Manalthivu_Puttalam,4152.335695
10/21/2027,Manalthivu_Puttalam,4303.618644
10/22/2027,Manalthivu_Puttalam,4374.422538
10/23/2027,Manalthivu_Puttalam,4433.314541
10/24/2027,Manalthivu_Puttalam,4483.236658
10/25/2027,Manalthivu_Puttalam,4473.841534
10/26/2027,Manalthivu_Puttalam,4332.16477
10/27/2027,Manalthivu_Puttalam,4164.106923
10/28/2027,Manalthivu_Puttalam,3987.164278
10/29/2027,Manalthivu_Puttalam,3851.846916
10/30/2027,Manalthivu_Puttalam,3793.76243
10/31/2027,Manalthivu_Puttalam,3698.148643
11/1/2027,Manalthivu_Puttalam,3579.975011
11/2/2027,Manalthivu_Puttalam,3504.306965
11/3/2027,Manalthivu_Puttalam,3454.090819
11/4/2027,Manalthivu_Puttalam,3446.194044
11/5/2027,Manalthivu_Puttalam,3400.206106
11/6/2027,Manalthivu_Puttalam,3418.367328
11/7/2027,Manalthivu_Puttalam,3455.970503
11/8/2027,Manalthivu_Puttalam,3509.037632
11/9/2027,Manalthivu_Puttalam,3592.516647
11/10/2027,Manalthivu_Puttalam,3607.692878
11/11/2027,Manalthivu_Puttalam,3594.966879
11/12/2027,Manalthivu_Puttalam,3670.004784
11/13/2027,Manalthivu_Puttalam,3698.017921
11/14/2027,Manalthivu_Puttalam,3658.707086
11/15/2027,Manalthivu_Puttalam,3528.129863
11/16/2027,Manalthivu_Puttalam,3480.423535
11/17/2027,Manalthivu_Puttalam,3460.321978
11/18/2027,Manalthivu_Puttalam,3445.659392
11/19/2027,Manalthivu_Puttalam,3486.458377
11/20/2027,Manalthivu_Puttalam,3414.478512
11/21/2027,Manalthivu_Puttalam,3402.179059
11/22/2027,Manalthivu_Puttalam,3414.379264
11/23/2027,Manalthivu_Puttalam,3374.867697
11/24/2027,Manalthivu_Puttalam,3349.033629
11/25/2027,Manalthivu_Puttalam,3331.043611
11/26/2027,Manalthivu_Puttalam,3381.923355
11/27/2027,Manalthivu_Puttalam,3459.475419
11/28/2027,Manalthivu_Puttalam,3591.878535
11/29/2027,Manalthivu_Puttalam,3679.602218
11/30/2027,Manalthivu_Puttalam,3763.923071
12/1/2027,Manalthivu_Puttalam,3893.153645
12/2/2027,Manalthivu_Puttalam,4073.689525
12/3/2027,Manalthivu_Puttalam,4116.086764
12/4/2027,Manalthivu_Puttalam,4090.834953
12/5/2027,Manalthivu_Puttalam,4073.353635
12/6/2027,Manalthivu_Puttalam,4078.167681
12/7/2027,Manalthivu_Puttalam,4074.705462
12/8/2027,Manalthivu_Puttalam,4056.893709
12/9/2027,Manalthivu_Puttalam,4071.842406
12/10/2027,Manalthivu_Puttalam,4164.392588
12/11/2027,Manalthivu_Puttalam,4175.10711
12/12/2027,Manalthivu_Puttalam,4155.113704
12/13/2027,Manalthivu_Puttalam,4071.259894
12/14/2027,Manalthivu_Puttalam,4008.390978
12/15/2027,Manalthivu_Puttalam,3944.97036
12/16/2027,Manalthivu_Puttalam,3903.314719
12/17/2027,Manalthivu_Puttalam,3855.059988
12/18/2027,Manalthivu_Puttalam,3869.791641
12/19/2027,Manalthivu_Puttalam,3872.536338
12/20/2027,Manalthivu_Puttalam,3931.78947
12/21/2027,Manalthivu_Puttalam,4010.910567
12/22/2027,Manalthivu_Puttalam,4079.165416
12/23/2027,Manalthivu_Puttalam,4158.629856
12/24/2027,Manalthivu_Puttalam,4249.303886
12/25/2027,Manalthivu_Puttalam,4351.187506
12/26/2027,Manalthivu_Puttalam,4464.280717
12/27/2027,Manalthivu_Puttalam,4588.583518
12/28/2027,Manalthivu_Puttalam,4724.095909
12/29/2027,Manalthivu_Puttalam,4870.81789
12/30/2027,Manalthivu_Puttalam,5028.749462
12/31/2027,Manalthivu_Puttalam,5197.890624
1/1/2025,Mahiyanganaya,3732.502604
1/2/2025,Mahiyanganaya,3815.762406
1/3/2025,Mahiyanganaya,3895.785691
1/4/2025,Mahiyanganaya,3972.572459
1/5/2025,Mahiyanganaya,4046.122711
1/6/2025,Mahiyanganaya,4116.436447
1/7/2025,Mahiyanganaya,4183.513666
1/8/2025,Mahiyanganaya,4247.354369
1/9/2025,Mahiyanganaya,4307.958555
1/10/2025,Mahiyanganaya,4365.326225
1/11/2025,Mahiyanganaya,4419.457378
1/12/2025,Mahiyanganaya,4453.263106
1/13/2025,Mahiyanganaya,4471.95514
1/14/2025,Mahiyanganaya,4531.696518
1/15/2025,Mahiyanganaya,4540.345775
1/16/2025,Mahiyanganaya,4598.879377
1/17/2025,Mahiyanganaya,4675.95697
1/18/2025,Mahiyanganaya,4685.991472
1/19/2025,Mahiyanganaya,4813.789703
1/20/2025,Mahiyanganaya,4885.847608
1/21/2025,Mahiyanganaya,4911.480732
1/22/2025,Mahiyanganaya,4963.208593
1/23/2025,Mahiyanganaya,4988.933604
1/24/2025,Mahiyanganaya,5027.156697
1/25/2025,Mahiyanganaya,4925.043632
1/26/2025,Mahiyanganaya,4825.902074
1/27/2025,Mahiyanganaya,4714.274297
1/28/2025,Mahiyanganaya,4550.939792
1/29/2025,Mahiyanganaya,4507.019261
1/30/2025,Mahiyanganaya,4414.357174
1/31/2025,Mahiyanganaya,4349.125356
2/1/2025,Mahiyanganaya,4329.213417
2/2/2025,Mahiyanganaya,4319.719547
2/3/2025,Mahiyanganaya,4397.826404
2/4/2025,Mahiyanganaya,4489.570405
2/5/2025,Mahiyanganaya,4635.792883
2/6/2025,Mahiyanganaya,4812.073437
2/7/2025,Mahiyanganaya,4943.653767
2/8/2025,Mahiyanganaya,5156.347065
2/9/2025,Mahiyanganaya,5216.819526
2/10/2025,Mahiyanganaya,5313.28448
2/11/2025,Mahiyanganaya,5440.965588
2/12/2025,Mahiyanganaya,5534.27871
2/13/2025,Mahiyanganaya,5564.827821
2/14/2025,Mahiyanganaya,5587.235999
2/15/2025,Mahiyanganaya,5534.947932
2/16/2025,Mahiyanganaya,5438.948124
2/17/2025,Mahiyanganaya,5341.943953
2/18/2025,Mahiyanganaya,5323.90232
2/19/2025,Mahiyanganaya,5293.720671
2/20/2025,Mahiyanganaya,5260.469304
2/21/2025,Mahiyanganaya,5196.515021
2/22/2025,Mahiyanganaya,5213.066198
2/23/2025,Mahiyanganaya,5208.944847
2/24/2025,Mahiyanganaya,5141.479191
2/25/2025,Mahiyanganaya,5163.076181
2/26/2025,Mahiyanganaya,5143.959525
2/27/2025,Mahiyanganaya,5116.984883
2/28/2025,Mahiyanganaya,5174.579459
3/1/2025,Mahiyanganaya,5146.794088
3/2/2025,Mahiyanganaya,5254.459684
3/3/2025,Mahiyanganaya,5303.679264
3/4/2025,Mahiyanganaya,5425.023315
3/5/2025,Mahiyanganaya,5474.716132
3/6/2025,Mahiyanganaya,5491.316349
3/7/2025,Mahiyanganaya,5385.550988
3/8/2025,Mahiyanganaya,5331.551602
3/9/2025,Mahiyanganaya,5282.475765
3/10/2025,Mahiyanganaya,5209.907693
3/11/2025,Mahiyanganaya,5105.36076
3/12/2025,Mahiyanganaya,4994.672515
3/13/2025,Mahiyanganaya,4911.979127
3/14/2025,Mahiyanganaya,4904.237743
3/15/2025,Mahiyanganaya,4689.029868
3/16/2025,Mahiyanganaya,4667.336511
3/17/2025,Mahiyanganaya,4685.153175
3/18/2025,Mahiyanganaya,4732.816739
3/19/2025,Mahiyanganaya,4839.102747
3/20/2025,Mahiyanganaya,5010.438997
3/21/2025,Mahiyanganaya,5150.125996
3/22/2025,Mahiyanganaya,5418.187445
3/23/2025,Mahiyanganaya,5545.148575
3/24/2025,Mahiyanganaya,5644.18975
3/25/2025,Mahiyanganaya,5667.575291
3/26/2025,Mahiyanganaya,5659.848175
3/27/2025,Mahiyanganaya,5639.80086
3/28/2025,Mahiyanganaya,5506.604238
3/29/2025,Mahiyanganaya,5407.248813
3/30/2025,Mahiyanganaya,5311.751645
3/31/2025,Mahiyanganaya,5241.352462
4/1/2025,Mahiyanganaya,5253.054363
4/2/2025,Mahiyanganaya,5223.067053
4/3/2025,Mahiyanganaya,5199.450444
4/4/2025,Mahiyanganaya,5054.522913
4/5/2025,Mahiyanganaya,5089.425651
4/6/2025,Mahiyanganaya,5147.973843
4/7/2025,Mahiyanganaya,5261.907189
4/8/2025,Mahiyanganaya,5245.753426
4/9/2025,Mahiyanganaya,5328.046881
4/10/2025,Mahiyanganaya,5376.096599
4/11/2025,Mahiyanganaya,5462.928848
4/12/2025,Mahiyanganaya,5430.552529
4/13/2025,Mahiyanganaya,5370.267984
4/14/2025,Mahiyanganaya,5255.944406
4/15/2025,Mahiyanganaya,5196.362672
4/16/2025,Mahiyanganaya,5110.606727
4/17/2025,Mahiyanganaya,4990.931276
4/18/2025,Mahiyanganaya,4992.737776
4/19/2025,Mahiyanganaya,5050.251879
4/20/2025,Mahiyanganaya,5121.829239
4/21/2025,Mahiyanganaya,5170.475888
4/22/2025,Mahiyanganaya,5187.193081
4/23/2025,Mahiyanganaya,5228.809145
4/24/2025,Mahiyanganaya,5202.113095
4/25/2025,Mahiyanganaya,5255.185838
4/26/2025,Mahiyanganaya,5295.781081
4/27/2025,Mahiyanganaya,5225.345629
4/28/2025,Mahiyanganaya,5269.58061
4/29/2025,Mahiyanganaya,5460.612459
4/30/2025,Mahiyanganaya,5557.058709
5/1/2025,Mahiyanganaya,5671.642085
5/2/2025,Mahiyanganaya,5684.821791
5/3/2025,Mahiyanganaya,5694.572607
5/4/2025,Mahiyanganaya,5692.302858
5/5/2025,Mahiyanganaya,5732.082497
5/6/2025,Mahiyanganaya,5774.168579
5/7/2025,Mahiyanganaya,5674.866342
5/8/2025,Mahiyanganaya,5665.47196
5/9/2025,Mahiyanganaya,5754.98205
5/10/2025,Mahiyanganaya,5774.471364
5/11/2025,Mahiyanganaya,5687.215831
5/12/2025,Mahiyanganaya,5591.17093
5/13/2025,Mahiyanganaya,5549.834539
5/14/2025,Mahiyanganaya,5502.905173
5/15/2025,Mahiyanganaya,5471.830248
5/16/2025,Mahiyanganaya,5405.37328
5/17/2025,Mahiyanganaya,5389.720678
5/18/2025,Mahiyanganaya,5429.548567
5/19/2025,Mahiyanganaya,5372.544847
5/20/2025,Mahiyanganaya,5315.553631
5/21/2025,Mahiyanganaya,5333.488793
5/22/2025,Mahiyanganaya,5281.163048
5/23/2025,Mahiyanganaya,5247.393916
5/24/2025,Mahiyanganaya,5177.848892
5/25/2025,Mahiyanganaya,5094.497218
5/26/2025,Mahiyanganaya,5049.693611
5/27/2025,Mahiyanganaya,4965.714327
5/28/2025,Mahiyanganaya,4954.377136
5/29/2025,Mahiyanganaya,4896.564726
5/30/2025,Mahiyanganaya,4766.392005
5/31/2025,Mahiyanganaya,4654.794024
6/1/2025,Mahiyanganaya,4577.464993
6/2/2025,Mahiyanganaya,4593.32401
6/3/2025,Mahiyanganaya,4641.043202
6/4/2025,Mahiyanganaya,4628.560426
6/5/2025,Mahiyanganaya,4602.394287
6/6/2025,Mahiyanganaya,4551.087797
6/7/2025,Mahiyanganaya,4501.609389
6/8/2025,Mahiyanganaya,4482.181253
6/9/2025,Mahiyanganaya,4548.397348
6/10/2025,Mahiyanganaya,4624.409081
6/11/2025,Mahiyanganaya,4572.470902
6/12/2025,Mahiyanganaya,4658.12963
6/13/2025,Mahiyanganaya,4703.574342
6/14/2025,Mahiyanganaya,4784.065474
6/15/2025,Mahiyanganaya,4846.943037
6/16/2025,Mahiyanganaya,4824.595355
6/17/2025,Mahiyanganaya,4753.158524
6/18/2025,Mahiyanganaya,4633.344571
6/19/2025,Mahiyanganaya,4604.595828
6/20/2025,Mahiyanganaya,4631.59277
6/21/2025,Mahiyanganaya,4632.655653
6/22/2025,Mahiyanganaya,4709.277671
6/23/2025,Mahiyanganaya,4791.502091
6/24/2025,Mahiyanganaya,4850.629192
6/25/2025,Mahiyanganaya,4906.051975
6/26/2025,Mahiyanganaya,4912.411025
6/27/2025,Mahiyanganaya,4932.004223
6/28/2025,Mahiyanganaya,5047.956434
6/29/2025,Mahiyanganaya,5130.677502
6/30/2025,Mahiyanganaya,5135.371476
7/1/2025,Mahiyanganaya,5122.369041
7/2/2025,Mahiyanganaya,5180.887631
7/3/2025,Mahiyanganaya,5179.243122
7/4/2025,Mahiyanganaya,5206.055422
7/5/2025,Mahiyanganaya,5159.817768
7/6/2025,Mahiyanganaya,5054.515023
7/7/2025,Mahiyanganaya,4993.465933
7/8/2025,Mahiyanganaya,4879.094945
7/9/2025,Mahiyanganaya,4903.711145
7/10/2025,Mahiyanganaya,4858.634479
7/11/2025,Mahiyanganaya,4877.29131
7/12/2025,Mahiyanganaya,4865.40562
7/13/2025,Mahiyanganaya,4816.685237
7/14/2025,Mahiyanganaya,4739.176774
7/15/2025,Mahiyanganaya,4662.800425
7/16/2025,Mahiyanganaya,4577.99374
7/17/2025,Mahiyanganaya,4503.687213
7/18/2025,Mahiyanganaya,4465.87603
7/19/2025,Mahiyanganaya,4348.633858
7/20/2025,Mahiyanganaya,4211.644884
7/21/2025,Mahiyanganaya,4120.999384
7/22/2025,Mahiyanganaya,4025.938189
7/23/2025,Mahiyanganaya,4025.786979
7/24/2025,Mahiyanganaya,3999.048566
7/25/2025,Mahiyanganaya,3927.607418
7/26/2025,Mahiyanganaya,3882.500066
7/27/2025,Mahiyanganaya,3837.077702
7/28/2025,Mahiyanganaya,3755.034465
7/29/2025,Mahiyanganaya,3769.289139
7/30/2025,Mahiyanganaya,3720.033134
7/31/2025,Mahiyanganaya,3756.664963
8/1/2025,Mahiyanganaya,3713.868671
8/2/2025,Mahiyanganaya,3659.973203
8/3/2025,Mahiyanganaya,3612.11709
8/4/2025,Mahiyanganaya,3570.913908
8/5/2025,Mahiyanganaya,3577.874286
8/6/2025,Mahiyanganaya,3520.295928
8/7/2025,Mahiyanganaya,3485.218129
8/8/2025,Mahiyanganaya,3439.365952
8/9/2025,Mahiyanganaya,3404.900817
8/10/2025,Mahiyanganaya,3324.584921
8/11/2025,Mahiyanganaya,3326.467743
8/12/2025,Mahiyanganaya,3445.249982
8/13/2025,Mahiyanganaya,3481.923779
8/14/2025,Mahiyanganaya,3542.716102
8/15/2025,Mahiyanganaya,3592.212532
8/16/2025,Mahiyanganaya,3618.362789
8/17/2025,Mahiyanganaya,3630.807438
8/18/2025,Mahiyanganaya,3706.590823
8/19/2025,Mahiyanganaya,3761.906578
8/20/2025,Mahiyanganaya,3783.906648
8/21/2025,Mahiyanganaya,3792.238042
8/22/2025,Mahiyanganaya,3770.406173
8/23/2025,Mahiyanganaya,3762.726335
8/24/2025,Mahiyanganaya,3826.989247
8/25/2025,Mahiyanganaya,3833.106315
8/26/2025,Mahiyanganaya,3726.064029
8/27/2025,Mahiyanganaya,3663.488878
8/28/2025,Mahiyanganaya,3577.308167
8/29/2025,Mahiyanganaya,3612.91927
8/30/2025,Mahiyanganaya,3590.510023
8/31/2025,Mahiyanganaya,3627.56161
9/1/2025,Mahiyanganaya,3686.464167
9/2/2025,Mahiyanganaya,3714.483386
9/3/2025,Mahiyanganaya,3755.445145
9/4/2025,Mahiyanganaya,3722.47654
9/5/2025,Mahiyanganaya,3668.166312
9/6/2025,Mahiyanganaya,3605.389199
9/7/2025,Mahiyanganaya,3515.758078
9/8/2025,Mahiyanganaya,3422.401235
9/9/2025,Mahiyanganaya,3266.586869
9/10/2025,Mahiyanganaya,3170.006017
9/11/2025,Mahiyanganaya,3052.136227
9/12/2025,Mahiyanganaya,2918.662337
9/13/2025,Mahiyanganaya,2793.139789
9/14/2025,Mahiyanganaya,2718.44302
9/15/2025,Mahiyanganaya,2648.061275
9/16/2025,Mahiyanganaya,2577.078086
9/17/2025,Mahiyanganaya,2614.311375
9/18/2025,Mahiyanganaya,2720.606531
9/19/2025,Mahiyanganaya,2725.350691
9/20/2025,Mahiyanganaya,2709.582734
9/21/2025,Mahiyanganaya,2792.316399
9/22/2025,Mahiyanganaya,2882.140618
9/23/2025,Mahiyanganaya,2914.210552
9/24/2025,Mahiyanganaya,2965.791364
9/25/2025,Mahiyanganaya,3018.060805
9/26/2025,Mahiyanganaya,3001.463955
9/27/2025,Mahiyanganaya,2981.938333
9/28/2025,Mahiyanganaya,2989.163498
9/29/2025,Mahiyanganaya,2982.650623
9/30/2025,Mahiyanganaya,2976.485292
10/1/2025,Mahiyanganaya,2942.800354
10/2/2025,Mahiyanganaya,2942.79031
10/3/2025,Mahiyanganaya,2940.73027
10/4/2025,Mahiyanganaya,2978.193616
10/5/2025,Mahiyanganaya,2908.931851
10/6/2025,Mahiyanganaya,2890.676898
10/7/2025,Mahiyanganaya,2985.705379
10/8/2025,Mahiyanganaya,3022.450276
10/9/2025,Mahiyanganaya,3055.888625
10/10/2025,Mahiyanganaya,3128.875341
10/11/2025,Mahiyanganaya,3238.459966
10/12/2025,Mahiyanganaya,3303.992699
10/13/2025,Mahiyanganaya,3447.281947
10/14/2025,Mahiyanganaya,3529.36413
10/15/2025,Mahiyanganaya,3540.297224
10/16/2025,Mahiyanganaya,3514.093276
10/17/2025,Mahiyanganaya,3521.962782
10/18/2025,Mahiyanganaya,3515.186734
10/19/2025,Mahiyanganaya,3452.718592
10/20/2025,Mahiyanganaya,3359.028926
10/21/2025,Mahiyanganaya,3284.834328
10/22/2025,Mahiyanganaya,3229.157705
10/23/2025,Mahiyanganaya,3073.713604
10/24/2025,Mahiyanganaya,3004.367151
10/25/2025,Mahiyanganaya,2987.837863
10/26/2025,Mahiyanganaya,2963.497112
10/27/2025,Mahiyanganaya,2940.107238
10/28/2025,Mahiyanganaya,3018.00575
10/29/2025,Mahiyanganaya,3090.074058
10/30/2025,Mahiyanganaya,3219.978111
10/31/2025,Mahiyanganaya,3372.102975
11/1/2025,Mahiyanganaya,3556.77541
11/2/2025,Mahiyanganaya,3751.111686
11/3/2025,Mahiyanganaya,3819.393554
11/4/2025,Mahiyanganaya,3915.847476
11/5/2025,Mahiyanganaya,3988.698801
11/6/2025,Mahiyanganaya,4009.438232
11/7/2025,Mahiyanganaya,4021.508026
11/8/2025,Mahiyanganaya,4005.235137
11/9/2025,Mahiyanganaya,4002.641827
11/10/2025,Mahiyanganaya,3982.55363
11/11/2025,Mahiyanganaya,3968.730289
11/12/2025,Mahiyanganaya,3985.395739
11/13/2025,Mahiyanganaya,3983.007936
11/14/2025,Mahiyanganaya,3991.843199
11/15/2025,Mahiyanganaya,4017.971594
11/16/2025,Mahiyanganaya,4003.536317
11/17/2025,Mahiyanganaya,4144.321908
11/18/2025,Mahiyanganaya,4170.554242
11/19/2025,Mahiyanganaya,4241.108403
11/20/2025,Mahiyanganaya,4292.771718
11/21/2025,Mahiyanganaya,4292.157954
11/22/2025,Mahiyanganaya,4233.753126
11/23/2025,Mahiyanganaya,4138.762828
11/24/2025,Mahiyanganaya,4060.182438
11/25/2025,Mahiyanganaya,4007.957948
11/26/2025,Mahiyanganaya,3874.334749
11/27/2025,Mahiyanganaya,3871.029268
11/28/2025,Mahiyanganaya,3865.623473
11/29/2025,Mahiyanganaya,3854.113549
11/30/2025,Mahiyanganaya,3849.864914
12/1/2025,Mahiyanganaya,3890.85458
12/2/2025,Mahiyanganaya,4014.478553
12/3/2025,Mahiyanganaya,4134.773963
12/4/2025,Mahiyanganaya,4277.540683
12/5/2025,Mahiyanganaya,4427.748213
12/6/2025,Mahiyanganaya,4490.50757
12/7/2025,Mahiyanganaya,4690.516986
12/8/2025,Mahiyanganaya,4797.41675
12/9/2025,Mahiyanganaya,4869.235991
12/10/2025,Mahiyanganaya,4948.463246
12/11/2025,Mahiyanganaya,4887.722867
12/12/2025,Mahiyanganaya,4837.525815
12/13/2025,Mahiyanganaya,4769.484349
12/14/2025,Mahiyanganaya,4752.373499
12/15/2025,Mahiyanganaya,4748.347261
12/16/2025,Mahiyanganaya,4689.844876
12/17/2025,Mahiyanganaya,4778.992624
12/18/2025,Mahiyanganaya,4752.607414
12/19/2025,Mahiyanganaya,4706.418093
12/20/2025,Mahiyanganaya,4688.567435
12/21/2025,Mahiyanganaya,4738.225205
12/22/2025,Mahiyanganaya,4797.801212
12/23/2025,Mahiyanganaya,4902.164863
12/24/2025,Mahiyanganaya,4915.378487
12/25/2025,Mahiyanganaya,4981.106681
12/26/2025,Mahiyanganaya,5031.602754
12/27/2025,Mahiyanganaya,5160.916708
12/28/2025,Mahiyanganaya,5205.187927
12/29/2025,Mahiyanganaya,5237.735585
12/30/2025,Mahiyanganaya,5258.309097
12/31/2025,Mahiyanganaya,5239.944471
1/1/2026,Mahiyanganaya,5311.343243
1/2/2026,Mahiyanganaya,5316.322439
1/3/2026,Mahiyanganaya,5313.516162
1/4/2026,Mahiyanganaya,5220.216816
1/5/2026,Mahiyanganaya,5093.338356
1/6/2026,Mahiyanganaya,4995.45273
1/7/2026,Mahiyanganaya,4870.76834
1/8/2026,Mahiyanganaya,4786.49061
1/9/2026,Mahiyanganaya,4789.233115
1/10/2026,Mahiyanganaya,4786.383515
1/11/2026,Mahiyanganaya,4850.719787
1/12/2026,Mahiyanganaya,4995.65317
1/13/2026,Mahiyanganaya,5044.19385
1/14/2026,Mahiyanganaya,5080.892871
1/15/2026,Mahiyanganaya,5141.732508
1/16/2026,Mahiyanganaya,5197.67344
1/17/2026,Mahiyanganaya,5360.557744
1/18/2026,Mahiyanganaya,5426.820914
1/19/2026,Mahiyanganaya,5504.989921
1/20/2026,Mahiyanganaya,5531.103362
1/21/2026,Mahiyanganaya,5523.418173
1/22/2026,Mahiyanganaya,5436.710469
1/23/2026,Mahiyanganaya,5319.228995
1/24/2026,Mahiyanganaya,5192.162136
1/25/2026,Mahiyanganaya,5058.408058
1/26/2026,Mahiyanganaya,4997.079677
1/27/2026,Mahiyanganaya,5000.749837
1/28/2026,Mahiyanganaya,5024.905962
1/29/2026,Mahiyanganaya,5012.732338
1/30/2026,Mahiyanganaya,5003.324551
1/31/2026,Mahiyanganaya,5030.51188
2/1/2026,Mahiyanganaya,4929.976717
2/2/2026,Mahiyanganaya,4808.350275
2/3/2026,Mahiyanganaya,4720.74443
2/4/2026,Mahiyanganaya,4701.967163
2/5/2026,Mahiyanganaya,4716.532109
2/6/2026,Mahiyanganaya,4856.639763
2/7/2026,Mahiyanganaya,4835.203627
2/8/2026,Mahiyanganaya,4874.080542
2/9/2026,Mahiyanganaya,4841.337537
2/10/2026,Mahiyanganaya,4853.122925
2/11/2026,Mahiyanganaya,4812.493209
2/12/2026,Mahiyanganaya,4856.43463
2/13/2026,Mahiyanganaya,4933.444087
2/14/2026,Mahiyanganaya,5057.511049
2/15/2026,Mahiyanganaya,5142.291144
2/16/2026,Mahiyanganaya,5190.017342
2/17/2026,Mahiyanganaya,5283.482701
2/18/2026,Mahiyanganaya,5228.067181
2/19/2026,Mahiyanganaya,5241.159153
2/20/2026,Mahiyanganaya,5241.601486
2/21/2026,Mahiyanganaya,5287.830153
2/22/2026,Mahiyanganaya,5357.047182
2/23/2026,Mahiyanganaya,5449.374453
2/24/2026,Mahiyanganaya,5531.241127
2/25/2026,Mahiyanganaya,5698.150846
2/26/2026,Mahiyanganaya,5867.579082
2/27/2026,Mahiyanganaya,5970.382737
2/28/2026,Mahiyanganaya,6014.382617
3/1/2026,Mahiyanganaya,5958.113699
3/2/2026,Mahiyanganaya,5907.900149
3/3/2026,Mahiyanganaya,5904.838582
3/4/2026,Mahiyanganaya,5942.50304
3/5/2026,Mahiyanganaya,5961.614779
3/6/2026,Mahiyanganaya,5963.881062
3/7/2026,Mahiyanganaya,5923.773629
3/8/2026,Mahiyanganaya,5877.984374
3/9/2026,Mahiyanganaya,5905.900294
3/10/2026,Mahiyanganaya,5895.195772
3/11/2026,Mahiyanganaya,5970.971802
3/12/2026,Mahiyanganaya,5958.4364
3/13/2026,Mahiyanganaya,5957.739439
3/14/2026,Mahiyanganaya,5823.826844
3/15/2026,Mahiyanganaya,5723.788091
3/16/2026,Mahiyanganaya,5699.1291
3/17/2026,Mahiyanganaya,5755.286374
3/18/2026,Mahiyanganaya,5648.748973
3/19/2026,Mahiyanganaya,5540.092721
3/20/2026,Mahiyanganaya,5351.821466
3/21/2026,Mahiyanganaya,5117.857461
3/22/2026,Mahiyanganaya,5009.965751
3/23/2026,Mahiyanganaya,4931.209285
3/24/2026,Mahiyanganaya,4826.976859
3/25/2026,Mahiyanganaya,4725.392765
3/26/2026,Mahiyanganaya,4659.645143
3/27/2026,Mahiyanganaya,4677.55769
3/28/2026,Mahiyanganaya,4653.541577
3/29/2026,Mahiyanganaya,4703.247745
3/30/2026,Mahiyanganaya,4781.770416
3/31/2026,Mahiyanganaya,4825.282109
4/1/2026,Mahiyanganaya,4827.106053
4/2/2026,Mahiyanganaya,4916.322477
4/3/2026,Mahiyanganaya,4932.769185
4/4/2026,Mahiyanganaya,5026.930901
4/5/2026,Mahiyanganaya,5147.669673
4/6/2026,Mahiyanganaya,5218.812167
4/7/2026,Mahiyanganaya,5229.576841
4/8/2026,Mahiyanganaya,5295.173668
4/9/2026,Mahiyanganaya,5323.256357
4/10/2026,Mahiyanganaya,5300.826701
4/11/2026,Mahiyanganaya,5341.823412
4/12/2026,Mahiyanganaya,5318.388296
4/13/2026,Mahiyanganaya,5319.525196
4/14/2026,Mahiyanganaya,5330.484344
4/15/2026,Mahiyanganaya,5328.807751
4/16/2026,Mahiyanganaya,5373.664434
4/17/2026,Mahiyanganaya,5413.921534
4/18/2026,Mahiyanganaya,5478.705448
4/19/2026,Mahiyanganaya,5495.61513
4/20/2026,Mahiyanganaya,5462.63528
4/21/2026,Mahiyanganaya,5476.853675
4/22/2026,Mahiyanganaya,5477.541964
4/23/2026,Mahiyanganaya,5385.521425
4/24/2026,Mahiyanganaya,5354.88005
4/25/2026,Mahiyanganaya,5377.611921
4/26/2026,Mahiyanganaya,5363.662147
4/27/2026,Mahiyanganaya,5350.263504
4/28/2026,Mahiyanganaya,5370.91956
4/29/2026,Mahiyanganaya,5360.288449
4/30/2026,Mahiyanganaya,5293.493437
5/1/2026,Mahiyanganaya,5246.912137
5/2/2026,Mahiyanganaya,5264.385617
5/3/2026,Mahiyanganaya,5268.17949
5/4/2026,Mahiyanganaya,5308.953814
5/5/2026,Mahiyanganaya,5332.513557
5/6/2026,Mahiyanganaya,5425.478361
5/7/2026,Mahiyanganaya,5498.363088
5/8/2026,Mahiyanganaya,5498.84068
5/9/2026,Mahiyanganaya,5431.155373
5/10/2026,Mahiyanganaya,5367.309336
5/11/2026,Mahiyanganaya,5278.031889
5/12/2026,Mahiyanganaya,5168.53299
5/13/2026,Mahiyanganaya,5046.98624
5/14/2026,Mahiyanganaya,4947.305353
5/15/2026,Mahiyanganaya,4856.717286
5/16/2026,Mahiyanganaya,4726.962544
5/17/2026,Mahiyanganaya,4630.056505
5/18/2026,Mahiyanganaya,4530.040044
5/19/2026,Mahiyanganaya,4413.583768
5/20/2026,Mahiyanganaya,4314.647721
5/21/2026,Mahiyanganaya,4239.098843
5/22/2026,Mahiyanganaya,4200.381621
5/23/2026,Mahiyanganaya,4142.952863
5/24/2026,Mahiyanganaya,4130.715812
5/25/2026,Mahiyanganaya,4157.05393
5/26/2026,Mahiyanganaya,4180.820424
5/27/2026,Mahiyanganaya,4162.535513
5/28/2026,Mahiyanganaya,4118.084946
5/29/2026,Mahiyanganaya,4096.439583
5/30/2026,Mahiyanganaya,4049.507199
5/31/2026,Mahiyanganaya,3898.03413
6/1/2026,Mahiyanganaya,3839.805578
6/2/2026,Mahiyanganaya,3785.744582
6/3/2026,Mahiyanganaya,3735.952409
6/4/2026,Mahiyanganaya,3728.184692
6/5/2026,Mahiyanganaya,3736.858517
6/6/2026,Mahiyanganaya,3737.290591
6/7/2026,Mahiyanganaya,3708.589459
6/8/2026,Mahiyanganaya,3725.524659
6/9/2026,Mahiyanganaya,3781.163471
6/10/2026,Mahiyanganaya,3843.295923
6/11/2026,Mahiyanganaya,3911.99093
6/12/2026,Mahiyanganaya,3960.168288
6/13/2026,Mahiyanganaya,3977.772404
6/14/2026,Mahiyanganaya,4042.482042
6/15/2026,Mahiyanganaya,4099.097266
6/16/2026,Mahiyanganaya,4196.569213
6/17/2026,Mahiyanganaya,4275.222116
6/18/2026,Mahiyanganaya,4341.194523
6/19/2026,Mahiyanganaya,4338.120856
6/20/2026,Mahiyanganaya,4297.728873
6/21/2026,Mahiyanganaya,4316.438599
6/22/2026,Mahiyanganaya,4312.057457
6/23/2026,Mahiyanganaya,4381.768716
6/24/2026,Mahiyanganaya,4366.292648
6/25/2026,Mahiyanganaya,4424.075785
6/26/2026,Mahiyanganaya,4438.986766
6/27/2026,Mahiyanganaya,4448.189438
6/28/2026,Mahiyanganaya,4520.00082
6/29/2026,Mahiyanganaya,4571.144959
6/30/2026,Mahiyanganaya,4558.733883
7/1/2026,Mahiyanganaya,4499.374113
7/2/2026,Mahiyanganaya,4375.999655
7/3/2026,Mahiyanganaya,4268.601312
7/4/2026,Mahiyanganaya,4087.067063
7/5/2026,Mahiyanganaya,3954.039961
7/6/2026,Mahiyanganaya,3827.795221
7/7/2026,Mahiyanganaya,3672.415867
7/8/2026,Mahiyanganaya,3534.997837
7/9/2026,Mahiyanganaya,3351.562865
7/10/2026,Mahiyanganaya,3201.499121
7/11/2026,Mahiyanganaya,3105.397348
7/12/2026,Mahiyanganaya,3036.49059
7/13/2026,Mahiyanganaya,3010.25808
7/14/2026,Mahiyanganaya,2971.466713
7/15/2026,Mahiyanganaya,3020.331844
7/16/2026,Mahiyanganaya,3001.756027
7/17/2026,Mahiyanganaya,3072.299896
7/18/2026,Mahiyanganaya,3137.504312
7/19/2026,Mahiyanganaya,3181.603748
7/20/2026,Mahiyanganaya,3227.107309
7/21/2026,Mahiyanganaya,3299.386446
7/22/2026,Mahiyanganaya,3317.740661
7/23/2026,Mahiyanganaya,3280.754208
7/24/2026,Mahiyanganaya,3226.889177
7/25/2026,Mahiyanganaya,3262.320787
7/26/2026,Mahiyanganaya,3270.414108
7/27/2026,Mahiyanganaya,3234.964537
7/28/2026,Mahiyanganaya,3233.049008
7/29/2026,Mahiyanganaya,3244.227716
7/30/2026,Mahiyanganaya,3199.42063
7/31/2026,Mahiyanganaya,3139.221433
8/1/2026,Mahiyanganaya,3116.072733
8/2/2026,Mahiyanganaya,3059.624235
8/3/2026,Mahiyanganaya,3064.654058
8/4/2026,Mahiyanganaya,3070.785131
8/5/2026,Mahiyanganaya,3082.444833
8/6/2026,Mahiyanganaya,3184.183142
8/7/2026,Mahiyanganaya,3294.871122
8/8/2026,Mahiyanganaya,3420.476397
8/9/2026,Mahiyanganaya,3541.748679
8/10/2026,Mahiyanganaya,3609.572574
8/11/2026,Mahiyanganaya,3607.97435
8/12/2026,Mahiyanganaya,3589.340897
8/13/2026,Mahiyanganaya,3583.554734
8/14/2026,Mahiyanganaya,3538.135274
8/15/2026,Mahiyanganaya,3449.624706
8/16/2026,Mahiyanganaya,3342.691925
8/17/2026,Mahiyanganaya,3263.397544
8/18/2026,Mahiyanganaya,3117.129449
8/19/2026,Mahiyanganaya,2962.19544
8/20/2026,Mahiyanganaya,2883.413713
8/21/2026,Mahiyanganaya,2907.389014
8/22/2026,Mahiyanganaya,2907.401525
8/23/2026,Mahiyanganaya,2946.027803
8/24/2026,Mahiyanganaya,3061.702258
8/25/2026,Mahiyanganaya,3190.049928
8/26/2026,Mahiyanganaya,3401.09409
8/27/2026,Mahiyanganaya,3578.017799
8/28/2026,Mahiyanganaya,3758.806068
8/29/2026,Mahiyanganaya,3892.772642
8/30/2026,Mahiyanganaya,3961.153224
8/31/2026,Mahiyanganaya,4002.237646
9/1/2026,Mahiyanganaya,4031.677407
9/2/2026,Mahiyanganaya,4016.311076
9/3/2026,Mahiyanganaya,4015.761048
9/4/2026,Mahiyanganaya,3986.507765
9/5/2026,Mahiyanganaya,3912.368381
9/6/2026,Mahiyanganaya,3881.178716
9/7/2026,Mahiyanganaya,3853.650717
9/8/2026,Mahiyanganaya,3884.680501
9/9/2026,Mahiyanganaya,3915.988985
9/10/2026,Mahiyanganaya,3940.17786
9/11/2026,Mahiyanganaya,3991.709259
9/12/2026,Mahiyanganaya,4003.326054
9/13/2026,Mahiyanganaya,4098.56046
9/14/2026,Mahiyanganaya,4146.898556
9/15/2026,Mahiyanganaya,4205.725863
9/16/2026,Mahiyanganaya,4191.976271
9/17/2026,Mahiyanganaya,4187.622253
9/18/2026,Mahiyanganaya,4079.491935
9/19/2026,Mahiyanganaya,4010.044701
9/20/2026,Mahiyanganaya,3926.126471
9/21/2026,Mahiyanganaya,3813.809501
9/22/2026,Mahiyanganaya,3703.509927
9/23/2026,Mahiyanganaya,3641.158005
9/24/2026,Mahiyanganaya,3561.926665
9/25/2026,Mahiyanganaya,3509.552583
9/26/2026,Mahiyanganaya,3569.466027
9/27/2026,Mahiyanganaya,3589.350311
9/28/2026,Mahiyanganaya,3673.389298
9/29/2026,Mahiyanganaya,3809.865901
9/30/2026,Mahiyanganaya,3940.122398
10/1/2026,Mahiyanganaya,4102.382971
10/2/2026,Mahiyanganaya,4199.446533
10/3/2026,Mahiyanganaya,4311.253049
10/4/2026,Mahiyanganaya,4341.914521
10/5/2026,Mahiyanganaya,4463.088173
10/6/2026,Mahiyanganaya,4514.398959
10/7/2026,Mahiyanganaya,4473.135061
10/8/2026,Mahiyanganaya,4382.404378
10/9/2026,Mahiyanganaya,4283.548207
10/10/2026,Mahiyanganaya,4206.053311
10/11/2026,Mahiyanganaya,4146.581298
10/12/2026,Mahiyanganaya,4143.543867
10/13/2026,Mahiyanganaya,4178.928864
10/14/2026,Mahiyanganaya,4200.69724
10/15/2026,Mahiyanganaya,4183.582547
10/16/2026,Mahiyanganaya,4221.898516
10/17/2026,Mahiyanganaya,4207.660461
10/18/2026,Mahiyanganaya,4303.326576
10/19/2026,Mahiyanganaya,4463.745123
10/20/2026,Mahiyanganaya,4572.192166
10/21/2026,Mahiyanganaya,4677.01279
10/22/2026,Mahiyanganaya,4736.869439
10/23/2026,Mahiyanganaya,4834.954554
10/24/2026,Mahiyanganaya,4915.335705
10/25/2026,Mahiyanganaya,5013.641057
10/26/2026,Mahiyanganaya,5036.467502
10/27/2026,Mahiyanganaya,4975.0027
10/28/2026,Mahiyanganaya,4919.007874
10/29/2026,Mahiyanganaya,4883.758019
10/30/2026,Mahiyanganaya,4924.683425
10/31/2026,Mahiyanganaya,4945.072045
11/1/2026,Mahiyanganaya,4841.776881
11/2/2026,Mahiyanganaya,4756.652491
11/3/2026,Mahiyanganaya,4561.905412
11/4/2026,Mahiyanganaya,4385.669235
11/5/2026,Mahiyanganaya,4257.760408
11/6/2026,Mahiyanganaya,4116.744144
11/7/2026,Mahiyanganaya,4053.379791
11/8/2026,Mahiyanganaya,4084.4837
11/9/2026,Mahiyanganaya,4018.460582
11/10/2026,Mahiyanganaya,3992.073241
11/11/2026,Mahiyanganaya,4013.332061
11/12/2026,Mahiyanganaya,4113.381749
11/13/2026,Mahiyanganaya,4209.758363
11/14/2026,Mahiyanganaya,4280.925497
11/15/2026,Mahiyanganaya,4317.637104
11/16/2026,Mahiyanganaya,4332.781337
11/17/2026,Mahiyanganaya,4401.94752
11/18/2026,Mahiyanganaya,4466.56923
11/19/2026,Mahiyanganaya,4517.101136
11/20/2026,Mahiyanganaya,4527.614434
11/21/2026,Mahiyanganaya,4537.924949
11/22/2026,Mahiyanganaya,4629.048509
11/23/2026,Mahiyanganaya,4643.045699
11/24/2026,Mahiyanganaya,4688.847688
11/25/2026,Mahiyanganaya,4651.215563
11/26/2026,Mahiyanganaya,4603.400137
11/27/2026,Mahiyanganaya,4598.524447
11/28/2026,Mahiyanganaya,4599.612898
11/29/2026,Mahiyanganaya,4532.846732
11/30/2026,Mahiyanganaya,4536.408633
12/1/2026,Mahiyanganaya,4557.901534
12/2/2026,Mahiyanganaya,4575.537619
12/3/2026,Mahiyanganaya,4484.678465
12/4/2026,Mahiyanganaya,4382.151191
12/5/2026,Mahiyanganaya,4228.145435
12/6/2026,Mahiyanganaya,4166.73032
12/7/2026,Mahiyanganaya,4128.355873
12/8/2026,Mahiyanganaya,4045.690518
12/9/2026,Mahiyanganaya,4026.863546
12/10/2026,Mahiyanganaya,4032.860253
12/11/2026,Mahiyanganaya,4065.563199
12/12/2026,Mahiyanganaya,4081.205744
12/13/2026,Mahiyanganaya,4102.105938
12/14/2026,Mahiyanganaya,4176.928756
12/15/2026,Mahiyanganaya,4223.713286
12/16/2026,Mahiyanganaya,4289.11602
12/17/2026,Mahiyanganaya,4411.736521
12/18/2026,Mahiyanganaya,4464.952404
12/19/2026,Mahiyanganaya,4587.141683
12/20/2026,Mahiyanganaya,4729.136219
12/21/2026,Mahiyanganaya,4816.476809
12/22/2026,Mahiyanganaya,4931.603584
12/23/2026,Mahiyanganaya,4989.403021
12/24/2026,Mahiyanganaya,5105.882768
12/25/2026,Mahiyanganaya,5142.691259
12/26/2026,Mahiyanganaya,5190.400316
12/27/2026,Mahiyanganaya,5291.990843
12/28/2026,Mahiyanganaya,5247.250074
12/29/2026,Mahiyanganaya,5292.930824
12/30/2026,Mahiyanganaya,5301.501519
12/31/2026,Mahiyanganaya,5302.413214
1/1/2027,Mahiyanganaya,5280.872595
1/2/2027,Mahiyanganaya,5270.334984
1/3/2027,Mahiyanganaya,5235.39546
1/4/2027,Mahiyanganaya,5170.930469
1/5/2027,Mahiyanganaya,5120.365108
1/6/2027,Mahiyanganaya,5217.469893
1/7/2027,Mahiyanganaya,5241.632163
1/8/2027,Mahiyanganaya,5239.528751
1/9/2027,Mahiyanganaya,5215.608996
1/10/2027,Mahiyanganaya,5154.313292
1/11/2027,Mahiyanganaya,5191.750848
1/12/2027,Mahiyanganaya,5167.890265
1/13/2027,Mahiyanganaya,5122.821266
1/14/2027,Mahiyanganaya,5069.198395
1/15/2027,Mahiyanganaya,5029.784045
1/16/2027,Mahiyanganaya,5017.248863
1/17/2027,Mahiyanganaya,4912.777556
1/18/2027,Mahiyanganaya,4891.981254
1/19/2027,Mahiyanganaya,4808.741646
1/20/2027,Mahiyanganaya,4717.313151
1/21/2027,Mahiyanganaya,4626.032681
1/22/2027,Mahiyanganaya,4579.490227
1/23/2027,Mahiyanganaya,4555.362965
1/24/2027,Mahiyanganaya,4575.009551
1/25/2027,Mahiyanganaya,4640.195117
1/26/2027,Mahiyanganaya,4757.692266
1/27/2027,Mahiyanganaya,4771.542743
1/28/2027,Mahiyanganaya,4752.788581
1/29/2027,Mahiyanganaya,4850.535712
1/30/2027,Mahiyanganaya,4991.362675
1/31/2027,Mahiyanganaya,5139.690679
2/1/2027,Mahiyanganaya,5139.45493
2/2/2027,Mahiyanganaya,5155.85095
2/3/2027,Mahiyanganaya,5165.639053
2/4/2027,Mahiyanganaya,5124.725342
2/5/2027,Mahiyanganaya,5115.343954
2/6/2027,Mahiyanganaya,5115.971124
2/7/2027,Mahiyanganaya,5113.151685
2/8/2027,Mahiyanganaya,5076.003007
2/9/2027,Mahiyanganaya,5020.616269
2/10/2027,Mahiyanganaya,5037.718544
2/11/2027,Mahiyanganaya,5057.552887
2/12/2027,Mahiyanganaya,5103.99369
2/13/2027,Mahiyanganaya,5110.395609
2/14/2027,Mahiyanganaya,5109.377781
2/15/2027,Mahiyanganaya,5191.136526
2/16/2027,Mahiyanganaya,5303.495011
2/17/2027,Mahiyanganaya,5393.237913
2/18/2027,Mahiyanganaya,5546.687053
2/19/2027,Mahiyanganaya,5631.12147
2/20/2027,Mahiyanganaya,5607.23617
2/21/2027,Mahiyanganaya,5577.742499
2/22/2027,Mahiyanganaya,5557.226222
2/23/2027,Mahiyanganaya,5478.547737
2/24/2027,Mahiyanganaya,5344.194448
2/25/2027,Mahiyanganaya,5302.996739
2/26/2027,Mahiyanganaya,5206.35628
2/27/2027,Mahiyanganaya,5061.972614
2/28/2027,Mahiyanganaya,4958.288886
3/1/2027,Mahiyanganaya,4930.403862
3/2/2027,Mahiyanganaya,4958.105179
3/3/2027,Mahiyanganaya,4975.203899
3/4/2027,Mahiyanganaya,5002.007851
3/5/2027,Mahiyanganaya,4981.223618
3/6/2027,Mahiyanganaya,5062.57795
3/7/2027,Mahiyanganaya,5170.205346
3/8/2027,Mahiyanganaya,5285.728462
3/9/2027,Mahiyanganaya,5310.748356
3/10/2027,Mahiyanganaya,5400.912772
3/11/2027,Mahiyanganaya,5403.435345
3/12/2027,Mahiyanganaya,5338.918929
3/13/2027,Mahiyanganaya,5277.902882
3/14/2027,Mahiyanganaya,5167.472781
3/15/2027,Mahiyanganaya,5030.926043
3/16/2027,Mahiyanganaya,4898.639319
3/17/2027,Mahiyanganaya,4752.270348
3/18/2027,Mahiyanganaya,4534.9893
3/19/2027,Mahiyanganaya,4312.912251
3/20/2027,Mahiyanganaya,4203.39686
3/21/2027,Mahiyanganaya,4102.028669
3/22/2027,Mahiyanganaya,3984.888715
3/23/2027,Mahiyanganaya,3946.545285
3/24/2027,Mahiyanganaya,3905.956157
3/25/2027,Mahiyanganaya,3844.734373
3/26/2027,Mahiyanganaya,3876.486707
3/27/2027,Mahiyanganaya,3866.558773
3/28/2027,Mahiyanganaya,3957.651849
3/29/2027,Mahiyanganaya,3989.257273
3/30/2027,Mahiyanganaya,4086.346489
3/31/2027,Mahiyanganaya,4074.284652
4/1/2027,Mahiyanganaya,4081.626978
4/2/2027,Mahiyanganaya,4077.66492
4/3/2027,Mahiyanganaya,4131.297155
4/4/2027,Mahiyanganaya,4227.003926
4/5/2027,Mahiyanganaya,4338.20176
4/6/2027,Mahiyanganaya,4423.695876
4/7/2027,Mahiyanganaya,4495.611201
4/8/2027,Mahiyanganaya,4546.506245
4/9/2027,Mahiyanganaya,4559.096824
4/10/2027,Mahiyanganaya,4596.289698
4/11/2027,Mahiyanganaya,4620.176163
4/12/2027,Mahiyanganaya,4690.247329
4/13/2027,Mahiyanganaya,4666.303947
4/14/2027,Mahiyanganaya,4609.333382
4/15/2027,Mahiyanganaya,4635.412352
4/16/2027,Mahiyanganaya,4654.813873
4/17/2027,Mahiyanganaya,4659.99038
4/18/2027,Mahiyanganaya,4679.429076
4/19/2027,Mahiyanganaya,4714.95621
4/20/2027,Mahiyanganaya,4661.170913
4/21/2027,Mahiyanganaya,4678.119449
4/22/2027,Mahiyanganaya,4667.360615
4/23/2027,Mahiyanganaya,4795.43528
4/24/2027,Mahiyanganaya,4980.819062
4/25/2027,Mahiyanganaya,5093.142197
4/26/2027,Mahiyanganaya,5171.53209
4/27/2027,Mahiyanganaya,5113.492862
4/28/2027,Mahiyanganaya,4992.296165
4/29/2027,Mahiyanganaya,4828.382277
4/30/2027,Mahiyanganaya,4655.13237
5/1/2027,Mahiyanganaya,4463.547308
5/2/2027,Mahiyanganaya,4292.287347
5/3/2027,Mahiyanganaya,4094.536765
5/4/2027,Mahiyanganaya,3919.035264
5/5/2027,Mahiyanganaya,3735.36661
5/6/2027,Mahiyanganaya,3583.963188
5/7/2027,Mahiyanganaya,3458.851445
5/8/2027,Mahiyanganaya,3433.853298
5/9/2027,Mahiyanganaya,3362.223372
5/10/2027,Mahiyanganaya,3284.169672
5/11/2027,Mahiyanganaya,3294.943672
5/12/2027,Mahiyanganaya,3302.105829
5/13/2027,Mahiyanganaya,3323.68787
5/14/2027,Mahiyanganaya,3407.424365
5/15/2027,Mahiyanganaya,3444.255469
5/16/2027,Mahiyanganaya,3487.23593
5/17/2027,Mahiyanganaya,3544.457446
5/18/2027,Mahiyanganaya,3581.61102
5/19/2027,Mahiyanganaya,3534.263313
5/20/2027,Mahiyanganaya,3474.209234
5/21/2027,Mahiyanganaya,3498.69942
5/22/2027,Mahiyanganaya,3484.801908
5/23/2027,Mahiyanganaya,3447.016905
5/24/2027,Mahiyanganaya,3402.331656
5/25/2027,Mahiyanganaya,3391.267937
5/26/2027,Mahiyanganaya,3419.437407
5/27/2027,Mahiyanganaya,3418.579944
5/28/2027,Mahiyanganaya,3411.409253
5/29/2027,Mahiyanganaya,3357.090083
5/30/2027,Mahiyanganaya,3318.208162
5/31/2027,Mahiyanganaya,3343.476965
6/1/2027,Mahiyanganaya,3334.300524
6/2/2027,Mahiyanganaya,3368.225921
6/3/2027,Mahiyanganaya,3556.650765
6/4/2027,Mahiyanganaya,3667.289134
6/5/2027,Mahiyanganaya,3784.16741
6/6/2027,Mahiyanganaya,3902.124931
6/7/2027,Mahiyanganaya,3926.066639
6/8/2027,Mahiyanganaya,3916.23203
6/9/2027,Mahiyanganaya,3922.840527
6/10/2027,Mahiyanganaya,3853.408334
6/11/2027,Mahiyanganaya,3722.893811
6/12/2027,Mahiyanganaya,3625.989359
6/13/2027,Mahiyanganaya,3544.712321
6/14/2027,Mahiyanganaya,3511.813627
6/15/2027,Mahiyanganaya,3451.209253
6/16/2027,Mahiyanganaya,3420.581095
6/17/2027,Mahiyanganaya,3361.689233
6/18/2027,Mahiyanganaya,3319.445145
6/19/2027,Mahiyanganaya,3309.517361
6/20/2027,Mahiyanganaya,3412.879555
6/21/2027,Mahiyanganaya,3479.893024
6/22/2027,Mahiyanganaya,3645.868337
6/23/2027,Mahiyanganaya,3799.785684
6/24/2027,Mahiyanganaya,3983.658251
6/25/2027,Mahiyanganaya,4109.926593
6/26/2027,Mahiyanganaya,4192.608807
6/27/2027,Mahiyanganaya,4233.255163
6/28/2027,Mahiyanganaya,4301.271631
6/29/2027,Mahiyanganaya,4316.008441
6/30/2027,Mahiyanganaya,4384.476715
7/1/2027,Mahiyanganaya,4428.998634
7/2/2027,Mahiyanganaya,4476.099261
7/3/2027,Mahiyanganaya,4489.210906
7/4/2027,Mahiyanganaya,4461.206067
7/5/2027,Mahiyanganaya,4509.606751
7/6/2027,Mahiyanganaya,4547.633771
7/7/2027,Mahiyanganaya,4562.158686
7/8/2027,Mahiyanganaya,4587.376487
7/9/2027,Mahiyanganaya,4621.64222
7/10/2027,Mahiyanganaya,4695.151452
7/11/2027,Mahiyanganaya,4737.866847
7/12/2027,Mahiyanganaya,4753.313792
7/13/2027,Mahiyanganaya,4769.449941
7/14/2027,Mahiyanganaya,4792.200929
7/15/2027,Mahiyanganaya,4664.915354
7/16/2027,Mahiyanganaya,4547.909716
7/17/2027,Mahiyanganaya,4443.361418
7/18/2027,Mahiyanganaya,4418.60094
7/19/2027,Mahiyanganaya,4334.166697
7/20/2027,Mahiyanganaya,4304.987885
7/21/2027,Mahiyanganaya,4181.831035
7/22/2027,Mahiyanganaya,4081.017032
7/23/2027,Mahiyanganaya,4027.168081
7/24/2027,Mahiyanganaya,3971.44881
7/25/2027,Mahiyanganaya,4030.442617
7/26/2027,Mahiyanganaya,4185.00531
7/27/2027,Mahiyanganaya,4304.505161
7/28/2027,Mahiyanganaya,4371.95848
7/29/2027,Mahiyanganaya,4485.920443
7/30/2027,Mahiyanganaya,4592.207728
7/31/2027,Mahiyanganaya,4679.067525
8/1/2027,Mahiyanganaya,4732.21532
8/2/2027,Mahiyanganaya,4816.525487
8/3/2027,Mahiyanganaya,4871.067606
8/4/2027,Mahiyanganaya,4810.186357
8/5/2027,Mahiyanganaya,4794.657593
8/6/2027,Mahiyanganaya,4779.752787
8/7/2027,Mahiyanganaya,4826.738286
8/8/2027,Mahiyanganaya,4791.632077
8/9/2027,Mahiyanganaya,4747.97515
8/10/2027,Mahiyanganaya,4712.422126
8/11/2027,Mahiyanganaya,4671.449991
8/12/2027,Mahiyanganaya,4686.6014
8/13/2027,Mahiyanganaya,4612.084751
8/14/2027,Mahiyanganaya,4583.157771
8/15/2027,Mahiyanganaya,4699.034375
8/16/2027,Mahiyanganaya,4688.657725
8/17/2027,Mahiyanganaya,4728.675506
8/18/2027,Mahiyanganaya,4776.836671
8/19/2027,Mahiyanganaya,4801.883552
8/20/2027,Mahiyanganaya,4863.135797
8/21/2027,Mahiyanganaya,4842.675773
8/22/2027,Mahiyanganaya,4796.681777
8/23/2027,Mahiyanganaya,4818.644078
8/24/2027,Mahiyanganaya,4757.473407
8/25/2027,Mahiyanganaya,4770.463867
8/26/2027,Mahiyanganaya,4779.145748
8/27/2027,Mahiyanganaya,4795.080933
8/28/2027,Mahiyanganaya,4682.807061
8/29/2027,Mahiyanganaya,4599.66815
8/30/2027,Mahiyanganaya,4520.256816
8/31/2027,Mahiyanganaya,4411.551206
9/1/2027,Mahiyanganaya,4293.333998
9/2/2027,Mahiyanganaya,4242.065854
9/3/2027,Mahiyanganaya,4227.458723
9/4/2027,Mahiyanganaya,4287.765162
9/5/2027,Mahiyanganaya,4281.918581
9/6/2027,Mahiyanganaya,4246.231686
9/7/2027,Mahiyanganaya,4290.267812
9/8/2027,Mahiyanganaya,4345.87758
9/9/2027,Mahiyanganaya,4433.855222
9/10/2027,Mahiyanganaya,4420.189124
9/11/2027,Mahiyanganaya,4426.868311
9/12/2027,Mahiyanganaya,4486.990872
9/13/2027,Mahiyanganaya,4477.849472
9/14/2027,Mahiyanganaya,4495.109938
9/15/2027,Mahiyanganaya,4501.017451
9/16/2027,Mahiyanganaya,4558.187478
9/17/2027,Mahiyanganaya,4547.955925
9/18/2027,Mahiyanganaya,4555.97213
9/19/2027,Mahiyanganaya,4579.605096
9/20/2027,Mahiyanganaya,4588.694508
9/21/2027,Mahiyanganaya,4588.318805
9/22/2027,Mahiyanganaya,4622.126614
9/23/2027,Mahiyanganaya,4565.303395
9/24/2027,Mahiyanganaya,4460.72119
9/25/2027,Mahiyanganaya,4340.389002
9/26/2027,Mahiyanganaya,4234.280347
9/27/2027,Mahiyanganaya,4231.176549
9/28/2027,Mahiyanganaya,4189.562216
9/29/2027,Mahiyanganaya,4177.785047
9/30/2027,Mahiyanganaya,4103.293016
10/1/2027,Mahiyanganaya,4023.195654
10/2/2027,Mahiyanganaya,4006.004597
10/3/2027,Mahiyanganaya,3988.143424
10/4/2027,Mahiyanganaya,3993.132677
10/5/2027,Mahiyanganaya,4009.958066
10/6/2027,Mahiyanganaya,4051.998236
10/7/2027,Mahiyanganaya,4052.052393
10/8/2027,Mahiyanganaya,4085.495082
10/9/2027,Mahiyanganaya,4143.910972
10/10/2027,Mahiyanganaya,4159.398155
10/11/2027,Mahiyanganaya,4188.780735
10/12/2027,Mahiyanganaya,4177.979669
10/13/2027,Mahiyanganaya,4192.289161
10/14/2027,Mahiyanganaya,4135.46954
10/15/2027,Mahiyanganaya,4161.136395
10/16/2027,Mahiyanganaya,4217.635953
10/17/2027,Mahiyanganaya,4298.612718
10/18/2027,Mahiyanganaya,4415.444404
10/19/2027,Mahiyanganaya,4489.612022
10/20/2027,Mahiyanganaya,4556.478083
10/21/2027,Mahiyanganaya,4631.161823
10/22/2027,Mahiyanganaya,4687.377916
10/23/2027,Mahiyanganaya,4732.224067
10/24/2027,Mahiyanganaya,4745.646298
10/25/2027,Mahiyanganaya,4741.987784
10/26/2027,Mahiyanganaya,4775.8559
10/27/2027,Mahiyanganaya,4862.087304
10/28/2027,Mahiyanganaya,4845.629042
10/29/2027,Mahiyanganaya,4892.619776
10/30/2027,Mahiyanganaya,4867.574649
10/31/2027,Mahiyanganaya,4859.530899
11/1/2027,Mahiyanganaya,4849.147147
11/2/2027,Mahiyanganaya,4806.262156
11/3/2027,Mahiyanganaya,4713.563486
11/4/2027,Mahiyanganaya,4679.014621
11/5/2027,Mahiyanganaya,4684.64976
11/6/2027,Mahiyanganaya,4671.281755
11/7/2027,Mahiyanganaya,4648.59643
11/8/2027,Mahiyanganaya,4568.191611
11/9/2027,Mahiyanganaya,4573.00883
11/10/2027,Mahiyanganaya,4494.586506
11/11/2027,Mahiyanganaya,4403.722833
11/12/2027,Mahiyanganaya,4346.746855
11/13/2027,Mahiyanganaya,4265.171308
11/14/2027,Mahiyanganaya,4202.645875
11/15/2027,Mahiyanganaya,4149.75666
11/16/2027,Mahiyanganaya,4120.282118
11/17/2027,Mahiyanganaya,4048.435461
11/18/2027,Mahiyanganaya,4123.591523
11/19/2027,Mahiyanganaya,4112.801838
11/20/2027,Mahiyanganaya,4099.572135
11/21/2027,Mahiyanganaya,4080.765834
11/22/2027,Mahiyanganaya,4035.839292
11/23/2027,Mahiyanganaya,4006.863852
11/24/2027,Mahiyanganaya,4005.481513
11/25/2027,Mahiyanganaya,4042.705922
11/26/2027,Mahiyanganaya,4062.88012
11/27/2027,Mahiyanganaya,4085.162209
11/28/2027,Mahiyanganaya,4056.156535
11/29/2027,Mahiyanganaya,4151.923805
11/30/2027,Mahiyanganaya,4115.167195
12/1/2027,Mahiyanganaya,4121.332702
12/2/2027,Mahiyanganaya,4148.819708
12/3/2027,Mahiyanganaya,4078.906643
12/4/2027,Mahiyanganaya,4066.416303
12/5/2027,Mahiyanganaya,4082.906479
12/6/2027,Mahiyanganaya,4115.846448
12/7/2027,Mahiyanganaya,4221.750829
12/8/2027,Mahiyanganaya,4340.098671
12/9/2027,Mahiyanganaya,4421.672395
12/10/2027,Mahiyanganaya,4479.929098
12/11/2027,Mahiyanganaya,4589.5588
12/12/2027,Mahiyanganaya,4694.574373
12/13/2027,Mahiyanganaya,4756.313346
12/14/2027,Mahiyanganaya,4801.684724
12/15/2027,Mahiyanganaya,4892.6366
12/16/2027,Mahiyanganaya,4962.986822
12/17/2027,Mahiyanganaya,5001.616785
12/18/2027,Mahiyanganaya,5068.795812
12/19/2027,Mahiyanganaya,5114.02217
12/20/2027,Mahiyanganaya,5030.50377
12/21/2027,Mahiyanganaya,4970.473275
12/22/2027,Mahiyanganaya,4963.126013
12/23/2027,Mahiyanganaya,4947.998506
12/24/2027,Mahiyanganaya,4925.090752
12/25/2027,Mahiyanganaya,4894.402753
12/26/2027,Mahiyanganaya,4855.934508
12/27/2027,Mahiyanganaya,4809.686018
12/28/2027,Mahiyanganaya,4755.657281
12/29/2027,Mahiyanganaya,4693.848299
12/30/2027,Mahiyanganaya,4624.25907
12/31/2027,Mahiyanganaya,4546.889596
1/1/2025,Welioya,3967.821708
1/2/2025,Welioya,3864.388108
1/3/2025,Welioya,3770.624051
1/4/2025,Welioya,3686.529537
1/5/2025,Welioya,3612.104566
1/6/2025,Welioya,3547.349137
1/7/2025,Welioya,3492.263251
1/8/2025,Welioya,3446.846909
1/9/2025,Welioya,3411.100108
1/10/2025,Welioya,3385.022851
1/11/2025,Welioya,3368.615137
1/12/2025,Welioya,3416.760398
1/13/2025,Welioya,3467.693723
1/14/2025,Welioya,3480.833385
1/15/2025,Welioya,3467.033597
1/16/2025,Welioya,3482.310631
1/17/2025,Welioya,3491.410504
1/18/2025,Welioya,3407.399611
1/19/2025,Welioya,3416.904832
1/20/2025,Welioya,3486.947011
1/21/2025,Welioya,3531.81129
1/22/2025,Welioya,3511.09421
1/23/2025,Welioya,3572.785213
1/24/2025,Welioya,3610.427636
1/25/2025,Welioya,3638.492291
1/26/2025,Welioya,3625.364668
1/27/2025,Welioya,3655.068669
1/28/2025,Welioya,3729.056621
1/29/2025,Welioya,3732.680874
1/30/2025,Welioya,3686.612944
1/31/2025,Welioya,3644.684191
2/1/2025,Welioya,3607.403315
2/2/2025,Welioya,3570.36819
2/3/2025,Welioya,3484.266622
2/4/2025,Welioya,3364.306627
2/5/2025,Welioya,3340.35121
2/6/2025,Welioya,3338.851402
2/7/2025,Welioya,3321.835315
2/8/2025,Welioya,3389.52393
2/9/2025,Welioya,3419.61051
2/10/2025,Welioya,3439.91584
2/11/2025,Welioya,3475.966183
2/12/2025,Welioya,3615.675123
2/13/2025,Welioya,3719.573829
2/14/2025,Welioya,3870.585599
2/15/2025,Welioya,3999.403274
2/16/2025,Welioya,4075.355524
2/17/2025,Welioya,4107.077407
2/18/2025,Welioya,4084.957123
2/19/2025,Welioya,4067.564432
2/20/2025,Welioya,4068.921726
2/21/2025,Welioya,4079.121431
2/22/2025,Welioya,4076.277269
2/23/2025,Welioya,4043.295386
2/24/2025,Welioya,4011.68254
2/25/2025,Welioya,4064.478016
2/26/2025,Welioya,4054.784039
2/27/2025,Welioya,4048.391351
2/28/2025,Welioya,4063.082035
3/1/2025,Welioya,4007.882411
3/2/2025,Welioya,4027.596955
3/3/2025,Welioya,4046.994072
3/4/2025,Welioya,4112.439553
3/5/2025,Welioya,4115.321985
3/6/2025,Welioya,4167.689588
3/7/2025,Welioya,4148.18019
3/8/2025,Welioya,4066.763354
3/9/2025,Welioya,4035.465394
3/10/2025,Welioya,4042.51835
3/11/2025,Welioya,4008.126576
3/12/2025,Welioya,3949.608551
3/13/2025,Welioya,3987.960116
3/14/2025,Welioya,4003.953332
3/15/2025,Welioya,4007.983921
3/16/2025,Welioya,3985.196725
3/17/2025,Welioya,3955.601219
3/18/2025,Welioya,3919.886278
3/19/2025,Welioya,3896.834698
3/20/2025,Welioya,3827.705154
3/21/2025,Welioya,3797.935045
3/22/2025,Welioya,3835.292635
3/23/2025,Welioya,3816.382329
3/24/2025,Welioya,3809.797937
3/25/2025,Welioya,3778.771001
3/26/2025,Welioya,3813.855755
3/27/2025,Welioya,3813.612978
3/28/2025,Welioya,3856.15195
3/29/2025,Welioya,3945.391335
3/30/2025,Welioya,3907.790501
3/31/2025,Welioya,3847.536328
4/1/2025,Welioya,3773.379876
4/2/2025,Welioya,3765.270961
4/3/2025,Welioya,3708.751512
4/4/2025,Welioya,3661.667434
4/5/2025,Welioya,3622.788936
4/6/2025,Welioya,3582.523681
4/7/2025,Welioya,3582.690584
4/8/2025,Welioya,3601.331348
4/9/2025,Welioya,3631.706553
4/10/2025,Welioya,3743.860751
4/11/2025,Welioya,3787.316733
4/12/2025,Welioya,3862.944899
4/13/2025,Welioya,3996.594648
4/14/2025,Welioya,4077.194332
4/15/2025,Welioya,4190.031586
4/16/2025,Welioya,4285.71841
4/17/2025,Welioya,4316.094374
4/18/2025,Welioya,4256.766522
4/19/2025,Welioya,4091.051146
4/20/2025,Welioya,3986.632598
4/21/2025,Welioya,3863.095643
4/22/2025,Welioya,3838.857181
4/23/2025,Welioya,3789.176858
4/24/2025,Welioya,3758.934588
4/25/2025,Welioya,3697.37098
4/26/2025,Welioya,3612.27289
4/27/2025,Welioya,3619.877903
4/28/2025,Welioya,3631.664371
4/29/2025,Welioya,3597.944242
4/30/2025,Welioya,3631.51788
5/1/2025,Welioya,3676.665858
5/2/2025,Welioya,3762.051576
5/3/2025,Welioya,3831.450046
5/4/2025,Welioya,3836.456808
5/5/2025,Welioya,3882.861843
5/6/2025,Welioya,3884.143166
5/7/2025,Welioya,3813.258897
5/8/2025,Welioya,3810.184194
5/9/2025,Welioya,3786.970408
5/10/2025,Welioya,3770.308683
5/11/2025,Welioya,3756.333175
5/12/2025,Welioya,3808.512431
5/13/2025,Welioya,3830.893594
5/14/2025,Welioya,3809.858428
5/15/2025,Welioya,3742.20226
5/16/2025,Welioya,3726.320708
5/17/2025,Welioya,3656.106908
5/18/2025,Welioya,3582.705667
5/19/2025,Welioya,3525.716171
5/20/2025,Welioya,3587.495563
5/21/2025,Welioya,3623.294341
5/22/2025,Welioya,3611.763851
5/23/2025,Welioya,3619.245491
5/24/2025,Welioya,3625.478931
5/25/2025,Welioya,3652.405835
5/26/2025,Welioya,3688.383499
5/27/2025,Welioya,3741.208791
5/28/2025,Welioya,3788.106087
5/29/2025,Welioya,3712.4491
5/30/2025,Welioya,3634.193101
5/31/2025,Welioya,3568.561061
6/1/2025,Welioya,3559.015122
6/2/2025,Welioya,3582.13451
6/3/2025,Welioya,3523.931352
6/4/2025,Welioya,3437.73524
6/5/2025,Welioya,3386.154111
6/6/2025,Welioya,3324.190015
6/7/2025,Welioya,3327.05661
6/8/2025,Welioya,3330.336953
6/9/2025,Welioya,3389.163858
6/10/2025,Welioya,3433.184616
6/11/2025,Welioya,3474.273474
6/12/2025,Welioya,3519.097206
6/13/2025,Welioya,3592.160524
6/14/2025,Welioya,3706.881894
6/15/2025,Welioya,3844.415272
6/16/2025,Welioya,3898.819968
6/17/2025,Welioya,3820.72211
6/18/2025,Welioya,3715.851027
6/19/2025,Welioya,3652.19613
6/20/2025,Welioya,3605.176527
6/21/2025,Welioya,3614.804838
6/22/2025,Welioya,3650.202036
6/23/2025,Welioya,3608.062814
6/24/2025,Welioya,3519.256479
6/25/2025,Welioya,3458.732763
6/26/2025,Welioya,3483.313898
6/27/2025,Welioya,3429.621622
6/28/2025,Welioya,3359.320513
6/29/2025,Welioya,3347.047148
6/30/2025,Welioya,3386.539613
7/1/2025,Welioya,3430.129671
7/2/2025,Welioya,3500.122598
7/3/2025,Welioya,3621.759305
7/4/2025,Welioya,3725.592206
7/5/2025,Welioya,3761.680509
7/6/2025,Welioya,3702.04234
7/7/2025,Welioya,3675.08128
7/8/2025,Welioya,3650.006539
7/9/2025,Welioya,3597.196315
7/10/2025,Welioya,3596.963404
7/11/2025,Welioya,3608.146766
7/12/2025,Welioya,3644.952199
7/13/2025,Welioya,3599.001912
7/14/2025,Welioya,3487.418961
7/15/2025,Welioya,3400.636712
7/16/2025,Welioya,3368.443932
7/17/2025,Welioya,3244.111576
7/18/2025,Welioya,3205.924501
7/19/2025,Welioya,3292.812651
7/20/2025,Welioya,3386.76997
7/21/2025,Welioya,3505.570727
7/22/2025,Welioya,3588.98493
7/23/2025,Welioya,3669.645946
7/24/2025,Welioya,3699.951236
7/25/2025,Welioya,3664.54264
7/26/2025,Welioya,3655.447116
7/27/2025,Welioya,3653.028394
7/28/2025,Welioya,3549.22693
7/29/2025,Welioya,3466.784089
7/30/2025,Welioya,3471.50451
7/31/2025,Welioya,3415.01086
8/1/2025,Welioya,3350.420565
8/2/2025,Welioya,3205.279701
8/3/2025,Welioya,3041.027148
8/4/2025,Welioya,2951.85195
8/5/2025,Welioya,2960.593666
8/6/2025,Welioya,2955.982972
8/7/2025,Welioya,3010.26516
8/8/2025,Welioya,3062.529331
8/9/2025,Welioya,3055.036513
8/10/2025,Welioya,3108.128322
8/11/2025,Welioya,3154.609054
8/12/2025,Welioya,3236.8597
8/13/2025,Welioya,3329.084249
8/14/2025,Welioya,3433.31288
8/15/2025,Welioya,3525.740496
8/16/2025,Welioya,3532.81998
8/17/2025,Welioya,3512.287233
8/18/2025,Welioya,3527.780414
8/19/2025,Welioya,3580.636237
8/20/2025,Welioya,3596.242949
8/21/2025,Welioya,3590.392265
8/22/2025,Welioya,3550.595805
8/23/2025,Welioya,3528.747612
8/24/2025,Welioya,3504.875933
8/25/2025,Welioya,3513.004919
8/26/2025,Welioya,3454.422789
8/27/2025,Welioya,3380.149573
8/28/2025,Welioya,3344.554617
8/29/2025,Welioya,3293.46005
8/30/2025,Welioya,3272.000226
8/31/2025,Welioya,3291.906078
9/1/2025,Welioya,3296.020291
9/2/2025,Welioya,3311.546151
9/3/2025,Welioya,3244.8764
9/4/2025,Welioya,3180.436786
9/5/2025,Welioya,3106.135401
9/6/2025,Welioya,3049.259308
9/7/2025,Welioya,3020.257971
9/8/2025,Welioya,2991.988532
9/9/2025,Welioya,2987.734084
9/10/2025,Welioya,2970.05162
9/11/2025,Welioya,2978.906751
9/12/2025,Welioya,2988.157344
9/13/2025,Welioya,2944.391094
9/14/2025,Welioya,2971.136528
9/15/2025,Welioya,2917.028089
9/16/2025,Welioya,2899.071808
9/17/2025,Welioya,2968.265504
9/18/2025,Welioya,3000.695355
9/19/2025,Welioya,3027.587867
9/20/2025,Welioya,3077.475631
9/21/2025,Welioya,3084.439364
9/22/2025,Welioya,3091.125799
9/23/2025,Welioya,3075.749594
9/24/2025,Welioya,3154.256065
9/25/2025,Welioya,3164.063438
9/26/2025,Welioya,3125.98853
9/27/2025,Welioya,3087.147321
9/28/2025,Welioya,3082.046115
9/29/2025,Welioya,3041.600152
9/30/2025,Welioya,3013.426522
10/1/2025,Welioya,2988.169943
10/2/2025,Welioya,2938.65428
10/3/2025,Welioya,2963.921538
10/4/2025,Welioya,2979.519525
10/5/2025,Welioya,2906.185538
10/6/2025,Welioya,2922.977356
10/7/2025,Welioya,2979.808232
10/8/2025,Welioya,3020.626403
10/9/2025,Welioya,3007.533741
10/10/2025,Welioya,3081.347677
10/11/2025,Welioya,3166.60739
10/12/2025,Welioya,3292.711223
10/13/2025,Welioya,3409.352017
10/14/2025,Welioya,3473.492869
10/15/2025,Welioya,3428.542533
10/16/2025,Welioya,3394.741276
10/17/2025,Welioya,3345.684896
10/18/2025,Welioya,3305.970316
10/19/2025,Welioya,3294.797875
10/20/2025,Welioya,3298.681207
10/21/2025,Welioya,3273.721404
10/22/2025,Welioya,3248.179311
10/23/2025,Welioya,3248.355325
10/24/2025,Welioya,3241.051096
10/25/2025,Welioya,3210.853265
10/26/2025,Welioya,3191.626861
10/27/2025,Welioya,3208.311087
10/28/2025,Welioya,3246.668285
10/29/2025,Welioya,3244.340334
10/30/2025,Welioya,3338.190164
10/31/2025,Welioya,3416.625299
11/1/2025,Welioya,3469.879176
11/2/2025,Welioya,3412.553898
11/3/2025,Welioya,3322.070355
11/4/2025,Welioya,3321.674152
11/5/2025,Welioya,3309.859077
11/6/2025,Welioya,3255.342431
11/7/2025,Welioya,3260.828209
11/8/2025,Welioya,3303.134474
11/9/2025,Welioya,3297.37388
11/10/2025,Welioya,3257.181642
11/11/2025,Welioya,3210.3266
11/12/2025,Welioya,3159.246625
11/13/2025,Welioya,3161.815958
11/14/2025,Welioya,3098.727026
11/15/2025,Welioya,3056.450019
11/16/2025,Welioya,3105.886456
11/17/2025,Welioya,3168.562487
11/18/2025,Welioya,3203.970406
11/19/2025,Welioya,3237.185425
11/20/2025,Welioya,3223.51453
11/21/2025,Welioya,3193.788757
11/22/2025,Welioya,3186.611429
11/23/2025,Welioya,3231.367123
11/24/2025,Welioya,3305.005197
11/25/2025,Welioya,3258.455373
11/26/2025,Welioya,3207.213053
11/27/2025,Welioya,3229.937726
11/28/2025,Welioya,3195.484044
11/29/2025,Welioya,3178.835595
11/30/2025,Welioya,3092.613281
12/1/2025,Welioya,2976.745578
12/2/2025,Welioya,2934.853216
12/3/2025,Welioya,2976.667083
12/4/2025,Welioya,2971.052553
12/5/2025,Welioya,2998.834972
12/6/2025,Welioya,3065.350828
12/7/2025,Welioya,3102.272217
12/8/2025,Welioya,3110.479932
12/9/2025,Welioya,3196.268912
12/10/2025,Welioya,3262.576233
12/11/2025,Welioya,3365.614957
12/12/2025,Welioya,3522.845867
12/13/2025,Welioya,3621.517457
12/14/2025,Welioya,3693.35307
12/15/2025,Welioya,3683.591224
12/16/2025,Welioya,3663.87783
12/17/2025,Welioya,3628.316248
12/18/2025,Welioya,3593.339002
12/19/2025,Welioya,3635.489911
12/20/2025,Welioya,3604.211635
12/21/2025,Welioya,3571.523711
12/22/2025,Welioya,3564.287984
12/23/2025,Welioya,3518.473113
12/24/2025,Welioya,3386.500419
12/25/2025,Welioya,3333.698712
12/26/2025,Welioya,3320.340666
12/27/2025,Welioya,3324.613482
12/28/2025,Welioya,3324.611229
12/29/2025,Welioya,3436.848328
12/30/2025,Welioya,3458.868496
12/31/2025,Welioya,3507.982213
1/1/2026,Welioya,3535.293401
1/2/2026,Welioya,3542.22027
1/3/2026,Welioya,3525.6803
1/4/2026,Welioya,3502.487511
1/5/2026,Welioya,3447.359673
1/6/2026,Welioya,3409.915102
1/7/2026,Welioya,3465.438884
1/8/2026,Welioya,3532.61077
1/9/2026,Welioya,3521.735886
1/10/2026,Welioya,3486.020529
1/11/2026,Welioya,3435.299083
1/12/2026,Welioya,3376.971132
1/13/2026,Welioya,3327.903752
1/14/2026,Welioya,3370.33111
1/15/2026,Welioya,3414.692976
1/16/2026,Welioya,3436.074484
1/17/2026,Welioya,3447.820799
1/18/2026,Welioya,3486.258745
1/19/2026,Welioya,3453.525649
1/20/2026,Welioya,3511.563173
1/21/2026,Welioya,3517.3956
1/22/2026,Welioya,3587.792726
1/23/2026,Welioya,3621.498325
1/24/2026,Welioya,3589.276243
1/25/2026,Welioya,3546.8841
1/26/2026,Welioya,3532.688004
1/27/2026,Welioya,3521.370719
1/28/2026,Welioya,3506.79881
1/29/2026,Welioya,3486.452296
1/30/2026,Welioya,3447.943059
1/31/2026,Welioya,3435.401785
2/1/2026,Welioya,3458.766365
2/2/2026,Welioya,3428.201506
2/3/2026,Welioya,3380.771674
2/4/2026,Welioya,3363.099222
2/5/2026,Welioya,3399.056021
2/6/2026,Welioya,3438.62534
2/7/2026,Welioya,3548.327966
2/8/2026,Welioya,3690.621073
2/9/2026,Welioya,3871.806629
2/10/2026,Welioya,4064.737036
2/11/2026,Welioya,4150.626334
2/12/2026,Welioya,4122.453989
2/13/2026,Welioya,4084.068084
2/14/2026,Welioya,4104.927175
2/15/2026,Welioya,4092.188127
2/16/2026,Welioya,4097.889929
2/17/2026,Welioya,4060.162307
2/18/2026,Welioya,4072.073619
2/19/2026,Welioya,4033.427061
2/20/2026,Welioya,3983.423908
2/21/2026,Welioya,3926.38876
2/22/2026,Welioya,3775.587043
2/23/2026,Welioya,3672.082222
2/24/2026,Welioya,3693.362027
2/25/2026,Welioya,3721.561291
2/26/2026,Welioya,3733.117028
2/27/2026,Welioya,3836.376456
2/28/2026,Welioya,3901.150998
3/1/2026,Welioya,3949.083973
3/2/2026,Welioya,4001.679069
3/3/2026,Welioya,3927.535241
3/4/2026,Welioya,3939.133869
3/5/2026,Welioya,3980.179097
3/6/2026,Welioya,3996.468849
3/7/2026,Welioya,3973.41293
3/8/2026,Welioya,3974.345871
3/9/2026,Welioya,4018.559919
3/10/2026,Welioya,4086.445253
3/11/2026,Welioya,4050.88084
3/12/2026,Welioya,4019.282458
3/13/2026,Welioya,3975.295621
3/14/2026,Welioya,3971.041896
3/15/2026,Welioya,3929.651103
3/16/2026,Welioya,3969.403064
3/17/2026,Welioya,3968.666374
3/18/2026,Welioya,3955.260143
3/19/2026,Welioya,3944.485476
3/20/2026,Welioya,3913.292281
3/21/2026,Welioya,3886.289477
3/22/2026,Welioya,3870.558902
3/23/2026,Welioya,3944.17706
3/24/2026,Welioya,4010.692861
3/25/2026,Welioya,3945.916322
3/26/2026,Welioya,3878.02435
3/27/2026,Welioya,3810.011783
3/28/2026,Welioya,3774.611177
3/29/2026,Welioya,3759.109073
3/30/2026,Welioya,3693.758305
3/31/2026,Welioya,3584.976342
4/1/2026,Welioya,3599.038649
4/2/2026,Welioya,3637.979173
4/3/2026,Welioya,3659.445808
4/4/2026,Welioya,3597.35829
4/5/2026,Welioya,3652.139066
4/6/2026,Welioya,3694.031466
4/7/2026,Welioya,3714.262125
4/8/2026,Welioya,3776.248269
4/9/2026,Welioya,3929.97679
4/10/2026,Welioya,4145.212396
4/11/2026,Welioya,4422.578681
4/12/2026,Welioya,4605.666325
4/13/2026,Welioya,4631.635078
4/14/2026,Welioya,4597.400231
4/15/2026,Welioya,4600.639501
4/16/2026,Welioya,4550.351289
4/17/2026,Welioya,4535.349671
4/18/2026,Welioya,4522.123093
4/19/2026,Welioya,4502.649792
4/20/2026,Welioya,4411.459837
4/21/2026,Welioya,4384.050261
4/22/2026,Welioya,4274.412208
4/23/2026,Welioya,4172.294362
4/24/2026,Welioya,4078.174807
4/25/2026,Welioya,4052.392418
4/26/2026,Welioya,4035.053779
4/27/2026,Welioya,3985.516612
4/28/2026,Welioya,4080.078544
4/29/2026,Welioya,4192.715172
4/30/2026,Welioya,4288.667771
5/1/2026,Welioya,4275.222501
5/2/2026,Welioya,4177.277546
5/3/2026,Welioya,4171.989843
5/4/2026,Welioya,4143.336196
5/5/2026,Welioya,4179.562901
5/6/2026,Welioya,4159.908193
5/7/2026,Welioya,4180.873227
5/8/2026,Welioya,4187.616581
5/9/2026,Welioya,4153.218767
5/10/2026,Welioya,4058.435387
5/11/2026,Welioya,3957.4107
5/12/2026,Welioya,3903.608009
5/13/2026,Welioya,3862.507593
5/14/2026,Welioya,3827.572831
5/15/2026,Welioya,3846.343038
5/16/2026,Welioya,3886.985741
5/17/2026,Welioya,3909.113665
5/18/2026,Welioya,4002.574541
5/19/2026,Welioya,3970.488508
5/20/2026,Welioya,3969.242578
5/21/2026,Welioya,3951.85864
5/22/2026,Welioya,3962.323682
5/23/2026,Welioya,3977.443999
5/24/2026,Welioya,3871.696714
5/25/2026,Welioya,3880.796089
5/26/2026,Welioya,3798.365571
5/27/2026,Welioya,3689.748356
5/28/2026,Welioya,3615.890104
5/29/2026,Welioya,3534.070662
5/30/2026,Welioya,3368.961806
5/31/2026,Welioya,3303.837668
6/1/2026,Welioya,3334.698335
6/2/2026,Welioya,3291.113508
6/3/2026,Welioya,3326.864359
6/4/2026,Welioya,3373.868504
6/5/2026,Welioya,3402.717538
6/6/2026,Welioya,3454.792726
6/7/2026,Welioya,3563.43518
6/8/2026,Welioya,3683.655948
6/9/2026,Welioya,3810.024619
6/10/2026,Welioya,3948.9621
6/11/2026,Welioya,3971.641095
6/12/2026,Welioya,3965.408619
6/13/2026,Welioya,3962.817727
6/14/2026,Welioya,3952.620783
6/15/2026,Welioya,3911.653783
6/16/2026,Welioya,3869.537825
6/17/2026,Welioya,3863.322952
6/18/2026,Welioya,3827.454867
6/19/2026,Welioya,3694.267009
6/20/2026,Welioya,3640.063378
6/21/2026,Welioya,3553.949757
6/22/2026,Welioya,3495.521491
6/23/2026,Welioya,3473.290676
6/24/2026,Welioya,3475.802152
6/25/2026,Welioya,3498.74416
6/26/2026,Welioya,3520.68172
6/27/2026,Welioya,3608.846388
6/28/2026,Welioya,3666.301214
6/29/2026,Welioya,3658.649948
6/30/2026,Welioya,3658.657545
7/1/2026,Welioya,3623.956764
7/2/2026,Welioya,3613.803581
7/3/2026,Welioya,3619.827809
7/4/2026,Welioya,3570.199203
7/5/2026,Welioya,3546.830434
7/6/2026,Welioya,3574.963291
7/7/2026,Welioya,3590.934937
7/8/2026,Welioya,3549.323628
7/9/2026,Welioya,3464.130086
7/10/2026,Welioya,3405.330121
7/11/2026,Welioya,3430.891782
7/12/2026,Welioya,3471.785554
7/13/2026,Welioya,3501.83085
7/14/2026,Welioya,3556.690456
7/15/2026,Welioya,3632.863514
7/16/2026,Welioya,3646.803908
7/17/2026,Welioya,3688.287207
7/18/2026,Welioya,3716.355154
7/19/2026,Welioya,3695.722819
7/20/2026,Welioya,3697.321955
7/21/2026,Welioya,3719.238972
7/22/2026,Welioya,3654.318959
7/23/2026,Welioya,3588.190147
7/24/2026,Welioya,3521.25969
7/25/2026,Welioya,3463.356575
7/26/2026,Welioya,3425.865296
7/27/2026,Welioya,3330.176718
7/28/2026,Welioya,3214.772003
7/29/2026,Welioya,3112.449707
7/30/2026,Welioya,3052.844217
7/31/2026,Welioya,3078.319529
8/1/2026,Welioya,3021.630766
8/2/2026,Welioya,3002.076988
8/3/2026,Welioya,3005.583926
8/4/2026,Welioya,3062.62853
8/5/2026,Welioya,3117.581331
8/6/2026,Welioya,3188.03919
8/7/2026,Welioya,3338.959397
8/8/2026,Welioya,3449.990939
8/9/2026,Welioya,3556.599047
8/10/2026,Welioya,3600.961979
8/11/2026,Welioya,3609.433535
8/12/2026,Welioya,3622.017629
8/13/2026,Welioya,3550.173466
8/14/2026,Welioya,3453.449898
8/15/2026,Welioya,3398.390078
8/16/2026,Welioya,3372.47895
8/17/2026,Welioya,3336.145035
8/18/2026,Welioya,3305.570685
8/19/2026,Welioya,3250.019184
8/20/2026,Welioya,3217.729585
8/21/2026,Welioya,3148.794893
8/22/2026,Welioya,3092.8845
8/23/2026,Welioya,3089.22963
8/24/2026,Welioya,3156.341965
8/25/2026,Welioya,3183.160791
8/26/2026,Welioya,3234.134444
8/27/2026,Welioya,3329.174922
8/28/2026,Welioya,3370.085688
8/29/2026,Welioya,3346.660966
8/30/2026,Welioya,3327.556456
8/31/2026,Welioya,3359.23527
9/1/2026,Welioya,3347.735382
9/2/2026,Welioya,3261.829574
9/3/2026,Welioya,3236.153109
9/4/2026,Welioya,3247.622467
9/5/2026,Welioya,3250.643989
9/6/2026,Welioya,3245.257732
9/7/2026,Welioya,3182.7341
9/8/2026,Welioya,3096.579183
9/9/2026,Welioya,3077.706896
9/10/2026,Welioya,3066.4514
9/11/2026,Welioya,3073.83543
9/12/2026,Welioya,3173.258812
9/13/2026,Welioya,3240.159424
9/14/2026,Welioya,3252.298456
9/15/2026,Welioya,3304.299279
9/16/2026,Welioya,3296.368151
9/17/2026,Welioya,3275.847941
9/18/2026,Welioya,3231.427075
9/19/2026,Welioya,3267.189687
9/20/2026,Welioya,3284.504341
9/21/2026,Welioya,3222.893702
9/22/2026,Welioya,3136.210301
9/23/2026,Welioya,3073.032869
9/24/2026,Welioya,3005.524932
9/25/2026,Welioya,2989.187324
9/26/2026,Welioya,2938.151767
9/27/2026,Welioya,2820.385922
9/28/2026,Welioya,2780.026686
9/29/2026,Welioya,2828.364509
9/30/2026,Welioya,2889.428845
10/1/2026,Welioya,2972.494166
10/2/2026,Welioya,3024.1321
10/3/2026,Welioya,3031.425327
10/4/2026,Welioya,3045.989809
10/5/2026,Welioya,3114.1918
10/6/2026,Welioya,3126.528885
10/7/2026,Welioya,3189.15256
10/8/2026,Welioya,3301.529234
10/9/2026,Welioya,3369.552939
10/10/2026,Welioya,3342.437914
10/11/2026,Welioya,3312.604533
10/12/2026,Welioya,3266.528955
10/13/2026,Welioya,3214.783225
10/14/2026,Welioya,3222.092617
10/15/2026,Welioya,3243.919937
10/16/2026,Welioya,3244.894019
10/17/2026,Welioya,3199.852586
10/18/2026,Welioya,3156.864114
10/19/2026,Welioya,3141.280158
10/20/2026,Welioya,3088.757087
10/21/2026,Welioya,3027.258811
10/22/2026,Welioya,2985.829456
10/23/2026,Welioya,3002.515111
10/24/2026,Welioya,3011.793353
10/25/2026,Welioya,3075.380096
10/26/2026,Welioya,3087.503148
10/27/2026,Welioya,3126.019925
10/28/2026,Welioya,3112.814684
10/29/2026,Welioya,3041.144444
10/30/2026,Welioya,3019.941823
10/31/2026,Welioya,3004.21339
11/1/2026,Welioya,2978.861122
11/2/2026,Welioya,3014.472878
11/3/2026,Welioya,3041.88396
11/4/2026,Welioya,3087.443425
11/5/2026,Welioya,3108.249742
11/6/2026,Welioya,3051.751215
11/7/2026,Welioya,3010.006485
11/8/2026,Welioya,3038.372781
11/9/2026,Welioya,3041.312986
11/10/2026,Welioya,3061.762855
11/11/2026,Welioya,3161.712137
11/12/2026,Welioya,3254.750073
11/13/2026,Welioya,3298.888611
11/14/2026,Welioya,3322.366924
11/15/2026,Welioya,3304.717876
11/16/2026,Welioya,3267.979086
11/17/2026,Welioya,3231.963597
11/18/2026,Welioya,3296.56185
11/19/2026,Welioya,3364.374179
11/20/2026,Welioya,3360.474881
11/21/2026,Welioya,3331.049397
11/22/2026,Welioya,3344.159354
11/23/2026,Welioya,3300.129458
11/24/2026,Welioya,3286.036697
11/25/2026,Welioya,3184.492945
11/26/2026,Welioya,3075.161935
11/27/2026,Welioya,3076.321331
11/28/2026,Welioya,3134.822395
11/29/2026,Welioya,3120.717587
11/30/2026,Welioya,3133.842347
12/1/2026,Welioya,3150.865144
12/2/2026,Welioya,3146.602001
12/3/2026,Welioya,3126.840987
12/4/2026,Welioya,3155.350993
12/5/2026,Welioya,3219.033009
12/6/2026,Welioya,3358.118225
12/7/2026,Welioya,3481.393965
12/8/2026,Welioya,3546.19575
12/9/2026,Welioya,3531.806318
12/10/2026,Welioya,3489.608177
12/11/2026,Welioya,3438.854936
12/12/2026,Welioya,3440.707516
12/13/2026,Welioya,3467.912383
12/14/2026,Welioya,3491.751096
12/15/2026,Welioya,3473.174108
12/16/2026,Welioya,3432.440897
12/17/2026,Welioya,3457.070142
12/18/2026,Welioya,3475.51226
12/19/2026,Welioya,3394.255638
12/20/2026,Welioya,3278.101062
12/21/2026,Welioya,3212.769514
12/22/2026,Welioya,3246.312293
12/23/2026,Welioya,3299.788338
12/24/2026,Welioya,3441.59233
12/25/2026,Welioya,3574.639668
12/26/2026,Welioya,3724.94755
12/27/2026,Welioya,3726.405223
12/28/2026,Welioya,3691.355783
12/29/2026,Welioya,3695.006539
12/30/2026,Welioya,3677.118285
12/31/2026,Welioya,3679.977875
1/1/2027,Welioya,3686.511326
1/2/2027,Welioya,3745.115808
1/3/2027,Welioya,3762.975656
1/4/2027,Welioya,3701.072935
1/5/2027,Welioya,3605.83207
1/6/2027,Welioya,3586.998391
1/7/2027,Welioya,3530.639723
1/8/2027,Welioya,3425.302046
1/9/2027,Welioya,3354.832498
1/10/2027,Welioya,3400.686605
1/11/2027,Welioya,3454.781595
1/12/2027,Welioya,3526.100389
1/13/2027,Welioya,3575.024371
1/14/2027,Welioya,3606.215571
1/15/2027,Welioya,3595.866768
1/16/2027,Welioya,3596.69136
1/17/2027,Welioya,3640.104541
1/18/2027,Welioya,3653.069238
1/19/2027,Welioya,3588.542534
1/20/2027,Welioya,3563.669058
1/21/2027,Welioya,3516.762313
1/22/2027,Welioya,3508.753745
1/23/2027,Welioya,3483.857504
1/24/2027,Welioya,3434.150971
1/25/2027,Welioya,3407.981513
1/26/2027,Welioya,3456.278792
1/27/2027,Welioya,3528.561677
1/28/2027,Welioya,3586.571854
1/29/2027,Welioya,3620.637197
1/30/2027,Welioya,3570.380978
1/31/2027,Welioya,3596.701605
2/1/2027,Welioya,3643.646655
2/2/2027,Welioya,3737.874854
2/3/2027,Welioya,3872.44818
2/4/2027,Welioya,3911.697848
2/5/2027,Welioya,4096.44588
2/6/2027,Welioya,4196.862273
2/7/2027,Welioya,4223.418064
2/8/2027,Welioya,4174.047317
2/9/2027,Welioya,4173.746679
2/10/2027,Welioya,4162.905657
2/11/2027,Welioya,4175.830873
2/12/2027,Welioya,4187.824238
2/13/2027,Welioya,4202.463761
2/14/2027,Welioya,4184.851361
2/15/2027,Welioya,4137.210776
2/16/2027,Welioya,4135.146225
2/17/2027,Welioya,4127.491729
2/18/2027,Welioya,4069.060564
2/19/2027,Welioya,4035.763448
2/20/2027,Welioya,4120.990322
2/21/2027,Welioya,4142.858795
2/22/2027,Welioya,4283.095138
2/23/2027,Welioya,4286.789672
2/24/2027,Welioya,4237.408102
2/25/2027,Welioya,4267.615821
2/26/2027,Welioya,4205.537129
2/27/2027,Welioya,4123.284154
2/28/2027,Welioya,4059.527219
3/1/2027,Welioya,4010.583859
3/2/2027,Welioya,3978.694647
3/3/2027,Welioya,3966.734347
3/4/2027,Welioya,3923.202991
3/5/2027,Welioya,3855.166367
3/6/2027,Welioya,3724.452796
3/7/2027,Welioya,3653.67664
3/8/2027,Welioya,3713.58631
3/9/2027,Welioya,3744.894561
3/10/2027,Welioya,3756.495991
3/11/2027,Welioya,3867.91422
3/12/2027,Welioya,4020.217991
3/13/2027,Welioya,4095.731252
3/14/2027,Welioya,4188.545578
3/15/2027,Welioya,4134.215587
3/16/2027,Welioya,4077.655923
3/17/2027,Welioya,4067.113729
3/18/2027,Welioya,4093.585291
3/19/2027,Welioya,4077.415437
3/20/2027,Welioya,4047.741068
3/21/2027,Welioya,3946.944851
3/22/2027,Welioya,3866.04644
3/23/2027,Welioya,3782.52405
3/24/2027,Welioya,3694.314382
3/25/2027,Welioya,3608.193174
3/26/2027,Welioya,3497.955102
3/27/2027,Welioya,3504.39912
3/28/2027,Welioya,3552.232104
3/29/2027,Welioya,3584.437874
3/30/2027,Welioya,3649.255548
3/31/2027,Welioya,3806.818407
4/1/2027,Welioya,3911.435799
4/2/2027,Welioya,3921.987817
4/3/2027,Welioya,3961.338611
4/4/2027,Welioya,4058.254222
4/5/2027,Welioya,4173.250361
4/6/2027,Welioya,4306.469296
4/7/2027,Welioya,4343.528922
4/8/2027,Welioya,4286.697413
4/9/2027,Welioya,4204.224736
4/10/2027,Welioya,4105.303294
4/11/2027,Welioya,4042.862003
4/12/2027,Welioya,3994.382528
4/13/2027,Welioya,3952.088636
4/14/2027,Welioya,3890.804096
4/15/2027,Welioya,3778.073936
4/16/2027,Welioya,3704.013709
4/17/2027,Welioya,3614.103378
4/18/2027,Welioya,3613.540769
4/19/2027,Welioya,3557.954974
4/20/2027,Welioya,3549.795725
4/21/2027,Welioya,3581.915151
4/22/2027,Welioya,3629.752811
4/23/2027,Welioya,3763.900687
4/24/2027,Welioya,3908.330226
4/25/2027,Welioya,3981.488341
4/26/2027,Welioya,4001.375923
4/27/2027,Welioya,3966.326986
4/28/2027,Welioya,4003.932431
4/29/2027,Welioya,4043.765372
4/30/2027,Welioya,4037.557494
5/1/2027,Welioya,4055.363227
5/2/2027,Welioya,4058.425932
5/3/2027,Welioya,4109.980001
5/4/2027,Welioya,4079.697275
5/5/2027,Welioya,3965.6863
5/6/2027,Welioya,3901.648459
5/7/2027,Welioya,3859.390244
5/8/2027,Welioya,3860.003023
5/9/2027,Welioya,3742.986438
5/10/2027,Welioya,3779.002282
5/11/2027,Welioya,3864.067678
5/12/2027,Welioya,3856.87783
5/13/2027,Welioya,3878.221629
5/14/2027,Welioya,3800.081554
5/15/2027,Welioya,3785.505264
5/16/2027,Welioya,3740.850246
5/17/2027,Welioya,3748.050744
5/18/2027,Welioya,3779.178365
5/19/2027,Welioya,3720.53855
5/20/2027,Welioya,3634.431292
5/21/2027,Welioya,3615.122069
5/22/2027,Welioya,3570.404404
5/23/2027,Welioya,3554.717779
5/24/2027,Welioya,3442.911672
5/25/2027,Welioya,3333.218898
5/26/2027,Welioya,3348.723529
5/27/2027,Welioya,3445.645397
5/28/2027,Welioya,3493.737375
5/29/2027,Welioya,3574.457147
5/30/2027,Welioya,3680.410371
5/31/2027,Welioya,3721.866741
6/1/2027,Welioya,3760.316096
6/2/2027,Welioya,3849.797796
6/3/2027,Welioya,3875.313432
6/4/2027,Welioya,3964.28189
6/5/2027,Welioya,4088.203494
6/6/2027,Welioya,4123.371397
6/7/2027,Welioya,4075.427671
6/8/2027,Welioya,4015.400699
6/9/2027,Welioya,3926.023042
6/10/2027,Welioya,3825.544807
6/11/2027,Welioya,3747.559026
6/12/2027,Welioya,3726.181954
6/13/2027,Welioya,3674.333839
6/14/2027,Welioya,3620.719115
6/15/2027,Welioya,3647.219389
6/16/2027,Welioya,3652.246141
6/17/2027,Welioya,3573.179579
6/18/2027,Welioya,3534.202049
6/19/2027,Welioya,3474.266893
6/20/2027,Welioya,3478.73308
6/21/2027,Welioya,3512.513326
6/22/2027,Welioya,3584.401358
6/23/2027,Welioya,3583.943185
6/24/2027,Welioya,3609.168642
6/25/2027,Welioya,3623.266757
6/26/2027,Welioya,3560.61328
6/27/2027,Welioya,3544.636117
6/28/2027,Welioya,3531.455722
6/29/2027,Welioya,3472.078604
6/30/2027,Welioya,3483.237733
7/1/2027,Welioya,3509.569211
7/2/2027,Welioya,3560.203912
7/3/2027,Welioya,3536.728413
7/4/2027,Welioya,3455.711052
7/5/2027,Welioya,3462.762719
7/6/2027,Welioya,3420.324634
7/7/2027,Welioya,3407.461072
7/8/2027,Welioya,3380.262282
7/9/2027,Welioya,3407.077536
7/10/2027,Welioya,3452.181242
7/11/2027,Welioya,3512.470153
7/12/2027,Welioya,3569.192445
7/13/2027,Welioya,3521.736288
7/14/2027,Welioya,3506.872439
7/15/2027,Welioya,3437.821465
7/16/2027,Welioya,3451.531372
7/17/2027,Welioya,3456.12757
7/18/2027,Welioya,3364.824277
7/19/2027,Welioya,3328.527762
7/20/2027,Welioya,3287.021237
7/21/2027,Welioya,3231.587146
7/22/2027,Welioya,3207.687492
7/23/2027,Welioya,3115.622705
7/24/2027,Welioya,3063.050721
7/25/2027,Welioya,3101.044951
7/26/2027,Welioya,3156.795088
7/27/2027,Welioya,3182.532932
7/28/2027,Welioya,3186.425811
7/29/2027,Welioya,3238.468116
7/30/2027,Welioya,3292.741159
7/31/2027,Welioya,3383.627149
8/1/2027,Welioya,3467.375868
8/2/2027,Welioya,3534.95013
8/3/2027,Welioya,3597.59447
8/4/2027,Welioya,3666.469182
8/5/2027,Welioya,3702.310851
8/6/2027,Welioya,3633.812848
8/7/2027,Welioya,3571.006603
8/8/2027,Welioya,3531.558314
8/9/2027,Welioya,3457.987337
8/10/2027,Welioya,3447.268007
8/11/2027,Welioya,3403.668805
8/12/2027,Welioya,3344.174523
8/13/2027,Welioya,3311.959001
8/14/2027,Welioya,3260.33709
8/15/2027,Welioya,3226.687209
8/16/2027,Welioya,3132.949212
8/17/2027,Welioya,3064.336317
8/18/2027,Welioya,3010.666266
8/19/2027,Welioya,3029.620548
8/20/2027,Welioya,3033.024465
8/21/2027,Welioya,3046.544972
8/22/2027,Welioya,3044.961602
8/23/2027,Welioya,3039.616966
8/24/2027,Welioya,3023.508357
8/25/2027,Welioya,2943.145335
8/26/2027,Welioya,2937.472446
8/27/2027,Welioya,2993.133661
8/28/2027,Welioya,3003.40372
8/29/2027,Welioya,3079.863805
8/30/2027,Welioya,3138.848557
8/31/2027,Welioya,3173.623206
9/1/2027,Welioya,3172.384449
9/2/2027,Welioya,3177.688935
9/3/2027,Welioya,3159.170056
9/4/2027,Welioya,3153.514358
9/5/2027,Welioya,3167.367657
9/6/2027,Welioya,3190.199689
9/7/2027,Welioya,3222.028671
9/8/2027,Welioya,3258.432752
9/9/2027,Welioya,3254.0595
9/10/2027,Welioya,3248.255873
9/11/2027,Welioya,3204.753771
9/12/2027,Welioya,3198.427587
9/13/2027,Welioya,3164.889284
9/14/2027,Welioya,3189.616953
9/15/2027,Welioya,3203.220149
9/16/2027,Welioya,3174.387273
9/17/2027,Welioya,3131.18442
9/18/2027,Welioya,3075.202043
9/19/2027,Welioya,3014.201253
9/20/2027,Welioya,2988.050246
9/21/2027,Welioya,2921.799337
9/22/2027,Welioya,2844.030938
9/23/2027,Welioya,2835.7764
9/24/2027,Welioya,2883.451067
9/25/2027,Welioya,2925.398526
9/26/2027,Welioya,2965.102542
9/27/2027,Welioya,2985.753277
9/28/2027,Welioya,3017.915463
9/29/2027,Welioya,3075.925352
9/30/2027,Welioya,3112.701603
10/1/2027,Welioya,3137.37686
10/2/2027,Welioya,3229.759158
10/3/2027,Welioya,3369.046551
10/4/2027,Welioya,3396.894059
10/5/2027,Welioya,3379.012309
10/6/2027,Welioya,3314.088288
10/7/2027,Welioya,3239.850033
10/8/2027,Welioya,3166.640275
10/9/2027,Welioya,3208.728267
10/10/2027,Welioya,3202.994277
10/11/2027,Welioya,3179.283765
10/12/2027,Welioya,3153.653197
10/13/2027,Welioya,3158.124079
10/14/2027,Welioya,3135.403959
10/15/2027,Welioya,3056.135686
10/16/2027,Welioya,3041.486872
10/17/2027,Welioya,3027.196073
10/18/2027,Welioya,3044.752297
10/19/2027,Welioya,3070.370084
10/20/2027,Welioya,3121.1226
10/21/2027,Welioya,3169.075443
10/22/2027,Welioya,3217.664384
10/23/2027,Welioya,3242.716807
10/24/2027,Welioya,3148.60697
10/25/2027,Welioya,3130.812926
10/26/2027,Welioya,3136.272362
10/27/2027,Welioya,3124.718667
10/28/2027,Welioya,3173.706221
10/29/2027,Welioya,3268.764625
10/30/2027,Welioya,3310.10518
10/31/2027,Welioya,3344.461187
11/1/2027,Welioya,3253.505578
11/2/2027,Welioya,3137.996512
11/3/2027,Welioya,3061.186172
11/4/2027,Welioya,3004.197794
11/5/2027,Welioya,3035.313346
11/6/2027,Welioya,3092.882609
11/7/2027,Welioya,3195.806365
11/8/2027,Welioya,3280.090246
11/9/2027,Welioya,3347.296499
11/10/2027,Welioya,3380.274613
11/11/2027,Welioya,3364.098269
11/12/2027,Welioya,3386.905442
11/13/2027,Welioya,3416.871559
11/14/2027,Welioya,3430.464699
11/15/2027,Welioya,3408.399519
11/16/2027,Welioya,3349.275014
11/17/2027,Welioya,3326.425129
11/18/2027,Welioya,3278.195804
11/19/2027,Welioya,3202.151895
11/20/2027,Welioya,3063.259916
11/21/2027,Welioya,2871.286156
11/22/2027,Welioya,2827.900328
11/23/2027,Welioya,2877.53767
11/24/2027,Welioya,2932.453924
11/25/2027,Welioya,2987.185751
11/26/2027,Welioya,3044.020064
11/27/2027,Welioya,3082.561184
11/28/2027,Welioya,3119.158968
11/29/2027,Welioya,3241.875104
11/30/2027,Welioya,3357.364409
12/1/2027,Welioya,3449.86308
12/2/2027,Welioya,3623.441672
12/3/2027,Welioya,3666.466813
12/4/2027,Welioya,3646.027832
12/5/2027,Welioya,3593.235396
12/6/2027,Welioya,3516.472711
12/7/2027,Welioya,3445.385778
12/8/2027,Welioya,3415.009472
12/9/2027,Welioya,3404.748312
12/10/2027,Welioya,3405.850004
12/11/2027,Welioya,3341.806731
12/12/2027,Welioya,3352.457912
12/13/2027,Welioya,3332.861403
12/14/2027,Welioya,3285.707899
12/15/2027,Welioya,3217.668102
12/16/2027,Welioya,3185.698156
12/17/2027,Welioya,3221.835338
12/18/2027,Welioya,3227.014414
12/19/2027,Welioya,3356.492056
12/20/2027,Welioya,3387.959911
12/21/2027,Welioya,3448.852824
12/22/2027,Welioya,3462.791914
12/23/2027,Welioya,3469.91276
12/24/2027,Welioya,3470.215362
12/25/2027,Welioya,3463.699719
12/26/2027,Welioya,3450.365832
12/27/2027,Welioya,3430.213701
12/28/2027,Welioya,3403.243325
12/29/2027,Welioya,3369.454706
12/30/2027,Welioya,3328.847842
12/31/2027,Welioya,3281.422733
1/1/2025,Veheragoda_Siyabalanduwa,4587.844428
1/2/2025,Veheragoda_Siyabalanduwa,5680.801136
1/3/2025,Veheragoda_Siyabalanduwa,5739.348115
1/4/2025,Veheragoda_Siyabalanduwa,5659.176413
1/5/2025,Veheragoda_Siyabalanduwa,5750.340924
1/6/2025,Veheragoda_Siyabalanduwa,5708.722334
1/7/2025,Veheragoda_Siyabalanduwa,5722.69445
1/8/2025,Veheragoda_Siyabalanduwa,5704.550706
1/9/2025,Veheragoda_Siyabalanduwa,5640.470849
1/10/2025,Veheragoda_Siyabalanduwa,5660.600372
1/11/2025,Veheragoda_Siyabalanduwa,5667.241959
1/12/2025,Veheragoda_Siyabalanduwa,5771.301872
1/13/2025,Veheragoda_Siyabalanduwa,5666.965528
1/14/2025,Veheragoda_Siyabalanduwa,5720.96164
1/15/2025,Veheragoda_Siyabalanduwa,5720.288054
1/16/2025,Veheragoda_Siyabalanduwa,5665.497204
1/17/2025,Veheragoda_Siyabalanduwa,5628.008436
1/18/2025,Veheragoda_Siyabalanduwa,5638.853218
1/19/2025,Veheragoda_Siyabalanduwa,5564.452432
1/20/2025,Veheragoda_Siyabalanduwa,5042.869683
1/21/2025,Veheragoda_Siyabalanduwa,5149.219533
1/22/2025,Veheragoda_Siyabalanduwa,4864.124022
1/23/2025,Veheragoda_Siyabalanduwa,4909.974389
1/24/2025,Veheragoda_Siyabalanduwa,4533.345366
1/25/2025,Veheragoda_Siyabalanduwa,4587.16103
1/26/2025,Veheragoda_Siyabalanduwa,4831.959102
1/27/2025,Veheragoda_Siyabalanduwa,4963.000434
1/28/2025,Veheragoda_Siyabalanduwa,4997.880175
1/29/2025,Veheragoda_Siyabalanduwa,3751.590225
1/30/2025,Veheragoda_Siyabalanduwa,4205.900088
1/31/2025,Veheragoda_Siyabalanduwa,4171.880353
2/1/2025,Veheragoda_Siyabalanduwa,4444.849178
2/2/2025,Veheragoda_Siyabalanduwa,4593.483953
2/3/2025,Veheragoda_Siyabalanduwa,4603.024222
2/4/2025,Veheragoda_Siyabalanduwa,4712.903682
2/5/2025,Veheragoda_Siyabalanduwa,4648.378465
2/6/2025,Veheragoda_Siyabalanduwa,4596.376237
2/7/2025,Veheragoda_Siyabalanduwa,4407.948678
2/8/2025,Veheragoda_Siyabalanduwa,4695.188234
2/9/2025,Veheragoda_Siyabalanduwa,4599.73265
2/10/2025,Veheragoda_Siyabalanduwa,4353.303723
2/11/2025,Veheragoda_Siyabalanduwa,4156.359286
2/12/2025,Veheragoda_Siyabalanduwa,4258.223538
2/13/2025,Veheragoda_Siyabalanduwa,4571.849419
2/14/2025,Veheragoda_Siyabalanduwa,4506.123776
2/15/2025,Veheragoda_Siyabalanduwa,4385.931493
2/16/2025,Veheragoda_Siyabalanduwa,4711.128212
2/17/2025,Veheragoda_Siyabalanduwa,4785.087904
2/18/2025,Veheragoda_Siyabalanduwa,4847.21355
2/19/2025,Veheragoda_Siyabalanduwa,4834.159456
2/20/2025,Veheragoda_Siyabalanduwa,4662.653034
2/21/2025,Veheragoda_Siyabalanduwa,4941.334759
2/22/2025,Veheragoda_Siyabalanduwa,4813.29961
2/23/2025,Veheragoda_Siyabalanduwa,4956.280781
2/24/2025,Veheragoda_Siyabalanduwa,5029.081
2/25/2025,Veheragoda_Siyabalanduwa,5117.119456
2/26/2025,Veheragoda_Siyabalanduwa,4982.046844
2/27/2025,Veheragoda_Siyabalanduwa,4869.535748
2/28/2025,Veheragoda_Siyabalanduwa,4941.584314
3/1/2025,Veheragoda_Siyabalanduwa,5051.842586
3/2/2025,Veheragoda_Siyabalanduwa,4798.870614
3/3/2025,Veheragoda_Siyabalanduwa,5032.805561
3/4/2025,Veheragoda_Siyabalanduwa,5073.111959
3/5/2025,Veheragoda_Siyabalanduwa,4811.810809
3/6/2025,Veheragoda_Siyabalanduwa,4922.989237
3/7/2025,Veheragoda_Siyabalanduwa,5021.159216
3/8/2025,Veheragoda_Siyabalanduwa,5247.250444
3/9/2025,Veheragoda_Siyabalanduwa,5291.944324
3/10/2025,Veheragoda_Siyabalanduwa,5265.991842
3/11/2025,Veheragoda_Siyabalanduwa,5318.455214
3/12/2025,Veheragoda_Siyabalanduwa,5019.553956
3/13/2025,Veheragoda_Siyabalanduwa,5054.615424
3/14/2025,Veheragoda_Siyabalanduwa,5055.771911
3/15/2025,Veheragoda_Siyabalanduwa,4591.029352
3/16/2025,Veheragoda_Siyabalanduwa,4398.261663
3/17/2025,Veheragoda_Siyabalanduwa,3922.091172
3/18/2025,Veheragoda_Siyabalanduwa,3777.378897
3/19/2025,Veheragoda_Siyabalanduwa,3492.785695
3/20/2025,Veheragoda_Siyabalanduwa,3988.008781
3/21/2025,Veheragoda_Siyabalanduwa,4399.485124
3/22/2025,Veheragoda_Siyabalanduwa,4814.60199
3/23/2025,Veheragoda_Siyabalanduwa,5034.700903
3/24/2025,Veheragoda_Siyabalanduwa,4782.867927
3/25/2025,Veheragoda_Siyabalanduwa,4759.383697
3/26/2025,Veheragoda_Siyabalanduwa,4952.877443
3/27/2025,Veheragoda_Siyabalanduwa,4806.3031
3/28/2025,Veheragoda_Siyabalanduwa,4400.658248
3/29/2025,Veheragoda_Siyabalanduwa,4555.771225
3/30/2025,Veheragoda_Siyabalanduwa,4828.144104
3/31/2025,Veheragoda_Siyabalanduwa,4518.45352
4/1/2025,Veheragoda_Siyabalanduwa,3424.057282
4/2/2025,Veheragoda_Siyabalanduwa,3851.965676
4/3/2025,Veheragoda_Siyabalanduwa,4107.046498
4/4/2025,Veheragoda_Siyabalanduwa,4649.530259
4/5/2025,Veheragoda_Siyabalanduwa,4572.511914
4/6/2025,Veheragoda_Siyabalanduwa,4535.44803
4/7/2025,Veheragoda_Siyabalanduwa,4069.970029
4/8/2025,Veheragoda_Siyabalanduwa,4262.808959
4/9/2025,Veheragoda_Siyabalanduwa,4181.657806
4/10/2025,Veheragoda_Siyabalanduwa,3980.99734
4/11/2025,Veheragoda_Siyabalanduwa,3998.167606
4/12/2025,Veheragoda_Siyabalanduwa,4151.960286
4/13/2025,Veheragoda_Siyabalanduwa,4574.479776
4/14/2025,Veheragoda_Siyabalanduwa,4764.348356
4/15/2025,Veheragoda_Siyabalanduwa,4487.884902
4/16/2025,Veheragoda_Siyabalanduwa,4828.071157
4/17/2025,Veheragoda_Siyabalanduwa,4950.3917
4/18/2025,Veheragoda_Siyabalanduwa,4957.226532
4/19/2025,Veheragoda_Siyabalanduwa,4903.125479
4/20/2025,Veheragoda_Siyabalanduwa,5034.701329
4/21/2025,Veheragoda_Siyabalanduwa,5102.714776
4/22/2025,Veheragoda_Siyabalanduwa,5184.204216
4/23/2025,Veheragoda_Siyabalanduwa,5240.904058
4/24/2025,Veheragoda_Siyabalanduwa,5257.774857
4/25/2025,Veheragoda_Siyabalanduwa,5191.521948
4/26/2025,Veheragoda_Siyabalanduwa,4279.046271
4/27/2025,Veheragoda_Siyabalanduwa,4377.322471
4/28/2025,Veheragoda_Siyabalanduwa,4335.908644
4/29/2025,Veheragoda_Siyabalanduwa,4584.337001
4/30/2025,Veheragoda_Siyabalanduwa,4673.75505
5/1/2025,Veheragoda_Siyabalanduwa,4782.234867
5/2/2025,Veheragoda_Siyabalanduwa,5835.273375
5/3/2025,Veheragoda_Siyabalanduwa,5860.192229
5/4/2025,Veheragoda_Siyabalanduwa,5763.678701
5/5/2025,Veheragoda_Siyabalanduwa,5845.121642
5/6/2025,Veheragoda_Siyabalanduwa,5792.9684
5/7/2025,Veheragoda_Siyabalanduwa,5799.167186
5/8/2025,Veheragoda_Siyabalanduwa,5773.651959
5/9/2025,Veheragoda_Siyabalanduwa,5702.843064
5/10/2025,Veheragoda_Siyabalanduwa,5717.97636
5/11/2025,Veheragoda_Siyabalanduwa,5719.721115
5/12/2025,Veheragoda_Siyabalanduwa,5820.078223
5/13/2025,Veheragoda_Siyabalanduwa,5710.482872
5/14/2025,Veheragoda_Siyabalanduwa,5761.518873
5/15/2025,Veheragoda_Siyabalanduwa,5757.380946
5/16/2025,Veheragoda_Siyabalanduwa,5699.214486
5/17/2025,Veheragoda_Siyabalanduwa,5658.955866
5/18/2025,Veheragoda_Siyabalanduwa,5667.464639
5/19/2025,Veheragoda_Siyabalanduwa,5590.419846
5/20/2025,Veheragoda_Siyabalanduwa,5064.831839
5/21/2025,Veheragoda_Siyabalanduwa,5171.123673
5/22/2025,Veheragoda_Siyabalanduwa,4883.584224
5/23/2025,Veheragoda_Siyabalanduwa,4929.051087
5/24/2025,Veheragoda_Siyabalanduwa,4550.438845
5/25/2025,Veheragoda_Siyabalanduwa,4604.384192
5/26/2025,Veheragoda_Siyabalanduwa,4849.31792
5/27/2025,Veheragoda_Siyabalanduwa,4979.843931
5/28/2025,Veheragoda_Siyabalanduwa,5014.091038
5/29/2025,Veheragoda_Siyabalanduwa,3764.474536
5/30/2025,Veheragoda_Siyabalanduwa,4220.73349
5/31/2025,Veheragoda_Siyabalanduwa,4185.877639
6/1/2025,Veheragoda_Siyabalanduwa,4458.892962
6/2/2025,Veheragoda_Siyabalanduwa,4607.04697
6/3/2025,Veheragoda_Siyabalanduwa,4615.932849
6/4/2025,Veheragoda_Siyabalanduwa,4725.416859
6/5/2025,Veheragoda_Siyabalanduwa,4660.163452
6/6/2025,Veheragoda_Siyabalanduwa,4607.602817
6/7/2025,Veheragoda_Siyabalanduwa,4418.470105
6/8/2025,Veheragoda_Siyabalanduwa,4705.717339
6/9/2025,Veheragoda_Siyabalanduwa,4609.479815
6/10/2025,Veheragoda_Siyabalanduwa,4362.323124
6/11/2025,Veheragoda_Siyabalanduwa,4164.891948
6/12/2025,Veheragoda_Siyabalanduwa,4266.631209
6/13/2025,Veheragoda_Siyabalanduwa,4580.136792
6/14/2025,Veheragoda_Siyabalanduwa,4513.76913
6/15/2025,Veheragoda_Siyabalanduwa,4393.079869
6/16/2025,Veheragoda_Siyabalanduwa,4718.22881
6/17/2025,Veheragoda_Siyabalanduwa,4791.720532
6/18/2025,Veheragoda_Siyabalanduwa,4853.449875
6/19/2025,Veheragoda_Siyabalanduwa,4839.979002
6/20/2025,Veheragoda_Siyabalanduwa,4668.023808
6/21/2025,Veheragoda_Siyabalanduwa,4946.647089
6/22/2025,Veheragoda_Siyabalanduwa,4818.159328
6/23/2025,Veheragoda_Siyabalanduwa,4960.982235
6/24/2025,Veheragoda_Siyabalanduwa,5033.520527
6/25/2025,Veheragoda_Siyabalanduwa,5121.317532
6/26/2025,Veheragoda_Siyabalanduwa,4985.910474
6/27/2025,Veheragoda_Siyabalanduwa,4873.160913
6/28/2025,Veheragoda_Siyabalanduwa,4945.07809
6/29/2025,Veheragoda_Siyabalanduwa,5055.184069
6/30/2025,Veheragoda_Siyabalanduwa,4801.915617
7/1/2025,Veheragoda_Siyabalanduwa,5035.8335
7/2/2025,Veheragoda_Siyabalanduwa,5075.95945
7/3/2025,Veheragoda_Siyabalanduwa,4814.413864
7/4/2025,Veheragoda_Siyabalanduwa,4925.545367
7/5/2025,Veheragoda_Siyabalanduwa,5023.610831
7/6/2025,Veheragoda_Siyabalanduwa,5249.6193
7/7/2025,Veheragoda_Siyabalanduwa,5294.151077
7/8/2025,Veheragoda_Siyabalanduwa,5268.042889
7/9/2025,Veheragoda_Siyabalanduwa,5320.389375
7/10/2025,Veheragoda_Siyabalanduwa,5021.282074
7/11/2025,Veheragoda_Siyabalanduwa,5056.274008
7/12/2025,Veheragoda_Siyabalanduwa,5057.322567
7/13/2025,Veheragoda_Siyabalanduwa,4592.38591
7/14/2025,Veheragoda_Siyabalanduwa,4399.557644
7/15/2025,Veheragoda_Siyabalanduwa,3923.268989
7/16/2025,Veheragoda_Siyabalanduwa,3778.545195
7/17/2025,Veheragoda_Siyabalanduwa,3493.895897
7/18/2025,Veheragoda_Siyabalanduwa,3989.205367
7/19/2025,Veheragoda_Siyabalanduwa,4400.675311
7/20/2025,Veheragoda_Siyabalanduwa,4815.775114
7/21/2025,Veheragoda_Siyabalanduwa,5035.821982
7/22/2025,Veheragoda_Siyabalanduwa,4783.891744
7/23/2025,Veheragoda_Siyabalanduwa,4760.378079
7/24/2025,Veheragoda_Siyabalanduwa,4953.858601
7/25/2025,Veheragoda_Siyabalanduwa,4807.21771
7/26/2025,Veheragoda_Siyabalanduwa,4401.502897
7/27/2025,Veheragoda_Siyabalanduwa,4556.629099
7/28/2025,Veheragoda_Siyabalanduwa,4828.993445
7/29/2025,Veheragoda_Siyabalanduwa,4519.229061
7/30/2025,Veheragoda_Siyabalanduwa,3424.710819
7/31/2025,Veheragoda_Siyabalanduwa,3852.697705
8/1/2025,Veheragoda_Siyabalanduwa,4107.760823
8/2/2025,Veheragoda_Siyabalanduwa,4650.246504
8/3/2025,Veheragoda_Siyabalanduwa,4573.167157
8/4/2025,Veheragoda_Siyabalanduwa,4536.073412
8/5/2025,Veheragoda_Siyabalanduwa,4070.537181
8/6/2025,Veheragoda_Siyabalanduwa,4263.386989
8/7/2025,Veheragoda_Siyabalanduwa,4182.203415
8/8/2025,Veheragoda_Siyabalanduwa,3981.512235
8/9/2025,Veheragoda_Siyabalanduwa,3998.672475
8/10/2025,Veheragoda_Siyabalanduwa,4152.45769
8/11/2025,Veheragoda_Siyabalanduwa,4574.977607
8/12/2025,Veheragoda_Siyabalanduwa,4764.822298
8/13/2025,Veheragoda_Siyabalanduwa,4488.316612
8/14/2025,Veheragoda_Siyabalanduwa,4828.507985
8/15/2025,Veheragoda_Siyabalanduwa,4950.80464
8/16/2025,Veheragoda_Siyabalanduwa,4957.613877
8/17/2025,Veheragoda_Siyabalanduwa,4903.490641
8/18/2025,Veheragoda_Siyabalanduwa,5035.054973
8/19/2025,Veheragoda_Siyabalanduwa,5103.04965
8/20/2025,Veheragoda_Siyabalanduwa,5184.522026
8/21/2025,Veheragoda_Siyabalanduwa,5241.204804
8/22/2025,Veheragoda_Siyabalanduwa,5258.056833
8/23/2025,Veheragoda_Siyabalanduwa,5191.783021
8/24/2025,Veheragoda_Siyabalanduwa,4279.264259
8/25/2025,Veheragoda_Siyabalanduwa,4377.549417
8/26/2025,Veheragoda_Siyabalanduwa,4336.126205
8/27/2025,Veheragoda_Siyabalanduwa,4584.555415
8/28/2025,Veheragoda_Siyabalanduwa,4673.964506
8/29/2025,Veheragoda_Siyabalanduwa,4782.437924
8/30/2025,Veheragoda_Siyabalanduwa,5835.486243
8/31/2025,Veheragoda_Siyabalanduwa,5860.375663
9/1/2025,Veheragoda_Siyabalanduwa,5763.842085
9/2/2025,Veheragoda_Siyabalanduwa,5845.272228
9/3/2025,Veheragoda_Siyabalanduwa,5793.10363
9/4/2025,Veheragoda_Siyabalanduwa,5799.290471
9/5/2025,Veheragoda_Siyabalanduwa,5773.763725
9/6/2025,Veheragoda_Siyabalanduwa,5702.944593
9/7/2025,Veheragoda_Siyabalanduwa,5718.069357
9/8/2025,Veheragoda_Siyabalanduwa,5719.806007
9/9/2025,Veheragoda_Siyabalanduwa,5820.157142
9/10/2025,Veheragoda_Siyabalanduwa,5710.552833
9/11/2025,Veheragoda_Siyabalanduwa,5761.584142
9/12/2025,Veheragoda_Siyabalanduwa,5757.440669
9/13/2025,Veheragoda_Siyabalanduwa,5699.268663
9/14/2025,Veheragoda_Siyabalanduwa,5659.005351
9/15/2025,Veheragoda_Siyabalanduwa,5667.510711
9/16/2025,Veheragoda_Siyabalanduwa,5590.461651
9/17/2025,Veheragoda_Siyabalanduwa,5064.866819
9/18/2025,Veheragoda_Siyabalanduwa,5171.158227
9/19/2025,Veheragoda_Siyabalanduwa,4883.614939
9/20/2025,Veheragoda_Siyabalanduwa,4929.081375
9/21/2025,Veheragoda_Siyabalanduwa,4550.466147
9/22/2025,Veheragoda_Siyabalanduwa,4604.411494
9/23/2025,Veheragoda_Siyabalanduwa,4849.345649
9/24/2025,Veheragoda_Siyabalanduwa,4979.870806
9/25/2025,Veheragoda_Siyabalanduwa,5014.11706
9/26/2025,Veheragoda_Siyabalanduwa,3764.495012
9/27/2025,Veheragoda_Siyabalanduwa,4220.756526
9/28/2025,Veheragoda_Siyabalanduwa,4185.899821
9/29/2025,Veheragoda_Siyabalanduwa,4458.915145
9/30/2025,Veheragoda_Siyabalanduwa,4607.068299
10/1/2025,Veheragoda_Siyabalanduwa,4615.953325
10/2/2025,Veheragoda_Siyabalanduwa,4725.436909
10/3/2025,Veheragoda_Siyabalanduwa,4660.182222
10/4/2025,Veheragoda_Siyabalanduwa,4607.620307
10/5/2025,Veheragoda_Siyabalanduwa,4418.486742
10/6/2025,Veheragoda_Siyabalanduwa,4705.73355
10/7/2025,Veheragoda_Siyabalanduwa,4609.495172
10/8/2025,Veheragoda_Siyabalanduwa,4362.337628
10/9/2025,Veheragoda_Siyabalanduwa,4164.905599
10/10/2025,Veheragoda_Siyabalanduwa,4266.64486
10/11/2025,Veheragoda_Siyabalanduwa,4580.150016
10/12/2025,Veheragoda_Siyabalanduwa,4513.781501
10/13/2025,Veheragoda_Siyabalanduwa,4393.091387
10/14/2025,Veheragoda_Siyabalanduwa,4718.240328
10/15/2025,Veheragoda_Siyabalanduwa,4791.731197
10/16/2025,Veheragoda_Siyabalanduwa,4853.459687
10/17/2025,Veheragoda_Siyabalanduwa,4839.988814
10/18/2025,Veheragoda_Siyabalanduwa,4668.032766
10/19/2025,Veheragoda_Siyabalanduwa,4946.655621
10/20/2025,Veheragoda_Siyabalanduwa,4818.167007
10/21/2025,Veheragoda_Siyabalanduwa,4960.989913
10/22/2025,Veheragoda_Siyabalanduwa,5033.527352
10/23/2025,Veheragoda_Siyabalanduwa,5121.324358
10/24/2025,Veheragoda_Siyabalanduwa,4985.916446
10/25/2025,Veheragoda_Siyabalanduwa,4873.166459
10/26/2025,Veheragoda_Siyabalanduwa,4945.083636
10/27/2025,Veheragoda_Siyabalanduwa,5055.189188
10/28/2025,Veheragoda_Siyabalanduwa,4801.92031
10/29/2025,Veheragoda_Siyabalanduwa,5035.838619
10/30/2025,Veheragoda_Siyabalanduwa,5075.963716
10/31/2025,Veheragoda_Siyabalanduwa,4814.417703
11/1/2025,Veheragoda_Siyabalanduwa,4925.549633
11/2/2025,Veheragoda_Siyabalanduwa,5023.615097
11/3/2025,Veheragoda_Siyabalanduwa,5249.62314
11/4/2025,Veheragoda_Siyabalanduwa,5294.15449
11/5/2025,Veheragoda_Siyabalanduwa,5268.046301
11/6/2025,Veheragoda_Siyabalanduwa,5320.392361
11/7/2025,Veheragoda_Siyabalanduwa,5021.284633
11/8/2025,Veheragoda_Siyabalanduwa,5056.276567
11/9/2025,Veheragoda_Siyabalanduwa,5057.325127
11/10/2025,Veheragoda_Siyabalanduwa,4592.388469
11/11/2025,Veheragoda_Siyabalanduwa,4399.559351
11/12/2025,Veheragoda_Siyabalanduwa,3923.270695
11/13/2025,Veheragoda_Siyabalanduwa,3778.546901
11/14/2025,Veheragoda_Siyabalanduwa,3493.897603
11/15/2025,Veheragoda_Siyabalanduwa,3989.207287
11/16/2025,Veheragoda_Siyabalanduwa,4400.677444
11/17/2025,Veheragoda_Siyabalanduwa,4815.77682
11/18/2025,Veheragoda_Siyabalanduwa,5035.823689
11/19/2025,Veheragoda_Siyabalanduwa,4783.893024
11/20/2025,Veheragoda_Siyabalanduwa,4760.379359
11/21/2025,Veheragoda_Siyabalanduwa,4953.859881
11/22/2025,Veheragoda_Siyabalanduwa,4807.218989
11/23/2025,Veheragoda_Siyabalanduwa,4401.504603
11/24/2025,Veheragoda_Siyabalanduwa,4556.629952
11/25/2025,Veheragoda_Siyabalanduwa,4828.994725
11/26/2025,Veheragoda_Siyabalanduwa,4519.230341
11/27/2025,Veheragoda_Siyabalanduwa,3424.711885
11/28/2025,Veheragoda_Siyabalanduwa,3852.698772
11/29/2025,Veheragoda_Siyabalanduwa,4107.76189
11/30/2025,Veheragoda_Siyabalanduwa,4650.247784
12/1/2025,Veheragoda_Siyabalanduwa,4573.16801
12/2/2025,Veheragoda_Siyabalanduwa,4536.074691
12/3/2025,Veheragoda_Siyabalanduwa,4070.538034
12/4/2025,Veheragoda_Siyabalanduwa,4263.388269
12/5/2025,Veheragoda_Siyabalanduwa,4182.204268
12/6/2025,Veheragoda_Siyabalanduwa,3981.513088
12/7/2025,Veheragoda_Siyabalanduwa,3998.673542
12/8/2025,Veheragoda_Siyabalanduwa,4152.458543
12/9/2025,Veheragoda_Siyabalanduwa,4574.978887
12/10/2025,Veheragoda_Siyabalanduwa,4764.823151
12/11/2025,Veheragoda_Siyabalanduwa,4488.317465
12/12/2025,Veheragoda_Siyabalanduwa,4828.507985
12/13/2025,Veheragoda_Siyabalanduwa,4950.805067
12/14/2025,Veheragoda_Siyabalanduwa,4957.61473
12/15/2025,Veheragoda_Siyabalanduwa,4903.491494
12/16/2025,Veheragoda_Siyabalanduwa,5035.055399
12/17/2025,Veheragoda_Siyabalanduwa,5103.050076
12/18/2025,Veheragoda_Siyabalanduwa,5184.522452
12/19/2025,Veheragoda_Siyabalanduwa,5241.205231
12/20/2025,Veheragoda_Siyabalanduwa,5258.057259
12/21/2025,Veheragoda_Siyabalanduwa,5191.783448
12/22/2025,Veheragoda_Siyabalanduwa,4279.264259
12/23/2025,Veheragoda_Siyabalanduwa,4377.549844
12/24/2025,Veheragoda_Siyabalanduwa,4336.126632
12/25/2025,Veheragoda_Siyabalanduwa,4584.555415
12/26/2025,Veheragoda_Siyabalanduwa,4673.964506
12/27/2025,Veheragoda_Siyabalanduwa,4782.437924
12/28/2025,Veheragoda_Siyabalanduwa,5835.486243
12/29/2025,Veheragoda_Siyabalanduwa,5860.375663
12/30/2025,Veheragoda_Siyabalanduwa,5763.842511
12/31/2025,Veheragoda_Siyabalanduwa,5845.272655
1/1/2026,Veheragoda_Siyabalanduwa,5793.104056
1/2/2026,Veheragoda_Siyabalanduwa,5799.290471
1/3/2026,Veheragoda_Siyabalanduwa,5773.764152
1/4/2026,Veheragoda_Siyabalanduwa,5702.945019
1/5/2026,Veheragoda_Siyabalanduwa,5718.069784
1/6/2026,Veheragoda_Siyabalanduwa,5719.806007
1/7/2026,Veheragoda_Siyabalanduwa,5820.157569
1/8/2026,Veheragoda_Siyabalanduwa,5710.55326
1/9/2026,Veheragoda_Siyabalanduwa,5761.584142
1/10/2026,Veheragoda_Siyabalanduwa,5757.440669
1/11/2026,Veheragoda_Siyabalanduwa,5699.268663
1/12/2026,Veheragoda_Siyabalanduwa,5659.005351
1/13/2026,Veheragoda_Siyabalanduwa,5667.510711
1/14/2026,Veheragoda_Siyabalanduwa,5590.461651
1/15/2026,Veheragoda_Siyabalanduwa,5064.867246
1/16/2026,Veheragoda_Siyabalanduwa,5171.158653
1/17/2026,Veheragoda_Siyabalanduwa,4883.615365
1/18/2026,Veheragoda_Siyabalanduwa,4929.081375
1/19/2026,Veheragoda_Siyabalanduwa,4550.466147
1/20/2026,Veheragoda_Siyabalanduwa,4604.411494
1/21/2026,Veheragoda_Siyabalanduwa,4849.345649
1/22/2026,Veheragoda_Siyabalanduwa,4979.870806
1/23/2026,Veheragoda_Siyabalanduwa,5014.11706
1/24/2026,Veheragoda_Siyabalanduwa,3764.495012
1/25/2026,Veheragoda_Siyabalanduwa,4220.756526
1/26/2026,Veheragoda_Siyabalanduwa,4185.899821
1/27/2026,Veheragoda_Siyabalanduwa,4458.915145
1/28/2026,Veheragoda_Siyabalanduwa,4607.068299
1/29/2026,Veheragoda_Siyabalanduwa,4615.953325
1/30/2026,Veheragoda_Siyabalanduwa,4725.436909
1/31/2026,Veheragoda_Siyabalanduwa,4660.182222
2/1/2026,Veheragoda_Siyabalanduwa,4607.620307
2/2/2026,Veheragoda_Siyabalanduwa,4418.486742
2/3/2026,Veheragoda_Siyabalanduwa,4705.73355
2/4/2026,Veheragoda_Siyabalanduwa,4609.495172
2/5/2026,Veheragoda_Siyabalanduwa,4362.337628
2/6/2026,Veheragoda_Siyabalanduwa,4164.905599
2/7/2026,Veheragoda_Siyabalanduwa,4266.64486
2/8/2026,Veheragoda_Siyabalanduwa,4580.150016
2/9/2026,Veheragoda_Siyabalanduwa,4513.781501
2/10/2026,Veheragoda_Siyabalanduwa,4393.091387
2/11/2026,Veheragoda_Siyabalanduwa,4718.240328
2/12/2026,Veheragoda_Siyabalanduwa,4791.73077
2/13/2026,Veheragoda_Siyabalanduwa,4853.459687
2/14/2026,Veheragoda_Siyabalanduwa,4839.988387
2/15/2026,Veheragoda_Siyabalanduwa,4668.032766
2/16/2026,Veheragoda_Siyabalanduwa,4946.655621
2/17/2026,Veheragoda_Siyabalanduwa,4818.167007
2/18/2026,Veheragoda_Siyabalanduwa,4960.989913
2/19/2026,Veheragoda_Siyabalanduwa,5033.527352
2/20/2026,Veheragoda_Siyabalanduwa,5121.324358
2/21/2026,Veheragoda_Siyabalanduwa,4985.916446
2/22/2026,Veheragoda_Siyabalanduwa,4873.166459
2/23/2026,Veheragoda_Siyabalanduwa,4945.083636
2/24/2026,Veheragoda_Siyabalanduwa,5055.189188
2/25/2026,Veheragoda_Siyabalanduwa,4801.92031
2/26/2026,Veheragoda_Siyabalanduwa,5035.838619
2/27/2026,Veheragoda_Siyabalanduwa,5075.963716
2/28/2026,Veheragoda_Siyabalanduwa,4814.417703
3/1/2026,Veheragoda_Siyabalanduwa,4925.549633
3/2/2026,Veheragoda_Siyabalanduwa,5023.615097
3/3/2026,Veheragoda_Siyabalanduwa,5249.623566
3/4/2026,Veheragoda_Siyabalanduwa,5294.15449
3/5/2026,Veheragoda_Siyabalanduwa,5268.046301
3/6/2026,Veheragoda_Siyabalanduwa,5320.392788
3/7/2026,Veheragoda_Siyabalanduwa,5021.284633
3/8/2026,Veheragoda_Siyabalanduwa,5056.276567
3/9/2026,Veheragoda_Siyabalanduwa,5057.325127
3/10/2026,Veheragoda_Siyabalanduwa,4592.388469
3/11/2026,Veheragoda_Siyabalanduwa,4399.559351
3/12/2026,Veheragoda_Siyabalanduwa,3923.270695
3/13/2026,Veheragoda_Siyabalanduwa,3778.546901
3/14/2026,Veheragoda_Siyabalanduwa,3493.897603
3/15/2026,Veheragoda_Siyabalanduwa,3989.207287
3/16/2026,Veheragoda_Siyabalanduwa,4400.677444
3/17/2026,Veheragoda_Siyabalanduwa,4815.77682
3/18/2026,Veheragoda_Siyabalanduwa,5035.823689
3/19/2026,Veheragoda_Siyabalanduwa,4783.893024
3/20/2026,Veheragoda_Siyabalanduwa,4760.379359
3/21/2026,Veheragoda_Siyabalanduwa,4953.860307
3/22/2026,Veheragoda_Siyabalanduwa,4807.218989
3/23/2026,Veheragoda_Siyabalanduwa,4401.504603
3/24/2026,Veheragoda_Siyabalanduwa,4556.629952
3/25/2026,Veheragoda_Siyabalanduwa,4828.994299
3/26/2026,Veheragoda_Siyabalanduwa,4519.229915
3/27/2026,Veheragoda_Siyabalanduwa,3424.711672
3/28/2026,Veheragoda_Siyabalanduwa,3852.698558
3/29/2026,Veheragoda_Siyabalanduwa,4107.761676
3/30/2026,Veheragoda_Siyabalanduwa,4650.247784
3/31/2026,Veheragoda_Siyabalanduwa,4573.16801
4/1/2026,Veheragoda_Siyabalanduwa,4536.074265
4/2/2026,Veheragoda_Siyabalanduwa,4070.538034
4/3/2026,Veheragoda_Siyabalanduwa,4263.388269
4/4/2026,Veheragoda_Siyabalanduwa,4182.204695
4/5/2026,Veheragoda_Siyabalanduwa,3981.513301
4/6/2026,Veheragoda_Siyabalanduwa,3998.673542
4/7/2026,Veheragoda_Siyabalanduwa,4152.458543
4/8/2026,Veheragoda_Siyabalanduwa,4574.978887
4/9/2026,Veheragoda_Siyabalanduwa,4764.823151
4/10/2026,Veheragoda_Siyabalanduwa,4488.317465
4/11/2026,Veheragoda_Siyabalanduwa,4828.508412
4/12/2026,Veheragoda_Siyabalanduwa,4950.805067
4/13/2026,Veheragoda_Siyabalanduwa,4957.61473
4/14/2026,Veheragoda_Siyabalanduwa,4903.491494
4/15/2026,Veheragoda_Siyabalanduwa,5035.055399
4/16/2026,Veheragoda_Siyabalanduwa,5103.050076
4/17/2026,Veheragoda_Siyabalanduwa,5184.522452
4/18/2026,Veheragoda_Siyabalanduwa,5241.205231
4/19/2026,Veheragoda_Siyabalanduwa,5258.057259
4/20/2026,Veheragoda_Siyabalanduwa,5191.783448
4/21/2026,Veheragoda_Siyabalanduwa,4279.264259
4/22/2026,Veheragoda_Siyabalanduwa,4377.549844
4/23/2026,Veheragoda_Siyabalanduwa,4336.126632
4/24/2026,Veheragoda_Siyabalanduwa,4584.555415
4/25/2026,Veheragoda_Siyabalanduwa,4673.964506
4/26/2026,Veheragoda_Siyabalanduwa,4782.437924
4/27/2026,Veheragoda_Siyabalanduwa,5835.486243
4/28/2026,Veheragoda_Siyabalanduwa,5860.375663
4/29/2026,Veheragoda_Siyabalanduwa,5763.842511
4/30/2026,Veheragoda_Siyabalanduwa,5845.272655
5/1/2026,Veheragoda_Siyabalanduwa,5793.104056
5/2/2026,Veheragoda_Siyabalanduwa,5799.290471
5/3/2026,Veheragoda_Siyabalanduwa,5773.764152
5/4/2026,Veheragoda_Siyabalanduwa,5702.945019
5/5/2026,Veheragoda_Siyabalanduwa,5718.069784
5/6/2026,Veheragoda_Siyabalanduwa,5719.806007
5/7/2026,Veheragoda_Siyabalanduwa,5820.157569
5/8/2026,Veheragoda_Siyabalanduwa,5710.552833
5/9/2026,Veheragoda_Siyabalanduwa,5761.584142
5/10/2026,Veheragoda_Siyabalanduwa,5757.440669
5/11/2026,Veheragoda_Siyabalanduwa,5699.268663
5/12/2026,Veheragoda_Siyabalanduwa,5659.005351
5/13/2026,Veheragoda_Siyabalanduwa,5667.510711
5/14/2026,Veheragoda_Siyabalanduwa,5590.461651
5/15/2026,Veheragoda_Siyabalanduwa,5064.866819
5/16/2026,Veheragoda_Siyabalanduwa,5171.158227
5/17/2026,Veheragoda_Siyabalanduwa,4883.614939
5/18/2026,Veheragoda_Siyabalanduwa,4929.081375
5/19/2026,Veheragoda_Siyabalanduwa,4550.466147
5/20/2026,Veheragoda_Siyabalanduwa,4604.411494
5/21/2026,Veheragoda_Siyabalanduwa,4849.345649
5/22/2026,Veheragoda_Siyabalanduwa,4979.870806
5/23/2026,Veheragoda_Siyabalanduwa,5014.11706
5/24/2026,Veheragoda_Siyabalanduwa,3764.495012
5/25/2026,Veheragoda_Siyabalanduwa,4220.756526
5/26/2026,Veheragoda_Siyabalanduwa,4185.899821
5/27/2026,Veheragoda_Siyabalanduwa,4458.915145
5/28/2026,Veheragoda_Siyabalanduwa,4607.068299
5/29/2026,Veheragoda_Siyabalanduwa,4615.953325
5/30/2026,Veheragoda_Siyabalanduwa,4725.436482
5/31/2026,Veheragoda_Siyabalanduwa,4660.182222
6/1/2026,Veheragoda_Siyabalanduwa,4607.620307
6/2/2026,Veheragoda_Siyabalanduwa,4418.486742
6/3/2026,Veheragoda_Siyabalanduwa,4705.73355
6/4/2026,Veheragoda_Siyabalanduwa,4609.495172
6/5/2026,Veheragoda_Siyabalanduwa,4362.337628
6/6/2026,Veheragoda_Siyabalanduwa,4164.905599
6/7/2026,Veheragoda_Siyabalanduwa,4266.64486
6/8/2026,Veheragoda_Siyabalanduwa,4580.150016
6/9/2026,Veheragoda_Siyabalanduwa,4513.781501
6/10/2026,Veheragoda_Siyabalanduwa,4393.091387
6/11/2026,Veheragoda_Siyabalanduwa,4718.240328
6/12/2026,Veheragoda_Siyabalanduwa,4791.73077
6/13/2026,Veheragoda_Siyabalanduwa,4853.459687
6/14/2026,Veheragoda_Siyabalanduwa,4839.988387
6/15/2026,Veheragoda_Siyabalanduwa,4668.032766
6/16/2026,Veheragoda_Siyabalanduwa,4946.655621
6/17/2026,Veheragoda_Siyabalanduwa,4818.167007
6/18/2026,Veheragoda_Siyabalanduwa,4960.989913
6/19/2026,Veheragoda_Siyabalanduwa,5033.527352
6/20/2026,Veheragoda_Siyabalanduwa,5121.324358
6/21/2026,Veheragoda_Siyabalanduwa,4985.916446
6/22/2026,Veheragoda_Siyabalanduwa,4873.166459
6/23/2026,Veheragoda_Siyabalanduwa,4945.083636
6/24/2026,Veheragoda_Siyabalanduwa,5055.189188
6/25/2026,Veheragoda_Siyabalanduwa,4801.92031
6/26/2026,Veheragoda_Siyabalanduwa,5035.838619
6/27/2026,Veheragoda_Siyabalanduwa,5075.963716
6/28/2026,Veheragoda_Siyabalanduwa,4814.417703
6/29/2026,Veheragoda_Siyabalanduwa,4925.549633
6/30/2026,Veheragoda_Siyabalanduwa,5023.615097
7/1/2026,Veheragoda_Siyabalanduwa,5249.623566
7/2/2026,Veheragoda_Siyabalanduwa,5294.15449
7/3/2026,Veheragoda_Siyabalanduwa,5268.046301
7/4/2026,Veheragoda_Siyabalanduwa,5320.392361
7/5/2026,Veheragoda_Siyabalanduwa,5021.28506
7/6/2026,Veheragoda_Siyabalanduwa,5056.276567
7/7/2026,Veheragoda_Siyabalanduwa,5057.325127
7/8/2026,Veheragoda_Siyabalanduwa,4592.388469
7/9/2026,Veheragoda_Siyabalanduwa,4399.559351
7/10/2026,Veheragoda_Siyabalanduwa,3923.270695
7/11/2026,Veheragoda_Siyabalanduwa,3778.547115
7/12/2026,Veheragoda_Siyabalanduwa,3493.897603
7/13/2026,Veheragoda_Siyabalanduwa,3989.207287
7/14/2026,Veheragoda_Siyabalanduwa,4400.677444
7/15/2026,Veheragoda_Siyabalanduwa,4815.77682
7/16/2026,Veheragoda_Siyabalanduwa,5035.823689
7/17/2026,Veheragoda_Siyabalanduwa,4783.893024
7/18/2026,Veheragoda_Siyabalanduwa,4760.379359
7/19/2026,Veheragoda_Siyabalanduwa,4953.859881
7/20/2026,Veheragoda_Siyabalanduwa,4807.218989
7/21/2026,Veheragoda_Siyabalanduwa,4401.504177
7/22/2026,Veheragoda_Siyabalanduwa,4556.629952
7/23/2026,Veheragoda_Siyabalanduwa,4828.994299
7/24/2026,Veheragoda_Siyabalanduwa,4519.230341
7/25/2026,Veheragoda_Siyabalanduwa,3424.711885
7/26/2026,Veheragoda_Siyabalanduwa,3852.698772
7/27/2026,Veheragoda_Siyabalanduwa,4107.761676
7/28/2026,Veheragoda_Siyabalanduwa,4650.247784
7/29/2026,Veheragoda_Siyabalanduwa,4573.16801
7/30/2026,Veheragoda_Siyabalanduwa,4536.074691
7/31/2026,Veheragoda_Siyabalanduwa,4070.538034
8/1/2026,Veheragoda_Siyabalanduwa,4263.388269
8/2/2026,Veheragoda_Siyabalanduwa,4182.204268
8/3/2026,Veheragoda_Siyabalanduwa,3981.513088
8/4/2026,Veheragoda_Siyabalanduwa,3998.673542
8/5/2026,Veheragoda_Siyabalanduwa,4152.458543
8/6/2026,Veheragoda_Siyabalanduwa,4574.978887
8/7/2026,Veheragoda_Siyabalanduwa,4764.823151
8/8/2026,Veheragoda_Siyabalanduwa,4488.317465
8/9/2026,Veheragoda_Siyabalanduwa,4828.508412
8/10/2026,Veheragoda_Siyabalanduwa,4950.805493
8/11/2026,Veheragoda_Siyabalanduwa,4957.61473
8/12/2026,Veheragoda_Siyabalanduwa,4903.491494
8/13/2026,Veheragoda_Siyabalanduwa,5035.055399
8/14/2026,Veheragoda_Siyabalanduwa,5103.050076
8/15/2026,Veheragoda_Siyabalanduwa,5184.522452
8/16/2026,Veheragoda_Siyabalanduwa,5241.205231
8/17/2026,Veheragoda_Siyabalanduwa,5258.057259
8/18/2026,Veheragoda_Siyabalanduwa,5191.783448
8/19/2026,Veheragoda_Siyabalanduwa,4279.264259
8/20/2026,Veheragoda_Siyabalanduwa,4377.549844
8/21/2026,Veheragoda_Siyabalanduwa,4336.126632
8/22/2026,Veheragoda_Siyabalanduwa,4584.555415
8/23/2026,Veheragoda_Siyabalanduwa,4673.964506
8/24/2026,Veheragoda_Siyabalanduwa,4782.437924
8/25/2026,Veheragoda_Siyabalanduwa,5835.486243
8/26/2026,Veheragoda_Siyabalanduwa,5860.375663
8/27/2026,Veheragoda_Siyabalanduwa,5763.842085
8/28/2026,Veheragoda_Siyabalanduwa,5845.272655
8/29/2026,Veheragoda_Siyabalanduwa,5793.10363
8/30/2026,Veheragoda_Siyabalanduwa,5799.290471
8/31/2026,Veheragoda_Siyabalanduwa,5773.764152
9/1/2026,Veheragoda_Siyabalanduwa,5702.945019
9/2/2026,Veheragoda_Siyabalanduwa,5718.069784
9/3/2026,Veheragoda_Siyabalanduwa,5719.806007
9/4/2026,Veheragoda_Siyabalanduwa,5820.157569
9/5/2026,Veheragoda_Siyabalanduwa,5710.552833
9/6/2026,Veheragoda_Siyabalanduwa,5761.584142
9/7/2026,Veheragoda_Siyabalanduwa,5757.440669
9/8/2026,Veheragoda_Siyabalanduwa,5699.268663
9/9/2026,Veheragoda_Siyabalanduwa,5659.005351
9/10/2026,Veheragoda_Siyabalanduwa,5667.510711
9/11/2026,Veheragoda_Siyabalanduwa,5590.461651
9/12/2026,Veheragoda_Siyabalanduwa,5064.866819
9/13/2026,Veheragoda_Siyabalanduwa,5171.158227
9/14/2026,Veheragoda_Siyabalanduwa,4883.615365
9/15/2026,Veheragoda_Siyabalanduwa,4929.081375
9/16/2026,Veheragoda_Siyabalanduwa,4550.466147
9/17/2026,Veheragoda_Siyabalanduwa,4604.411494
9/18/2026,Veheragoda_Siyabalanduwa,4849.345649
9/19/2026,Veheragoda_Siyabalanduwa,4979.870806
9/20/2026,Veheragoda_Siyabalanduwa,5014.11706
9/21/2026,Veheragoda_Siyabalanduwa,3764.495012
9/22/2026,Veheragoda_Siyabalanduwa,4220.756526
9/23/2026,Veheragoda_Siyabalanduwa,4185.899821
9/24/2026,Veheragoda_Siyabalanduwa,4458.915145
9/25/2026,Veheragoda_Siyabalanduwa,4607.068299
9/26/2026,Veheragoda_Siyabalanduwa,4615.953325
9/27/2026,Veheragoda_Siyabalanduwa,4725.436909
9/28/2026,Veheragoda_Siyabalanduwa,4660.182222
9/29/2026,Veheragoda_Siyabalanduwa,4607.620307
9/30/2026,Veheragoda_Siyabalanduwa,4418.486742
10/1/2026,Veheragoda_Siyabalanduwa,4705.73355
10/2/2026,Veheragoda_Siyabalanduwa,4609.495172
10/3/2026,Veheragoda_Siyabalanduwa,4362.337628
10/4/2026,Veheragoda_Siyabalanduwa,4164.905599
10/5/2026,Veheragoda_Siyabalanduwa,4266.64486
10/6/2026,Veheragoda_Siyabalanduwa,4580.150016
10/7/2026,Veheragoda_Siyabalanduwa,4513.781501
10/8/2026,Veheragoda_Siyabalanduwa,4393.091387
10/9/2026,Veheragoda_Siyabalanduwa,4718.240328
10/10/2026,Veheragoda_Siyabalanduwa,4791.73077
10/11/2026,Veheragoda_Siyabalanduwa,4853.459687
10/12/2026,Veheragoda_Siyabalanduwa,4839.988387
10/13/2026,Veheragoda_Siyabalanduwa,4668.032766
10/14/2026,Veheragoda_Siyabalanduwa,4946.656048
10/15/2026,Veheragoda_Siyabalanduwa,4818.167007
10/16/2026,Veheragoda_Siyabalanduwa,4960.989913
10/17/2026,Veheragoda_Siyabalanduwa,5033.527352
10/18/2026,Veheragoda_Siyabalanduwa,5121.324358
10/19/2026,Veheragoda_Siyabalanduwa,4985.916446
10/20/2026,Veheragoda_Siyabalanduwa,4873.166459
10/21/2026,Veheragoda_Siyabalanduwa,4945.083636
10/22/2026,Veheragoda_Siyabalanduwa,5055.189188
10/23/2026,Veheragoda_Siyabalanduwa,4801.92031
10/24/2026,Veheragoda_Siyabalanduwa,5035.838619
10/25/2026,Veheragoda_Siyabalanduwa,5075.963716
10/26/2026,Veheragoda_Siyabalanduwa,4814.417703
10/27/2026,Veheragoda_Siyabalanduwa,4925.549633
10/28/2026,Veheragoda_Siyabalanduwa,5023.61467
10/29/2026,Veheragoda_Siyabalanduwa,5249.62314
10/30/2026,Veheragoda_Siyabalanduwa,5294.15449
10/31/2026,Veheragoda_Siyabalanduwa,5268.046301
11/1/2026,Veheragoda_Siyabalanduwa,5320.392361
11/2/2026,Veheragoda_Siyabalanduwa,5021.284633
11/3/2026,Veheragoda_Siyabalanduwa,5056.276567
11/4/2026,Veheragoda_Siyabalanduwa,5057.325127
11/5/2026,Veheragoda_Siyabalanduwa,4592.388469
11/6/2026,Veheragoda_Siyabalanduwa,4399.559351
11/7/2026,Veheragoda_Siyabalanduwa,3923.270695
11/8/2026,Veheragoda_Siyabalanduwa,3778.546901
11/9/2026,Veheragoda_Siyabalanduwa,3493.897603
11/10/2026,Veheragoda_Siyabalanduwa,3989.207287
11/11/2026,Veheragoda_Siyabalanduwa,4400.677444
11/12/2026,Veheragoda_Siyabalanduwa,4815.77682
11/13/2026,Veheragoda_Siyabalanduwa,5035.823689
11/14/2026,Veheragoda_Siyabalanduwa,4783.893024
11/15/2026,Veheragoda_Siyabalanduwa,4760.379359
11/16/2026,Veheragoda_Siyabalanduwa,4953.860307
11/17/2026,Veheragoda_Siyabalanduwa,4807.218989
11/18/2026,Veheragoda_Siyabalanduwa,4401.504603
11/19/2026,Veheragoda_Siyabalanduwa,4556.629952
11/20/2026,Veheragoda_Siyabalanduwa,4828.994299
11/21/2026,Veheragoda_Siyabalanduwa,4519.230341
11/22/2026,Veheragoda_Siyabalanduwa,3424.711885
11/23/2026,Veheragoda_Siyabalanduwa,3852.698772
11/24/2026,Veheragoda_Siyabalanduwa,4107.76189
11/25/2026,Veheragoda_Siyabalanduwa,4650.247784
11/26/2026,Veheragoda_Siyabalanduwa,4573.16801
11/27/2026,Veheragoda_Siyabalanduwa,4536.074691
11/28/2026,Veheragoda_Siyabalanduwa,4070.538034
11/29/2026,Veheragoda_Siyabalanduwa,4263.387842
11/30/2026,Veheragoda_Siyabalanduwa,4182.204268
12/1/2026,Veheragoda_Siyabalanduwa,3981.513088
12/2/2026,Veheragoda_Siyabalanduwa,3998.673542
12/3/2026,Veheragoda_Siyabalanduwa,4152.458543
12/4/2026,Veheragoda_Siyabalanduwa,4574.978887
12/5/2026,Veheragoda_Siyabalanduwa,4764.823151
12/6/2026,Veheragoda_Siyabalanduwa,4488.317465
12/7/2026,Veheragoda_Siyabalanduwa,4828.508412
12/8/2026,Veheragoda_Siyabalanduwa,4950.805067
12/9/2026,Veheragoda_Siyabalanduwa,4957.61473
12/10/2026,Veheragoda_Siyabalanduwa,4903.491494
12/11/2026,Veheragoda_Siyabalanduwa,5035.055399
12/12/2026,Veheragoda_Siyabalanduwa,5103.050076
12/13/2026,Veheragoda_Siyabalanduwa,5184.522452
12/14/2026,Veheragoda_Siyabalanduwa,5241.205231
12/15/2026,Veheragoda_Siyabalanduwa,5258.057259
12/16/2026,Veheragoda_Siyabalanduwa,5191.783448
12/17/2026,Veheragoda_Siyabalanduwa,4279.264259
12/18/2026,Veheragoda_Siyabalanduwa,4377.549844
12/19/2026,Veheragoda_Siyabalanduwa,4336.126632
12/20/2026,Veheragoda_Siyabalanduwa,4584.555415
12/21/2026,Veheragoda_Siyabalanduwa,4673.964506
12/22/2026,Veheragoda_Siyabalanduwa,4782.437924
12/23/2026,Veheragoda_Siyabalanduwa,5835.486243
12/24/2026,Veheragoda_Siyabalanduwa,5860.375663
12/25/2026,Veheragoda_Siyabalanduwa,5763.842511
12/26/2026,Veheragoda_Siyabalanduwa,5845.272655
12/27/2026,Veheragoda_Siyabalanduwa,5793.104056
12/28/2026,Veheragoda_Siyabalanduwa,5799.290471
12/29/2026,Veheragoda_Siyabalanduwa,5773.764152
12/30/2026,Veheragoda_Siyabalanduwa,5702.945019
12/31/2026,Veheragoda_Siyabalanduwa,5718.069784
1/1/2027,Veheragoda_Siyabalanduwa,5719.806433
1/2/2027,Veheragoda_Siyabalanduwa,5820.157569
1/3/2027,Veheragoda_Siyabalanduwa,5710.552833
1/4/2027,Veheragoda_Siyabalanduwa,5761.584142
1/5/2027,Veheragoda_Siyabalanduwa,5757.440669
1/6/2027,Veheragoda_Siyabalanduwa,5699.268663
1/7/2027,Veheragoda_Siyabalanduwa,5659.005351
1/8/2027,Veheragoda_Siyabalanduwa,5667.510711
1/9/2027,Veheragoda_Siyabalanduwa,5590.461651
1/10/2027,Veheragoda_Siyabalanduwa,5064.867246
1/11/2027,Veheragoda_Siyabalanduwa,5171.158653
1/12/2027,Veheragoda_Siyabalanduwa,4883.615365
1/13/2027,Veheragoda_Siyabalanduwa,4929.081375
1/14/2027,Veheragoda_Siyabalanduwa,4550.466147
1/15/2027,Veheragoda_Siyabalanduwa,4604.411494
1/16/2027,Veheragoda_Siyabalanduwa,4849.345649
1/17/2027,Veheragoda_Siyabalanduwa,4979.870806
1/18/2027,Veheragoda_Siyabalanduwa,5014.11706
1/19/2027,Veheragoda_Siyabalanduwa,3764.495012
1/20/2027,Veheragoda_Siyabalanduwa,4220.756526
1/21/2027,Veheragoda_Siyabalanduwa,4185.899821
1/22/2027,Veheragoda_Siyabalanduwa,4458.915145
1/23/2027,Veheragoda_Siyabalanduwa,4607.068299
1/24/2027,Veheragoda_Siyabalanduwa,4615.953325
1/25/2027,Veheragoda_Siyabalanduwa,4725.436909
1/26/2027,Veheragoda_Siyabalanduwa,4660.182222
1/27/2027,Veheragoda_Siyabalanduwa,4607.620307
1/28/2027,Veheragoda_Siyabalanduwa,4418.486742
1/29/2027,Veheragoda_Siyabalanduwa,4705.73355
1/30/2027,Veheragoda_Siyabalanduwa,4609.495172
1/31/2027,Veheragoda_Siyabalanduwa,4362.337628
2/1/2027,Veheragoda_Siyabalanduwa,4164.905599
2/2/2027,Veheragoda_Siyabalanduwa,4266.64486
2/3/2027,Veheragoda_Siyabalanduwa,4580.150016
2/4/2027,Veheragoda_Siyabalanduwa,4513.781501
2/5/2027,Veheragoda_Siyabalanduwa,4393.091387
2/6/2027,Veheragoda_Siyabalanduwa,4718.240328
2/7/2027,Veheragoda_Siyabalanduwa,4791.731197
2/8/2027,Veheragoda_Siyabalanduwa,4853.460114
2/9/2027,Veheragoda_Siyabalanduwa,4839.988387
2/10/2027,Veheragoda_Siyabalanduwa,4668.032766
2/11/2027,Veheragoda_Siyabalanduwa,4946.656048
2/12/2027,Veheragoda_Siyabalanduwa,4818.167007
2/13/2027,Veheragoda_Siyabalanduwa,4960.989913
2/14/2027,Veheragoda_Siyabalanduwa,5033.527352
2/15/2027,Veheragoda_Siyabalanduwa,5121.324358
2/16/2027,Veheragoda_Siyabalanduwa,4985.916446
2/17/2027,Veheragoda_Siyabalanduwa,4873.166886
2/18/2027,Veheragoda_Siyabalanduwa,4945.083636
2/19/2027,Veheragoda_Siyabalanduwa,5055.189188
2/20/2027,Veheragoda_Siyabalanduwa,4801.92031
2/21/2027,Veheragoda_Siyabalanduwa,5035.838619
2/22/2027,Veheragoda_Siyabalanduwa,5075.963716
2/23/2027,Veheragoda_Siyabalanduwa,4814.417703
2/24/2027,Veheragoda_Siyabalanduwa,4925.549633
2/25/2027,Veheragoda_Siyabalanduwa,5023.615097
2/26/2027,Veheragoda_Siyabalanduwa,5249.623566
2/27/2027,Veheragoda_Siyabalanduwa,5294.15449
2/28/2027,Veheragoda_Siyabalanduwa,5268.046301
3/1/2027,Veheragoda_Siyabalanduwa,5320.392361
3/2/2027,Veheragoda_Siyabalanduwa,5021.284633
3/3/2027,Veheragoda_Siyabalanduwa,5056.276567
3/4/2027,Veheragoda_Siyabalanduwa,5057.325127
3/5/2027,Veheragoda_Siyabalanduwa,4592.388469
3/6/2027,Veheragoda_Siyabalanduwa,4399.559351
3/7/2027,Veheragoda_Siyabalanduwa,3923.270695
3/8/2027,Veheragoda_Siyabalanduwa,3778.546901
3/9/2027,Veheragoda_Siyabalanduwa,3493.897603
3/10/2027,Veheragoda_Siyabalanduwa,3989.207287
3/11/2027,Veheragoda_Siyabalanduwa,4400.677444
3/12/2027,Veheragoda_Siyabalanduwa,4815.77682
3/13/2027,Veheragoda_Siyabalanduwa,5035.823262
3/14/2027,Veheragoda_Siyabalanduwa,4783.893024
3/15/2027,Veheragoda_Siyabalanduwa,4760.379359
3/16/2027,Veheragoda_Siyabalanduwa,4953.860307
3/17/2027,Veheragoda_Siyabalanduwa,4807.218989
3/18/2027,Veheragoda_Siyabalanduwa,4401.504603
3/19/2027,Veheragoda_Siyabalanduwa,4556.629952
3/20/2027,Veheragoda_Siyabalanduwa,4828.994299
3/21/2027,Veheragoda_Siyabalanduwa,4519.229915
3/22/2027,Veheragoda_Siyabalanduwa,3424.711672
3/23/2027,Veheragoda_Siyabalanduwa,3852.698558
3/24/2027,Veheragoda_Siyabalanduwa,4107.761676
3/25/2027,Veheragoda_Siyabalanduwa,4650.247784
3/26/2027,Veheragoda_Siyabalanduwa,4573.16801
3/27/2027,Veheragoda_Siyabalanduwa,4536.074691
3/28/2027,Veheragoda_Siyabalanduwa,4070.538034
3/29/2027,Veheragoda_Siyabalanduwa,4263.388269
3/30/2027,Veheragoda_Siyabalanduwa,4182.204268
3/31/2027,Veheragoda_Siyabalanduwa,3981.513301
4/1/2027,Veheragoda_Siyabalanduwa,3998.673542
4/2/2027,Veheragoda_Siyabalanduwa,4152.458543
4/3/2027,Veheragoda_Siyabalanduwa,4574.978887
4/4/2027,Veheragoda_Siyabalanduwa,4764.823151
4/5/2027,Veheragoda_Siyabalanduwa,4488.317465
4/6/2027,Veheragoda_Siyabalanduwa,4828.508412
4/7/2027,Veheragoda_Siyabalanduwa,4950.805493
4/8/2027,Veheragoda_Siyabalanduwa,4957.61473
4/9/2027,Veheragoda_Siyabalanduwa,4903.491494
4/10/2027,Veheragoda_Siyabalanduwa,5035.055399
4/11/2027,Veheragoda_Siyabalanduwa,5103.050076
4/12/2027,Veheragoda_Siyabalanduwa,5184.522452
4/13/2027,Veheragoda_Siyabalanduwa,5241.205231
4/14/2027,Veheragoda_Siyabalanduwa,5258.057259
4/15/2027,Veheragoda_Siyabalanduwa,5191.783448
4/16/2027,Veheragoda_Siyabalanduwa,4279.264259
4/17/2027,Veheragoda_Siyabalanduwa,4377.549844
4/18/2027,Veheragoda_Siyabalanduwa,4336.126632
4/19/2027,Veheragoda_Siyabalanduwa,4584.555415
4/20/2027,Veheragoda_Siyabalanduwa,4673.964506
4/21/2027,Veheragoda_Siyabalanduwa,4782.437924
4/22/2027,Veheragoda_Siyabalanduwa,5835.486243
4/23/2027,Veheragoda_Siyabalanduwa,5860.375663
4/24/2027,Veheragoda_Siyabalanduwa,5763.842511
4/25/2027,Veheragoda_Siyabalanduwa,5845.272655
4/26/2027,Veheragoda_Siyabalanduwa,5793.104056
4/27/2027,Veheragoda_Siyabalanduwa,5799.290471
4/28/2027,Veheragoda_Siyabalanduwa,5773.764152
4/29/2027,Veheragoda_Siyabalanduwa,5702.944593
4/30/2027,Veheragoda_Siyabalanduwa,5718.069784
5/1/2027,Veheragoda_Siyabalanduwa,5719.806007
5/2/2027,Veheragoda_Siyabalanduwa,5820.157569
5/3/2027,Veheragoda_Siyabalanduwa,5710.552833
5/4/2027,Veheragoda_Siyabalanduwa,5761.584142
5/5/2027,Veheragoda_Siyabalanduwa,5757.440669
5/6/2027,Veheragoda_Siyabalanduwa,5699.268663
5/7/2027,Veheragoda_Siyabalanduwa,5659.005351
5/8/2027,Veheragoda_Siyabalanduwa,5667.510711
5/9/2027,Veheragoda_Siyabalanduwa,5590.461651
5/10/2027,Veheragoda_Siyabalanduwa,5064.866819
5/11/2027,Veheragoda_Siyabalanduwa,5171.158227
5/12/2027,Veheragoda_Siyabalanduwa,4883.614939
5/13/2027,Veheragoda_Siyabalanduwa,4929.081375
5/14/2027,Veheragoda_Siyabalanduwa,4550.466147
5/15/2027,Veheragoda_Siyabalanduwa,4604.411494
5/16/2027,Veheragoda_Siyabalanduwa,4849.346075
5/17/2027,Veheragoda_Siyabalanduwa,4979.870806
5/18/2027,Veheragoda_Siyabalanduwa,5014.11706
5/19/2027,Veheragoda_Siyabalanduwa,3764.495012
5/20/2027,Veheragoda_Siyabalanduwa,4220.756526
5/21/2027,Veheragoda_Siyabalanduwa,4185.899821
5/22/2027,Veheragoda_Siyabalanduwa,4458.915145
5/23/2027,Veheragoda_Siyabalanduwa,4607.068726
5/24/2027,Veheragoda_Siyabalanduwa,4615.953325
5/25/2027,Veheragoda_Siyabalanduwa,4725.436909
5/26/2027,Veheragoda_Siyabalanduwa,4660.182222
5/27/2027,Veheragoda_Siyabalanduwa,4607.620307
5/28/2027,Veheragoda_Siyabalanduwa,4418.486742
5/29/2027,Veheragoda_Siyabalanduwa,4705.733976
5/30/2027,Veheragoda_Siyabalanduwa,4609.495172
5/31/2027,Veheragoda_Siyabalanduwa,4362.337628
6/1/2027,Veheragoda_Siyabalanduwa,4164.905599
6/2/2027,Veheragoda_Siyabalanduwa,4266.64486
6/3/2027,Veheragoda_Siyabalanduwa,4580.150016
6/4/2027,Veheragoda_Siyabalanduwa,4513.781501
6/5/2027,Veheragoda_Siyabalanduwa,4393.091387
6/6/2027,Veheragoda_Siyabalanduwa,4718.240328
6/7/2027,Veheragoda_Siyabalanduwa,4791.731197
6/8/2027,Veheragoda_Siyabalanduwa,4853.460114
6/9/2027,Veheragoda_Siyabalanduwa,4839.988814
6/10/2027,Veheragoda_Siyabalanduwa,4668.032766
6/11/2027,Veheragoda_Siyabalanduwa,4946.655621
6/12/2027,Veheragoda_Siyabalanduwa,4818.167007
6/13/2027,Veheragoda_Siyabalanduwa,4960.989913
6/14/2027,Veheragoda_Siyabalanduwa,5033.527352
6/15/2027,Veheragoda_Siyabalanduwa,5121.324358
6/16/2027,Veheragoda_Siyabalanduwa,4985.916446
6/17/2027,Veheragoda_Siyabalanduwa,4873.166459
6/18/2027,Veheragoda_Siyabalanduwa,4945.083636
6/19/2027,Veheragoda_Siyabalanduwa,5055.189188
6/20/2027,Veheragoda_Siyabalanduwa,4801.92031
6/21/2027,Veheragoda_Siyabalanduwa,5035.838619
6/22/2027,Veheragoda_Siyabalanduwa,5075.963716
6/23/2027,Veheragoda_Siyabalanduwa,4814.417703
6/24/2027,Veheragoda_Siyabalanduwa,4925.549633
6/25/2027,Veheragoda_Siyabalanduwa,5023.61467
6/26/2027,Veheragoda_Siyabalanduwa,5249.62314
6/27/2027,Veheragoda_Siyabalanduwa,5294.15449
6/28/2027,Veheragoda_Siyabalanduwa,5268.046301
6/29/2027,Veheragoda_Siyabalanduwa,5320.392361
6/30/2027,Veheragoda_Siyabalanduwa,5021.28506
7/1/2027,Veheragoda_Siyabalanduwa,5056.276567
7/2/2027,Veheragoda_Siyabalanduwa,5057.325127
7/3/2027,Veheragoda_Siyabalanduwa,4592.388469
7/4/2027,Veheragoda_Siyabalanduwa,4399.559351
7/5/2027,Veheragoda_Siyabalanduwa,3923.270695
7/6/2027,Veheragoda_Siyabalanduwa,3778.546901
7/7/2027,Veheragoda_Siyabalanduwa,3493.897603
7/8/2027,Veheragoda_Siyabalanduwa,3989.207287
7/9/2027,Veheragoda_Siyabalanduwa,4400.677444
7/10/2027,Veheragoda_Siyabalanduwa,4815.77682
7/11/2027,Veheragoda_Siyabalanduwa,5035.823689
7/12/2027,Veheragoda_Siyabalanduwa,4783.893024
7/13/2027,Veheragoda_Siyabalanduwa,4760.379785
7/14/2027,Veheragoda_Siyabalanduwa,4953.860307
7/15/2027,Veheragoda_Siyabalanduwa,4807.218989
7/16/2027,Veheragoda_Siyabalanduwa,4401.504603
7/17/2027,Veheragoda_Siyabalanduwa,4556.629952
7/18/2027,Veheragoda_Siyabalanduwa,4828.994725
7/19/2027,Veheragoda_Siyabalanduwa,4519.230341
7/20/2027,Veheragoda_Siyabalanduwa,3424.711885
7/21/2027,Veheragoda_Siyabalanduwa,3852.698772
7/22/2027,Veheragoda_Siyabalanduwa,4107.76189
7/23/2027,Veheragoda_Siyabalanduwa,4650.247784
7/24/2027,Veheragoda_Siyabalanduwa,4573.16801
7/25/2027,Veheragoda_Siyabalanduwa,4536.074265
7/26/2027,Veheragoda_Siyabalanduwa,4070.538034
7/27/2027,Veheragoda_Siyabalanduwa,4263.388269
7/28/2027,Veheragoda_Siyabalanduwa,4182.204268
7/29/2027,Veheragoda_Siyabalanduwa,3981.513088
7/30/2027,Veheragoda_Siyabalanduwa,3998.673542
7/31/2027,Veheragoda_Siyabalanduwa,4152.458543
8/1/2027,Veheragoda_Siyabalanduwa,4574.978887
8/2/2027,Veheragoda_Siyabalanduwa,4764.823151
8/3/2027,Veheragoda_Siyabalanduwa,4488.317038
8/4/2027,Veheragoda_Siyabalanduwa,4828.507985
8/5/2027,Veheragoda_Siyabalanduwa,4950.805067
8/6/2027,Veheragoda_Siyabalanduwa,4957.61473
8/7/2027,Veheragoda_Siyabalanduwa,4903.491494
8/8/2027,Veheragoda_Siyabalanduwa,5035.055399
8/9/2027,Veheragoda_Siyabalanduwa,5103.050076
8/10/2027,Veheragoda_Siyabalanduwa,5184.522452
8/11/2027,Veheragoda_Siyabalanduwa,5241.205231
8/12/2027,Veheragoda_Siyabalanduwa,5258.057259
8/13/2027,Veheragoda_Siyabalanduwa,5191.783448
8/14/2027,Veheragoda_Siyabalanduwa,4279.264259
8/15/2027,Veheragoda_Siyabalanduwa,4377.549844
8/16/2027,Veheragoda_Siyabalanduwa,4336.126632
8/17/2027,Veheragoda_Siyabalanduwa,4584.555415
8/18/2027,Veheragoda_Siyabalanduwa,4673.964506
8/19/2027,Veheragoda_Siyabalanduwa,4782.437924
8/20/2027,Veheragoda_Siyabalanduwa,5835.486243
8/21/2027,Veheragoda_Siyabalanduwa,5860.375663
8/22/2027,Veheragoda_Siyabalanduwa,5763.842511
8/23/2027,Veheragoda_Siyabalanduwa,5845.272655
8/24/2027,Veheragoda_Siyabalanduwa,5793.104056
8/25/2027,Veheragoda_Siyabalanduwa,5799.290471
8/26/2027,Veheragoda_Siyabalanduwa,5773.764152
8/27/2027,Veheragoda_Siyabalanduwa,5702.944593
8/28/2027,Veheragoda_Siyabalanduwa,5718.069784
8/29/2027,Veheragoda_Siyabalanduwa,5719.806007
8/30/2027,Veheragoda_Siyabalanduwa,5820.157569
8/31/2027,Veheragoda_Siyabalanduwa,5710.552833
9/1/2027,Veheragoda_Siyabalanduwa,5761.584142
9/2/2027,Veheragoda_Siyabalanduwa,5757.440669
9/3/2027,Veheragoda_Siyabalanduwa,5699.268663
9/4/2027,Veheragoda_Siyabalanduwa,5659.005351
9/5/2027,Veheragoda_Siyabalanduwa,5667.510711
9/6/2027,Veheragoda_Siyabalanduwa,5590.461651
9/7/2027,Veheragoda_Siyabalanduwa,5064.866819
9/8/2027,Veheragoda_Siyabalanduwa,5171.158653
9/9/2027,Veheragoda_Siyabalanduwa,4883.615365
9/10/2027,Veheragoda_Siyabalanduwa,4929.081375
9/11/2027,Veheragoda_Siyabalanduwa,4550.466147
9/12/2027,Veheragoda_Siyabalanduwa,4604.411494
9/13/2027,Veheragoda_Siyabalanduwa,4849.345649
9/14/2027,Veheragoda_Siyabalanduwa,4979.870806
9/15/2027,Veheragoda_Siyabalanduwa,5014.11706
9/16/2027,Veheragoda_Siyabalanduwa,3764.495012
9/17/2027,Veheragoda_Siyabalanduwa,4220.756526
9/18/2027,Veheragoda_Siyabalanduwa,4185.899821
9/19/2027,Veheragoda_Siyabalanduwa,4458.915145
9/20/2027,Veheragoda_Siyabalanduwa,4607.068299
9/21/2027,Veheragoda_Siyabalanduwa,4615.953325
9/22/2027,Veheragoda_Siyabalanduwa,4725.436909
9/23/2027,Veheragoda_Siyabalanduwa,4660.182222
9/24/2027,Veheragoda_Siyabalanduwa,4607.620307
9/25/2027,Veheragoda_Siyabalanduwa,4418.486742
9/26/2027,Veheragoda_Siyabalanduwa,4705.733976
9/27/2027,Veheragoda_Siyabalanduwa,4609.495172
9/28/2027,Veheragoda_Siyabalanduwa,4362.337628
9/29/2027,Veheragoda_Siyabalanduwa,4164.905599
9/30/2027,Veheragoda_Siyabalanduwa,4266.64486
10/1/2027,Veheragoda_Siyabalanduwa,4580.150016
10/2/2027,Veheragoda_Siyabalanduwa,4513.781501
10/3/2027,Veheragoda_Siyabalanduwa,4393.091387
10/4/2027,Veheragoda_Siyabalanduwa,4718.240328
10/5/2027,Veheragoda_Siyabalanduwa,4791.73077
10/6/2027,Veheragoda_Siyabalanduwa,4853.459687
10/7/2027,Veheragoda_Siyabalanduwa,4839.988387
10/8/2027,Veheragoda_Siyabalanduwa,4668.032766
10/9/2027,Veheragoda_Siyabalanduwa,4946.655621
10/10/2027,Veheragoda_Siyabalanduwa,4818.167007
10/11/2027,Veheragoda_Siyabalanduwa,4960.989913
10/12/2027,Veheragoda_Siyabalanduwa,5033.527352
10/13/2027,Veheragoda_Siyabalanduwa,5121.324358
10/14/2027,Veheragoda_Siyabalanduwa,4985.916446
10/15/2027,Veheragoda_Siyabalanduwa,4873.166459
10/16/2027,Veheragoda_Siyabalanduwa,4945.083636
10/17/2027,Veheragoda_Siyabalanduwa,5055.189188
10/18/2027,Veheragoda_Siyabalanduwa,4801.92031
10/19/2027,Veheragoda_Siyabalanduwa,5035.838619
10/20/2027,Veheragoda_Siyabalanduwa,5075.963716
10/21/2027,Veheragoda_Siyabalanduwa,4814.417703
10/22/2027,Veheragoda_Siyabalanduwa,4925.549633
10/23/2027,Veheragoda_Siyabalanduwa,5023.61467
10/24/2027,Veheragoda_Siyabalanduwa,5249.62314
10/25/2027,Veheragoda_Siyabalanduwa,5294.15449
10/26/2027,Veheragoda_Siyabalanduwa,5268.046301
10/27/2027,Veheragoda_Siyabalanduwa,5320.392361
10/28/2027,Veheragoda_Siyabalanduwa,5021.284633
10/29/2027,Veheragoda_Siyabalanduwa,5056.276567
10/30/2027,Veheragoda_Siyabalanduwa,5057.325127
10/31/2027,Veheragoda_Siyabalanduwa,4592.388469
11/1/2027,Veheragoda_Siyabalanduwa,4399.559351
11/2/2027,Veheragoda_Siyabalanduwa,3923.270695
11/3/2027,Veheragoda_Siyabalanduwa,3778.547115
11/4/2027,Veheragoda_Siyabalanduwa,3493.897603
11/5/2027,Veheragoda_Siyabalanduwa,3989.207287
11/6/2027,Veheragoda_Siyabalanduwa,4400.677871
11/7/2027,Veheragoda_Siyabalanduwa,4815.777247
11/8/2027,Veheragoda_Siyabalanduwa,5035.823689
11/9/2027,Veheragoda_Siyabalanduwa,4783.893024
11/10/2027,Veheragoda_Siyabalanduwa,4760.379359
11/11/2027,Veheragoda_Siyabalanduwa,4953.860307
11/12/2027,Veheragoda_Siyabalanduwa,4807.218989
11/13/2027,Veheragoda_Siyabalanduwa,4401.504603
11/14/2027,Veheragoda_Siyabalanduwa,4556.629952
11/15/2027,Veheragoda_Siyabalanduwa,4828.994725
11/16/2027,Veheragoda_Siyabalanduwa,4519.230341
11/17/2027,Veheragoda_Siyabalanduwa,3424.711885
11/18/2027,Veheragoda_Siyabalanduwa,3852.698772
11/19/2027,Veheragoda_Siyabalanduwa,4107.76189
11/20/2027,Veheragoda_Siyabalanduwa,4650.247784
11/21/2027,Veheragoda_Siyabalanduwa,4573.16801
11/22/2027,Veheragoda_Siyabalanduwa,4536.074691
11/23/2027,Veheragoda_Siyabalanduwa,4070.538034
11/24/2027,Veheragoda_Siyabalanduwa,4263.388269
11/25/2027,Veheragoda_Siyabalanduwa,4182.204268
11/26/2027,Veheragoda_Siyabalanduwa,3981.513301
11/27/2027,Veheragoda_Siyabalanduwa,3998.673542
11/28/2027,Veheragoda_Siyabalanduwa,4152.458543
11/29/2027,Veheragoda_Siyabalanduwa,4574.978887
11/30/2027,Veheragoda_Siyabalanduwa,4764.823151
12/1/2027,Veheragoda_Siyabalanduwa,4488.317465
12/2/2027,Veheragoda_Siyabalanduwa,4828.507985
12/3/2027,Veheragoda_Siyabalanduwa,4950.805067
12/4/2027,Veheragoda_Siyabalanduwa,4957.61473
12/5/2027,Veheragoda_Siyabalanduwa,4903.491494
12/6/2027,Veheragoda_Siyabalanduwa,5035.055399
12/7/2027,Veheragoda_Siyabalanduwa,5103.050076
12/8/2027,Veheragoda_Siyabalanduwa,5184.522452
12/9/2027,Veheragoda_Siyabalanduwa,5241.205231
12/10/2027,Veheragoda_Siyabalanduwa,5258.057259
12/11/2027,Veheragoda_Siyabalanduwa,5191.783448
12/12/2027,Veheragoda_Siyabalanduwa,4279.264259
12/13/2027,Veheragoda_Siyabalanduwa,4377.549844
12/14/2027,Veheragoda_Siyabalanduwa,4336.126632
12/15/2027,Veheragoda_Siyabalanduwa,4584.555415
12/16/2027,Veheragoda_Siyabalanduwa,4673.964506
12/17/2027,Veheragoda_Siyabalanduwa,4782.437924
12/18/2027,Veheragoda_Siyabalanduwa,5835.486243
12/19/2027,Veheragoda_Siyabalanduwa,5860.375663
12/20/2027,Veheragoda_Siyabalanduwa,5763.842511
12/21/2027,Veheragoda_Siyabalanduwa,5845.272655
12/22/2027,Veheragoda_Siyabalanduwa,5793.104056
12/23/2027,Veheragoda_Siyabalanduwa,5799.290471
12/24/2027,Veheragoda_Siyabalanduwa,5773.763725
12/25/2027,Veheragoda_Siyabalanduwa,5702.944593
12/26/2027,Veheragoda_Siyabalanduwa,5718.069784
12/27/2027,Veheragoda_Siyabalanduwa,5719.806007
12/28/2027,Veheragoda_Siyabalanduwa,5820.157569
12/29/2027,Veheragoda_Siyabalanduwa,5710.552833
12/30/2027,Veheragoda_Siyabalanduwa,5761.584142
12/31/2027,Veheragoda_Siyabalanduwa,5757.440669
1/1/2025,Nawanthurai_Jaffna,4555.395907
1/2/2025,Nawanthurai_Jaffna,4310.475845
1/3/2025,Nawanthurai_Jaffna,4090.026274
1/4/2025,Nawanthurai_Jaffna,3894.047195
1/5/2025,Nawanthurai_Jaffna,3722.538607
1/6/2025,Nawanthurai_Jaffna,3575.500511
1/7/2025,Nawanthurai_Jaffna,3452.932906
1/8/2025,Nawanthurai_Jaffna,3354.835793
1/9/2025,Nawanthurai_Jaffna,3281.209171
1/10/2025,Nawanthurai_Jaffna,3232.053041
1/11/2025,Nawanthurai_Jaffna,3207.367402
1/12/2025,Nawanthurai_Jaffna,3246.972797
1/13/2025,Nawanthurai_Jaffna,3342.048338
1/14/2025,Nawanthurai_Jaffna,3403.382664
1/15/2025,Nawanthurai_Jaffna,3480.156357
1/16/2025,Nawanthurai_Jaffna,3629.025772
1/17/2025,Nawanthurai_Jaffna,3784.522624
1/18/2025,Nawanthurai_Jaffna,3875.932476
1/19/2025,Nawanthurai_Jaffna,3804.369409
1/20/2025,Nawanthurai_Jaffna,3789.131558
1/21/2025,Nawanthurai_Jaffna,3844.329015
1/22/2025,Nawanthurai_Jaffna,3860.305358
1/23/2025,Nawanthurai_Jaffna,3870.969055
1/24/2025,Nawanthurai_Jaffna,3843.294311
1/25/2025,Nawanthurai_Jaffna,3764.817656
1/26/2025,Nawanthurai_Jaffna,3785.136464
1/27/2025,Nawanthurai_Jaffna,3823.259593
1/28/2025,Nawanthurai_Jaffna,3851.50464
1/29/2025,Nawanthurai_Jaffna,3714.297016
1/30/2025,Nawanthurai_Jaffna,3757.988043
1/31/2025,Nawanthurai_Jaffna,3732.085192
2/1/2025,Nawanthurai_Jaffna,3677.014262
2/2/2025,Nawanthurai_Jaffna,3631.066064
2/3/2025,Nawanthurai_Jaffna,3611.001518
2/4/2025,Nawanthurai_Jaffna,3618.481077
2/5/2025,Nawanthurai_Jaffna,3694.615538
2/6/2025,Nawanthurai_Jaffna,3780.901782
2/7/2025,Nawanthurai_Jaffna,3753.163734
2/8/2025,Nawanthurai_Jaffna,3713.794796
2/9/2025,Nawanthurai_Jaffna,3658.804435
2/10/2025,Nawanthurai_Jaffna,3635.371592
2/11/2025,Nawanthurai_Jaffna,3617.279082
2/12/2025,Nawanthurai_Jaffna,3662.486099
2/13/2025,Nawanthurai_Jaffna,3687.282815
2/14/2025,Nawanthurai_Jaffna,3740.917204
2/15/2025,Nawanthurai_Jaffna,3900.867983
2/16/2025,Nawanthurai_Jaffna,4070.746655
2/17/2025,Nawanthurai_Jaffna,4194.532725
2/18/2025,Nawanthurai_Jaffna,4163.129771
2/19/2025,Nawanthurai_Jaffna,4206.687032
2/20/2025,Nawanthurai_Jaffna,4247.652931
2/21/2025,Nawanthurai_Jaffna,4274.70298
2/22/2025,Nawanthurai_Jaffna,4341.584181
2/23/2025,Nawanthurai_Jaffna,4410.064575
2/24/2025,Nawanthurai_Jaffna,4442.816265
2/25/2025,Nawanthurai_Jaffna,4454.910337
2/26/2025,Nawanthurai_Jaffna,4485.04678
2/27/2025,Nawanthurai_Jaffna,4445.86731
2/28/2025,Nawanthurai_Jaffna,4327.135051
3/1/2025,Nawanthurai_Jaffna,4176.358096
3/2/2025,Nawanthurai_Jaffna,4086.773296
3/3/2025,Nawanthurai_Jaffna,3973.409491
3/4/2025,Nawanthurai_Jaffna,3912.202524
3/5/2025,Nawanthurai_Jaffna,3801.365896
3/6/2025,Nawanthurai_Jaffna,3692.29587
3/7/2025,Nawanthurai_Jaffna,3691.473307
3/8/2025,Nawanthurai_Jaffna,3697.877163
3/9/2025,Nawanthurai_Jaffna,3663.332774
3/10/2025,Nawanthurai_Jaffna,3634.253416
3/11/2025,Nawanthurai_Jaffna,3642.017402
3/12/2025,Nawanthurai_Jaffna,3718.812932
3/13/2025,Nawanthurai_Jaffna,3762.034655
3/14/2025,Nawanthurai_Jaffna,3798.751341
3/15/2025,Nawanthurai_Jaffna,3851.994472
3/16/2025,Nawanthurai_Jaffna,3907.546643
3/17/2025,Nawanthurai_Jaffna,3982.099167
3/18/2025,Nawanthurai_Jaffna,4107.362284
3/19/2025,Nawanthurai_Jaffna,4165.324931
3/20/2025,Nawanthurai_Jaffna,4088.877839
3/21/2025,Nawanthurai_Jaffna,4072.652953
3/22/2025,Nawanthurai_Jaffna,4040.662961
3/23/2025,Nawanthurai_Jaffna,4007.492595
3/24/2025,Nawanthurai_Jaffna,3973.975113
3/25/2025,Nawanthurai_Jaffna,3967.957566
3/26/2025,Nawanthurai_Jaffna,3977.163301
3/27/2025,Nawanthurai_Jaffna,3989.12007
3/28/2025,Nawanthurai_Jaffna,4069.758971
3/29/2025,Nawanthurai_Jaffna,4141.739497
3/30/2025,Nawanthurai_Jaffna,4121.1289
3/31/2025,Nawanthurai_Jaffna,4095.254615
4/1/2025,Nawanthurai_Jaffna,4059.88258
4/2/2025,Nawanthurai_Jaffna,3969.018791
4/3/2025,Nawanthurai_Jaffna,3897.35492
4/4/2025,Nawanthurai_Jaffna,3874.489313
4/5/2025,Nawanthurai_Jaffna,3794.182169
4/6/2025,Nawanthurai_Jaffna,3759.933047
4/7/2025,Nawanthurai_Jaffna,3832.296225
4/8/2025,Nawanthurai_Jaffna,3838.672684
4/9/2025,Nawanthurai_Jaffna,3736.808217
4/10/2025,Nawanthurai_Jaffna,3695.89353
4/11/2025,Nawanthurai_Jaffna,3632.380646
4/12/2025,Nawanthurai_Jaffna,3612.14756
4/13/2025,Nawanthurai_Jaffna,3617.92037
4/14/2025,Nawanthurai_Jaffna,3654.861365
4/15/2025,Nawanthurai_Jaffna,3698.429856
4/16/2025,Nawanthurai_Jaffna,3807.522831
4/17/2025,Nawanthurai_Jaffna,4040.092262
4/18/2025,Nawanthurai_Jaffna,4137.437107
4/19/2025,Nawanthurai_Jaffna,4113.761672
4/20/2025,Nawanthurai_Jaffna,4094.358905
4/21/2025,Nawanthurai_Jaffna,4065.958937
4/22/2025,Nawanthurai_Jaffna,4058.883895
4/23/2025,Nawanthurai_Jaffna,4056.516835
4/24/2025,Nawanthurai_Jaffna,4067.728612
4/25/2025,Nawanthurai_Jaffna,4026.15327
4/26/2025,Nawanthurai_Jaffna,4087.823594
4/27/2025,Nawanthurai_Jaffna,4166.591997
4/28/2025,Nawanthurai_Jaffna,4197.71633
4/29/2025,Nawanthurai_Jaffna,4078.8144
4/30/2025,Nawanthurai_Jaffna,3961.791047
5/1/2025,Nawanthurai_Jaffna,3915.236658
5/2/2025,Nawanthurai_Jaffna,3806.861702
5/3/2025,Nawanthurai_Jaffna,3798.999325
5/4/2025,Nawanthurai_Jaffna,3733.926345
5/5/2025,Nawanthurai_Jaffna,3724.208786
5/6/2025,Nawanthurai_Jaffna,3832.87958
5/7/2025,Nawanthurai_Jaffna,3946.618451
5/8/2025,Nawanthurai_Jaffna,3919.44006
5/9/2025,Nawanthurai_Jaffna,3896.85607
5/10/2025,Nawanthurai_Jaffna,3904.878971
5/11/2025,Nawanthurai_Jaffna,3952.073628
5/12/2025,Nawanthurai_Jaffna,4012.274755
5/13/2025,Nawanthurai_Jaffna,4072.040674
5/14/2025,Nawanthurai_Jaffna,4088.864172
5/15/2025,Nawanthurai_Jaffna,4090.315094
5/16/2025,Nawanthurai_Jaffna,4184.662313
5/17/2025,Nawanthurai_Jaffna,4271.02931
5/18/2025,Nawanthurai_Jaffna,4308.929425
5/19/2025,Nawanthurai_Jaffna,4194.27864
5/20/2025,Nawanthurai_Jaffna,4095.222088
5/21/2025,Nawanthurai_Jaffna,4096.144194
5/22/2025,Nawanthurai_Jaffna,3987.414475
5/23/2025,Nawanthurai_Jaffna,3905.209927
5/24/2025,Nawanthurai_Jaffna,3804.865783
5/25/2025,Nawanthurai_Jaffna,3789.072081
5/26/2025,Nawanthurai_Jaffna,3812.509961
5/27/2025,Nawanthurai_Jaffna,3812.618277
5/28/2025,Nawanthurai_Jaffna,3818.169377
5/29/2025,Nawanthurai_Jaffna,3711.938067
5/30/2025,Nawanthurai_Jaffna,3622.275069
5/31/2025,Nawanthurai_Jaffna,3531.679554
6/1/2025,Nawanthurai_Jaffna,3410.001315
6/2/2025,Nawanthurai_Jaffna,3328.978846
6/3/2025,Nawanthurai_Jaffna,3312.610981
6/4/2025,Nawanthurai_Jaffna,3268.615205
6/5/2025,Nawanthurai_Jaffna,3371.797453
6/6/2025,Nawanthurai_Jaffna,3491.498781
6/7/2025,Nawanthurai_Jaffna,3496.291972
6/8/2025,Nawanthurai_Jaffna,3415.280391
6/9/2025,Nawanthurai_Jaffna,3449.018026
6/10/2025,Nawanthurai_Jaffna,3451.369373
6/11/2025,Nawanthurai_Jaffna,3476.974677
6/12/2025,Nawanthurai_Jaffna,3531.210101
6/13/2025,Nawanthurai_Jaffna,3576.893424
6/14/2025,Nawanthurai_Jaffna,3663.285771
6/15/2025,Nawanthurai_Jaffna,3745.052118
6/16/2025,Nawanthurai_Jaffna,3851.202352
6/17/2025,Nawanthurai_Jaffna,3899.162243
6/18/2025,Nawanthurai_Jaffna,3734.630541
6/19/2025,Nawanthurai_Jaffna,3646.705347
6/20/2025,Nawanthurai_Jaffna,3595.214058
6/21/2025,Nawanthurai_Jaffna,3586.196954
6/22/2025,Nawanthurai_Jaffna,3559.188122
6/23/2025,Nawanthurai_Jaffna,3619.445596
6/24/2025,Nawanthurai_Jaffna,3614.558685
6/25/2025,Nawanthurai_Jaffna,3713.232155
6/26/2025,Nawanthurai_Jaffna,3733.281641
6/27/2025,Nawanthurai_Jaffna,3720.139558
6/28/2025,Nawanthurai_Jaffna,3641.269303
6/29/2025,Nawanthurai_Jaffna,3587.406682
6/30/2025,Nawanthurai_Jaffna,3517.983273
7/1/2025,Nawanthurai_Jaffna,3522.733767
7/2/2025,Nawanthurai_Jaffna,3505.02944
7/3/2025,Nawanthurai_Jaffna,3467.478855
7/4/2025,Nawanthurai_Jaffna,3490.065301
7/5/2025,Nawanthurai_Jaffna,3535.934326
7/6/2025,Nawanthurai_Jaffna,3653.939754
7/7/2025,Nawanthurai_Jaffna,3642.619996
7/8/2025,Nawanthurai_Jaffna,3598.261822
7/9/2025,Nawanthurai_Jaffna,3591.269708
7/10/2025,Nawanthurai_Jaffna,3602.265132
7/11/2025,Nawanthurai_Jaffna,3657.712655
7/12/2025,Nawanthurai_Jaffna,3651.408952
7/13/2025,Nawanthurai_Jaffna,3670.118531
7/14/2025,Nawanthurai_Jaffna,3696.599736
7/15/2025,Nawanthurai_Jaffna,3720.515726
7/16/2025,Nawanthurai_Jaffna,3751.05497
7/17/2025,Nawanthurai_Jaffna,3768.739492
7/18/2025,Nawanthurai_Jaffna,3655.869661
7/19/2025,Nawanthurai_Jaffna,3581.504845
7/20/2025,Nawanthurai_Jaffna,3559.058887
7/21/2025,Nawanthurai_Jaffna,3560.975587
7/22/2025,Nawanthurai_Jaffna,3536.176682
7/23/2025,Nawanthurai_Jaffna,3543.43739
7/24/2025,Nawanthurai_Jaffna,3565.185658
7/25/2025,Nawanthurai_Jaffna,3607.402838
7/26/2025,Nawanthurai_Jaffna,3668.056402
7/27/2025,Nawanthurai_Jaffna,3683.577902
7/28/2025,Nawanthurai_Jaffna,3632.682348
7/29/2025,Nawanthurai_Jaffna,3538.518831
7/30/2025,Nawanthurai_Jaffna,3425.10335
7/31/2025,Nawanthurai_Jaffna,3314.970819
8/1/2025,Nawanthurai_Jaffna,3191.415402
8/2/2025,Nawanthurai_Jaffna,3125.623226
8/3/2025,Nawanthurai_Jaffna,3074.509635
8/4/2025,Nawanthurai_Jaffna,3105.617274
8/5/2025,Nawanthurai_Jaffna,3175.498261
8/6/2025,Nawanthurai_Jaffna,3158.390756
8/7/2025,Nawanthurai_Jaffna,3079.546569
8/8/2025,Nawanthurai_Jaffna,3024.675589
8/9/2025,Nawanthurai_Jaffna,3061.817991
8/10/2025,Nawanthurai_Jaffna,3161.314931
8/11/2025,Nawanthurai_Jaffna,3211.41221
8/12/2025,Nawanthurai_Jaffna,3261.60206
8/13/2025,Nawanthurai_Jaffna,3280.274246
8/14/2025,Nawanthurai_Jaffna,3349.534202
8/15/2025,Nawanthurai_Jaffna,3465.539902
8/16/2025,Nawanthurai_Jaffna,3505.959204
8/17/2025,Nawanthurai_Jaffna,3417.75482
8/18/2025,Nawanthurai_Jaffna,3341.277441
8/19/2025,Nawanthurai_Jaffna,3309.394414
8/20/2025,Nawanthurai_Jaffna,3321.998787
8/21/2025,Nawanthurai_Jaffna,3317.661436
8/22/2025,Nawanthurai_Jaffna,3356.652846
8/23/2025,Nawanthurai_Jaffna,3386.151927
8/24/2025,Nawanthurai_Jaffna,3470.462957
8/25/2025,Nawanthurai_Jaffna,3476.470744
8/26/2025,Nawanthurai_Jaffna,3489.181848
8/27/2025,Nawanthurai_Jaffna,3405.751047
8/28/2025,Nawanthurai_Jaffna,3353.275881
8/29/2025,Nawanthurai_Jaffna,3334.040122
8/30/2025,Nawanthurai_Jaffna,3213.832276
8/31/2025,Nawanthurai_Jaffna,3112.066009
9/1/2025,Nawanthurai_Jaffna,3059.829298
9/2/2025,Nawanthurai_Jaffna,2986.855419
9/3/2025,Nawanthurai_Jaffna,3023.478985
9/4/2025,Nawanthurai_Jaffna,3077.054882
9/5/2025,Nawanthurai_Jaffna,2958.213379
9/6/2025,Nawanthurai_Jaffna,2911.659025
9/7/2025,Nawanthurai_Jaffna,2933.999135
9/8/2025,Nawanthurai_Jaffna,2949.642681
9/9/2025,Nawanthurai_Jaffna,3012.256363
9/10/2025,Nawanthurai_Jaffna,3053.234957
9/11/2025,Nawanthurai_Jaffna,3120.181504
9/12/2025,Nawanthurai_Jaffna,3195.413342
9/13/2025,Nawanthurai_Jaffna,3309.750153
9/14/2025,Nawanthurai_Jaffna,3388.536845
9/15/2025,Nawanthurai_Jaffna,3429.565686
9/16/2025,Nawanthurai_Jaffna,3378.400794
9/17/2025,Nawanthurai_Jaffna,3344.218829
9/18/2025,Nawanthurai_Jaffna,3309.823833
9/19/2025,Nawanthurai_Jaffna,3263.547507
9/20/2025,Nawanthurai_Jaffna,3276.437393
9/21/2025,Nawanthurai_Jaffna,3248.998268
9/22/2025,Nawanthurai_Jaffna,3249.456239
9/23/2025,Nawanthurai_Jaffna,3267.614767
9/24/2025,Nawanthurai_Jaffna,3273.788443
9/25/2025,Nawanthurai_Jaffna,3269.002017
9/26/2025,Nawanthurai_Jaffna,3224.810115
9/27/2025,Nawanthurai_Jaffna,3208.549336
9/28/2025,Nawanthurai_Jaffna,3102.120744
9/29/2025,Nawanthurai_Jaffna,3064.604609
9/30/2025,Nawanthurai_Jaffna,3043.835997
10/1/2025,Nawanthurai_Jaffna,2995.166056
10/2/2025,Nawanthurai_Jaffna,2992.648961
10/3/2025,Nawanthurai_Jaffna,3041.495886
10/4/2025,Nawanthurai_Jaffna,3077.632897
10/5/2025,Nawanthurai_Jaffna,3040.885569
10/6/2025,Nawanthurai_Jaffna,3010.039442
10/7/2025,Nawanthurai_Jaffna,2999.492709
10/8/2025,Nawanthurai_Jaffna,3012.606226
10/9/2025,Nawanthurai_Jaffna,3062.131949
10/10/2025,Nawanthurai_Jaffna,3088.317507
10/11/2025,Nawanthurai_Jaffna,3102.515628
10/12/2025,Nawanthurai_Jaffna,3204.864383
10/13/2025,Nawanthurai_Jaffna,3276.674299
10/14/2025,Nawanthurai_Jaffna,3389.66764
10/15/2025,Nawanthurai_Jaffna,3426.478929
10/16/2025,Nawanthurai_Jaffna,3331.959759
10/17/2025,Nawanthurai_Jaffna,3325.116089
10/18/2025,Nawanthurai_Jaffna,3252.929584
10/19/2025,Nawanthurai_Jaffna,3263.698421
10/20/2025,Nawanthurai_Jaffna,3235.132353
10/21/2025,Nawanthurai_Jaffna,3198.099805
10/22/2025,Nawanthurai_Jaffna,3199.486311
10/23/2025,Nawanthurai_Jaffna,3182.369718
10/24/2025,Nawanthurai_Jaffna,3219.071736
10/25/2025,Nawanthurai_Jaffna,3233.602332
10/26/2025,Nawanthurai_Jaffna,3182.621828
10/27/2025,Nawanthurai_Jaffna,3191.722729
10/28/2025,Nawanthurai_Jaffna,3186.771179
10/29/2025,Nawanthurai_Jaffna,3117.470859
10/30/2025,Nawanthurai_Jaffna,3035.985829
10/31/2025,Nawanthurai_Jaffna,3045.325528
11/1/2025,Nawanthurai_Jaffna,3040.914578
11/2/2025,Nawanthurai_Jaffna,3092.387183
11/3/2025,Nawanthurai_Jaffna,3142.055945
11/4/2025,Nawanthurai_Jaffna,3057.921184
11/5/2025,Nawanthurai_Jaffna,2995.960577
11/6/2025,Nawanthurai_Jaffna,2938.679777
11/7/2025,Nawanthurai_Jaffna,2950.904279
11/8/2025,Nawanthurai_Jaffna,3006.681275
11/9/2025,Nawanthurai_Jaffna,3028.322509
11/10/2025,Nawanthurai_Jaffna,3063.37728
11/11/2025,Nawanthurai_Jaffna,3126.224351
11/12/2025,Nawanthurai_Jaffna,3182.384706
11/13/2025,Nawanthurai_Jaffna,3313.942014
11/14/2025,Nawanthurai_Jaffna,3402.016342
11/15/2025,Nawanthurai_Jaffna,3347.979152
11/16/2025,Nawanthurai_Jaffna,3310.344892
11/17/2025,Nawanthurai_Jaffna,3287.43994
11/18/2025,Nawanthurai_Jaffna,3256.498627
11/19/2025,Nawanthurai_Jaffna,3305.739305
11/20/2025,Nawanthurai_Jaffna,3319.730325
11/21/2025,Nawanthurai_Jaffna,3337.707855
11/22/2025,Nawanthurai_Jaffna,3410.342067
11/23/2025,Nawanthurai_Jaffna,3470.945422
11/24/2025,Nawanthurai_Jaffna,3511.6704
11/25/2025,Nawanthurai_Jaffna,3478.964797
11/26/2025,Nawanthurai_Jaffna,3444.01405
11/27/2025,Nawanthurai_Jaffna,3456.941852
11/28/2025,Nawanthurai_Jaffna,3394.433526
11/29/2025,Nawanthurai_Jaffna,3318.240482
11/30/2025,Nawanthurai_Jaffna,3261.642792
12/1/2025,Nawanthurai_Jaffna,3283.384582
12/2/2025,Nawanthurai_Jaffna,3284.47925
12/3/2025,Nawanthurai_Jaffna,3360.83389
12/4/2025,Nawanthurai_Jaffna,3352.974207
12/5/2025,Nawanthurai_Jaffna,3266.555872
12/6/2025,Nawanthurai_Jaffna,3255.955594
12/7/2025,Nawanthurai_Jaffna,3329.59776
12/8/2025,Nawanthurai_Jaffna,3415.631505
12/9/2025,Nawanthurai_Jaffna,3473.453778
12/10/2025,Nawanthurai_Jaffna,3522.204622
12/11/2025,Nawanthurai_Jaffna,3574.415315
12/12/2025,Nawanthurai_Jaffna,3694.384439
12/13/2025,Nawanthurai_Jaffna,3873.311882
12/14/2025,Nawanthurai_Jaffna,3903.623118
12/15/2025,Nawanthurai_Jaffna,3772.920019
12/16/2025,Nawanthurai_Jaffna,3704.497321
12/17/2025,Nawanthurai_Jaffna,3647.500324
12/18/2025,Nawanthurai_Jaffna,3601.99939
12/19/2025,Nawanthurai_Jaffna,3569.008323
12/20/2025,Nawanthurai_Jaffna,3562.268873
12/21/2025,Nawanthurai_Jaffna,3555.671389
12/22/2025,Nawanthurai_Jaffna,3542.546926
12/23/2025,Nawanthurai_Jaffna,3570.857368
12/24/2025,Nawanthurai_Jaffna,3588.757994
12/25/2025,Nawanthurai_Jaffna,3489.85241
12/26/2025,Nawanthurai_Jaffna,3462.902712
12/27/2025,Nawanthurai_Jaffna,3405.739753
12/28/2025,Nawanthurai_Jaffna,3320.694684
12/29/2025,Nawanthurai_Jaffna,3252.001191
12/30/2025,Nawanthurai_Jaffna,3190.222488
12/31/2025,Nawanthurai_Jaffna,3111.943072
1/1/2026,Nawanthurai_Jaffna,3214.757631
1/2/2026,Nawanthurai_Jaffna,3314.41491
1/3/2026,Nawanthurai_Jaffna,3229.296343
1/4/2026,Nawanthurai_Jaffna,3187.952443
1/5/2026,Nawanthurai_Jaffna,3168.369711
1/6/2026,Nawanthurai_Jaffna,3139.662477
1/7/2026,Nawanthurai_Jaffna,3189.614303
1/8/2026,Nawanthurai_Jaffna,3239.593933
1/9/2026,Nawanthurai_Jaffna,3249.899078
1/10/2026,Nawanthurai_Jaffna,3264.424007
1/11/2026,Nawanthurai_Jaffna,3389.997297
1/12/2026,Nawanthurai_Jaffna,3592.888217
1/13/2026,Nawanthurai_Jaffna,3676.673161
1/14/2026,Nawanthurai_Jaffna,3672.604105
1/15/2026,Nawanthurai_Jaffna,3665.531709
1/16/2026,Nawanthurai_Jaffna,3689.58383
1/17/2026,Nawanthurai_Jaffna,3721.794074
1/18/2026,Nawanthurai_Jaffna,3788.216728
1/19/2026,Nawanthurai_Jaffna,3812.54659
1/20/2026,Nawanthurai_Jaffna,3918.987508
1/21/2026,Nawanthurai_Jaffna,4017.298495
1/22/2026,Nawanthurai_Jaffna,4119.993416
1/23/2026,Nawanthurai_Jaffna,4159.728756
1/24/2026,Nawanthurai_Jaffna,4080.145456
1/25/2026,Nawanthurai_Jaffna,3971.940768
1/26/2026,Nawanthurai_Jaffna,3881.209667
1/27/2026,Nawanthurai_Jaffna,3840.42994
1/28/2026,Nawanthurai_Jaffna,3741.353262
1/29/2026,Nawanthurai_Jaffna,3628.512433
1/30/2026,Nawanthurai_Jaffna,3548.19975
1/31/2026,Nawanthurai_Jaffna,3633.182456
2/1/2026,Nawanthurai_Jaffna,3714.192879
2/2/2026,Nawanthurai_Jaffna,3655.097569
2/3/2026,Nawanthurai_Jaffna,3585.696841
2/4/2026,Nawanthurai_Jaffna,3471.576014
2/5/2026,Nawanthurai_Jaffna,3482.911133
2/6/2026,Nawanthurai_Jaffna,3499.530273
2/7/2026,Nawanthurai_Jaffna,3580.424948
2/8/2026,Nawanthurai_Jaffna,3642.130403
2/9/2026,Nawanthurai_Jaffna,3737.062697
2/10/2026,Nawanthurai_Jaffna,3831.213
2/11/2026,Nawanthurai_Jaffna,3966.480253
2/12/2026,Nawanthurai_Jaffna,4039.090654
2/13/2026,Nawanthurai_Jaffna,4034.481398
2/14/2026,Nawanthurai_Jaffna,4083.438258
2/15/2026,Nawanthurai_Jaffna,4069.141154
2/16/2026,Nawanthurai_Jaffna,4126.857644
2/17/2026,Nawanthurai_Jaffna,4133.700283
2/18/2026,Nawanthurai_Jaffna,4141.811165
2/19/2026,Nawanthurai_Jaffna,4116.599232
2/20/2026,Nawanthurai_Jaffna,4204.509665
2/21/2026,Nawanthurai_Jaffna,4296.984173
2/22/2026,Nawanthurai_Jaffna,4345.949955
2/23/2026,Nawanthurai_Jaffna,4231.657735
2/24/2026,Nawanthurai_Jaffna,4148.080929
2/25/2026,Nawanthurai_Jaffna,4074.403928
2/26/2026,Nawanthurai_Jaffna,3987.574984
2/27/2026,Nawanthurai_Jaffna,3920.65359
2/28/2026,Nawanthurai_Jaffna,3834.864362
3/1/2026,Nawanthurai_Jaffna,3646.180261
3/2/2026,Nawanthurai_Jaffna,3633.54866
3/3/2026,Nawanthurai_Jaffna,3692.118096
3/4/2026,Nawanthurai_Jaffna,3725.764227
3/5/2026,Nawanthurai_Jaffna,3648.483717
3/6/2026,Nawanthurai_Jaffna,3544.73858
3/7/2026,Nawanthurai_Jaffna,3541.771024
3/8/2026,Nawanthurai_Jaffna,3577.291903
3/9/2026,Nawanthurai_Jaffna,3619.777672
3/10/2026,Nawanthurai_Jaffna,3658.031838
3/11/2026,Nawanthurai_Jaffna,3718.645576
3/12/2026,Nawanthurai_Jaffna,3847.93307
3/13/2026,Nawanthurai_Jaffna,4021.244432
3/14/2026,Nawanthurai_Jaffna,4085.342785
3/15/2026,Nawanthurai_Jaffna,4065.671547
3/16/2026,Nawanthurai_Jaffna,4048.929878
3/17/2026,Nawanthurai_Jaffna,4039.881243
3/18/2026,Nawanthurai_Jaffna,4053.387887
3/19/2026,Nawanthurai_Jaffna,4017.783882
3/20/2026,Nawanthurai_Jaffna,3955.799245
3/21/2026,Nawanthurai_Jaffna,3928.472481
3/22/2026,Nawanthurai_Jaffna,4032.839972
3/23/2026,Nawanthurai_Jaffna,4091.467714
3/24/2026,Nawanthurai_Jaffna,4088.252902
3/25/2026,Nawanthurai_Jaffna,3955.663246
3/26/2026,Nawanthurai_Jaffna,3871.1952
3/27/2026,Nawanthurai_Jaffna,3824.214453
3/28/2026,Nawanthurai_Jaffna,3700.377916
3/29/2026,Nawanthurai_Jaffna,3675.122051
3/30/2026,Nawanthurai_Jaffna,3619.638716
3/31/2026,Nawanthurai_Jaffna,3570.101441
4/1/2026,Nawanthurai_Jaffna,3597.59018
4/2/2026,Nawanthurai_Jaffna,3671.249837
4/3/2026,Nawanthurai_Jaffna,3616.543075
4/4/2026,Nawanthurai_Jaffna,3580.617314
4/5/2026,Nawanthurai_Jaffna,3532.636343
4/6/2026,Nawanthurai_Jaffna,3558.914316
4/7/2026,Nawanthurai_Jaffna,3602.270744
4/8/2026,Nawanthurai_Jaffna,3604.228987
4/9/2026,Nawanthurai_Jaffna,3669.09196
4/10/2026,Nawanthurai_Jaffna,3791.530776
4/11/2026,Nawanthurai_Jaffna,3886.773314
4/12/2026,Nawanthurai_Jaffna,3953.585083
4/13/2026,Nawanthurai_Jaffna,4064.938224
4/14/2026,Nawanthurai_Jaffna,4066.07448
4/15/2026,Nawanthurai_Jaffna,4094.669752
4/16/2026,Nawanthurai_Jaffna,4098.366754
4/17/2026,Nawanthurai_Jaffna,4175.754602
4/18/2026,Nawanthurai_Jaffna,4270.954792
4/19/2026,Nawanthurai_Jaffna,4335.46652
4/20/2026,Nawanthurai_Jaffna,4414.528651
4/21/2026,Nawanthurai_Jaffna,4518.464077
4/22/2026,Nawanthurai_Jaffna,4519.054812
4/23/2026,Nawanthurai_Jaffna,4508.519301
4/24/2026,Nawanthurai_Jaffna,4413.65335
4/25/2026,Nawanthurai_Jaffna,4281.600439
4/26/2026,Nawanthurai_Jaffna,4136.91344
4/27/2026,Nawanthurai_Jaffna,3971.605413
4/28/2026,Nawanthurai_Jaffna,3836.486025
4/29/2026,Nawanthurai_Jaffna,3739.455777
4/30/2026,Nawanthurai_Jaffna,3599.800252
5/1/2026,Nawanthurai_Jaffna,3570.632937
5/2/2026,Nawanthurai_Jaffna,3521.497935
5/3/2026,Nawanthurai_Jaffna,3509.347837
5/4/2026,Nawanthurai_Jaffna,3460.590532
5/5/2026,Nawanthurai_Jaffna,3390.872359
5/6/2026,Nawanthurai_Jaffna,3366.990206
5/7/2026,Nawanthurai_Jaffna,3478.673478
5/8/2026,Nawanthurai_Jaffna,3557.946278
5/9/2026,Nawanthurai_Jaffna,3661.303278
5/10/2026,Nawanthurai_Jaffna,3742.753482
5/11/2026,Nawanthurai_Jaffna,3820.768332
5/12/2026,Nawanthurai_Jaffna,3923.999865
5/13/2026,Nawanthurai_Jaffna,3977.714471
5/14/2026,Nawanthurai_Jaffna,3848.907436
5/15/2026,Nawanthurai_Jaffna,3820.575013
5/16/2026,Nawanthurai_Jaffna,3808.837751
5/17/2026,Nawanthurai_Jaffna,3844.318516
5/18/2026,Nawanthurai_Jaffna,3936.271745
5/19/2026,Nawanthurai_Jaffna,3913.724954
5/20/2026,Nawanthurai_Jaffna,3919.428924
5/21/2026,Nawanthurai_Jaffna,3991.926795
5/22/2026,Nawanthurai_Jaffna,4004.930903
5/23/2026,Nawanthurai_Jaffna,4014.346959
5/24/2026,Nawanthurai_Jaffna,3883.770911
5/25/2026,Nawanthurai_Jaffna,3753.96388
5/26/2026,Nawanthurai_Jaffna,3746.950041
5/27/2026,Nawanthurai_Jaffna,3733.05788
5/28/2026,Nawanthurai_Jaffna,3659.580227
5/29/2026,Nawanthurai_Jaffna,3538.947953
5/30/2026,Nawanthurai_Jaffna,3416.732851
5/31/2026,Nawanthurai_Jaffna,3405.669038
6/1/2026,Nawanthurai_Jaffna,3484.107102
6/2/2026,Nawanthurai_Jaffna,3433.212607
6/3/2026,Nawanthurai_Jaffna,3401.473933
6/4/2026,Nawanthurai_Jaffna,3428.672696
6/5/2026,Nawanthurai_Jaffna,3476.95396
6/6/2026,Nawanthurai_Jaffna,3565.924406
6/7/2026,Nawanthurai_Jaffna,3662.0922
6/8/2026,Nawanthurai_Jaffna,3648.710419
6/9/2026,Nawanthurai_Jaffna,3719.010012
6/10/2026,Nawanthurai_Jaffna,3850.071229
6/11/2026,Nawanthurai_Jaffna,3924.158843
6/12/2026,Nawanthurai_Jaffna,3972.354624
6/13/2026,Nawanthurai_Jaffna,3903.372149
6/14/2026,Nawanthurai_Jaffna,3958.711906
6/15/2026,Nawanthurai_Jaffna,4042.035504
6/16/2026,Nawanthurai_Jaffna,4079.786919
6/17/2026,Nawanthurai_Jaffna,4041.431455
6/18/2026,Nawanthurai_Jaffna,3981.160263
6/19/2026,Nawanthurai_Jaffna,4008.955895
6/20/2026,Nawanthurai_Jaffna,4045.417592
6/21/2026,Nawanthurai_Jaffna,4113.785756
6/22/2026,Nawanthurai_Jaffna,4142.20984
6/23/2026,Nawanthurai_Jaffna,4021.684656
6/24/2026,Nawanthurai_Jaffna,3883.763787
6/25/2026,Nawanthurai_Jaffna,3790.526669
6/26/2026,Nawanthurai_Jaffna,3686.843576
6/27/2026,Nawanthurai_Jaffna,3646.209975
6/28/2026,Nawanthurai_Jaffna,3562.535412
6/29/2026,Nawanthurai_Jaffna,3543.717983
6/30/2026,Nawanthurai_Jaffna,3583.262696
7/1/2026,Nawanthurai_Jaffna,3629.283715
7/2/2026,Nawanthurai_Jaffna,3622.219327
7/3/2026,Nawanthurai_Jaffna,3517.589452
7/4/2026,Nawanthurai_Jaffna,3461.521924
7/5/2026,Nawanthurai_Jaffna,3478.453869
7/6/2026,Nawanthurai_Jaffna,3526.627055
7/7/2026,Nawanthurai_Jaffna,3517.874932
7/8/2026,Nawanthurai_Jaffna,3534.97592
7/9/2026,Nawanthurai_Jaffna,3582.428776
7/10/2026,Nawanthurai_Jaffna,3588.919274
7/11/2026,Nawanthurai_Jaffna,3637.452975
7/12/2026,Nawanthurai_Jaffna,3608.492083
7/13/2026,Nawanthurai_Jaffna,3452.28142
7/14/2026,Nawanthurai_Jaffna,3378.461072
7/15/2026,Nawanthurai_Jaffna,3312.062429
7/16/2026,Nawanthurai_Jaffna,3322.264405
7/17/2026,Nawanthurai_Jaffna,3330.445216
7/18/2026,Nawanthurai_Jaffna,3317.414026
7/19/2026,Nawanthurai_Jaffna,3332.144084
7/20/2026,Nawanthurai_Jaffna,3375.355715
7/21/2026,Nawanthurai_Jaffna,3412.90257
7/22/2026,Nawanthurai_Jaffna,3401.588234
7/23/2026,Nawanthurai_Jaffna,3301.806993
7/24/2026,Nawanthurai_Jaffna,3254.555837
7/25/2026,Nawanthurai_Jaffna,3246.632514
7/26/2026,Nawanthurai_Jaffna,3222.563652
7/27/2026,Nawanthurai_Jaffna,3208.529824
7/28/2026,Nawanthurai_Jaffna,3213.273584
7/29/2026,Nawanthurai_Jaffna,3175.228099
7/30/2026,Nawanthurai_Jaffna,3231.146313
7/31/2026,Nawanthurai_Jaffna,3306.010804
8/1/2026,Nawanthurai_Jaffna,3248.098245
8/2/2026,Nawanthurai_Jaffna,3189.640981
8/3/2026,Nawanthurai_Jaffna,3171.173486
8/4/2026,Nawanthurai_Jaffna,3216.971848
8/5/2026,Nawanthurai_Jaffna,3333.640923
8/6/2026,Nawanthurai_Jaffna,3392.54297
8/7/2026,Nawanthurai_Jaffna,3480.783238
8/8/2026,Nawanthurai_Jaffna,3542.672839
8/9/2026,Nawanthurai_Jaffna,3600.584928
8/10/2026,Nawanthurai_Jaffna,3685.026632
8/11/2026,Nawanthurai_Jaffna,3716.344333
8/12/2026,Nawanthurai_Jaffna,3608.979439
8/13/2026,Nawanthurai_Jaffna,3545.771867
8/14/2026,Nawanthurai_Jaffna,3529.535206
8/15/2026,Nawanthurai_Jaffna,3584.364163
8/16/2026,Nawanthurai_Jaffna,3591.572796
8/17/2026,Nawanthurai_Jaffna,3526.900953
8/18/2026,Nawanthurai_Jaffna,3466.418654
8/19/2026,Nawanthurai_Jaffna,3467.991057
8/20/2026,Nawanthurai_Jaffna,3444.55044
8/21/2026,Nawanthurai_Jaffna,3408.908238
8/22/2026,Nawanthurai_Jaffna,3341.364871
8/23/2026,Nawanthurai_Jaffna,3290.26173
8/24/2026,Nawanthurai_Jaffna,3284.693133
8/25/2026,Nawanthurai_Jaffna,3233.231082
8/26/2026,Nawanthurai_Jaffna,3172.09958
8/27/2026,Nawanthurai_Jaffna,3108.91628
8/28/2026,Nawanthurai_Jaffna,2975.414014
8/29/2026,Nawanthurai_Jaffna,2984.099882
8/30/2026,Nawanthurai_Jaffna,3034.110351
8/31/2026,Nawanthurai_Jaffna,2969.320871
9/1/2026,Nawanthurai_Jaffna,2969.959168
9/2/2026,Nawanthurai_Jaffna,2987.947212
9/3/2026,Nawanthurai_Jaffna,3053.75901
9/4/2026,Nawanthurai_Jaffna,3123.752841
9/5/2026,Nawanthurai_Jaffna,3131.744332
9/6/2026,Nawanthurai_Jaffna,3123.791114
9/7/2026,Nawanthurai_Jaffna,3155.503678
9/8/2026,Nawanthurai_Jaffna,3190.370084
9/9/2026,Nawanthurai_Jaffna,3299.392149
9/10/2026,Nawanthurai_Jaffna,3313.963537
9/11/2026,Nawanthurai_Jaffna,3285.823518
9/12/2026,Nawanthurai_Jaffna,3233.44479
9/13/2026,Nawanthurai_Jaffna,3226.668852
9/14/2026,Nawanthurai_Jaffna,3198.340225
9/15/2026,Nawanthurai_Jaffna,3164.742394
9/16/2026,Nawanthurai_Jaffna,3123.095466
9/17/2026,Nawanthurai_Jaffna,3098.430903
9/18/2026,Nawanthurai_Jaffna,3212.199818
9/19/2026,Nawanthurai_Jaffna,3239.950695
9/20/2026,Nawanthurai_Jaffna,3312.348802
9/21/2026,Nawanthurai_Jaffna,3315.663877
9/22/2026,Nawanthurai_Jaffna,3250.4883
9/23/2026,Nawanthurai_Jaffna,3207.396343
9/24/2026,Nawanthurai_Jaffna,3142.743638
9/25/2026,Nawanthurai_Jaffna,3158.932009
9/26/2026,Nawanthurai_Jaffna,3085.034085
9/27/2026,Nawanthurai_Jaffna,3057.893173
9/28/2026,Nawanthurai_Jaffna,3108.586175
9/29/2026,Nawanthurai_Jaffna,3238.716198
9/30/2026,Nawanthurai_Jaffna,3257.461898
10/1/2026,Nawanthurai_Jaffna,3269.923009
10/2/2026,Nawanthurai_Jaffna,3198.103978
10/3/2026,Nawanthurai_Jaffna,3175.228361
10/4/2026,Nawanthurai_Jaffna,3205.435
10/5/2026,Nawanthurai_Jaffna,3237.454862
10/6/2026,Nawanthurai_Jaffna,3307.855476
10/7/2026,Nawanthurai_Jaffna,3361.615276
10/8/2026,Nawanthurai_Jaffna,3474.261212
10/9/2026,Nawanthurai_Jaffna,3527.129163
10/10/2026,Nawanthurai_Jaffna,3589.745057
10/11/2026,Nawanthurai_Jaffna,3452.85742
10/12/2026,Nawanthurai_Jaffna,3359.323611
10/13/2026,Nawanthurai_Jaffna,3301.93268
10/14/2026,Nawanthurai_Jaffna,3256.643728
10/15/2026,Nawanthurai_Jaffna,3258.888692
10/16/2026,Nawanthurai_Jaffna,3163.601862
10/17/2026,Nawanthurai_Jaffna,3172.5775
10/18/2026,Nawanthurai_Jaffna,3239.99187
10/19/2026,Nawanthurai_Jaffna,3288.777102
10/20/2026,Nawanthurai_Jaffna,3320.472623
10/21/2026,Nawanthurai_Jaffna,3248.975996
10/22/2026,Nawanthurai_Jaffna,3156.53309
10/23/2026,Nawanthurai_Jaffna,3087.33478
10/24/2026,Nawanthurai_Jaffna,3057.510913
10/25/2026,Nawanthurai_Jaffna,3040.089522
10/26/2026,Nawanthurai_Jaffna,3016.276838
10/27/2026,Nawanthurai_Jaffna,2967.312991
10/28/2026,Nawanthurai_Jaffna,3000.869828
10/29/2026,Nawanthurai_Jaffna,3031.9963
10/30/2026,Nawanthurai_Jaffna,3013.957382
10/31/2026,Nawanthurai_Jaffna,2903.315352
11/1/2026,Nawanthurai_Jaffna,2858.795963
11/2/2026,Nawanthurai_Jaffna,2828.170648
11/3/2026,Nawanthurai_Jaffna,2841.073547
11/4/2026,Nawanthurai_Jaffna,2874.048203
11/5/2026,Nawanthurai_Jaffna,2869.577653
11/6/2026,Nawanthurai_Jaffna,2911.740916
11/7/2026,Nawanthurai_Jaffna,3031.328008
11/8/2026,Nawanthurai_Jaffna,3126.530739
11/9/2026,Nawanthurai_Jaffna,3219.001906
11/10/2026,Nawanthurai_Jaffna,3201.886282
11/11/2026,Nawanthurai_Jaffna,3213.703161
11/12/2026,Nawanthurai_Jaffna,3252.359798
11/13/2026,Nawanthurai_Jaffna,3288.609351
11/14/2026,Nawanthurai_Jaffna,3332.103152
11/15/2026,Nawanthurai_Jaffna,3360.64768
11/16/2026,Nawanthurai_Jaffna,3411.319977
11/17/2026,Nawanthurai_Jaffna,3471.658058
11/18/2026,Nawanthurai_Jaffna,3519.485719
11/19/2026,Nawanthurai_Jaffna,3569.150053
11/20/2026,Nawanthurai_Jaffna,3508.481441
11/21/2026,Nawanthurai_Jaffna,3475.028339
11/22/2026,Nawanthurai_Jaffna,3419.684432
11/23/2026,Nawanthurai_Jaffna,3356.538162
11/24/2026,Nawanthurai_Jaffna,3257.91368
11/25/2026,Nawanthurai_Jaffna,3178.208704
11/26/2026,Nawanthurai_Jaffna,3141.303141
11/27/2026,Nawanthurai_Jaffna,3204.157235
11/28/2026,Nawanthurai_Jaffna,3258.199151
11/29/2026,Nawanthurai_Jaffna,3265.10104
11/30/2026,Nawanthurai_Jaffna,3235.462019
12/1/2026,Nawanthurai_Jaffna,3223.590333
12/2/2026,Nawanthurai_Jaffna,3266.789498
12/3/2026,Nawanthurai_Jaffna,3289.529111
12/4/2026,Nawanthurai_Jaffna,3374.162889
12/5/2026,Nawanthurai_Jaffna,3377.091995
12/6/2026,Nawanthurai_Jaffna,3457.786345
12/7/2026,Nawanthurai_Jaffna,3555.511688
12/8/2026,Nawanthurai_Jaffna,3670.222087
12/9/2026,Nawanthurai_Jaffna,3769.777926
12/10/2026,Nawanthurai_Jaffna,3714.78959
12/11/2026,Nawanthurai_Jaffna,3701.30475
12/12/2026,Nawanthurai_Jaffna,3682.454591
12/13/2026,Nawanthurai_Jaffna,3658.209152
12/14/2026,Nawanthurai_Jaffna,3650.234598
12/15/2026,Nawanthurai_Jaffna,3661.282237
12/16/2026,Nawanthurai_Jaffna,3663.105443
12/17/2026,Nawanthurai_Jaffna,3650.230776
12/18/2026,Nawanthurai_Jaffna,3613.616398
12/19/2026,Nawanthurai_Jaffna,3599.112381
12/20/2026,Nawanthurai_Jaffna,3469.098634
12/21/2026,Nawanthurai_Jaffna,3396.53411
12/22/2026,Nawanthurai_Jaffna,3352.711945
12/23/2026,Nawanthurai_Jaffna,3229.671212
12/24/2026,Nawanthurai_Jaffna,3167.174207
12/25/2026,Nawanthurai_Jaffna,3098.056278
12/26/2026,Nawanthurai_Jaffna,3156.63661
12/27/2026,Nawanthurai_Jaffna,3189.703746
12/28/2026,Nawanthurai_Jaffna,3282.141117
12/29/2026,Nawanthurai_Jaffna,3258.445847
12/30/2026,Nawanthurai_Jaffna,3190.175924
12/31/2026,Nawanthurai_Jaffna,3160.71342
1/1/2027,Nawanthurai_Jaffna,3192.401697
1/2/2027,Nawanthurai_Jaffna,3268.505873
1/3/2027,Nawanthurai_Jaffna,3387.207915
1/4/2027,Nawanthurai_Jaffna,3436.845679
1/5/2027,Nawanthurai_Jaffna,3511.028821
1/6/2027,Nawanthurai_Jaffna,3625.433955
1/7/2027,Nawanthurai_Jaffna,3760.112143
1/8/2027,Nawanthurai_Jaffna,3819.153873
1/9/2027,Nawanthurai_Jaffna,3734.44839
1/10/2027,Nawanthurai_Jaffna,3798.064613
1/11/2027,Nawanthurai_Jaffna,3779.030604
1/12/2027,Nawanthurai_Jaffna,3845.514538
1/13/2027,Nawanthurai_Jaffna,3920.820313
1/14/2027,Nawanthurai_Jaffna,4002.909498
1/15/2027,Nawanthurai_Jaffna,4026.79361
1/16/2027,Nawanthurai_Jaffna,4046.84647
1/17/2027,Nawanthurai_Jaffna,4059.457748
1/18/2027,Nawanthurai_Jaffna,4035.422899
1/19/2027,Nawanthurai_Jaffna,3982.705553
1/20/2027,Nawanthurai_Jaffna,3915.992481
1/21/2027,Nawanthurai_Jaffna,3880.79482
1/22/2027,Nawanthurai_Jaffna,3796.771911
1/23/2027,Nawanthurai_Jaffna,3728.651132
1/24/2027,Nawanthurai_Jaffna,3598.260304
1/25/2027,Nawanthurai_Jaffna,3542.351146
1/26/2027,Nawanthurai_Jaffna,3574.747575
1/27/2027,Nawanthurai_Jaffna,3588.83173
1/28/2027,Nawanthurai_Jaffna,3520.152862
1/29/2027,Nawanthurai_Jaffna,3429.412842
1/30/2027,Nawanthurai_Jaffna,3439.038169
1/31/2027,Nawanthurai_Jaffna,3452.187792
2/1/2027,Nawanthurai_Jaffna,3594.219442
2/2/2027,Nawanthurai_Jaffna,3672.082519
2/3/2027,Nawanthurai_Jaffna,3678.397858
2/4/2027,Nawanthurai_Jaffna,3697.871541
2/5/2027,Nawanthurai_Jaffna,3744.058856
2/6/2027,Nawanthurai_Jaffna,3857.839035
2/7/2027,Nawanthurai_Jaffna,3986.919041
2/8/2027,Nawanthurai_Jaffna,3959.540251
2/9/2027,Nawanthurai_Jaffna,3984.078998
2/10/2027,Nawanthurai_Jaffna,3937.554841
2/11/2027,Nawanthurai_Jaffna,3971.761345
2/12/2027,Nawanthurai_Jaffna,3965.743203
2/13/2027,Nawanthurai_Jaffna,3979.570106
2/14/2027,Nawanthurai_Jaffna,4008.049224
2/15/2027,Nawanthurai_Jaffna,4050.655097
2/16/2027,Nawanthurai_Jaffna,4075.491993
2/17/2027,Nawanthurai_Jaffna,4087.714835
2/18/2027,Nawanthurai_Jaffna,3981.748073
2/19/2027,Nawanthurai_Jaffna,3935.577164
2/20/2027,Nawanthurai_Jaffna,3870.084541
2/21/2027,Nawanthurai_Jaffna,3783.937869
2/22/2027,Nawanthurai_Jaffna,3678.195643
2/23/2027,Nawanthurai_Jaffna,3597.390916
2/24/2027,Nawanthurai_Jaffna,3588.110306
2/25/2027,Nawanthurai_Jaffna,3611.733862
2/26/2027,Nawanthurai_Jaffna,3754.315565
2/27/2027,Nawanthurai_Jaffna,3816.152643
2/28/2027,Nawanthurai_Jaffna,3748.339761
3/1/2027,Nawanthurai_Jaffna,3764.464511
3/2/2027,Nawanthurai_Jaffna,3708.188955
3/3/2027,Nawanthurai_Jaffna,3798.5201
3/4/2027,Nawanthurai_Jaffna,3832.833408
3/5/2027,Nawanthurai_Jaffna,3854.904494
3/6/2027,Nawanthurai_Jaffna,3895.129559
3/7/2027,Nawanthurai_Jaffna,3995.828531
3/8/2027,Nawanthurai_Jaffna,4095.165117
3/9/2027,Nawanthurai_Jaffna,4145.245012
3/10/2027,Nawanthurai_Jaffna,4080.578235
3/11/2027,Nawanthurai_Jaffna,4051.864159
3/12/2027,Nawanthurai_Jaffna,3997.012728
3/13/2027,Nawanthurai_Jaffna,3948.71255
3/14/2027,Nawanthurai_Jaffna,3944.23635
3/15/2027,Nawanthurai_Jaffna,3933.158714
3/16/2027,Nawanthurai_Jaffna,3936.822154
3/17/2027,Nawanthurai_Jaffna,3972.130437
3/18/2027,Nawanthurai_Jaffna,4088.912315
3/19/2027,Nawanthurai_Jaffna,4169.369104
3/20/2027,Nawanthurai_Jaffna,4081.875035
3/21/2027,Nawanthurai_Jaffna,4024.290397
3/22/2027,Nawanthurai_Jaffna,3949.199005
3/23/2027,Nawanthurai_Jaffna,3874.576049
3/24/2027,Nawanthurai_Jaffna,3840.279527
3/25/2027,Nawanthurai_Jaffna,3782.351641
3/26/2027,Nawanthurai_Jaffna,3778.750443
3/27/2027,Nawanthurai_Jaffna,3830.532966
3/28/2027,Nawanthurai_Jaffna,3897.095901
3/29/2027,Nawanthurai_Jaffna,3907.317219
3/30/2027,Nawanthurai_Jaffna,3857.273235
3/31/2027,Nawanthurai_Jaffna,3784.843571
4/1/2027,Nawanthurai_Jaffna,3738.001701
4/2/2027,Nawanthurai_Jaffna,3732.540793
4/3/2027,Nawanthurai_Jaffna,3789.216324
4/4/2027,Nawanthurai_Jaffna,3809.436533
4/5/2027,Nawanthurai_Jaffna,3985.170839
4/6/2027,Nawanthurai_Jaffna,4122.024051
4/7/2027,Nawanthurai_Jaffna,4298.549273
4/8/2027,Nawanthurai_Jaffna,4310.411819
4/9/2027,Nawanthurai_Jaffna,4204.718661
4/10/2027,Nawanthurai_Jaffna,4191.844442
4/11/2027,Nawanthurai_Jaffna,4147.517741
4/12/2027,Nawanthurai_Jaffna,4147.44441
4/13/2027,Nawanthurai_Jaffna,4171.674799
4/14/2027,Nawanthurai_Jaffna,4133.909158
4/15/2027,Nawanthurai_Jaffna,4105.692066
4/16/2027,Nawanthurai_Jaffna,4145.925288
4/17/2027,Nawanthurai_Jaffna,4145.988657
4/18/2027,Nawanthurai_Jaffna,4161.828281
4/19/2027,Nawanthurai_Jaffna,4060.82222
4/20/2027,Nawanthurai_Jaffna,3940.629444
4/21/2027,Nawanthurai_Jaffna,3895.522646
4/22/2027,Nawanthurai_Jaffna,3846.848786
4/23/2027,Nawanthurai_Jaffna,3820.812582
4/24/2027,Nawanthurai_Jaffna,3761.581779
4/25/2027,Nawanthurai_Jaffna,3718.831253
4/26/2027,Nawanthurai_Jaffna,3728.597137
4/27/2027,Nawanthurai_Jaffna,3782.7117
4/28/2027,Nawanthurai_Jaffna,3750.424409
4/29/2027,Nawanthurai_Jaffna,3674.101981
4/30/2027,Nawanthurai_Jaffna,3718.428906
5/1/2027,Nawanthurai_Jaffna,3731.240089
5/2/2027,Nawanthurai_Jaffna,3810.818638
5/3/2027,Nawanthurai_Jaffna,3869.893927
5/4/2027,Nawanthurai_Jaffna,3886.980169
5/5/2027,Nawanthurai_Jaffna,3957.418894
5/6/2027,Nawanthurai_Jaffna,4072.682346
5/7/2027,Nawanthurai_Jaffna,4194.092448
5/8/2027,Nawanthurai_Jaffna,4302.76129
5/9/2027,Nawanthurai_Jaffna,4230.246922
5/10/2027,Nawanthurai_Jaffna,4179.596422
5/11/2027,Nawanthurai_Jaffna,4187.762105
5/12/2027,Nawanthurai_Jaffna,4201.573616
5/13/2027,Nawanthurai_Jaffna,4217.11054
5/14/2027,Nawanthurai_Jaffna,4158.972699
5/15/2027,Nawanthurai_Jaffna,4124.497612
5/16/2027,Nawanthurai_Jaffna,4191.699053
5/17/2027,Nawanthurai_Jaffna,4212.640971
5/18/2027,Nawanthurai_Jaffna,4219.38901
5/19/2027,Nawanthurai_Jaffna,4079.067027
5/20/2027,Nawanthurai_Jaffna,4093.801845
5/21/2027,Nawanthurai_Jaffna,4058.298351
5/22/2027,Nawanthurai_Jaffna,3969.874731
5/23/2027,Nawanthurai_Jaffna,3852.682143
5/24/2027,Nawanthurai_Jaffna,3710.124797
5/25/2027,Nawanthurai_Jaffna,3659.17577
5/26/2027,Nawanthurai_Jaffna,3704.722846
5/27/2027,Nawanthurai_Jaffna,3765.718045
5/28/2027,Nawanthurai_Jaffna,3745.592285
5/29/2027,Nawanthurai_Jaffna,3661.596647
5/30/2027,Nawanthurai_Jaffna,3600.07657
5/31/2027,Nawanthurai_Jaffna,3621.599468
6/1/2027,Nawanthurai_Jaffna,3691.585585
6/2/2027,Nawanthurai_Jaffna,3713.828729
6/3/2027,Nawanthurai_Jaffna,3674.617258
6/4/2027,Nawanthurai_Jaffna,3707.634219
6/5/2027,Nawanthurai_Jaffna,3835.213636
6/6/2027,Nawanthurai_Jaffna,3953.803083
6/7/2027,Nawanthurai_Jaffna,4072.543155
6/8/2027,Nawanthurai_Jaffna,4024.463557
6/9/2027,Nawanthurai_Jaffna,4017.822121
6/10/2027,Nawanthurai_Jaffna,3978.326235
6/11/2027,Nawanthurai_Jaffna,3933.142544
6/12/2027,Nawanthurai_Jaffna,3834.032281
6/13/2027,Nawanthurai_Jaffna,3812.286153
6/14/2027,Nawanthurai_Jaffna,3856.67664
6/15/2027,Nawanthurai_Jaffna,3898.77379
6/16/2027,Nawanthurai_Jaffna,3900.397482
6/17/2027,Nawanthurai_Jaffna,3937.029739
6/18/2027,Nawanthurai_Jaffna,3830.857029
6/19/2027,Nawanthurai_Jaffna,3768.187406
6/20/2027,Nawanthurai_Jaffna,3715.618943
6/21/2027,Nawanthurai_Jaffna,3629.543218
6/22/2027,Nawanthurai_Jaffna,3559.562479
6/23/2027,Nawanthurai_Jaffna,3440.157289
6/24/2027,Nawanthurai_Jaffna,3382.346466
6/25/2027,Nawanthurai_Jaffna,3423.37746
6/26/2027,Nawanthurai_Jaffna,3477.244079
6/27/2027,Nawanthurai_Jaffna,3442.227653
6/28/2027,Nawanthurai_Jaffna,3336.709324
6/29/2027,Nawanthurai_Jaffna,3247.799864
6/30/2027,Nawanthurai_Jaffna,3276.596305
7/1/2027,Nawanthurai_Jaffna,3323.142405
7/2/2027,Nawanthurai_Jaffna,3320.323026
7/3/2027,Nawanthurai_Jaffna,3386.293759
7/4/2027,Nawanthurai_Jaffna,3463.485185
7/5/2027,Nawanthurai_Jaffna,3555.13173
7/6/2027,Nawanthurai_Jaffna,3654.024951
7/7/2027,Nawanthurai_Jaffna,3692.383428
7/8/2027,Nawanthurai_Jaffna,3650.142757
7/9/2027,Nawanthurai_Jaffna,3654.620205
7/10/2027,Nawanthurai_Jaffna,3608.849369
7/11/2027,Nawanthurai_Jaffna,3607.970855
7/12/2027,Nawanthurai_Jaffna,3567.803921
7/13/2027,Nawanthurai_Jaffna,3468.108716
7/14/2027,Nawanthurai_Jaffna,3459.058856
7/15/2027,Nawanthurai_Jaffna,3497.998182
7/16/2027,Nawanthurai_Jaffna,3542.178422
7/17/2027,Nawanthurai_Jaffna,3549.26455
7/18/2027,Nawanthurai_Jaffna,3468.471854
7/19/2027,Nawanthurai_Jaffna,3432.080161
7/20/2027,Nawanthurai_Jaffna,3402.775535
7/21/2027,Nawanthurai_Jaffna,3320.86277
7/22/2027,Nawanthurai_Jaffna,3283.213604
7/23/2027,Nawanthurai_Jaffna,3275.640639
7/24/2027,Nawanthurai_Jaffna,3242.706745
7/25/2027,Nawanthurai_Jaffna,3283.410724
7/26/2027,Nawanthurai_Jaffna,3361.828946
7/27/2027,Nawanthurai_Jaffna,3331.803851
7/28/2027,Nawanthurai_Jaffna,3269.666367
7/29/2027,Nawanthurai_Jaffna,3182.884868
7/30/2027,Nawanthurai_Jaffna,3155.781534
7/31/2027,Nawanthurai_Jaffna,3180.852214
8/1/2027,Nawanthurai_Jaffna,3147.632489
8/2/2027,Nawanthurai_Jaffna,3145.789168
8/3/2027,Nawanthurai_Jaffna,3212.384444
8/4/2027,Nawanthurai_Jaffna,3341.876144
8/5/2027,Nawanthurai_Jaffna,3452.446819
8/6/2027,Nawanthurai_Jaffna,3454.54093
8/7/2027,Nawanthurai_Jaffna,3333.491735
8/8/2027,Nawanthurai_Jaffna,3304.856184
8/9/2027,Nawanthurai_Jaffna,3248.522161
8/10/2027,Nawanthurai_Jaffna,3252.824768
8/11/2027,Nawanthurai_Jaffna,3281.303645
8/12/2027,Nawanthurai_Jaffna,3258.156884
8/13/2027,Nawanthurai_Jaffna,3267.355096
8/14/2027,Nawanthurai_Jaffna,3320.509488
8/15/2027,Nawanthurai_Jaffna,3405.133514
8/16/2027,Nawanthurai_Jaffna,3402.405363
8/17/2027,Nawanthurai_Jaffna,3297.844852
8/18/2027,Nawanthurai_Jaffna,3308.815985
8/19/2027,Nawanthurai_Jaffna,3312.897161
8/20/2027,Nawanthurai_Jaffna,3251.296379
8/21/2027,Nawanthurai_Jaffna,3172.081727
8/22/2027,Nawanthurai_Jaffna,3132.509949
8/23/2027,Nawanthurai_Jaffna,3105.10221
8/24/2027,Nawanthurai_Jaffna,3121.485422
8/25/2027,Nawanthurai_Jaffna,3131.838683
8/26/2027,Nawanthurai_Jaffna,3070.440319
8/27/2027,Nawanthurai_Jaffna,2979.14777
8/28/2027,Nawanthurai_Jaffna,2921.808998
8/29/2027,Nawanthurai_Jaffna,2908.61438
8/30/2027,Nawanthurai_Jaffna,2888.505285
8/31/2027,Nawanthurai_Jaffna,2899.814629
9/1/2027,Nawanthurai_Jaffna,2925.327133
9/2/2027,Nawanthurai_Jaffna,3031.524084
9/3/2027,Nawanthurai_Jaffna,3114.303312
9/4/2027,Nawanthurai_Jaffna,3263.565421
9/5/2027,Nawanthurai_Jaffna,3281.994152
9/6/2027,Nawanthurai_Jaffna,3217.568477
9/7/2027,Nawanthurai_Jaffna,3228.943426
9/8/2027,Nawanthurai_Jaffna,3163.873024
9/9/2027,Nawanthurai_Jaffna,3121.515529
9/10/2027,Nawanthurai_Jaffna,3079.872147
9/11/2027,Nawanthurai_Jaffna,3043.34861
9/12/2027,Nawanthurai_Jaffna,3045.41386
9/13/2027,Nawanthurai_Jaffna,3062.536103
9/14/2027,Nawanthurai_Jaffna,3106.471719
9/15/2027,Nawanthurai_Jaffna,3130.384496
9/16/2027,Nawanthurai_Jaffna,3037.071198
9/17/2027,Nawanthurai_Jaffna,2982.80834
9/18/2027,Nawanthurai_Jaffna,2990.507166
9/19/2027,Nawanthurai_Jaffna,2940.809906
9/20/2027,Nawanthurai_Jaffna,2957.005255
9/21/2027,Nawanthurai_Jaffna,2958.770673
9/22/2027,Nawanthurai_Jaffna,2960.340836
9/23/2027,Nawanthurai_Jaffna,3022.411349
9/24/2027,Nawanthurai_Jaffna,3174.523274
9/25/2027,Nawanthurai_Jaffna,3178.183786
9/26/2027,Nawanthurai_Jaffna,3158.11004
9/27/2027,Nawanthurai_Jaffna,3119.899197
9/28/2027,Nawanthurai_Jaffna,3153.960234
9/29/2027,Nawanthurai_Jaffna,3186.573616
9/30/2027,Nawanthurai_Jaffna,3162.430347
10/1/2027,Nawanthurai_Jaffna,3121.582378
10/2/2027,Nawanthurai_Jaffna,3158.553731
10/3/2027,Nawanthurai_Jaffna,3206.435808
10/4/2027,Nawanthurai_Jaffna,3243.880189
10/5/2027,Nawanthurai_Jaffna,3276.840843
10/6/2027,Nawanthurai_Jaffna,3199.558613
10/7/2027,Nawanthurai_Jaffna,3159.084925
10/8/2027,Nawanthurai_Jaffna,3134.417662
10/9/2027,Nawanthurai_Jaffna,3114.740186
10/10/2027,Nawanthurai_Jaffna,3071.444305
10/11/2027,Nawanthurai_Jaffna,3047.826049
10/12/2027,Nawanthurai_Jaffna,3028.631412
10/13/2027,Nawanthurai_Jaffna,3116.942981
10/14/2027,Nawanthurai_Jaffna,3188.929838
10/15/2027,Nawanthurai_Jaffna,3203.455988
10/16/2027,Nawanthurai_Jaffna,3112.785648
10/17/2027,Nawanthurai_Jaffna,3092.850848
10/18/2027,Nawanthurai_Jaffna,3090.852532
10/19/2027,Nawanthurai_Jaffna,3016.065561
10/20/2027,Nawanthurai_Jaffna,2962.113915
10/21/2027,Nawanthurai_Jaffna,2938.234163
10/22/2027,Nawanthurai_Jaffna,2963.14558
10/23/2027,Nawanthurai_Jaffna,3009.450548
10/24/2027,Nawanthurai_Jaffna,3076.000705
10/25/2027,Nawanthurai_Jaffna,3061.183165
10/26/2027,Nawanthurai_Jaffna,3030.80987
10/27/2027,Nawanthurai_Jaffna,2986.32122
10/28/2027,Nawanthurai_Jaffna,3046.352619
10/29/2027,Nawanthurai_Jaffna,3144.38387
10/30/2027,Nawanthurai_Jaffna,3198.782106
10/31/2027,Nawanthurai_Jaffna,3231.636005
11/1/2027,Nawanthurai_Jaffna,3243.347853
11/2/2027,Nawanthurai_Jaffna,3354.209193
11/3/2027,Nawanthurai_Jaffna,3407.673743
11/4/2027,Nawanthurai_Jaffna,3500.731586
11/5/2027,Nawanthurai_Jaffna,3448.33478
11/6/2027,Nawanthurai_Jaffna,3454.047319
11/7/2027,Nawanthurai_Jaffna,3425.268136
11/8/2027,Nawanthurai_Jaffna,3465.131027
11/9/2027,Nawanthurai_Jaffna,3450.527415
11/10/2027,Nawanthurai_Jaffna,3398.276523
11/11/2027,Nawanthurai_Jaffna,3373.885456
11/12/2027,Nawanthurai_Jaffna,3350.312045
11/13/2027,Nawanthurai_Jaffna,3381.138851
11/14/2027,Nawanthurai_Jaffna,3392.494836
11/15/2027,Nawanthurai_Jaffna,3367.221187
11/16/2027,Nawanthurai_Jaffna,3334.787581
11/17/2027,Nawanthurai_Jaffna,3352.068608
11/18/2027,Nawanthurai_Jaffna,3300.276743
11/19/2027,Nawanthurai_Jaffna,3243.249437
11/20/2027,Nawanthurai_Jaffna,3127.592775
11/21/2027,Nawanthurai_Jaffna,3110.999295
11/22/2027,Nawanthurai_Jaffna,3198.480272
11/23/2027,Nawanthurai_Jaffna,3267.629272
11/24/2027,Nawanthurai_Jaffna,3309.335689
11/25/2027,Nawanthurai_Jaffna,3247.249012
11/26/2027,Nawanthurai_Jaffna,3189.788229
11/27/2027,Nawanthurai_Jaffna,3203.66168
11/28/2027,Nawanthurai_Jaffna,3231.992862
11/29/2027,Nawanthurai_Jaffna,3306.363973
11/30/2027,Nawanthurai_Jaffna,3360.539532
12/1/2027,Nawanthurai_Jaffna,3439.403919
12/2/2027,Nawanthurai_Jaffna,3553.050241
12/3/2027,Nawanthurai_Jaffna,3711.614743
12/4/2027,Nawanthurai_Jaffna,3793.760007
12/5/2027,Nawanthurai_Jaffna,3772.175666
12/6/2027,Nawanthurai_Jaffna,3745.038278
12/7/2027,Nawanthurai_Jaffna,3765.195694
12/8/2027,Nawanthurai_Jaffna,3756.697896
12/9/2027,Nawanthurai_Jaffna,3739.834244
12/10/2027,Nawanthurai_Jaffna,3726.394151
12/11/2027,Nawanthurai_Jaffna,3773.294546
12/12/2027,Nawanthurai_Jaffna,3803.947165
12/13/2027,Nawanthurai_Jaffna,3773.806516
12/14/2027,Nawanthurai_Jaffna,3778.788558
12/15/2027,Nawanthurai_Jaffna,3686.334627
12/16/2027,Nawanthurai_Jaffna,3559.919262
12/17/2027,Nawanthurai_Jaffna,3518.985102
12/18/2027,Nawanthurai_Jaffna,3460.152293
12/19/2027,Nawanthurai_Jaffna,3457.749625
12/20/2027,Nawanthurai_Jaffna,3376.886904
12/21/2027,Nawanthurai_Jaffna,3302.302951
12/22/2027,Nawanthurai_Jaffna,3305.458504
12/23/2027,Nawanthurai_Jaffna,3323.672943
12/24/2027,Nawanthurai_Jaffna,3356.946267
12/25/2027,Nawanthurai_Jaffna,3405.278477
12/26/2027,Nawanthurai_Jaffna,3468.669573
12/27/2027,Nawanthurai_Jaffna,3547.119555
12/28/2027,Nawanthurai_Jaffna,3640.628423
12/29/2027,Nawanthurai_Jaffna,3749.196176
12/30/2027,Nawanthurai_Jaffna,3872.822815
12/31/2027,Nawanthurai_Jaffna,4011.50834
1/1/2025,Thirunagar_Kilinochchi,3891.044619
1/2/2025,Thirunagar_Kilinochchi,3709.997376
1/3/2025,Thirunagar_Kilinochchi,3551.763314
1/4/2025,Thirunagar_Kilinochchi,3416.342434
1/5/2025,Thirunagar_Kilinochchi,3303.734734
1/6/2025,Thirunagar_Kilinochchi,3213.940215
1/7/2025,Thirunagar_Kilinochchi,3146.958878
1/8/2025,Thirunagar_Kilinochchi,3102.790721
1/9/2025,Thirunagar_Kilinochchi,3081.435746
1/10/2025,Thirunagar_Kilinochchi,3082.893952
1/11/2025,Thirunagar_Kilinochchi,3107.165339
1/12/2025,Thirunagar_Kilinochchi,3198.218712
1/13/2025,Thirunagar_Kilinochchi,3319.261146
1/14/2025,Thirunagar_Kilinochchi,3542.938581
1/15/2025,Thirunagar_Kilinochchi,3720.773752
1/16/2025,Thirunagar_Kilinochchi,3868.646482
1/17/2025,Thirunagar_Kilinochchi,3983.698814
1/18/2025,Thirunagar_Kilinochchi,4055.092094
1/19/2025,Thirunagar_Kilinochchi,3953.650116
1/20/2025,Thirunagar_Kilinochchi,3909.656376
1/21/2025,Thirunagar_Kilinochchi,3919.111937
1/22/2025,Thirunagar_Kilinochchi,3923.409109
1/23/2025,Thirunagar_Kilinochchi,3870.065059
1/24/2025,Thirunagar_Kilinochchi,3845.085426
1/25/2025,Thirunagar_Kilinochchi,3805.191489
1/26/2025,Thirunagar_Kilinochchi,3860.028902
1/27/2025,Thirunagar_Kilinochchi,3851.508202
1/28/2025,Thirunagar_Kilinochchi,3853.268706
1/29/2025,Thirunagar_Kilinochchi,3740.41171
1/30/2025,Thirunagar_Kilinochchi,3665.447711
1/31/2025,Thirunagar_Kilinochchi,3532.420167
2/1/2025,Thirunagar_Kilinochchi,3424.260665
2/2/2025,Thirunagar_Kilinochchi,3352.738954
2/3/2025,Thirunagar_Kilinochchi,3268.859405
2/4/2025,Thirunagar_Kilinochchi,3118.870051
2/5/2025,Thirunagar_Kilinochchi,3099.059611
2/6/2025,Thirunagar_Kilinochchi,3096.728881
2/7/2025,Thirunagar_Kilinochchi,3095.201478
2/8/2025,Thirunagar_Kilinochchi,3187.754675
2/9/2025,Thirunagar_Kilinochchi,3258.230908
2/10/2025,Thirunagar_Kilinochchi,3373.826462
2/11/2025,Thirunagar_Kilinochchi,3494.017103
2/12/2025,Thirunagar_Kilinochchi,3625.569423
2/13/2025,Thirunagar_Kilinochchi,3845.541511
2/14/2025,Thirunagar_Kilinochchi,4048.070236
2/15/2025,Thirunagar_Kilinochchi,4334.262402
2/16/2025,Thirunagar_Kilinochchi,4474.839976
2/17/2025,Thirunagar_Kilinochchi,4503.615873
2/18/2025,Thirunagar_Kilinochchi,4378.773405
2/19/2025,Thirunagar_Kilinochchi,4350.395073
2/20/2025,Thirunagar_Kilinochchi,4266.389982
2/21/2025,Thirunagar_Kilinochchi,4193.027453
2/22/2025,Thirunagar_Kilinochchi,4123.568405
2/23/2025,Thirunagar_Kilinochchi,4067.663873
2/24/2025,Thirunagar_Kilinochchi,4029.347509
2/25/2025,Thirunagar_Kilinochchi,4054.052401
2/26/2025,Thirunagar_Kilinochchi,4042.450925
2/27/2025,Thirunagar_Kilinochchi,4072.968809
2/28/2025,Thirunagar_Kilinochchi,3968.09295
3/1/2025,Thirunagar_Kilinochchi,3768.873045
3/2/2025,Thirunagar_Kilinochchi,3646.289461
3/3/2025,Thirunagar_Kilinochchi,3533.731053
3/4/2025,Thirunagar_Kilinochchi,3458.986112
3/5/2025,Thirunagar_Kilinochchi,3371.041171
3/6/2025,Thirunagar_Kilinochchi,3287.734238
3/7/2025,Thirunagar_Kilinochchi,3314.392391
3/8/2025,Thirunagar_Kilinochchi,3295.726049
3/9/2025,Thirunagar_Kilinochchi,3310.090773
3/10/2025,Thirunagar_Kilinochchi,3382.990588
3/11/2025,Thirunagar_Kilinochchi,3470.227074
3/12/2025,Thirunagar_Kilinochchi,3498.312431
3/13/2025,Thirunagar_Kilinochchi,3642.494285
3/14/2025,Thirunagar_Kilinochchi,3848.145065
3/15/2025,Thirunagar_Kilinochchi,4016.500817
3/16/2025,Thirunagar_Kilinochchi,4192.408078
3/17/2025,Thirunagar_Kilinochchi,4429.282623
3/18/2025,Thirunagar_Kilinochchi,4597.897421
3/19/2025,Thirunagar_Kilinochchi,4681.675401
3/20/2025,Thirunagar_Kilinochchi,4609.801328
3/21/2025,Thirunagar_Kilinochchi,4605.531567
3/22/2025,Thirunagar_Kilinochchi,4603.665148
3/23/2025,Thirunagar_Kilinochchi,4507.296757
3/24/2025,Thirunagar_Kilinochchi,4453.166967
3/25/2025,Thirunagar_Kilinochchi,4357.664068
3/26/2025,Thirunagar_Kilinochchi,4286.92844
3/27/2025,Thirunagar_Kilinochchi,4270.732367
3/28/2025,Thirunagar_Kilinochchi,4290.746221
3/29/2025,Thirunagar_Kilinochchi,4298.673302
3/30/2025,Thirunagar_Kilinochchi,4178.629971
3/31/2025,Thirunagar_Kilinochchi,4011.668592
4/1/2025,Thirunagar_Kilinochchi,3789.172694
4/2/2025,Thirunagar_Kilinochchi,3700.214575
4/3/2025,Thirunagar_Kilinochchi,3629.310247
4/4/2025,Thirunagar_Kilinochchi,3499.620815
4/5/2025,Thirunagar_Kilinochchi,3454.514591
4/6/2025,Thirunagar_Kilinochchi,3487.955265
4/7/2025,Thirunagar_Kilinochchi,3521.545801
4/8/2025,Thirunagar_Kilinochchi,3532.668193
4/9/2025,Thirunagar_Kilinochchi,3584.139603
4/10/2025,Thirunagar_Kilinochchi,3669.826841
4/11/2025,Thirunagar_Kilinochchi,3813.918492
4/12/2025,Thirunagar_Kilinochchi,3873.761338
4/13/2025,Thirunagar_Kilinochchi,4017.360357
4/14/2025,Thirunagar_Kilinochchi,4137.849554
4/15/2025,Thirunagar_Kilinochchi,4272.602007
4/16/2025,Thirunagar_Kilinochchi,4458.65759
4/17/2025,Thirunagar_Kilinochchi,4654.370533
4/18/2025,Thirunagar_Kilinochchi,4747.505751
4/19/2025,Thirunagar_Kilinochchi,4606.799904
4/20/2025,Thirunagar_Kilinochchi,4514.614205
4/21/2025,Thirunagar_Kilinochchi,4419.042113
4/22/2025,Thirunagar_Kilinochchi,4320.133623
4/23/2025,Thirunagar_Kilinochchi,4238.908001
4/24/2025,Thirunagar_Kilinochchi,4109.822601
4/25/2025,Thirunagar_Kilinochchi,4012.93319
4/26/2025,Thirunagar_Kilinochchi,3974.877548
4/27/2025,Thirunagar_Kilinochchi,3920.307428
4/28/2025,Thirunagar_Kilinochchi,3897.787115
4/29/2025,Thirunagar_Kilinochchi,3837.237751
4/30/2025,Thirunagar_Kilinochchi,3716.047328
5/1/2025,Thirunagar_Kilinochchi,3611.186178
5/2/2025,Thirunagar_Kilinochchi,3471.771427
5/3/2025,Thirunagar_Kilinochchi,3428.316836
5/4/2025,Thirunagar_Kilinochchi,3353.304858
5/5/2025,Thirunagar_Kilinochchi,3311.753796
5/6/2025,Thirunagar_Kilinochchi,3408.146815
5/7/2025,Thirunagar_Kilinochchi,3443.994775
5/8/2025,Thirunagar_Kilinochchi,3408.247261
5/9/2025,Thirunagar_Kilinochchi,3359.721675
5/10/2025,Thirunagar_Kilinochchi,3408.97079
5/11/2025,Thirunagar_Kilinochchi,3464.770225
5/12/2025,Thirunagar_Kilinochchi,3509.184805
5/13/2025,Thirunagar_Kilinochchi,3673.270595
5/14/2025,Thirunagar_Kilinochchi,3762.859244
5/15/2025,Thirunagar_Kilinochchi,3847.18159
5/16/2025,Thirunagar_Kilinochchi,4035.85479
5/17/2025,Thirunagar_Kilinochchi,4157.21506
5/18/2025,Thirunagar_Kilinochchi,4209.625874
5/19/2025,Thirunagar_Kilinochchi,4087.665865
5/20/2025,Thirunagar_Kilinochchi,3990.410112
5/21/2025,Thirunagar_Kilinochchi,3946.556005
5/22/2025,Thirunagar_Kilinochchi,3902.492988
5/23/2025,Thirunagar_Kilinochchi,3872.21091
5/24/2025,Thirunagar_Kilinochchi,3786.734212
5/25/2025,Thirunagar_Kilinochchi,3739.254913
5/26/2025,Thirunagar_Kilinochchi,3735.608242
5/27/2025,Thirunagar_Kilinochchi,3659.336154
5/28/2025,Thirunagar_Kilinochchi,3654.110008
5/29/2025,Thirunagar_Kilinochchi,3577.951063
5/30/2025,Thirunagar_Kilinochchi,3485.909711
5/31/2025,Thirunagar_Kilinochchi,3404.961021
6/1/2025,Thirunagar_Kilinochchi,3325.563577
6/2/2025,Thirunagar_Kilinochchi,3345.549718
6/3/2025,Thirunagar_Kilinochchi,3270.646122
6/4/2025,Thirunagar_Kilinochchi,3249.128383
6/5/2025,Thirunagar_Kilinochchi,3306.212029
6/6/2025,Thirunagar_Kilinochchi,3375.56938
6/7/2025,Thirunagar_Kilinochchi,3356.286022
6/8/2025,Thirunagar_Kilinochchi,3333.252744
6/9/2025,Thirunagar_Kilinochchi,3399.203457
6/10/2025,Thirunagar_Kilinochchi,3474.018744
6/11/2025,Thirunagar_Kilinochchi,3556.012346
6/12/2025,Thirunagar_Kilinochchi,3671.126316
6/13/2025,Thirunagar_Kilinochchi,3765.970067
6/14/2025,Thirunagar_Kilinochchi,3833.090487
6/15/2025,Thirunagar_Kilinochchi,4019.588474
6/16/2025,Thirunagar_Kilinochchi,4126.278523
6/17/2025,Thirunagar_Kilinochchi,4207.315448
6/18/2025,Thirunagar_Kilinochchi,4164.926661
6/19/2025,Thirunagar_Kilinochchi,4119.013407
6/20/2025,Thirunagar_Kilinochchi,4094.318054
6/21/2025,Thirunagar_Kilinochchi,4065.042445
6/22/2025,Thirunagar_Kilinochchi,4046.691418
6/23/2025,Thirunagar_Kilinochchi,3990.729155
6/24/2025,Thirunagar_Kilinochchi,3990.570229
6/25/2025,Thirunagar_Kilinochchi,3954.173229
6/26/2025,Thirunagar_Kilinochchi,3931.775723
6/27/2025,Thirunagar_Kilinochchi,3860.907367
6/28/2025,Thirunagar_Kilinochchi,3718.488594
6/29/2025,Thirunagar_Kilinochchi,3627.051859
6/30/2025,Thirunagar_Kilinochchi,3464.05335
7/1/2025,Thirunagar_Kilinochchi,3311.092339
7/2/2025,Thirunagar_Kilinochchi,3238.056593
7/3/2025,Thirunagar_Kilinochchi,3101.937022
7/4/2025,Thirunagar_Kilinochchi,2996.690374
7/5/2025,Thirunagar_Kilinochchi,3047.95326
7/6/2025,Thirunagar_Kilinochchi,3002.502315
7/7/2025,Thirunagar_Kilinochchi,3029.64698
7/8/2025,Thirunagar_Kilinochchi,3087.12723
7/9/2025,Thirunagar_Kilinochchi,3068.799839
7/10/2025,Thirunagar_Kilinochchi,3116.395396
7/11/2025,Thirunagar_Kilinochchi,3189.423042
7/12/2025,Thirunagar_Kilinochchi,3254.375742
7/13/2025,Thirunagar_Kilinochchi,3409.25748
7/14/2025,Thirunagar_Kilinochchi,3526.948885
7/15/2025,Thirunagar_Kilinochchi,3659.152195
7/16/2025,Thirunagar_Kilinochchi,3798.297045
7/17/2025,Thirunagar_Kilinochchi,3826.185253
7/18/2025,Thirunagar_Kilinochchi,3750.740662
7/19/2025,Thirunagar_Kilinochchi,3740.982962
7/20/2025,Thirunagar_Kilinochchi,3670.502449
7/21/2025,Thirunagar_Kilinochchi,3571.862552
7/22/2025,Thirunagar_Kilinochchi,3495.56862
7/23/2025,Thirunagar_Kilinochchi,3374.99161
7/24/2025,Thirunagar_Kilinochchi,3370.379289
7/25/2025,Thirunagar_Kilinochchi,3368.308027
7/26/2025,Thirunagar_Kilinochchi,3373.100539
7/27/2025,Thirunagar_Kilinochchi,3428.849026
7/28/2025,Thirunagar_Kilinochchi,3371.14832
7/29/2025,Thirunagar_Kilinochchi,3263.762871
7/30/2025,Thirunagar_Kilinochchi,3197.491676
7/31/2025,Thirunagar_Kilinochchi,3104.971474
8/1/2025,Thirunagar_Kilinochchi,3016.867616
8/2/2025,Thirunagar_Kilinochchi,3010.215861
8/3/2025,Thirunagar_Kilinochchi,2959.464847
8/4/2025,Thirunagar_Kilinochchi,3035.866183
8/5/2025,Thirunagar_Kilinochchi,3045.896636
8/6/2025,Thirunagar_Kilinochchi,3027.084209
8/7/2025,Thirunagar_Kilinochchi,3083.051611
8/8/2025,Thirunagar_Kilinochchi,3054.568908
8/9/2025,Thirunagar_Kilinochchi,3100.029588
8/10/2025,Thirunagar_Kilinochchi,3163.236093
8/11/2025,Thirunagar_Kilinochchi,3225.539508
8/12/2025,Thirunagar_Kilinochchi,3404.151538
8/13/2025,Thirunagar_Kilinochchi,3589.164664
8/14/2025,Thirunagar_Kilinochchi,3808.546419
8/15/2025,Thirunagar_Kilinochchi,3993.043603
8/16/2025,Thirunagar_Kilinochchi,4069.418021
8/17/2025,Thirunagar_Kilinochchi,3993.441224
8/18/2025,Thirunagar_Kilinochchi,4009.836573
8/19/2025,Thirunagar_Kilinochchi,3974.723116
8/20/2025,Thirunagar_Kilinochchi,3934.818437
8/21/2025,Thirunagar_Kilinochchi,3892.794688
8/22/2025,Thirunagar_Kilinochchi,3827.198903
8/23/2025,Thirunagar_Kilinochchi,3755.280263
8/24/2025,Thirunagar_Kilinochchi,3706.180505
8/25/2025,Thirunagar_Kilinochchi,3622.634912
8/26/2025,Thirunagar_Kilinochchi,3586.14996
8/27/2025,Thirunagar_Kilinochchi,3430.899748
8/28/2025,Thirunagar_Kilinochchi,3261.481616
8/29/2025,Thirunagar_Kilinochchi,3185.996069
8/30/2025,Thirunagar_Kilinochchi,3030.819049
8/31/2025,Thirunagar_Kilinochchi,2912.861069
9/1/2025,Thirunagar_Kilinochchi,2861.14137
9/2/2025,Thirunagar_Kilinochchi,2794.815599
9/3/2025,Thirunagar_Kilinochchi,2832.667102
9/4/2025,Thirunagar_Kilinochchi,2817.077223
9/5/2025,Thirunagar_Kilinochchi,2837.611595
9/6/2025,Thirunagar_Kilinochchi,2924.970297
9/7/2025,Thirunagar_Kilinochchi,3001.607142
9/8/2025,Thirunagar_Kilinochchi,3049.484976
9/9/2025,Thirunagar_Kilinochchi,3125.56363
9/10/2025,Thirunagar_Kilinochchi,3187.383158
9/11/2025,Thirunagar_Kilinochchi,3245.266075
9/12/2025,Thirunagar_Kilinochchi,3333.23844
9/13/2025,Thirunagar_Kilinochchi,3434.422829
9/14/2025,Thirunagar_Kilinochchi,3519.128955
9/15/2025,Thirunagar_Kilinochchi,3560.254335
9/16/2025,Thirunagar_Kilinochchi,3466.410513
9/17/2025,Thirunagar_Kilinochchi,3390.977549
9/18/2025,Thirunagar_Kilinochchi,3370.936766
9/19/2025,Thirunagar_Kilinochchi,3311.883584
9/20/2025,Thirunagar_Kilinochchi,3254.669464
9/21/2025,Thirunagar_Kilinochchi,3218.747938
9/22/2025,Thirunagar_Kilinochchi,3245.212255
9/23/2025,Thirunagar_Kilinochchi,3283.744506
9/24/2025,Thirunagar_Kilinochchi,3321.80842
9/25/2025,Thirunagar_Kilinochchi,3412.702954
9/26/2025,Thirunagar_Kilinochchi,3396.597261
9/27/2025,Thirunagar_Kilinochchi,3304.975352
9/28/2025,Thirunagar_Kilinochchi,3216.588412
9/29/2025,Thirunagar_Kilinochchi,3110.920649
9/30/2025,Thirunagar_Kilinochchi,3014.56287
10/1/2025,Thirunagar_Kilinochchi,2923.076691
10/2/2025,Thirunagar_Kilinochchi,2795.557379
10/3/2025,Thirunagar_Kilinochchi,2798.526466
10/4/2025,Thirunagar_Kilinochchi,2795.286433
10/5/2025,Thirunagar_Kilinochchi,2748.963437
10/6/2025,Thirunagar_Kilinochchi,2741.824171
10/7/2025,Thirunagar_Kilinochchi,2745.626345
10/8/2025,Thirunagar_Kilinochchi,2832.670568
10/9/2025,Thirunagar_Kilinochchi,2901.652875
10/10/2025,Thirunagar_Kilinochchi,2980.864566
10/11/2025,Thirunagar_Kilinochchi,3122.538584
10/12/2025,Thirunagar_Kilinochchi,3262.907001
10/13/2025,Thirunagar_Kilinochchi,3459.464384
10/14/2025,Thirunagar_Kilinochchi,3575.863226
10/15/2025,Thirunagar_Kilinochchi,3651.457545
10/16/2025,Thirunagar_Kilinochchi,3629.740965
10/17/2025,Thirunagar_Kilinochchi,3642.14587
10/18/2025,Thirunagar_Kilinochchi,3647.322871
10/19/2025,Thirunagar_Kilinochchi,3637.157583
10/20/2025,Thirunagar_Kilinochchi,3558.655604
10/21/2025,Thirunagar_Kilinochchi,3471.142548
10/22/2025,Thirunagar_Kilinochchi,3408.581863
10/23/2025,Thirunagar_Kilinochchi,3433.506914
10/24/2025,Thirunagar_Kilinochchi,3357.537132
10/25/2025,Thirunagar_Kilinochchi,3305.382331
10/26/2025,Thirunagar_Kilinochchi,3209.538543
10/27/2025,Thirunagar_Kilinochchi,3078.6911
10/28/2025,Thirunagar_Kilinochchi,2970.696573
10/29/2025,Thirunagar_Kilinochchi,2895.231994
10/30/2025,Thirunagar_Kilinochchi,2784.769472
10/31/2025,Thirunagar_Kilinochchi,2706.582473
11/1/2025,Thirunagar_Kilinochchi,2647.870409
11/2/2025,Thirunagar_Kilinochchi,2675.603556
11/3/2025,Thirunagar_Kilinochchi,2610.359761
11/4/2025,Thirunagar_Kilinochchi,2599.676194
11/5/2025,Thirunagar_Kilinochchi,2672.156323
11/6/2025,Thirunagar_Kilinochchi,2715.334979
11/7/2025,Thirunagar_Kilinochchi,2794.408532
11/8/2025,Thirunagar_Kilinochchi,2885.190426
11/9/2025,Thirunagar_Kilinochchi,2958.96656
11/10/2025,Thirunagar_Kilinochchi,3140.800075
11/11/2025,Thirunagar_Kilinochchi,3252.031235
11/12/2025,Thirunagar_Kilinochchi,3439.379283
11/13/2025,Thirunagar_Kilinochchi,3590.125751
11/14/2025,Thirunagar_Kilinochchi,3661.142449
11/15/2025,Thirunagar_Kilinochchi,3598.185832
11/16/2025,Thirunagar_Kilinochchi,3616.303522
11/17/2025,Thirunagar_Kilinochchi,3617.724624
11/18/2025,Thirunagar_Kilinochchi,3604.334757
11/19/2025,Thirunagar_Kilinochchi,3527.443495
11/20/2025,Thirunagar_Kilinochchi,3512.611879
11/21/2025,Thirunagar_Kilinochchi,3508.401438
11/22/2025,Thirunagar_Kilinochchi,3505.390243
11/23/2025,Thirunagar_Kilinochchi,3437.909879
11/24/2025,Thirunagar_Kilinochchi,3481.457131
11/25/2025,Thirunagar_Kilinochchi,3422.35872
11/26/2025,Thirunagar_Kilinochchi,3327.107003
11/27/2025,Thirunagar_Kilinochchi,3249.433219
11/28/2025,Thirunagar_Kilinochchi,3175.0298
11/29/2025,Thirunagar_Kilinochchi,3132.969786
11/30/2025,Thirunagar_Kilinochchi,3083.907541
12/1/2025,Thirunagar_Kilinochchi,2972.193623
12/2/2025,Thirunagar_Kilinochchi,3044.773032
12/3/2025,Thirunagar_Kilinochchi,3085.932728
12/4/2025,Thirunagar_Kilinochchi,3042.028839
12/5/2025,Thirunagar_Kilinochchi,3039.556612
12/6/2025,Thirunagar_Kilinochchi,3111.522794
12/7/2025,Thirunagar_Kilinochchi,3183.500289
12/8/2025,Thirunagar_Kilinochchi,3306.988601
12/9/2025,Thirunagar_Kilinochchi,3477.372437
12/10/2025,Thirunagar_Kilinochchi,3648.359245
12/11/2025,Thirunagar_Kilinochchi,3791.915501
12/12/2025,Thirunagar_Kilinochchi,4041.856192
12/13/2025,Thirunagar_Kilinochchi,4179.415972
12/14/2025,Thirunagar_Kilinochchi,4308.045767
12/15/2025,Thirunagar_Kilinochchi,4188.202716
12/16/2025,Thirunagar_Kilinochchi,4135.413372
12/17/2025,Thirunagar_Kilinochchi,4076.199811
12/18/2025,Thirunagar_Kilinochchi,4018.271739
12/19/2025,Thirunagar_Kilinochchi,3922.264816
12/20/2025,Thirunagar_Kilinochchi,3785.038309
12/21/2025,Thirunagar_Kilinochchi,3671.783304
12/22/2025,Thirunagar_Kilinochchi,3605.164775
12/23/2025,Thirunagar_Kilinochchi,3561.771671
12/24/2025,Thirunagar_Kilinochchi,3529.671769
12/25/2025,Thirunagar_Kilinochchi,3408.093347
12/26/2025,Thirunagar_Kilinochchi,3341.773023
12/27/2025,Thirunagar_Kilinochchi,3271.961889
12/28/2025,Thirunagar_Kilinochchi,3255.073956
12/29/2025,Thirunagar_Kilinochchi,3193.171371
12/30/2025,Thirunagar_Kilinochchi,3108.373621
12/31/2025,Thirunagar_Kilinochchi,3091.134136
1/1/2026,Thirunagar_Kilinochchi,3219.208731
1/2/2026,Thirunagar_Kilinochchi,3221.940427
1/3/2026,Thirunagar_Kilinochchi,3253.991483
1/4/2026,Thirunagar_Kilinochchi,3236.581896
1/5/2026,Thirunagar_Kilinochchi,3314.947414
1/6/2026,Thirunagar_Kilinochchi,3406.722447
1/7/2026,Thirunagar_Kilinochchi,3435.392754
1/8/2026,Thirunagar_Kilinochchi,3525.963843
1/9/2026,Thirunagar_Kilinochchi,3653.737017
1/10/2026,Thirunagar_Kilinochchi,3786.994021
1/11/2026,Thirunagar_Kilinochchi,3958.645875
1/12/2026,Thirunagar_Kilinochchi,4104.801285
1/13/2026,Thirunagar_Kilinochchi,4198.804723
1/14/2026,Thirunagar_Kilinochchi,4132.493348
1/15/2026,Thirunagar_Kilinochchi,4122.526639
1/16/2026,Thirunagar_Kilinochchi,4136.865816
1/17/2026,Thirunagar_Kilinochchi,4152.43692
1/18/2026,Thirunagar_Kilinochchi,4118.005287
1/19/2026,Thirunagar_Kilinochchi,4043.47159
1/20/2026,Thirunagar_Kilinochchi,4000.611204
1/21/2026,Thirunagar_Kilinochchi,4010.695025
1/22/2026,Thirunagar_Kilinochchi,3953.180557
1/23/2026,Thirunagar_Kilinochchi,3968.167125
1/24/2026,Thirunagar_Kilinochchi,3837.16187
1/25/2026,Thirunagar_Kilinochchi,3735.000276
1/26/2026,Thirunagar_Kilinochchi,3616.127644
1/27/2026,Thirunagar_Kilinochchi,3485.080652
1/28/2026,Thirunagar_Kilinochchi,3447.099434
1/29/2026,Thirunagar_Kilinochchi,3343.77582
1/30/2026,Thirunagar_Kilinochchi,3230.957317
1/31/2026,Thirunagar_Kilinochchi,3265.145842
2/1/2026,Thirunagar_Kilinochchi,3241.200285
2/2/2026,Thirunagar_Kilinochchi,3252.813343
2/3/2026,Thirunagar_Kilinochchi,3291.953464
2/4/2026,Thirunagar_Kilinochchi,3337.32482
2/5/2026,Thirunagar_Kilinochchi,3461.442858
2/6/2026,Thirunagar_Kilinochchi,3645.425718
2/7/2026,Thirunagar_Kilinochchi,3734.187499
2/8/2026,Thirunagar_Kilinochchi,3826.193258
2/9/2026,Thirunagar_Kilinochchi,3971.381851
2/10/2026,Thirunagar_Kilinochchi,4114.680994
2/11/2026,Thirunagar_Kilinochchi,4254.781979
2/12/2026,Thirunagar_Kilinochchi,4374.278138
2/13/2026,Thirunagar_Kilinochchi,4310.27363
2/14/2026,Thirunagar_Kilinochchi,4364.286323
2/15/2026,Thirunagar_Kilinochchi,4388.064298
2/16/2026,Thirunagar_Kilinochchi,4408.929015
2/17/2026,Thirunagar_Kilinochchi,4413.862
2/18/2026,Thirunagar_Kilinochchi,4330.498743
2/19/2026,Thirunagar_Kilinochchi,4341.855104
2/20/2026,Thirunagar_Kilinochchi,4409.923514
2/21/2026,Thirunagar_Kilinochchi,4305.900535
2/22/2026,Thirunagar_Kilinochchi,4316.083782
2/23/2026,Thirunagar_Kilinochchi,4194.844708
2/24/2026,Thirunagar_Kilinochchi,4009.539976
2/25/2026,Thirunagar_Kilinochchi,3889.332798
2/26/2026,Thirunagar_Kilinochchi,3779.619335
2/27/2026,Thirunagar_Kilinochchi,3579.290575
2/28/2026,Thirunagar_Kilinochchi,3441.998708
3/1/2026,Thirunagar_Kilinochchi,3307.772963
3/2/2026,Thirunagar_Kilinochchi,3270.675678
3/3/2026,Thirunagar_Kilinochchi,3269.405955
3/4/2026,Thirunagar_Kilinochchi,3255.26192
3/5/2026,Thirunagar_Kilinochchi,3279.702954
3/6/2026,Thirunagar_Kilinochchi,3422.995348
3/7/2026,Thirunagar_Kilinochchi,3541.686676
3/8/2026,Thirunagar_Kilinochchi,3661.418092
3/9/2026,Thirunagar_Kilinochchi,3849.10247
3/10/2026,Thirunagar_Kilinochchi,4046.712773
3/11/2026,Thirunagar_Kilinochchi,4292.04148
3/12/2026,Thirunagar_Kilinochchi,4500.478424
3/13/2026,Thirunagar_Kilinochchi,4634.408377
3/14/2026,Thirunagar_Kilinochchi,4778.538307
3/15/2026,Thirunagar_Kilinochchi,4692.530346
3/16/2026,Thirunagar_Kilinochchi,4623.333366
3/17/2026,Thirunagar_Kilinochchi,4599.444813
3/18/2026,Thirunagar_Kilinochchi,4518.838155
3/19/2026,Thirunagar_Kilinochchi,4420.788484
3/20/2026,Thirunagar_Kilinochchi,4288.842246
3/21/2026,Thirunagar_Kilinochchi,4274.464896
3/22/2026,Thirunagar_Kilinochchi,4236.004159
3/23/2026,Thirunagar_Kilinochchi,4145.273165
3/24/2026,Thirunagar_Kilinochchi,4092.649124
3/25/2026,Thirunagar_Kilinochchi,3929.59039
3/26/2026,Thirunagar_Kilinochchi,3784.10256
3/27/2026,Thirunagar_Kilinochchi,3590.195552
3/28/2026,Thirunagar_Kilinochchi,3456.585773
3/29/2026,Thirunagar_Kilinochchi,3410.802148
3/30/2026,Thirunagar_Kilinochchi,3277.043315
3/31/2026,Thirunagar_Kilinochchi,3220.943188
4/1/2026,Thirunagar_Kilinochchi,3287.433832
4/2/2026,Thirunagar_Kilinochchi,3323.430693
4/3/2026,Thirunagar_Kilinochchi,3379.777873
4/4/2026,Thirunagar_Kilinochchi,3392.456784
4/5/2026,Thirunagar_Kilinochchi,3455.757077
4/6/2026,Thirunagar_Kilinochchi,3511.536077
4/7/2026,Thirunagar_Kilinochchi,3625.729432
4/8/2026,Thirunagar_Kilinochchi,3749.830636
4/9/2026,Thirunagar_Kilinochchi,3976.935344
4/10/2026,Thirunagar_Kilinochchi,4216.018938
4/11/2026,Thirunagar_Kilinochchi,4418.066928
4/12/2026,Thirunagar_Kilinochchi,4501.833912
4/13/2026,Thirunagar_Kilinochchi,4537.739303
4/14/2026,Thirunagar_Kilinochchi,4428.384217
4/15/2026,Thirunagar_Kilinochchi,4355.558856
4/16/2026,Thirunagar_Kilinochchi,4307.128056
4/17/2026,Thirunagar_Kilinochchi,4275.619665
4/18/2026,Thirunagar_Kilinochchi,4229.196963
4/19/2026,Thirunagar_Kilinochchi,4134.13874
4/20/2026,Thirunagar_Kilinochchi,4155.233417
4/21/2026,Thirunagar_Kilinochchi,4135.058584
4/22/2026,Thirunagar_Kilinochchi,4067.649466
4/23/2026,Thirunagar_Kilinochchi,4071.640653
4/24/2026,Thirunagar_Kilinochchi,3924.769194
4/25/2026,Thirunagar_Kilinochchi,3739.067315
4/26/2026,Thirunagar_Kilinochchi,3566.100133
4/27/2026,Thirunagar_Kilinochchi,3472.638907
4/28/2026,Thirunagar_Kilinochchi,3385.148121
4/29/2026,Thirunagar_Kilinochchi,3394.134476
4/30/2026,Thirunagar_Kilinochchi,3302.267456
5/1/2026,Thirunagar_Kilinochchi,3342.57593
5/2/2026,Thirunagar_Kilinochchi,3291.781599
5/3/2026,Thirunagar_Kilinochchi,3350.211911
5/4/2026,Thirunagar_Kilinochchi,3410.650067
5/5/2026,Thirunagar_Kilinochchi,3454.359057
5/6/2026,Thirunagar_Kilinochchi,3580.492684
5/7/2026,Thirunagar_Kilinochchi,3730.294599
5/8/2026,Thirunagar_Kilinochchi,3908.822487
5/9/2026,Thirunagar_Kilinochchi,4035.120136
5/10/2026,Thirunagar_Kilinochchi,4215.831553
5/11/2026,Thirunagar_Kilinochchi,4427.009475
5/12/2026,Thirunagar_Kilinochchi,4563.049687
5/13/2026,Thirunagar_Kilinochchi,4650.400974
5/14/2026,Thirunagar_Kilinochchi,4585.813025
5/15/2026,Thirunagar_Kilinochchi,4542.881437
5/16/2026,Thirunagar_Kilinochchi,4440.285337
5/17/2026,Thirunagar_Kilinochchi,4340.949782
5/18/2026,Thirunagar_Kilinochchi,4228.743509
5/19/2026,Thirunagar_Kilinochchi,4098.877855
5/20/2026,Thirunagar_Kilinochchi,3976.712335
5/21/2026,Thirunagar_Kilinochchi,3932.866139
5/22/2026,Thirunagar_Kilinochchi,3877.312328
5/23/2026,Thirunagar_Kilinochchi,3874.268409
5/24/2026,Thirunagar_Kilinochchi,3693.085722
5/25/2026,Thirunagar_Kilinochchi,3530.813833
5/26/2026,Thirunagar_Kilinochchi,3397.028201
5/27/2026,Thirunagar_Kilinochchi,3268.069003
5/28/2026,Thirunagar_Kilinochchi,3220.202579
5/29/2026,Thirunagar_Kilinochchi,3145.266788
5/30/2026,Thirunagar_Kilinochchi,3167.142486
5/31/2026,Thirunagar_Kilinochchi,3289.89099
6/1/2026,Thirunagar_Kilinochchi,3291.916189
6/2/2026,Thirunagar_Kilinochchi,3322.676095
6/3/2026,Thirunagar_Kilinochchi,3374.37956
6/4/2026,Thirunagar_Kilinochchi,3409.428678
6/5/2026,Thirunagar_Kilinochchi,3372.221371
6/6/2026,Thirunagar_Kilinochchi,3492.289705
6/7/2026,Thirunagar_Kilinochchi,3579.808565
6/8/2026,Thirunagar_Kilinochchi,3688.948952
6/9/2026,Thirunagar_Kilinochchi,3859.170652
6/10/2026,Thirunagar_Kilinochchi,4050.119733
6/11/2026,Thirunagar_Kilinochchi,4173.815029
6/12/2026,Thirunagar_Kilinochchi,4189.481695
6/13/2026,Thirunagar_Kilinochchi,4073.946808
6/14/2026,Thirunagar_Kilinochchi,4077.71569
6/15/2026,Thirunagar_Kilinochchi,4022.693675
6/16/2026,Thirunagar_Kilinochchi,3994.117694
6/17/2026,Thirunagar_Kilinochchi,4009.143827
6/18/2026,Thirunagar_Kilinochchi,3975.495424
6/19/2026,Thirunagar_Kilinochchi,3999.806169
6/20/2026,Thirunagar_Kilinochchi,4023.692015
6/21/2026,Thirunagar_Kilinochchi,3972.019092
6/22/2026,Thirunagar_Kilinochchi,3969.877961
6/23/2026,Thirunagar_Kilinochchi,3869.944783
6/24/2026,Thirunagar_Kilinochchi,3726.116526
6/25/2026,Thirunagar_Kilinochchi,3553.97625
6/26/2026,Thirunagar_Kilinochchi,3426.310629
6/27/2026,Thirunagar_Kilinochchi,3279.670656
6/28/2026,Thirunagar_Kilinochchi,3161.229777
6/29/2026,Thirunagar_Kilinochchi,3082.995187
6/30/2026,Thirunagar_Kilinochchi,3026.519687
7/1/2026,Thirunagar_Kilinochchi,3004.02128
7/2/2026,Thirunagar_Kilinochchi,2981.200448
7/3/2026,Thirunagar_Kilinochchi,3005.342506
7/4/2026,Thirunagar_Kilinochchi,3092.10493
7/5/2026,Thirunagar_Kilinochchi,3139.451592
7/6/2026,Thirunagar_Kilinochchi,3265.210446
7/7/2026,Thirunagar_Kilinochchi,3411.462215
7/8/2026,Thirunagar_Kilinochchi,3531.639088
7/9/2026,Thirunagar_Kilinochchi,3681.895033
7/10/2026,Thirunagar_Kilinochchi,3876.583204
7/11/2026,Thirunagar_Kilinochchi,3999.517057
7/12/2026,Thirunagar_Kilinochchi,4083.79286
7/13/2026,Thirunagar_Kilinochchi,4001.984557
7/14/2026,Thirunagar_Kilinochchi,3920.201261
7/15/2026,Thirunagar_Kilinochchi,3835.201843
7/16/2026,Thirunagar_Kilinochchi,3749.10452
7/17/2026,Thirunagar_Kilinochchi,3684.07538
7/18/2026,Thirunagar_Kilinochchi,3615.089448
7/19/2026,Thirunagar_Kilinochchi,3555.75369
7/20/2026,Thirunagar_Kilinochchi,3526.61726
7/21/2026,Thirunagar_Kilinochchi,3518.964855
7/22/2026,Thirunagar_Kilinochchi,3513.151531
7/23/2026,Thirunagar_Kilinochchi,3400.288391
7/24/2026,Thirunagar_Kilinochchi,3303.988915
7/25/2026,Thirunagar_Kilinochchi,3188.496638
7/26/2026,Thirunagar_Kilinochchi,3131.272132
7/27/2026,Thirunagar_Kilinochchi,3033.615281
7/28/2026,Thirunagar_Kilinochchi,2883.89123
7/29/2026,Thirunagar_Kilinochchi,2835.278241
7/30/2026,Thirunagar_Kilinochchi,2915.244096
7/31/2026,Thirunagar_Kilinochchi,2931.277802
8/1/2026,Thirunagar_Kilinochchi,2948.537438
8/2/2026,Thirunagar_Kilinochchi,2946.059466
8/3/2026,Thirunagar_Kilinochchi,2932.740001
8/4/2026,Thirunagar_Kilinochchi,2971.811658
8/5/2026,Thirunagar_Kilinochchi,3030.800318
8/6/2026,Thirunagar_Kilinochchi,3117.333686
8/7/2026,Thirunagar_Kilinochchi,3255.834602
8/8/2026,Thirunagar_Kilinochchi,3348.943431
8/9/2026,Thirunagar_Kilinochchi,3533.561397
8/10/2026,Thirunagar_Kilinochchi,3690.72612
8/11/2026,Thirunagar_Kilinochchi,3780.03465
8/12/2026,Thirunagar_Kilinochchi,3716.802172
8/13/2026,Thirunagar_Kilinochchi,3689.115987
8/14/2026,Thirunagar_Kilinochchi,3655.34581
8/15/2026,Thirunagar_Kilinochchi,3632.88119
8/16/2026,Thirunagar_Kilinochchi,3540.307469
8/17/2026,Thirunagar_Kilinochchi,3474.38122
8/18/2026,Thirunagar_Kilinochchi,3541.032605
8/19/2026,Thirunagar_Kilinochchi,3547.15177
8/20/2026,Thirunagar_Kilinochchi,3485.006276
8/21/2026,Thirunagar_Kilinochchi,3457.755037
8/22/2026,Thirunagar_Kilinochchi,3325.082685
8/23/2026,Thirunagar_Kilinochchi,3134.956266
8/24/2026,Thirunagar_Kilinochchi,3046.714846
8/25/2026,Thirunagar_Kilinochchi,2940.45912
8/26/2026,Thirunagar_Kilinochchi,2855.813113
8/27/2026,Thirunagar_Kilinochchi,2799.426569
8/28/2026,Thirunagar_Kilinochchi,2736.46451
8/29/2026,Thirunagar_Kilinochchi,2792.828444
8/30/2026,Thirunagar_Kilinochchi,2824.342192
8/31/2026,Thirunagar_Kilinochchi,2874.208843
9/1/2026,Thirunagar_Kilinochchi,2876.361637
9/2/2026,Thirunagar_Kilinochchi,2864.971748
9/3/2026,Thirunagar_Kilinochchi,2945.035491
9/4/2026,Thirunagar_Kilinochchi,3042.831067
9/5/2026,Thirunagar_Kilinochchi,3158.111256
9/6/2026,Thirunagar_Kilinochchi,3308.097979
9/7/2026,Thirunagar_Kilinochchi,3458.851009
9/8/2026,Thirunagar_Kilinochchi,3615.264477
9/9/2026,Thirunagar_Kilinochchi,3770.025418
9/10/2026,Thirunagar_Kilinochchi,3825.111151
9/11/2026,Thirunagar_Kilinochchi,3721.498553
9/12/2026,Thirunagar_Kilinochchi,3648.305286
9/13/2026,Thirunagar_Kilinochchi,3631.045377
9/14/2026,Thirunagar_Kilinochchi,3578.502088
9/15/2026,Thirunagar_Kilinochchi,3484.962723
9/16/2026,Thirunagar_Kilinochchi,3422.687771
9/17/2026,Thirunagar_Kilinochchi,3377.51302
9/18/2026,Thirunagar_Kilinochchi,3360.984775
9/19/2026,Thirunagar_Kilinochchi,3382.967913
9/20/2026,Thirunagar_Kilinochchi,3423.352259
9/21/2026,Thirunagar_Kilinochchi,3306.03585
9/22/2026,Thirunagar_Kilinochchi,3195.611607
9/23/2026,Thirunagar_Kilinochchi,3121.464889
9/24/2026,Thirunagar_Kilinochchi,3020.146015
9/25/2026,Thirunagar_Kilinochchi,2982.298105
9/26/2026,Thirunagar_Kilinochchi,2909.30193
9/27/2026,Thirunagar_Kilinochchi,2877.208431
9/28/2026,Thirunagar_Kilinochchi,2931.409038
9/29/2026,Thirunagar_Kilinochchi,2952.91157
9/30/2026,Thirunagar_Kilinochchi,2934.245106
10/1/2026,Thirunagar_Kilinochchi,2915.106054
10/2/2026,Thirunagar_Kilinochchi,2888.75856
10/3/2026,Thirunagar_Kilinochchi,2946.895313
10/4/2026,Thirunagar_Kilinochchi,2994.06815
10/5/2026,Thirunagar_Kilinochchi,3036.036655
10/6/2026,Thirunagar_Kilinochchi,3132.28714
10/7/2026,Thirunagar_Kilinochchi,3205.640575
10/8/2026,Thirunagar_Kilinochchi,3327.358754
10/9/2026,Thirunagar_Kilinochchi,3452.882114
10/10/2026,Thirunagar_Kilinochchi,3476.337277
10/11/2026,Thirunagar_Kilinochchi,3418.13372
10/12/2026,Thirunagar_Kilinochchi,3383.211199
10/13/2026,Thirunagar_Kilinochchi,3314.792609
10/14/2026,Thirunagar_Kilinochchi,3293.275553
10/15/2026,Thirunagar_Kilinochchi,3262.909301
10/16/2026,Thirunagar_Kilinochchi,3183.076678
10/17/2026,Thirunagar_Kilinochchi,3204.696913
10/18/2026,Thirunagar_Kilinochchi,3266.322444
10/19/2026,Thirunagar_Kilinochchi,3315.719218
10/20/2026,Thirunagar_Kilinochchi,3342.018299
10/21/2026,Thirunagar_Kilinochchi,3279.177521
10/22/2026,Thirunagar_Kilinochchi,3163.406404
10/23/2026,Thirunagar_Kilinochchi,3075.760745
10/24/2026,Thirunagar_Kilinochchi,2939.837499
10/25/2026,Thirunagar_Kilinochchi,2839.269809
10/26/2026,Thirunagar_Kilinochchi,2732.706732
10/27/2026,Thirunagar_Kilinochchi,2601.911917
10/28/2026,Thirunagar_Kilinochchi,2643.823083
10/29/2026,Thirunagar_Kilinochchi,2702.6621
10/30/2026,Thirunagar_Kilinochchi,2730.178919
10/31/2026,Thirunagar_Kilinochchi,2817.959907
11/1/2026,Thirunagar_Kilinochchi,2837.096472
11/2/2026,Thirunagar_Kilinochchi,2942.67583
11/3/2026,Thirunagar_Kilinochchi,3122.660128
11/4/2026,Thirunagar_Kilinochchi,3239.600425
11/5/2026,Thirunagar_Kilinochchi,3428.964814
11/6/2026,Thirunagar_Kilinochchi,3598.957313
11/7/2026,Thirunagar_Kilinochchi,3802.089728
11/8/2026,Thirunagar_Kilinochchi,3948.327452
11/9/2026,Thirunagar_Kilinochchi,3984.92736
11/10/2026,Thirunagar_Kilinochchi,3824.018003
11/11/2026,Thirunagar_Kilinochchi,3702.675245
11/12/2026,Thirunagar_Kilinochchi,3580.333401
11/13/2026,Thirunagar_Kilinochchi,3484.980993
11/14/2026,Thirunagar_Kilinochchi,3396.154164
11/15/2026,Thirunagar_Kilinochchi,3324.410079
11/16/2026,Thirunagar_Kilinochchi,3278.78382
11/17/2026,Thirunagar_Kilinochchi,3325.925881
11/18/2026,Thirunagar_Kilinochchi,3316.245444
11/19/2026,Thirunagar_Kilinochchi,3318.935447
11/20/2026,Thirunagar_Kilinochchi,3211.715471
11/21/2026,Thirunagar_Kilinochchi,3094.900303
11/22/2026,Thirunagar_Kilinochchi,3069.799075
11/23/2026,Thirunagar_Kilinochchi,3018.180249
11/24/2026,Thirunagar_Kilinochchi,2968.835357
11/25/2026,Thirunagar_Kilinochchi,2920.528022
11/26/2026,Thirunagar_Kilinochchi,2770.624368
11/27/2026,Thirunagar_Kilinochchi,2795.326439
11/28/2026,Thirunagar_Kilinochchi,2786.038049
11/29/2026,Thirunagar_Kilinochchi,2735.456312
11/30/2026,Thirunagar_Kilinochchi,2688.018156
12/1/2026,Thirunagar_Kilinochchi,2729.082525
12/2/2026,Thirunagar_Kilinochchi,2781.757125
12/3/2026,Thirunagar_Kilinochchi,2862.216651
12/4/2026,Thirunagar_Kilinochchi,3019.326251
12/5/2026,Thirunagar_Kilinochchi,3170.967575
12/6/2026,Thirunagar_Kilinochchi,3294.846518
12/7/2026,Thirunagar_Kilinochchi,3473.8881
12/8/2026,Thirunagar_Kilinochchi,3597.079509
12/9/2026,Thirunagar_Kilinochchi,3673.987446
12/10/2026,Thirunagar_Kilinochchi,3595.884861
12/11/2026,Thirunagar_Kilinochchi,3632.335296
12/12/2026,Thirunagar_Kilinochchi,3674.553547
12/13/2026,Thirunagar_Kilinochchi,3663.275564
12/14/2026,Thirunagar_Kilinochchi,3611.291435
12/15/2026,Thirunagar_Kilinochchi,3496.176802
12/16/2026,Thirunagar_Kilinochchi,3475.250986
12/17/2026,Thirunagar_Kilinochchi,3544.687798
12/18/2026,Thirunagar_Kilinochchi,3585.3418
12/19/2026,Thirunagar_Kilinochchi,3630.017324
12/20/2026,Thirunagar_Kilinochchi,3513.871775
12/21/2026,Thirunagar_Kilinochchi,3406.769116
12/22/2026,Thirunagar_Kilinochchi,3295.31418
12/23/2026,Thirunagar_Kilinochchi,3199.634603
12/24/2026,Thirunagar_Kilinochchi,3153.811807
12/25/2026,Thirunagar_Kilinochchi,3059.247342
12/26/2026,Thirunagar_Kilinochchi,2943.404337
12/27/2026,Thirunagar_Kilinochchi,3042.749098
12/28/2026,Thirunagar_Kilinochchi,3055.810169
12/29/2026,Thirunagar_Kilinochchi,3070.717246
12/30/2026,Thirunagar_Kilinochchi,3097.081842
12/31/2026,Thirunagar_Kilinochchi,3191.097118
1/1/2027,Thirunagar_Kilinochchi,3244.629141
1/2/2027,Thirunagar_Kilinochchi,3312.869264
1/3/2027,Thirunagar_Kilinochchi,3433.465054
1/4/2027,Thirunagar_Kilinochchi,3512.666439
1/5/2027,Thirunagar_Kilinochchi,3671.873606
1/6/2027,Thirunagar_Kilinochchi,3842.62107
1/7/2027,Thirunagar_Kilinochchi,4001.352153
1/8/2027,Thirunagar_Kilinochchi,4066.114279
1/9/2027,Thirunagar_Kilinochchi,3941.385718
1/10/2027,Thirunagar_Kilinochchi,3949.640771
1/11/2027,Thirunagar_Kilinochchi,3911.997154
1/12/2027,Thirunagar_Kilinochchi,3883.134648
1/13/2027,Thirunagar_Kilinochchi,3824.069552
1/14/2027,Thirunagar_Kilinochchi,3761.167958
1/15/2027,Thirunagar_Kilinochchi,3728.961102
1/16/2027,Thirunagar_Kilinochchi,3742.965283
1/17/2027,Thirunagar_Kilinochchi,3670.881282
1/18/2027,Thirunagar_Kilinochchi,3672.344509
1/19/2027,Thirunagar_Kilinochchi,3554.810028
1/20/2027,Thirunagar_Kilinochchi,3434.059797
1/21/2027,Thirunagar_Kilinochchi,3270.870037
1/22/2027,Thirunagar_Kilinochchi,3152.691724
1/23/2027,Thirunagar_Kilinochchi,3081.977576
1/24/2027,Thirunagar_Kilinochchi,2939.429805
1/25/2027,Thirunagar_Kilinochchi,2961.72289
1/26/2027,Thirunagar_Kilinochchi,3104.519816
1/27/2027,Thirunagar_Kilinochchi,3162.892311
1/28/2027,Thirunagar_Kilinochchi,3197.229228
1/29/2027,Thirunagar_Kilinochchi,3260.848407
1/30/2027,Thirunagar_Kilinochchi,3409.789552
1/31/2027,Thirunagar_Kilinochchi,3485.045728
2/1/2027,Thirunagar_Kilinochchi,3594.789863
2/2/2027,Thirunagar_Kilinochchi,3736.462898
2/3/2027,Thirunagar_Kilinochchi,3838.024639
2/4/2027,Thirunagar_Kilinochchi,3976.956822
2/5/2027,Thirunagar_Kilinochchi,4133.05551
2/6/2027,Thirunagar_Kilinochchi,4291.80888
2/7/2027,Thirunagar_Kilinochchi,4370.595005
2/8/2027,Thirunagar_Kilinochchi,4233.851641
2/9/2027,Thirunagar_Kilinochchi,4185.380308
2/10/2027,Thirunagar_Kilinochchi,4130.408135
2/11/2027,Thirunagar_Kilinochchi,4102.812833
2/12/2027,Thirunagar_Kilinochchi,4074.889945
2/13/2027,Thirunagar_Kilinochchi,4016.779366
2/14/2027,Thirunagar_Kilinochchi,4080.027176
2/15/2027,Thirunagar_Kilinochchi,4141.459639
2/16/2027,Thirunagar_Kilinochchi,4103.708057
2/17/2027,Thirunagar_Kilinochchi,4190.33245
2/18/2027,Thirunagar_Kilinochchi,4138.50648
2/19/2027,Thirunagar_Kilinochchi,4038.37128
2/20/2027,Thirunagar_Kilinochchi,3922.764925
2/21/2027,Thirunagar_Kilinochchi,3837.419682
2/22/2027,Thirunagar_Kilinochchi,3756.122194
2/23/2027,Thirunagar_Kilinochchi,3632.45114
2/24/2027,Thirunagar_Kilinochchi,3576.69975
2/25/2027,Thirunagar_Kilinochchi,3600.971518
2/26/2027,Thirunagar_Kilinochchi,3584.316792
2/27/2027,Thirunagar_Kilinochchi,3554.069003
2/28/2027,Thirunagar_Kilinochchi,3486.306224
3/1/2027,Thirunagar_Kilinochchi,3552.103165
3/2/2027,Thirunagar_Kilinochchi,3587.778808
3/3/2027,Thirunagar_Kilinochchi,3636.645356
3/4/2027,Thirunagar_Kilinochchi,3687.522264
3/5/2027,Thirunagar_Kilinochchi,3748.093585
3/6/2027,Thirunagar_Kilinochchi,3896.74087
3/7/2027,Thirunagar_Kilinochchi,4069.582496
3/8/2027,Thirunagar_Kilinochchi,4171.365909
3/9/2027,Thirunagar_Kilinochchi,4259.039686
3/10/2027,Thirunagar_Kilinochchi,4188.993458
3/11/2027,Thirunagar_Kilinochchi,4168.795923
3/12/2027,Thirunagar_Kilinochchi,4166.178052
3/13/2027,Thirunagar_Kilinochchi,4161.40866
3/14/2027,Thirunagar_Kilinochchi,4095.972372
3/15/2027,Thirunagar_Kilinochchi,4034.865743
3/16/2027,Thirunagar_Kilinochchi,4028.497546
3/17/2027,Thirunagar_Kilinochchi,4001.330762
3/18/2027,Thirunagar_Kilinochchi,4027.593941
3/19/2027,Thirunagar_Kilinochchi,4073.004623
3/20/2027,Thirunagar_Kilinochchi,3953.600918
3/21/2027,Thirunagar_Kilinochchi,3908.18708
3/22/2027,Thirunagar_Kilinochchi,3758.502134
3/23/2027,Thirunagar_Kilinochchi,3648.935002
3/24/2027,Thirunagar_Kilinochchi,3525.968082
3/25/2027,Thirunagar_Kilinochchi,3393.153603
3/26/2027,Thirunagar_Kilinochchi,3313.875676
3/27/2027,Thirunagar_Kilinochchi,3327.352279
3/28/2027,Thirunagar_Kilinochchi,3288.698819
3/29/2027,Thirunagar_Kilinochchi,3282.695867
3/30/2027,Thirunagar_Kilinochchi,3329.69888
3/31/2027,Thirunagar_Kilinochchi,3372.355916
4/1/2027,Thirunagar_Kilinochchi,3465.900984
4/2/2027,Thirunagar_Kilinochchi,3567.299414
4/3/2027,Thirunagar_Kilinochchi,3638.849336
4/4/2027,Thirunagar_Kilinochchi,3809.137023
4/5/2027,Thirunagar_Kilinochchi,3964.408927
4/6/2027,Thirunagar_Kilinochchi,4138.250264
4/7/2027,Thirunagar_Kilinochchi,4334.867182
4/8/2027,Thirunagar_Kilinochchi,4440.692512
4/9/2027,Thirunagar_Kilinochchi,4328.749979
4/10/2027,Thirunagar_Kilinochchi,4363.619647
4/11/2027,Thirunagar_Kilinochchi,4280.265639
4/12/2027,Thirunagar_Kilinochchi,4213.877488
4/13/2027,Thirunagar_Kilinochchi,4163.742318
4/14/2027,Thirunagar_Kilinochchi,4053.070935
4/15/2027,Thirunagar_Kilinochchi,4022.345902
4/16/2027,Thirunagar_Kilinochchi,3987.328305
4/17/2027,Thirunagar_Kilinochchi,3901.818247
4/18/2027,Thirunagar_Kilinochchi,3938.151273
4/19/2027,Thirunagar_Kilinochchi,3838.61315
4/20/2027,Thirunagar_Kilinochchi,3710.295834
4/21/2027,Thirunagar_Kilinochchi,3596.489778
4/22/2027,Thirunagar_Kilinochchi,3491.447914
4/23/2027,Thirunagar_Kilinochchi,3414.169913
4/24/2027,Thirunagar_Kilinochchi,3372.127358
4/25/2027,Thirunagar_Kilinochchi,3268.610618
4/26/2027,Thirunagar_Kilinochchi,3310.59312
4/27/2027,Thirunagar_Kilinochchi,3307.651563
4/28/2027,Thirunagar_Kilinochchi,3299.980381
4/29/2027,Thirunagar_Kilinochchi,3262.917902
4/30/2027,Thirunagar_Kilinochchi,3332.810991
5/1/2027,Thirunagar_Kilinochchi,3372.267965
5/2/2027,Thirunagar_Kilinochchi,3468.178922
5/3/2027,Thirunagar_Kilinochchi,3603.019782
5/4/2027,Thirunagar_Kilinochchi,3756.689018
5/5/2027,Thirunagar_Kilinochchi,3967.993076
5/6/2027,Thirunagar_Kilinochchi,4145.758282
5/7/2027,Thirunagar_Kilinochchi,4350.063472
5/8/2027,Thirunagar_Kilinochchi,4478.98825
5/9/2027,Thirunagar_Kilinochchi,4391.170196
5/10/2027,Thirunagar_Kilinochchi,4390.036895
5/11/2027,Thirunagar_Kilinochchi,4376.615118
5/12/2027,Thirunagar_Kilinochchi,4379.723724
5/13/2027,Thirunagar_Kilinochchi,4349.209447
5/14/2027,Thirunagar_Kilinochchi,4256.662763
5/15/2027,Thirunagar_Kilinochchi,4194.610409
5/16/2027,Thirunagar_Kilinochchi,4181.438196
5/17/2027,Thirunagar_Kilinochchi,4159.704666
5/18/2027,Thirunagar_Kilinochchi,4197.892703
5/19/2027,Thirunagar_Kilinochchi,4103.233848
5/20/2027,Thirunagar_Kilinochchi,3979.171855
5/21/2027,Thirunagar_Kilinochchi,3857.814239
5/22/2027,Thirunagar_Kilinochchi,3733.286125
5/23/2027,Thirunagar_Kilinochchi,3619.828537
5/24/2027,Thirunagar_Kilinochchi,3504.971694
5/25/2027,Thirunagar_Kilinochchi,3441.703173
5/26/2027,Thirunagar_Kilinochchi,3434.794131
5/27/2027,Thirunagar_Kilinochchi,3410.794723
5/28/2027,Thirunagar_Kilinochchi,3360.364866
5/29/2027,Thirunagar_Kilinochchi,3349.036376
5/30/2027,Thirunagar_Kilinochchi,3427.879941
5/31/2027,Thirunagar_Kilinochchi,3495.713596
6/1/2027,Thirunagar_Kilinochchi,3649.338147
6/2/2027,Thirunagar_Kilinochchi,3761.204916
6/3/2027,Thirunagar_Kilinochchi,3906.272028
6/4/2027,Thirunagar_Kilinochchi,4075.728372
6/5/2027,Thirunagar_Kilinochchi,4299.534245
6/6/2027,Thirunagar_Kilinochchi,4489.249224
6/7/2027,Thirunagar_Kilinochchi,4617.840125
6/8/2027,Thirunagar_Kilinochchi,4536.037081
6/9/2027,Thirunagar_Kilinochchi,4466.88752
6/10/2027,Thirunagar_Kilinochchi,4406.583928
6/11/2027,Thirunagar_Kilinochchi,4350.877921
6/12/2027,Thirunagar_Kilinochchi,4183.725437
6/13/2027,Thirunagar_Kilinochchi,4031.850332
6/14/2027,Thirunagar_Kilinochchi,3982.685283
6/15/2027,Thirunagar_Kilinochchi,3901.457745
6/16/2027,Thirunagar_Kilinochchi,3814.603259
6/17/2027,Thirunagar_Kilinochchi,3807.306077
6/18/2027,Thirunagar_Kilinochchi,3715.597662
6/19/2027,Thirunagar_Kilinochchi,3618.52307
6/20/2027,Thirunagar_Kilinochchi,3488.159563
6/21/2027,Thirunagar_Kilinochchi,3393.813112
6/22/2027,Thirunagar_Kilinochchi,3276.868662
6/23/2027,Thirunagar_Kilinochchi,3172.268437
6/24/2027,Thirunagar_Kilinochchi,3094.307382
6/25/2027,Thirunagar_Kilinochchi,3125.05223
6/26/2027,Thirunagar_Kilinochchi,3122.421158
6/27/2027,Thirunagar_Kilinochchi,3131.569403
6/28/2027,Thirunagar_Kilinochchi,3079.041568
6/29/2027,Thirunagar_Kilinochchi,3111.829256
6/30/2027,Thirunagar_Kilinochchi,3138.030307
7/1/2027,Thirunagar_Kilinochchi,3200.977025
7/2/2027,Thirunagar_Kilinochchi,3273.683425
7/3/2027,Thirunagar_Kilinochchi,3358.757529
7/4/2027,Thirunagar_Kilinochchi,3464.450569
7/5/2027,Thirunagar_Kilinochchi,3639.436938
7/6/2027,Thirunagar_Kilinochchi,3812.983724
7/7/2027,Thirunagar_Kilinochchi,3906.246911
7/8/2027,Thirunagar_Kilinochchi,3801.095278
7/9/2027,Thirunagar_Kilinochchi,3762.539284
7/10/2027,Thirunagar_Kilinochchi,3699.945492
7/11/2027,Thirunagar_Kilinochchi,3685.7736
7/12/2027,Thirunagar_Kilinochchi,3608.106554
7/13/2027,Thirunagar_Kilinochchi,3566.162394
7/14/2027,Thirunagar_Kilinochchi,3560.523994
7/15/2027,Thirunagar_Kilinochchi,3558.456867
7/16/2027,Thirunagar_Kilinochchi,3551.176518
7/17/2027,Thirunagar_Kilinochchi,3556.674206
7/18/2027,Thirunagar_Kilinochchi,3469.500638
7/19/2027,Thirunagar_Kilinochchi,3403.430058
7/20/2027,Thirunagar_Kilinochchi,3305.936045
7/21/2027,Thirunagar_Kilinochchi,3201.390959
7/22/2027,Thirunagar_Kilinochchi,3154.048011
7/23/2027,Thirunagar_Kilinochchi,3029.889051
7/24/2027,Thirunagar_Kilinochchi,2950.678436
7/25/2027,Thirunagar_Kilinochchi,2984.935074
7/26/2027,Thirunagar_Kilinochchi,2989.970317
7/27/2027,Thirunagar_Kilinochchi,2899.962176
7/28/2027,Thirunagar_Kilinochchi,2884.939094
7/29/2027,Thirunagar_Kilinochchi,2927.700364
7/30/2027,Thirunagar_Kilinochchi,2941.944234
7/31/2027,Thirunagar_Kilinochchi,3039.473506
8/1/2027,Thirunagar_Kilinochchi,3101.815975
8/2/2027,Thirunagar_Kilinochchi,3222.673378
8/3/2027,Thirunagar_Kilinochchi,3320.362936
8/4/2027,Thirunagar_Kilinochchi,3479.480335
8/5/2027,Thirunagar_Kilinochchi,3615.182186
8/6/2027,Thirunagar_Kilinochchi,3636.731609
8/7/2027,Thirunagar_Kilinochchi,3527.354516
8/8/2027,Thirunagar_Kilinochchi,3484.123823
8/9/2027,Thirunagar_Kilinochchi,3493.046605
8/10/2027,Thirunagar_Kilinochchi,3473.940048
8/11/2027,Thirunagar_Kilinochchi,3459.246606
8/12/2027,Thirunagar_Kilinochchi,3424.221396
8/13/2027,Thirunagar_Kilinochchi,3384.641241
8/14/2027,Thirunagar_Kilinochchi,3387.285402
8/15/2027,Thirunagar_Kilinochchi,3429.029172
8/16/2027,Thirunagar_Kilinochchi,3440.392391
8/17/2027,Thirunagar_Kilinochchi,3414.554031
8/18/2027,Thirunagar_Kilinochchi,3333.509704
8/19/2027,Thirunagar_Kilinochchi,3220.361126
8/20/2027,Thirunagar_Kilinochchi,3159.112707
8/21/2027,Thirunagar_Kilinochchi,3080.18158
8/22/2027,Thirunagar_Kilinochchi,2971.354404
8/23/2027,Thirunagar_Kilinochchi,2889.887833
8/24/2027,Thirunagar_Kilinochchi,2867.151195
8/25/2027,Thirunagar_Kilinochchi,2831.189835
8/26/2027,Thirunagar_Kilinochchi,2774.445417
8/27/2027,Thirunagar_Kilinochchi,2787.808714
8/28/2027,Thirunagar_Kilinochchi,2839.498465
8/29/2027,Thirunagar_Kilinochchi,2935.119777
8/30/2027,Thirunagar_Kilinochchi,2982.954102
8/31/2027,Thirunagar_Kilinochchi,3049.670957
9/1/2027,Thirunagar_Kilinochchi,3133.582496
9/2/2027,Thirunagar_Kilinochchi,3222.222021
9/3/2027,Thirunagar_Kilinochchi,3358.000425
9/4/2027,Thirunagar_Kilinochchi,3494.785813
9/5/2027,Thirunagar_Kilinochchi,3521.423548
9/6/2027,Thirunagar_Kilinochchi,3402.408525
9/7/2027,Thirunagar_Kilinochchi,3368.205647
9/8/2027,Thirunagar_Kilinochchi,3317.078672
9/9/2027,Thirunagar_Kilinochchi,3264.913724
9/10/2027,Thirunagar_Kilinochchi,3164.218809
9/11/2027,Thirunagar_Kilinochchi,3068.804597
9/12/2027,Thirunagar_Kilinochchi,3065.453363
9/13/2027,Thirunagar_Kilinochchi,3082.904334
9/14/2027,Thirunagar_Kilinochchi,3106.12843
9/15/2027,Thirunagar_Kilinochchi,3164.388698
9/16/2027,Thirunagar_Kilinochchi,3116.034608
9/17/2027,Thirunagar_Kilinochchi,3040.73625
9/18/2027,Thirunagar_Kilinochchi,2946.382359
9/19/2027,Thirunagar_Kilinochchi,2850.413115
9/20/2027,Thirunagar_Kilinochchi,2820.285589
9/21/2027,Thirunagar_Kilinochchi,2771.421384
9/22/2027,Thirunagar_Kilinochchi,2735.157135
9/23/2027,Thirunagar_Kilinochchi,2752.945782
9/24/2027,Thirunagar_Kilinochchi,2750.008094
9/25/2027,Thirunagar_Kilinochchi,2754.598121
9/26/2027,Thirunagar_Kilinochchi,2790.417976
9/27/2027,Thirunagar_Kilinochchi,2839.586858
9/28/2027,Thirunagar_Kilinochchi,2856.402155
9/29/2027,Thirunagar_Kilinochchi,2914.903828
9/30/2027,Thirunagar_Kilinochchi,3043.427081
10/1/2027,Thirunagar_Kilinochchi,3225.222176
10/2/2027,Thirunagar_Kilinochchi,3391.593383
10/3/2027,Thirunagar_Kilinochchi,3576.631095
10/4/2027,Thirunagar_Kilinochchi,3693.523968
10/5/2027,Thirunagar_Kilinochchi,3784.05834
10/6/2027,Thirunagar_Kilinochchi,3716.686635
10/7/2027,Thirunagar_Kilinochchi,3677.220811
10/8/2027,Thirunagar_Kilinochchi,3671.524868
10/9/2027,Thirunagar_Kilinochchi,3656.466824
10/10/2027,Thirunagar_Kilinochchi,3629.949432
10/11/2027,Thirunagar_Kilinochchi,3583.968261
10/12/2027,Thirunagar_Kilinochchi,3540.638975
10/13/2027,Thirunagar_Kilinochchi,3525.56995
10/14/2027,Thirunagar_Kilinochchi,3496.374877
10/15/2027,Thirunagar_Kilinochchi,3519.725439
10/16/2027,Thirunagar_Kilinochchi,3407.535709
10/17/2027,Thirunagar_Kilinochchi,3252.806194
10/18/2027,Thirunagar_Kilinochchi,3161.269349
10/19/2027,Thirunagar_Kilinochchi,3080.089091
10/20/2027,Thirunagar_Kilinochchi,3009.283767
10/21/2027,Thirunagar_Kilinochchi,2930.5176
10/22/2027,Thirunagar_Kilinochchi,2835.100772
10/23/2027,Thirunagar_Kilinochchi,2846.85031
10/24/2027,Thirunagar_Kilinochchi,2804.338116
10/25/2027,Thirunagar_Kilinochchi,2811.6006
10/26/2027,Thirunagar_Kilinochchi,2824.843372
10/27/2027,Thirunagar_Kilinochchi,2824.409717
10/28/2027,Thirunagar_Kilinochchi,2890.197426
10/29/2027,Thirunagar_Kilinochchi,2946.776149
10/30/2027,Thirunagar_Kilinochchi,3037.752012
10/31/2027,Thirunagar_Kilinochchi,3130.877766
11/1/2027,Thirunagar_Kilinochchi,3269.917968
11/2/2027,Thirunagar_Kilinochchi,3435.874912
11/3/2027,Thirunagar_Kilinochchi,3626.210991
11/4/2027,Thirunagar_Kilinochchi,3735.353656
11/5/2027,Thirunagar_Kilinochchi,3670.410131
11/6/2027,Thirunagar_Kilinochchi,3671.153395
11/7/2027,Thirunagar_Kilinochchi,3659.681764
11/8/2027,Thirunagar_Kilinochchi,3594.097633
11/9/2027,Thirunagar_Kilinochchi,3566.829154
11/10/2027,Thirunagar_Kilinochchi,3536.059194
11/11/2027,Thirunagar_Kilinochchi,3539.722802
11/12/2027,Thirunagar_Kilinochchi,3562.330621
11/13/2027,Thirunagar_Kilinochchi,3566.081085
11/14/2027,Thirunagar_Kilinochchi,3594.364057
11/15/2027,Thirunagar_Kilinochchi,3475.602084
11/16/2027,Thirunagar_Kilinochchi,3330.307971
11/17/2027,Thirunagar_Kilinochchi,3226.886858
11/18/2027,Thirunagar_Kilinochchi,3108.487322
11/19/2027,Thirunagar_Kilinochchi,2999.449563
11/20/2027,Thirunagar_Kilinochchi,2884.696075
11/21/2027,Thirunagar_Kilinochchi,2851.193513
11/22/2027,Thirunagar_Kilinochchi,2868.560863
11/23/2027,Thirunagar_Kilinochchi,2915.009455
11/24/2027,Thirunagar_Kilinochchi,2915.515517
11/25/2027,Thirunagar_Kilinochchi,2884.386177
11/26/2027,Thirunagar_Kilinochchi,2940.779747
11/27/2027,Thirunagar_Kilinochchi,3008.674723
11/28/2027,Thirunagar_Kilinochchi,3085.798209
11/29/2027,Thirunagar_Kilinochchi,3192.455054
11/30/2027,Thirunagar_Kilinochchi,3350.50086
12/1/2027,Thirunagar_Kilinochchi,3544.21911
12/2/2027,Thirunagar_Kilinochchi,3720.916531
12/3/2027,Thirunagar_Kilinochchi,3813.518918
12/4/2027,Thirunagar_Kilinochchi,3871.853147
12/5/2027,Thirunagar_Kilinochchi,3811.147291
12/6/2027,Thirunagar_Kilinochchi,3832.854053
12/7/2027,Thirunagar_Kilinochchi,3832.853012
12/8/2027,Thirunagar_Kilinochchi,3805.952997
12/9/2027,Thirunagar_Kilinochchi,3768.910374
12/10/2027,Thirunagar_Kilinochchi,3707.431563
12/11/2027,Thirunagar_Kilinochchi,3688.699592
12/12/2027,Thirunagar_Kilinochchi,3696.38953
12/13/2027,Thirunagar_Kilinochchi,3764.085373
12/14/2027,Thirunagar_Kilinochchi,3800.413342
12/15/2027,Thirunagar_Kilinochchi,3716.360899
12/16/2027,Thirunagar_Kilinochchi,3625.947869
12/17/2027,Thirunagar_Kilinochchi,3507.462966
12/18/2027,Thirunagar_Kilinochchi,3389.973677
12/19/2027,Thirunagar_Kilinochchi,3298.763748
12/20/2027,Thirunagar_Kilinochchi,3250.082342
12/21/2027,Thirunagar_Kilinochchi,3141.118703
12/22/2027,Thirunagar_Kilinochchi,3152.443466
12/23/2027,Thirunagar_Kilinochchi,3181.41664
12/24/2027,Thirunagar_Kilinochchi,3228.038225
12/25/2027,Thirunagar_Kilinochchi,3292.308222
12/26/2027,Thirunagar_Kilinochchi,3374.22663
12/27/2027,Thirunagar_Kilinochchi,3473.793449
12/28/2027,Thirunagar_Kilinochchi,3591.008679
12/29/2027,Thirunagar_Kilinochchi,3725.872321
12/30/2027,Thirunagar_Kilinochchi,3878.384374
12/31/2027,Thirunagar_Kilinochchi,4048.544838
1/1/2025,Katukeliyawa,4014.571926
1/2/2025,Katukeliyawa,4024.979398
1/3/2025,Katukeliyawa,4031.481657
1/4/2025,Katukeliyawa,4034.078703
1/5/2025,Katukeliyawa,4032.770535
1/6/2025,Katukeliyawa,4027.557153
1/7/2025,Katukeliyawa,4018.438558
1/8/2025,Katukeliyawa,4005.41475
1/9/2025,Katukeliyawa,3988.485728
1/10/2025,Katukeliyawa,3967.651493
1/11/2025,Katukeliyawa,3942.912044
1/12/2025,Katukeliyawa,3962.990638
1/13/2025,Katukeliyawa,3930.412272
1/14/2025,Katukeliyawa,3900.635485
1/15/2025,Katukeliyawa,3794.215922
1/16/2025,Katukeliyawa,3705.877932
1/17/2025,Katukeliyawa,3731.601576
1/18/2025,Katukeliyawa,3736.695943
1/19/2025,Katukeliyawa,3778.454458
1/20/2025,Katukeliyawa,3775.954807
1/21/2025,Katukeliyawa,3813.968751
1/22/2025,Katukeliyawa,3840.905689
1/23/2025,Katukeliyawa,3868.741877
1/24/2025,Katukeliyawa,3929.744368
1/25/2025,Katukeliyawa,3932.662285
1/26/2025,Katukeliyawa,3995.991086
1/27/2025,Katukeliyawa,4056.884367
1/28/2025,Katukeliyawa,4109.182791
1/29/2025,Katukeliyawa,4134.557812
1/30/2025,Katukeliyawa,4117.172696
1/31/2025,Katukeliyawa,4110.539992
2/1/2025,Katukeliyawa,4120.471206
2/2/2025,Katukeliyawa,4068.620609
2/3/2025,Katukeliyawa,4013.019368
2/4/2025,Katukeliyawa,3922.459476
2/5/2025,Katukeliyawa,3902.447278
2/6/2025,Katukeliyawa,3979.898914
2/7/2025,Katukeliyawa,4032.496847
2/8/2025,Katukeliyawa,4102.043876
2/9/2025,Katukeliyawa,4171.584643
2/10/2025,Katukeliyawa,4204.821275
2/11/2025,Katukeliyawa,4238.088775
2/12/2025,Katukeliyawa,4247.471083
2/13/2025,Katukeliyawa,4296.595038
2/14/2025,Katukeliyawa,4368.844249
2/15/2025,Katukeliyawa,4435.677865
2/16/2025,Katukeliyawa,4478.309821
2/17/2025,Katukeliyawa,4521.195181
2/18/2025,Katukeliyawa,4495.175403
2/19/2025,Katukeliyawa,4542.095947
2/20/2025,Katukeliyawa,4570.133566
2/21/2025,Katukeliyawa,4512.088382
2/22/2025,Katukeliyawa,4432.537071
2/23/2025,Katukeliyawa,4348.389623
2/24/2025,Katukeliyawa,4217.926929
2/25/2025,Katukeliyawa,4178.828105
2/26/2025,Katukeliyawa,4179.049099
2/27/2025,Katukeliyawa,4153.794242
2/28/2025,Katukeliyawa,4114.386469
3/1/2025,Katukeliyawa,4057.675521
3/2/2025,Katukeliyawa,3991.774711
3/3/2025,Katukeliyawa,3913.910161
3/4/2025,Katukeliyawa,3840.868665
3/5/2025,Katukeliyawa,3896.258561
3/6/2025,Katukeliyawa,3927.68163
3/7/2025,Katukeliyawa,3935.566203
3/8/2025,Katukeliyawa,3924.772933
3/9/2025,Katukeliyawa,3986.834321
3/10/2025,Katukeliyawa,3987.239373
3/11/2025,Katukeliyawa,4056.183351
3/12/2025,Katukeliyawa,4090.661105
3/13/2025,Katukeliyawa,4139.628628
3/14/2025,Katukeliyawa,4226.876039
3/15/2025,Katukeliyawa,4318.963777
3/16/2025,Katukeliyawa,4399.699945
3/17/2025,Katukeliyawa,4541.178963
3/18/2025,Katukeliyawa,4574.824499
3/19/2025,Katukeliyawa,4573.577535
3/20/2025,Katukeliyawa,4560.039867
3/21/2025,Katukeliyawa,4584.495934
3/22/2025,Katukeliyawa,4611.320868
3/23/2025,Katukeliyawa,4638.379252
3/24/2025,Katukeliyawa,4750.726192
3/25/2025,Katukeliyawa,4869.706163
3/26/2025,Katukeliyawa,4950.386983
3/27/2025,Katukeliyawa,5034.811828
3/28/2025,Katukeliyawa,5104.085076
3/29/2025,Katukeliyawa,5227.82219
3/30/2025,Katukeliyawa,5321.810911
3/31/2025,Katukeliyawa,5399.764882
4/1/2025,Katukeliyawa,5474.494875
4/2/2025,Katukeliyawa,5494.674262
4/3/2025,Katukeliyawa,5536.076528
4/4/2025,Katukeliyawa,5543.616468
4/5/2025,Katukeliyawa,5463.751207
4/6/2025,Katukeliyawa,5310.507849
4/7/2025,Katukeliyawa,5180.524742
4/8/2025,Katukeliyawa,5048.940252
4/9/2025,Katukeliyawa,4953.479635
4/10/2025,Katukeliyawa,4848.267412
4/11/2025,Katukeliyawa,4729.439401
4/12/2025,Katukeliyawa,4654.334572
4/13/2025,Katukeliyawa,4630.18989
4/14/2025,Katukeliyawa,4631.763236
4/15/2025,Katukeliyawa,4655.131454
4/16/2025,Katukeliyawa,4712.606543
4/17/2025,Katukeliyawa,4733.199738
4/18/2025,Katukeliyawa,4783.7144
4/19/2025,Katukeliyawa,4783.560423
4/20/2025,Katukeliyawa,4785.927953
4/21/2025,Katukeliyawa,4844.380731
4/22/2025,Katukeliyawa,4934.875244
4/23/2025,Katukeliyawa,5002.957354
4/24/2025,Katukeliyawa,5016.544165
4/25/2025,Katukeliyawa,5019.741732
4/26/2025,Katukeliyawa,4993.559203
4/27/2025,Katukeliyawa,5032.083562
4/28/2025,Katukeliyawa,4992.866685
4/29/2025,Katukeliyawa,4991.369066
4/30/2025,Katukeliyawa,5028.437229
5/1/2025,Katukeliyawa,5085.507816
5/2/2025,Katukeliyawa,5134.478465
5/3/2025,Katukeliyawa,5228.780589
5/4/2025,Katukeliyawa,5286.646716
5/5/2025,Katukeliyawa,5308.207802
5/6/2025,Katukeliyawa,5396.019761
5/7/2025,Katukeliyawa,5345.513452
5/8/2025,Katukeliyawa,5367.218064
5/9/2025,Katukeliyawa,5448.721342
5/10/2025,Katukeliyawa,5550.753217
5/11/2025,Katukeliyawa,5655.26575
5/12/2025,Katukeliyawa,5700.278737
5/13/2025,Katukeliyawa,5680.263228
5/14/2025,Katukeliyawa,5632.401357
5/15/2025,Katukeliyawa,5633.82861
5/16/2025,Katukeliyawa,5562.454279
5/17/2025,Katukeliyawa,5480.836895
5/18/2025,Katukeliyawa,5335.339431
5/19/2025,Katukeliyawa,5262.031369
5/20/2025,Katukeliyawa,5204.434322
5/21/2025,Katukeliyawa,5077.135477
5/22/2025,Katukeliyawa,4892.237723
5/23/2025,Katukeliyawa,4780.74445
5/24/2025,Katukeliyawa,4666.57279
5/25/2025,Katukeliyawa,4615.182527
5/26/2025,Katukeliyawa,4574.769413
5/27/2025,Katukeliyawa,4484.102849
5/28/2025,Katukeliyawa,4457.415478
5/29/2025,Katukeliyawa,4469.872516
5/30/2025,Katukeliyawa,4486.006603
5/31/2025,Katukeliyawa,4538.980192
6/1/2025,Katukeliyawa,4576.69359
6/2/2025,Katukeliyawa,4636.84147
6/3/2025,Katukeliyawa,4727.057595
6/4/2025,Katukeliyawa,4840.448633
6/5/2025,Katukeliyawa,4870.139476
6/6/2025,Katukeliyawa,4878.17581
6/7/2025,Katukeliyawa,4851.983576
6/8/2025,Katukeliyawa,4892.531782
6/9/2025,Katukeliyawa,4848.891347
6/10/2025,Katukeliyawa,4849.84661
6/11/2025,Katukeliyawa,4781.396063
6/12/2025,Katukeliyawa,4770.165796
6/13/2025,Katukeliyawa,4770.072891
6/14/2025,Katukeliyawa,4805.475147
6/15/2025,Katukeliyawa,4715.223097
6/16/2025,Katukeliyawa,4607.487012
6/17/2025,Katukeliyawa,4484.930939
6/18/2025,Katukeliyawa,4499.038336
6/19/2025,Katukeliyawa,4473.44019
6/20/2025,Katukeliyawa,4524.13809
6/21/2025,Katukeliyawa,4526.410047
6/22/2025,Katukeliyawa,4453.455399
6/23/2025,Katukeliyawa,4442.227347
6/24/2025,Katukeliyawa,4420.26639
6/25/2025,Katukeliyawa,4407.57302
6/26/2025,Katukeliyawa,4377.628896
6/27/2025,Katukeliyawa,4321.237613
6/28/2025,Katukeliyawa,4260.504777
6/29/2025,Katukeliyawa,4208.968106
6/30/2025,Katukeliyawa,4178.503683
7/1/2025,Katukeliyawa,4135.379069
7/2/2025,Katukeliyawa,4089.255205
7/3/2025,Katukeliyawa,4078.819612
7/4/2025,Katukeliyawa,4064.919422
7/5/2025,Katukeliyawa,3995.939555
7/6/2025,Katukeliyawa,4038.414903
7/7/2025,Katukeliyawa,4098.881904
7/8/2025,Katukeliyawa,4171.485129
7/9/2025,Katukeliyawa,4218.342057
7/10/2025,Katukeliyawa,4353.494654
7/11/2025,Katukeliyawa,4433.662344
7/12/2025,Katukeliyawa,4453.803795
7/13/2025,Katukeliyawa,4516.967008
7/14/2025,Katukeliyawa,4507.80616
7/15/2025,Katukeliyawa,4508.938604
7/16/2025,Katukeliyawa,4482.929124
7/17/2025,Katukeliyawa,4466.275128
7/18/2025,Katukeliyawa,4415.017286
7/19/2025,Katukeliyawa,4371.384495
7/20/2025,Katukeliyawa,4250.166456
7/21/2025,Katukeliyawa,4158.288022
7/22/2025,Katukeliyawa,4061.656502
7/23/2025,Katukeliyawa,3970.861358
7/24/2025,Katukeliyawa,3895.404356
7/25/2025,Katukeliyawa,3836.523796
7/26/2025,Katukeliyawa,3844.646795
7/27/2025,Katukeliyawa,3867.63117
7/28/2025,Katukeliyawa,3926.400113
7/29/2025,Katukeliyawa,4000.752677
7/30/2025,Katukeliyawa,4059.655875
7/31/2025,Katukeliyawa,4178.475385
8/1/2025,Katukeliyawa,4191.568757
8/2/2025,Katukeliyawa,4229.233174
8/3/2025,Katukeliyawa,4219.143995
8/4/2025,Katukeliyawa,4266.848754
8/5/2025,Katukeliyawa,4302.244377
8/6/2025,Katukeliyawa,4404.335935
8/7/2025,Katukeliyawa,4407.701969
8/8/2025,Katukeliyawa,4399.201137
8/9/2025,Katukeliyawa,4328.611204
8/10/2025,Katukeliyawa,4314.894196
8/11/2025,Katukeliyawa,4305.534662
8/12/2025,Katukeliyawa,4236.554975
8/13/2025,Katukeliyawa,4211.305749
8/14/2025,Katukeliyawa,4194.005452
8/15/2025,Katukeliyawa,4163.495364
8/16/2025,Katukeliyawa,4180.136229
8/17/2025,Katukeliyawa,4098.359724
8/18/2025,Katukeliyawa,4000.840587
8/19/2025,Katukeliyawa,4014.545396
8/20/2025,Katukeliyawa,4015.067825
8/21/2025,Katukeliyawa,4020.541814
8/22/2025,Katukeliyawa,4012.613869
8/23/2025,Katukeliyawa,3972.511283
8/24/2025,Katukeliyawa,3979.309904
8/25/2025,Katukeliyawa,4016.394808
8/26/2025,Katukeliyawa,4122.657501
8/27/2025,Katukeliyawa,4134.836696
8/28/2025,Katukeliyawa,4169.550143
8/29/2025,Katukeliyawa,4222.744063
8/30/2025,Katukeliyawa,4281.991637
8/31/2025,Katukeliyawa,4323.423562
9/1/2025,Katukeliyawa,4311.561045
9/2/2025,Katukeliyawa,4280.886321
9/3/2025,Katukeliyawa,4251.060434
9/4/2025,Katukeliyawa,4170.352814
9/5/2025,Katukeliyawa,4092.305031
9/6/2025,Katukeliyawa,3984.538546
9/7/2025,Katukeliyawa,3928.477708
9/8/2025,Katukeliyawa,3891.560458
9/9/2025,Katukeliyawa,3849.421357
9/10/2025,Katukeliyawa,3835.705217
9/11/2025,Katukeliyawa,3764.885707
9/12/2025,Katukeliyawa,3745.368908
9/13/2025,Katukeliyawa,3734.917431
9/14/2025,Katukeliyawa,3728.944575
9/15/2025,Katukeliyawa,3757.858649
9/16/2025,Katukeliyawa,3724.301715
9/17/2025,Katukeliyawa,3726.517339
9/18/2025,Katukeliyawa,3764.266664
9/19/2025,Katukeliyawa,3790.372039
9/20/2025,Katukeliyawa,3836.719319
9/21/2025,Katukeliyawa,3841.595328
9/22/2025,Katukeliyawa,3867.768933
9/23/2025,Katukeliyawa,3866.474324
9/24/2025,Katukeliyawa,3833.096188
9/25/2025,Katukeliyawa,3841.788062
9/26/2025,Katukeliyawa,3821.572718
9/27/2025,Katukeliyawa,3811.865264
9/28/2025,Katukeliyawa,3867.475684
9/29/2025,Katukeliyawa,3883.913835
9/30/2025,Katukeliyawa,3939.594258
10/1/2025,Katukeliyawa,3986.270117
10/2/2025,Katukeliyawa,3998.373683
10/3/2025,Katukeliyawa,4004.432023
10/4/2025,Katukeliyawa,3986.35107
10/5/2025,Katukeliyawa,3958.181279
10/6/2025,Katukeliyawa,3920.955134
10/7/2025,Katukeliyawa,3928.498191
10/8/2025,Katukeliyawa,3970.178777
10/9/2025,Katukeliyawa,4032.862027
10/10/2025,Katukeliyawa,4019.943385
10/11/2025,Katukeliyawa,3941.75193
10/12/2025,Katukeliyawa,3889.395919
10/13/2025,Katukeliyawa,3872.653249
10/14/2025,Katukeliyawa,3900.633451
10/15/2025,Katukeliyawa,3942.829794
10/16/2025,Katukeliyawa,3937.317786
10/17/2025,Katukeliyawa,4009.625856
10/18/2025,Katukeliyawa,4058.052972
10/19/2025,Katukeliyawa,4063.771793
10/20/2025,Katukeliyawa,4094.067507
10/21/2025,Katukeliyawa,4085.287559
10/22/2025,Katukeliyawa,4034.019913
10/23/2025,Katukeliyawa,4033.007579
10/24/2025,Katukeliyawa,3993.412679
10/25/2025,Katukeliyawa,3991.662591
10/26/2025,Katukeliyawa,3969.654758
10/27/2025,Katukeliyawa,3941.671729
10/28/2025,Katukeliyawa,3941.19662
10/29/2025,Katukeliyawa,3875.365847
10/30/2025,Katukeliyawa,3769.650989
10/31/2025,Katukeliyawa,3699.644978
11/1/2025,Katukeliyawa,3744.969618
11/2/2025,Katukeliyawa,3761.481425
11/3/2025,Katukeliyawa,3746.144952
11/4/2025,Katukeliyawa,3724.37021
11/5/2025,Katukeliyawa,3707.913405
11/6/2025,Katukeliyawa,3693.89292
11/7/2025,Katukeliyawa,3656.117865
11/8/2025,Katukeliyawa,3591.436732
11/9/2025,Katukeliyawa,3553.03782
11/10/2025,Katukeliyawa,3575.975185
11/11/2025,Katukeliyawa,3553.503283
11/12/2025,Katukeliyawa,3581.568407
11/13/2025,Katukeliyawa,3578.219993
11/14/2025,Katukeliyawa,3609.608579
11/15/2025,Katukeliyawa,3563.171802
11/16/2025,Katukeliyawa,3601.367007
11/17/2025,Katukeliyawa,3728.401064
11/18/2025,Katukeliyawa,3786.631681
11/19/2025,Katukeliyawa,3896.030453
11/20/2025,Katukeliyawa,4034.994092
11/21/2025,Katukeliyawa,4163.774594
11/22/2025,Katukeliyawa,4158.954857
11/23/2025,Katukeliyawa,4203.01496
11/24/2025,Katukeliyawa,4245.549061
11/25/2025,Katukeliyawa,4291.657356
11/26/2025,Katukeliyawa,4287.875841
11/27/2025,Katukeliyawa,4200.483959
11/28/2025,Katukeliyawa,4197.322747
11/29/2025,Katukeliyawa,4223.110234
11/30/2025,Katukeliyawa,4171.557197
12/1/2025,Katukeliyawa,4121.510973
12/2/2025,Katukeliyawa,4073.984762
12/3/2025,Katukeliyawa,3933.246421
12/4/2025,Katukeliyawa,3860.997301
12/5/2025,Katukeliyawa,3818.519778
12/6/2025,Katukeliyawa,3851.331318
12/7/2025,Katukeliyawa,3911.382207
12/8/2025,Katukeliyawa,3888.658747
12/9/2025,Katukeliyawa,3917.491427
12/10/2025,Katukeliyawa,3901.808427
12/11/2025,Katukeliyawa,3877.569499
12/12/2025,Katukeliyawa,3889.724934
12/13/2025,Katukeliyawa,3942.80146
12/14/2025,Katukeliyawa,3990.307543
12/15/2025,Katukeliyawa,4004.366182
12/16/2025,Katukeliyawa,3947.764769
12/17/2025,Katukeliyawa,3959.074519
12/18/2025,Katukeliyawa,4107.359372
12/19/2025,Katukeliyawa,4159.340194
12/20/2025,Katukeliyawa,4202.300183
12/21/2025,Katukeliyawa,4266.936724
12/22/2025,Katukeliyawa,4246.933076
12/23/2025,Katukeliyawa,4203.536077
12/24/2025,Katukeliyawa,4251.044903
12/25/2025,Katukeliyawa,4243.580099
12/26/2025,Katukeliyawa,4221.990724
12/27/2025,Katukeliyawa,4235.159221
12/28/2025,Katukeliyawa,4158.999925
12/29/2025,Katukeliyawa,4125.340278
12/30/2025,Katukeliyawa,4096.830666
12/31/2025,Katukeliyawa,4064.712908
1/1/2026,Katukeliyawa,4050.791457
1/2/2026,Katukeliyawa,4009.411023
1/3/2026,Katukeliyawa,4008.105285
1/4/2026,Katukeliyawa,3987.934453
1/5/2026,Katukeliyawa,3964.18628
1/6/2026,Katukeliyawa,3986.014057
1/7/2026,Katukeliyawa,3951.908029
1/8/2026,Katukeliyawa,3907.058193
1/9/2026,Katukeliyawa,3881.240725
1/10/2026,Katukeliyawa,3867.508772
1/11/2026,Katukeliyawa,3821.212073
1/12/2026,Katukeliyawa,3791.720132
1/13/2026,Katukeliyawa,3849.248505
1/14/2026,Katukeliyawa,3769.499677
1/15/2026,Katukeliyawa,3837.795078
1/16/2026,Katukeliyawa,3833.46171
1/17/2026,Katukeliyawa,3808.111
1/18/2026,Katukeliyawa,3835.980224
1/19/2026,Katukeliyawa,3865.332549
1/20/2026,Katukeliyawa,3836.879427
1/21/2026,Katukeliyawa,3821.485307
1/22/2026,Katukeliyawa,3910.508143
1/23/2026,Katukeliyawa,3954.80551
1/24/2026,Katukeliyawa,3960.360735
1/25/2026,Katukeliyawa,3975.494514
1/26/2026,Katukeliyawa,3990.5013
1/27/2026,Katukeliyawa,3964.852929
1/28/2026,Katukeliyawa,3969.902808
1/29/2026,Katukeliyawa,3989.336428
1/30/2026,Katukeliyawa,3953.779495
1/31/2026,Katukeliyawa,3867.450686
2/1/2026,Katukeliyawa,3879.850436
2/2/2026,Katukeliyawa,3931.393823
2/3/2026,Katukeliyawa,3858.592055
2/4/2026,Katukeliyawa,3894.448268
2/5/2026,Katukeliyawa,3793.699604
2/6/2026,Katukeliyawa,3796.980669
2/7/2026,Katukeliyawa,3811.32897
2/8/2026,Katukeliyawa,3810.215676
2/9/2026,Katukeliyawa,3733.909043
2/10/2026,Katukeliyawa,3686.704921
2/11/2026,Katukeliyawa,3720.735868
2/12/2026,Katukeliyawa,3690.92915
2/13/2026,Katukeliyawa,3680.7944
2/14/2026,Katukeliyawa,3714.08253
2/15/2026,Katukeliyawa,3726.409234
2/16/2026,Katukeliyawa,3647.107371
2/17/2026,Katukeliyawa,3660.34274
2/18/2026,Katukeliyawa,3681.330521
2/19/2026,Katukeliyawa,3629.459051
2/20/2026,Katukeliyawa,3632.897232
2/21/2026,Katukeliyawa,3734.494903
2/22/2026,Katukeliyawa,3810.229482
2/23/2026,Katukeliyawa,3795.434475
2/24/2026,Katukeliyawa,3769.846448
2/25/2026,Katukeliyawa,3720.050782
2/26/2026,Katukeliyawa,3736.315718
2/27/2026,Katukeliyawa,3758.386574
2/28/2026,Katukeliyawa,3738.476492
3/1/2026,Katukeliyawa,3759.496406
3/2/2026,Katukeliyawa,3796.720963
3/3/2026,Katukeliyawa,3815.519077
3/4/2026,Katukeliyawa,3830.104245
3/5/2026,Katukeliyawa,3828.226066
3/6/2026,Katukeliyawa,3831.767355
3/7/2026,Katukeliyawa,3836.647411
3/8/2026,Katukeliyawa,3783.705906
3/9/2026,Katukeliyawa,3770.681837
3/10/2026,Katukeliyawa,3717.612387
3/11/2026,Katukeliyawa,3616.87714
3/12/2026,Katukeliyawa,3588.788658
3/13/2026,Katukeliyawa,3552.824238
3/14/2026,Katukeliyawa,3521.485857
3/15/2026,Katukeliyawa,3444.173121
3/16/2026,Katukeliyawa,3415.658916
3/17/2026,Katukeliyawa,3384.98033
3/18/2026,Katukeliyawa,3453.775144
3/19/2026,Katukeliyawa,3540.876781
3/20/2026,Katukeliyawa,3641.609026
3/21/2026,Katukeliyawa,3771.192135
3/22/2026,Katukeliyawa,3858.876758
3/23/2026,Katukeliyawa,3940.899025
3/24/2026,Katukeliyawa,4056.100368
3/25/2026,Katukeliyawa,4084.434437
3/26/2026,Katukeliyawa,4100.956116
3/27/2026,Katukeliyawa,4114.610267
3/28/2026,Katukeliyawa,4065.639071
3/29/2026,Katukeliyawa,3992.012823
3/30/2026,Katukeliyawa,3923.089664
3/31/2026,Katukeliyawa,3844.558818
4/1/2026,Katukeliyawa,3835.210791
4/2/2026,Katukeliyawa,3774.397474
4/3/2026,Katukeliyawa,3750.52932
4/4/2026,Katukeliyawa,3769.820299
4/5/2026,Katukeliyawa,3791.804664
4/6/2026,Katukeliyawa,3781.158618
4/7/2026,Katukeliyawa,3815.336408
4/8/2026,Katukeliyawa,3814.132578
4/9/2026,Katukeliyawa,3867.381655
4/10/2026,Katukeliyawa,3898.171929
4/11/2026,Katukeliyawa,3954.295316
4/12/2026,Katukeliyawa,3972.080616
4/13/2026,Katukeliyawa,4011.634487
4/14/2026,Katukeliyawa,4031.319182
4/15/2026,Katukeliyawa,4116.643037
4/16/2026,Katukeliyawa,4166.087041
4/17/2026,Katukeliyawa,4186.890977
4/18/2026,Katukeliyawa,4166.851029
4/19/2026,Katukeliyawa,4161.445836
4/20/2026,Katukeliyawa,4174.026952
4/21/2026,Katukeliyawa,4154.288857
4/22/2026,Katukeliyawa,4110.73421
4/23/2026,Katukeliyawa,4094.867141
4/24/2026,Katukeliyawa,4026.814627
4/25/2026,Katukeliyawa,3900.492536
4/26/2026,Katukeliyawa,3786.830674
4/27/2026,Katukeliyawa,3736.122718
4/28/2026,Katukeliyawa,3679.623046
4/29/2026,Katukeliyawa,3687.809003
4/30/2026,Katukeliyawa,3675.315326
5/1/2026,Katukeliyawa,3704.127611
5/2/2026,Katukeliyawa,3722.176774
5/3/2026,Katukeliyawa,3804.08319
5/4/2026,Katukeliyawa,3904.6607
5/5/2026,Katukeliyawa,4059.247617
5/6/2026,Katukeliyawa,4209.680858
5/7/2026,Katukeliyawa,4352.596866
5/8/2026,Katukeliyawa,4427.686208
5/9/2026,Katukeliyawa,4592.987392
5/10/2026,Katukeliyawa,4739.245445
5/11/2026,Katukeliyawa,4763.622447
5/12/2026,Katukeliyawa,4754.514056
5/13/2026,Katukeliyawa,4666.53039
5/14/2026,Katukeliyawa,4551.386222
5/15/2026,Katukeliyawa,4483.36844
5/16/2026,Katukeliyawa,4436.407807
5/17/2026,Katukeliyawa,4382.978217
5/18/2026,Katukeliyawa,4346.986985
5/19/2026,Katukeliyawa,4281.073028
5/20/2026,Katukeliyawa,4178.714263
5/21/2026,Katukeliyawa,4084.736316
5/22/2026,Katukeliyawa,4059.86276
5/23/2026,Katukeliyawa,4049.534326
5/24/2026,Katukeliyawa,4054.199046
5/25/2026,Katukeliyawa,4123.520718
5/26/2026,Katukeliyawa,4139.338129
5/27/2026,Katukeliyawa,4093.963261
5/28/2026,Katukeliyawa,4046.27513
5/29/2026,Katukeliyawa,4141.122612
5/30/2026,Katukeliyawa,4180.986345
5/31/2026,Katukeliyawa,4115.035609
6/1/2026,Katukeliyawa,4066.664661
6/2/2026,Katukeliyawa,4002.370743
6/3/2026,Katukeliyawa,4015.58716
6/4/2026,Katukeliyawa,3988.384605
6/5/2026,Katukeliyawa,3933.1177
6/6/2026,Katukeliyawa,3905.467658
6/7/2026,Katukeliyawa,3933.321521
6/8/2026,Katukeliyawa,3898.778459
6/9/2026,Katukeliyawa,3922.857653
6/10/2026,Katukeliyawa,3980.977812
6/11/2026,Katukeliyawa,4061.278872
6/12/2026,Katukeliyawa,4140.251752
6/13/2026,Katukeliyawa,4128.639593
6/14/2026,Katukeliyawa,4091.445388
6/15/2026,Katukeliyawa,4067.746307
6/16/2026,Katukeliyawa,4048.522089
6/17/2026,Katukeliyawa,4089.944003
6/18/2026,Katukeliyawa,4163.107023
6/19/2026,Katukeliyawa,4216.182987
6/20/2026,Katukeliyawa,4292.646122
6/21/2026,Katukeliyawa,4336.565788
6/22/2026,Katukeliyawa,4313.234266
6/23/2026,Katukeliyawa,4285.283012
6/24/2026,Katukeliyawa,4224.539661
6/25/2026,Katukeliyawa,4194.452681
6/26/2026,Katukeliyawa,4222.727704
6/27/2026,Katukeliyawa,4218.673773
6/28/2026,Katukeliyawa,4158.028126
6/29/2026,Katukeliyawa,4178.741667
6/30/2026,Katukeliyawa,4173.828635
7/1/2026,Katukeliyawa,4177.578778
7/2/2026,Katukeliyawa,4133.543497
7/3/2026,Katukeliyawa,4035.772028
7/4/2026,Katukeliyawa,4003.040952
7/5/2026,Katukeliyawa,3991.332916
7/6/2026,Katukeliyawa,4016.69363
7/7/2026,Katukeliyawa,4089.770788
7/8/2026,Katukeliyawa,4070.498094
7/9/2026,Katukeliyawa,4115.038257
7/10/2026,Katukeliyawa,4141.785263
7/11/2026,Katukeliyawa,4060.474449
7/12/2026,Katukeliyawa,4009.967375
7/13/2026,Katukeliyawa,4050.266162
7/14/2026,Katukeliyawa,4074.506943
7/15/2026,Katukeliyawa,4115.887402
7/16/2026,Katukeliyawa,4118.480303
7/17/2026,Katukeliyawa,4100.007937
7/18/2026,Katukeliyawa,4138.130527
7/19/2026,Katukeliyawa,4244.967338
7/20/2026,Katukeliyawa,4261.159616
7/21/2026,Katukeliyawa,4298.831533
7/22/2026,Katukeliyawa,4274.755277
7/23/2026,Katukeliyawa,4328.659835
7/24/2026,Katukeliyawa,4338.526309
7/25/2026,Katukeliyawa,4351.881122
7/26/2026,Katukeliyawa,4405.691469
7/27/2026,Katukeliyawa,4407.049376
7/28/2026,Katukeliyawa,4306.143244
7/29/2026,Katukeliyawa,4273.154946
7/30/2026,Katukeliyawa,4217.032712
7/31/2026,Katukeliyawa,4193.160344
8/1/2026,Katukeliyawa,4203.547406
8/2/2026,Katukeliyawa,4206.376764
8/3/2026,Katukeliyawa,4202.628509
8/4/2026,Katukeliyawa,4181.647889
8/5/2026,Katukeliyawa,4176.65296
8/6/2026,Katukeliyawa,4207.285655
8/7/2026,Katukeliyawa,4292.436746
8/8/2026,Katukeliyawa,4297.897389
8/9/2026,Katukeliyawa,4327.137394
8/10/2026,Katukeliyawa,4351.227235
8/11/2026,Katukeliyawa,4344.266728
8/12/2026,Katukeliyawa,4354.518188
8/13/2026,Katukeliyawa,4346.349711
8/14/2026,Katukeliyawa,4362.727098
8/15/2026,Katukeliyawa,4348.948695
8/16/2026,Katukeliyawa,4277.037323
8/17/2026,Katukeliyawa,4223.469425
8/18/2026,Katukeliyawa,4159.278477
8/19/2026,Katukeliyawa,4100.51354
8/20/2026,Katukeliyawa,4006.036899
8/21/2026,Katukeliyawa,3895.692332
8/22/2026,Katukeliyawa,3823.696953
8/23/2026,Katukeliyawa,3788.272886
8/24/2026,Katukeliyawa,3801.185883
8/25/2026,Katukeliyawa,3835.808204
8/26/2026,Katukeliyawa,3884.330341
8/27/2026,Katukeliyawa,3977.848676
8/28/2026,Katukeliyawa,3974.291624
8/29/2026,Katukeliyawa,4046.170144
8/30/2026,Katukeliyawa,4053.896473
8/31/2026,Katukeliyawa,4067.012358
9/1/2026,Katukeliyawa,4086.310395
9/2/2026,Katukeliyawa,4106.205318
9/3/2026,Katukeliyawa,4148.649166
9/4/2026,Katukeliyawa,4092.776479
9/5/2026,Katukeliyawa,4031.386495
9/6/2026,Katukeliyawa,4017.864157
9/7/2026,Katukeliyawa,3962.020345
9/8/2026,Katukeliyawa,3917.123651
9/9/2026,Katukeliyawa,3861.204476
9/10/2026,Katukeliyawa,3886.733805
9/11/2026,Katukeliyawa,3931.483938
9/12/2026,Katukeliyawa,3964.302254
9/13/2026,Katukeliyawa,4086.316516
9/14/2026,Katukeliyawa,4131.266868
9/15/2026,Katukeliyawa,4173.983855
9/16/2026,Katukeliyawa,4179.02307
9/17/2026,Katukeliyawa,4155.542962
9/18/2026,Katukeliyawa,4157.499619
9/19/2026,Katukeliyawa,4091.066423
9/20/2026,Katukeliyawa,4019.006045
9/21/2026,Katukeliyawa,3953.460903
9/22/2026,Katukeliyawa,3880.149419
9/23/2026,Katukeliyawa,3771.484771
9/24/2026,Katukeliyawa,3624.624627
9/25/2026,Katukeliyawa,3526.969925
9/26/2026,Katukeliyawa,3509.724721
9/27/2026,Katukeliyawa,3466.996486
9/28/2026,Katukeliyawa,3456.126057
9/29/2026,Katukeliyawa,3503.148708
9/30/2026,Katukeliyawa,3581.159245
10/1/2026,Katukeliyawa,3598.409206
10/2/2026,Katukeliyawa,3639.857527
10/3/2026,Katukeliyawa,3775.843376
10/4/2026,Katukeliyawa,3871.292961
10/5/2026,Katukeliyawa,3961.257446
10/6/2026,Katukeliyawa,4041.380073
10/7/2026,Katukeliyawa,4091.841366
10/8/2026,Katukeliyawa,4088.601966
10/9/2026,Katukeliyawa,4057.100073
10/10/2026,Katukeliyawa,4051.249979
10/11/2026,Katukeliyawa,4055.639559
10/12/2026,Katukeliyawa,3999.741782
10/13/2026,Katukeliyawa,3985.39349
10/14/2026,Katukeliyawa,3994.07087
10/15/2026,Katukeliyawa,3990.883854
10/16/2026,Katukeliyawa,4011.569592
10/17/2026,Katukeliyawa,3948.693564
10/18/2026,Katukeliyawa,3941.675989
10/19/2026,Katukeliyawa,3956.711362
10/20/2026,Katukeliyawa,3946.195611
10/21/2026,Katukeliyawa,3954.170475
10/22/2026,Katukeliyawa,4008.896275
10/23/2026,Katukeliyawa,4019.248438
10/24/2026,Katukeliyawa,4057.090583
10/25/2026,Katukeliyawa,4098.913359
10/26/2026,Katukeliyawa,4109.523344
10/27/2026,Katukeliyawa,4063.847481
10/28/2026,Katukeliyawa,4032.377058
10/29/2026,Katukeliyawa,3990.791135
10/30/2026,Katukeliyawa,3998.049098
10/31/2026,Katukeliyawa,4024.624027
11/1/2026,Katukeliyawa,3983.239922
11/2/2026,Katukeliyawa,3981.538675
11/3/2026,Katukeliyawa,3950.94632
11/4/2026,Katukeliyawa,3893.974882
11/5/2026,Katukeliyawa,3863.38308
11/6/2026,Katukeliyawa,3874.696522
11/7/2026,Katukeliyawa,3901.123942
11/8/2026,Katukeliyawa,3882.583733
11/9/2026,Katukeliyawa,3873.350725
11/10/2026,Katukeliyawa,3875.26253
11/11/2026,Katukeliyawa,3909.278194
11/12/2026,Katukeliyawa,3865.829394
11/13/2026,Katukeliyawa,3926.113939
11/14/2026,Katukeliyawa,3950.426474
11/15/2026,Katukeliyawa,3941.506435
11/16/2026,Katukeliyawa,3912.73521
11/17/2026,Katukeliyawa,3939.2525
11/18/2026,Katukeliyawa,3960.212522
11/19/2026,Katukeliyawa,4040.445455
11/20/2026,Katukeliyawa,4057.368711
11/21/2026,Katukeliyawa,4057.60412
11/22/2026,Katukeliyawa,4083.90243
11/23/2026,Katukeliyawa,4129.725166
11/24/2026,Katukeliyawa,4173.120453
11/25/2026,Katukeliyawa,4235.031248
11/26/2026,Katukeliyawa,4282.09099
11/27/2026,Katukeliyawa,4274.576313
11/28/2026,Katukeliyawa,4293.993768
11/29/2026,Katukeliyawa,4334.054577
11/30/2026,Katukeliyawa,4328.672023
12/1/2026,Katukeliyawa,4337.379707
12/2/2026,Katukeliyawa,4297.051559
12/3/2026,Katukeliyawa,4288.844122
12/4/2026,Katukeliyawa,4235.676295
12/5/2026,Katukeliyawa,4173.982618
12/6/2026,Katukeliyawa,4142.665037
12/7/2026,Katukeliyawa,4142.694204
12/8/2026,Katukeliyawa,4134.381592
12/9/2026,Katukeliyawa,4072.258482
12/10/2026,Katukeliyawa,4008.24483
12/11/2026,Katukeliyawa,3981.061548
12/12/2026,Katukeliyawa,3978.016401
12/13/2026,Katukeliyawa,3959.543931
12/14/2026,Katukeliyawa,3963.144777
12/15/2026,Katukeliyawa,3911.294937
12/16/2026,Katukeliyawa,3901.557099
12/17/2026,Katukeliyawa,3951.608283
12/18/2026,Katukeliyawa,4010.274349
12/19/2026,Katukeliyawa,3982.789363
12/20/2026,Katukeliyawa,3931.849597
12/21/2026,Katukeliyawa,3963.023371
12/22/2026,Katukeliyawa,3984.015164
12/23/2026,Katukeliyawa,4000.199552
12/24/2026,Katukeliyawa,4050.149716
12/25/2026,Katukeliyawa,4142.743487
12/26/2026,Katukeliyawa,4217.759694
12/27/2026,Katukeliyawa,4248.353643
12/28/2026,Katukeliyawa,4290.626616
12/29/2026,Katukeliyawa,4307.111968
12/30/2026,Katukeliyawa,4344.605018
12/31/2026,Katukeliyawa,4399.998797
1/1/2027,Katukeliyawa,4447.467575
1/2/2027,Katukeliyawa,4466.538388
1/3/2027,Katukeliyawa,4511.957782
1/4/2027,Katukeliyawa,4510.521877
1/5/2027,Katukeliyawa,4579.888042
1/6/2027,Katukeliyawa,4664.989767
1/7/2027,Katukeliyawa,4759.371676
1/8/2027,Katukeliyawa,4709.706388
1/9/2027,Katukeliyawa,4726.343499
1/10/2027,Katukeliyawa,4719.913453
1/11/2027,Katukeliyawa,4711.231703
1/12/2027,Katukeliyawa,4684.381762
1/13/2027,Katukeliyawa,4613.419687
1/14/2027,Katukeliyawa,4531.597135
1/15/2027,Katukeliyawa,4395.034261
1/16/2027,Katukeliyawa,4291.312686
1/17/2027,Katukeliyawa,4257.667403
1/18/2027,Katukeliyawa,4171.208623
1/19/2027,Katukeliyawa,4060.737681
1/20/2027,Katukeliyawa,4022.970008
1/21/2027,Katukeliyawa,3992.473364
1/22/2027,Katukeliyawa,3960.17832
1/23/2027,Katukeliyawa,3917.63695
1/24/2027,Katukeliyawa,3962.775573
1/25/2027,Katukeliyawa,4068.155356
1/26/2027,Katukeliyawa,4136.926446
1/27/2027,Katukeliyawa,4165.21771
1/28/2027,Katukeliyawa,4164.056989
1/29/2027,Katukeliyawa,4181.131657
1/30/2027,Katukeliyawa,4209.482537
1/31/2027,Katukeliyawa,4263.217272
2/1/2027,Katukeliyawa,4239.981474
2/2/2027,Katukeliyawa,4236.323839
2/3/2027,Katukeliyawa,4258.39669
2/4/2027,Katukeliyawa,4326.736452
2/5/2027,Katukeliyawa,4311.66416
2/6/2027,Katukeliyawa,4312.222102
2/7/2027,Katukeliyawa,4324.070683
2/8/2027,Katukeliyawa,4305.999885
2/9/2027,Katukeliyawa,4445.391171
2/10/2027,Katukeliyawa,4444.891529
2/11/2027,Katukeliyawa,4436.065326
2/12/2027,Katukeliyawa,4431.722214
2/13/2027,Katukeliyawa,4533.911875
2/14/2027,Katukeliyawa,4518.346185
2/15/2027,Katukeliyawa,4521.31119
2/16/2027,Katukeliyawa,4508.171495
2/17/2027,Katukeliyawa,4592.254756
2/18/2027,Katukeliyawa,4615.120968
2/19/2027,Katukeliyawa,4702.537877
2/20/2027,Katukeliyawa,4735.904046
2/21/2027,Katukeliyawa,4787.953963
2/22/2027,Katukeliyawa,4815.208789
2/23/2027,Katukeliyawa,4824.098369
2/24/2027,Katukeliyawa,4766.026848
2/25/2027,Katukeliyawa,4717.001695
2/26/2027,Katukeliyawa,4715.318733
2/27/2027,Katukeliyawa,4736.598303
2/28/2027,Katukeliyawa,4730.33033
3/1/2027,Katukeliyawa,4818.394514
3/2/2027,Katukeliyawa,4781.867556
3/3/2027,Katukeliyawa,4787.277954
3/4/2027,Katukeliyawa,4785.611938
3/5/2027,Katukeliyawa,4808.254941
3/6/2027,Katukeliyawa,4751.680499
3/7/2027,Katukeliyawa,4771.176893
3/8/2027,Katukeliyawa,4715.487075
3/9/2027,Katukeliyawa,4778.552981
3/10/2027,Katukeliyawa,4805.173019
3/11/2027,Katukeliyawa,4872.279113
3/12/2027,Katukeliyawa,4870.969613
3/13/2027,Katukeliyawa,4884.78254
3/14/2027,Katukeliyawa,4824.725615
3/15/2027,Katukeliyawa,4778.357294
3/16/2027,Katukeliyawa,4694.294152
3/17/2027,Katukeliyawa,4766.584234
3/18/2027,Katukeliyawa,4765.153633
3/19/2027,Katukeliyawa,4788.303533
3/20/2027,Katukeliyawa,4768.892826
3/21/2027,Katukeliyawa,4802.807346
3/22/2027,Katukeliyawa,4806.004192
3/23/2027,Katukeliyawa,4768.131494
3/24/2027,Katukeliyawa,4733.705597
3/25/2027,Katukeliyawa,4668.270896
3/26/2027,Katukeliyawa,4571.732479
3/27/2027,Katukeliyawa,4476.726654
3/28/2027,Katukeliyawa,4398.610452
3/29/2027,Katukeliyawa,4405.639716
3/30/2027,Katukeliyawa,4418.948798
3/31/2027,Katukeliyawa,4443.104493
4/1/2027,Katukeliyawa,4347.990797
4/2/2027,Katukeliyawa,4337.546589
4/3/2027,Katukeliyawa,4286.927562
4/4/2027,Katukeliyawa,4201.725597
4/5/2027,Katukeliyawa,4190.095128
4/6/2027,Katukeliyawa,4264.781195
4/7/2027,Katukeliyawa,4290.174425
4/8/2027,Katukeliyawa,4306.216205
4/9/2027,Katukeliyawa,4267.100417
4/10/2027,Katukeliyawa,4304.141374
4/11/2027,Katukeliyawa,4262.606518
4/12/2027,Katukeliyawa,4224.063689
4/13/2027,Katukeliyawa,4196.476312
4/14/2027,Katukeliyawa,4162.480844
4/15/2027,Katukeliyawa,4055.726464
4/16/2027,Katukeliyawa,3958.553504
4/17/2027,Katukeliyawa,3958.60917
4/18/2027,Katukeliyawa,3978.163906
4/19/2027,Katukeliyawa,4008.276112
4/20/2027,Katukeliyawa,3979.413514
4/21/2027,Katukeliyawa,3938.135266
4/22/2027,Katukeliyawa,3926.016066
4/23/2027,Katukeliyawa,3921.003684
4/24/2027,Katukeliyawa,3978.781484
4/25/2027,Katukeliyawa,4067.801009
4/26/2027,Katukeliyawa,4136.954248
4/27/2027,Katukeliyawa,4203.648692
4/28/2027,Katukeliyawa,4257.798464
4/29/2027,Katukeliyawa,4222.560518
4/30/2027,Katukeliyawa,4225.746101
5/1/2027,Katukeliyawa,4175.799906
5/2/2027,Katukeliyawa,4148.288633
5/3/2027,Katukeliyawa,4140.480778
5/4/2027,Katukeliyawa,4055.699654
5/5/2027,Katukeliyawa,3883.912331
5/6/2027,Katukeliyawa,3837.385293
5/7/2027,Katukeliyawa,3816.89684
5/8/2027,Katukeliyawa,3725.851045
5/9/2027,Katukeliyawa,3603.584103
5/10/2027,Katukeliyawa,3551.276623
5/11/2027,Katukeliyawa,3544.156483
5/12/2027,Katukeliyawa,3533.463788
5/13/2027,Katukeliyawa,3576.741026
5/14/2027,Katukeliyawa,3610.854279
5/15/2027,Katukeliyawa,3595.218913
5/16/2027,Katukeliyawa,3635.82303
5/17/2027,Katukeliyawa,3720.482426
5/18/2027,Katukeliyawa,3802.367993
5/19/2027,Katukeliyawa,3795.091492
5/20/2027,Katukeliyawa,3748.127908
5/21/2027,Katukeliyawa,3712.919418
5/22/2027,Katukeliyawa,3678.213187
5/23/2027,Katukeliyawa,3657.920847
5/24/2027,Katukeliyawa,3576.784555
5/25/2027,Katukeliyawa,3559.388986
5/26/2027,Katukeliyawa,3620.68172
5/27/2027,Katukeliyawa,3595.514567
5/28/2027,Katukeliyawa,3529.995751
5/29/2027,Katukeliyawa,3513.377211
5/30/2027,Katukeliyawa,3556.525061
5/31/2027,Katukeliyawa,3529.835696
6/1/2027,Katukeliyawa,3487.066013
6/2/2027,Katukeliyawa,3475.160365
6/3/2027,Katukeliyawa,3479.90443
6/4/2027,Katukeliyawa,3519.192135
6/5/2027,Katukeliyawa,3615.85482
6/6/2027,Katukeliyawa,3646.632667
6/7/2027,Katukeliyawa,3710.085421
6/8/2027,Katukeliyawa,3634.16909
6/9/2027,Katukeliyawa,3588.99695
6/10/2027,Katukeliyawa,3579.710011
6/11/2027,Katukeliyawa,3544.193408
6/12/2027,Katukeliyawa,3479.133859
6/13/2027,Katukeliyawa,3465.506379
6/14/2027,Katukeliyawa,3511.943252
6/15/2027,Katukeliyawa,3525.68104
6/16/2027,Katukeliyawa,3522.049405
6/17/2027,Katukeliyawa,3528.577809
6/18/2027,Katukeliyawa,3541.927107
6/19/2027,Katukeliyawa,3512.404989
6/20/2027,Katukeliyawa,3484.260568
6/21/2027,Katukeliyawa,3507.137995
6/22/2027,Katukeliyawa,3523.894662
6/23/2027,Katukeliyawa,3562.862072
6/24/2027,Katukeliyawa,3639.696322
6/25/2027,Katukeliyawa,3742.21241
6/26/2027,Katukeliyawa,3776.492342
6/27/2027,Katukeliyawa,3843.506103
6/28/2027,Katukeliyawa,3844.292255
6/29/2027,Katukeliyawa,3881.085623
6/30/2027,Katukeliyawa,3817.550955
7/1/2027,Katukeliyawa,3737.10025
7/2/2027,Katukeliyawa,3653.108073
7/3/2027,Katukeliyawa,3620.552112
7/4/2027,Katukeliyawa,3547.239998
7/5/2027,Katukeliyawa,3525.068613
7/6/2027,Katukeliyawa,3466.691329
7/7/2027,Katukeliyawa,3394.046497
7/8/2027,Katukeliyawa,3407.954616
7/9/2027,Katukeliyawa,3429.025451
7/10/2027,Katukeliyawa,3480.35092
7/11/2027,Katukeliyawa,3460.328635
7/12/2027,Katukeliyawa,3479.516234
7/13/2027,Katukeliyawa,3532.9186
7/14/2027,Katukeliyawa,3606.59134
7/15/2027,Katukeliyawa,3687.832206
7/16/2027,Katukeliyawa,3743.554513
7/17/2027,Katukeliyawa,3814.665341
7/18/2027,Katukeliyawa,3852.236941
7/19/2027,Katukeliyawa,3833.168555
7/20/2027,Katukeliyawa,3770.945188
7/21/2027,Katukeliyawa,3686.134315
7/22/2027,Katukeliyawa,3667.403295
7/23/2027,Katukeliyawa,3598.74469
7/24/2027,Katukeliyawa,3552.591954
7/25/2027,Katukeliyawa,3495.878004
7/26/2027,Katukeliyawa,3438.593844
7/27/2027,Katukeliyawa,3459.118487
7/28/2027,Katukeliyawa,3542.788366
7/29/2027,Katukeliyawa,3622.613481
7/30/2027,Katukeliyawa,3652.725028
7/31/2027,Katukeliyawa,3656.547989
8/1/2027,Katukeliyawa,3705.615544
8/2/2027,Katukeliyawa,3721.970365
8/3/2027,Katukeliyawa,3799.812681
8/4/2027,Katukeliyawa,3856.807505
8/5/2027,Katukeliyawa,3853.066191
8/6/2027,Katukeliyawa,3859.472131
8/7/2027,Katukeliyawa,3828.789194
8/8/2027,Katukeliyawa,3798.127267
8/9/2027,Katukeliyawa,3745.816557
8/10/2027,Katukeliyawa,3719.757855
8/11/2027,Katukeliyawa,3714.340058
8/12/2027,Katukeliyawa,3629.878692
8/13/2027,Katukeliyawa,3494.435137
8/14/2027,Katukeliyawa,3400.538118
8/15/2027,Katukeliyawa,3390.631125
8/16/2027,Katukeliyawa,3364.365044
8/17/2027,Katukeliyawa,3286.361921
8/18/2027,Katukeliyawa,3267.002046
8/19/2027,Katukeliyawa,3222.233776
8/20/2027,Katukeliyawa,3178.116288
8/21/2027,Katukeliyawa,3135.157665
8/22/2027,Katukeliyawa,3169.541157
8/23/2027,Katukeliyawa,3268.1912
8/24/2027,Katukeliyawa,3299.501406
8/25/2027,Katukeliyawa,3320.705108
8/26/2027,Katukeliyawa,3398.859373
8/27/2027,Katukeliyawa,3465.332845
8/28/2027,Katukeliyawa,3488.859983
8/29/2027,Katukeliyawa,3507.899984
8/30/2027,Katukeliyawa,3526.802525
8/31/2027,Katukeliyawa,3505.023014
9/1/2027,Katukeliyawa,3507.85809
9/2/2027,Katukeliyawa,3484.189204
9/3/2027,Katukeliyawa,3492.29642
9/4/2027,Katukeliyawa,3442.613579
9/5/2027,Katukeliyawa,3358.854923
9/6/2027,Katukeliyawa,3271.135932
9/7/2027,Katukeliyawa,3279.233369
9/8/2027,Katukeliyawa,3317.067599
9/9/2027,Katukeliyawa,3320.652833
9/10/2027,Katukeliyawa,3397.115787
9/11/2027,Katukeliyawa,3499.189701
9/12/2027,Katukeliyawa,3609.082076
9/13/2027,Katukeliyawa,3704.204615
9/14/2027,Katukeliyawa,3810.832641
9/15/2027,Katukeliyawa,3925.312792
9/16/2027,Katukeliyawa,3985.597043
9/17/2027,Katukeliyawa,3995.467034
9/18/2027,Katukeliyawa,3999.101498
9/19/2027,Katukeliyawa,4011.644574
9/20/2027,Katukeliyawa,4020.514079
9/21/2027,Katukeliyawa,4011.952538
9/22/2027,Katukeliyawa,3962.646865
9/23/2027,Katukeliyawa,3863.554668
9/24/2027,Katukeliyawa,3831.424471
9/25/2027,Katukeliyawa,3759.160458
9/26/2027,Katukeliyawa,3687.552391
9/27/2027,Katukeliyawa,3692.262032
9/28/2027,Katukeliyawa,3728.291127
9/29/2027,Katukeliyawa,3701.855096
9/30/2027,Katukeliyawa,3718.272767
10/1/2027,Katukeliyawa,3776.777575
10/2/2027,Katukeliyawa,3780.05353
10/3/2027,Katukeliyawa,3828.321833
10/4/2027,Katukeliyawa,3830.385074
10/5/2027,Katukeliyawa,3848.3697
10/6/2027,Katukeliyawa,3834.431265
10/7/2027,Katukeliyawa,3835.048933
10/8/2027,Katukeliyawa,3784.90927
10/9/2027,Katukeliyawa,3747.358359
10/10/2027,Katukeliyawa,3737.457564
10/11/2027,Katukeliyawa,3728.953292
10/12/2027,Katukeliyawa,3724.370173
10/13/2027,Katukeliyawa,3732.352107
10/14/2027,Katukeliyawa,3766.137467
10/15/2027,Katukeliyawa,3729.072949
10/16/2027,Katukeliyawa,3699.373627
10/17/2027,Katukeliyawa,3752.52942
10/18/2027,Katukeliyawa,3787.394943
10/19/2027,Katukeliyawa,3788.301196
10/20/2027,Katukeliyawa,3802.452305
10/21/2027,Katukeliyawa,3826.670656
10/22/2027,Katukeliyawa,3754.014135
10/23/2027,Katukeliyawa,3772.931298
10/24/2027,Katukeliyawa,3807.856289
10/25/2027,Katukeliyawa,3922.747506
10/26/2027,Katukeliyawa,3978.396224
10/27/2027,Katukeliyawa,4068.681921
10/28/2027,Katukeliyawa,4065.250222
10/29/2027,Katukeliyawa,4078.36788
10/30/2027,Katukeliyawa,4097.863163
10/31/2027,Katukeliyawa,4108.856191
11/1/2027,Katukeliyawa,4182.664705
11/2/2027,Katukeliyawa,4225.100143
11/3/2027,Katukeliyawa,4265.734955
11/4/2027,Katukeliyawa,4252.310147
11/5/2027,Katukeliyawa,4248.513356
11/6/2027,Katukeliyawa,4264.598526
11/7/2027,Katukeliyawa,4226.326123
11/8/2027,Katukeliyawa,4149.683857
11/9/2027,Katukeliyawa,4131.061175
11/10/2027,Katukeliyawa,4150.792926
11/11/2027,Katukeliyawa,4176.030128
11/12/2027,Katukeliyawa,4248.704135
11/13/2027,Katukeliyawa,4361.078341
11/14/2027,Katukeliyawa,4423.942185
11/15/2027,Katukeliyawa,4420.346895
11/16/2027,Katukeliyawa,4482.248074
11/17/2027,Katukeliyawa,4485.295167
11/18/2027,Katukeliyawa,4473.072408
11/19/2027,Katukeliyawa,4528.139057
11/20/2027,Katukeliyawa,4579.703428
11/21/2027,Katukeliyawa,4673.100571
11/22/2027,Katukeliyawa,4673.537801
11/23/2027,Katukeliyawa,4676.297161
11/24/2027,Katukeliyawa,4591.77449
11/25/2027,Katukeliyawa,4531.54784
11/26/2027,Katukeliyawa,4383.751569
11/27/2027,Katukeliyawa,4303.551147
11/28/2027,Katukeliyawa,4261.394572
11/29/2027,Katukeliyawa,4319.725987
11/30/2027,Katukeliyawa,4302.077857
12/1/2027,Katukeliyawa,4253.620935
12/2/2027,Katukeliyawa,4181.080596
12/3/2027,Katukeliyawa,4176.32337
12/4/2027,Katukeliyawa,4204.401607
12/5/2027,Katukeliyawa,4272.596357
12/6/2027,Katukeliyawa,4327.469392
12/7/2027,Katukeliyawa,4391.732376
12/8/2027,Katukeliyawa,4432.921379
12/9/2027,Katukeliyawa,4480.023997
12/10/2027,Katukeliyawa,4482.753261
12/11/2027,Katukeliyawa,4507.52072
12/12/2027,Katukeliyawa,4455.686026
12/13/2027,Katukeliyawa,4406.021802
12/14/2027,Katukeliyawa,4339.652241
12/15/2027,Katukeliyawa,4282.06231
12/16/2027,Katukeliyawa,4209.835943
12/17/2027,Katukeliyawa,4162.415395
12/18/2027,Katukeliyawa,4148.632712
12/19/2027,Katukeliyawa,4067.18435
12/20/2027,Katukeliyawa,4001.871835
12/21/2027,Katukeliyawa,3945.873513
12/22/2027,Katukeliyawa,3942.057969
12/23/2027,Katukeliyawa,3954.41791
12/24/2027,Katukeliyawa,3982.953338
12/25/2027,Katukeliyawa,4027.664253
12/26/2027,Katukeliyawa,4088.550653
12/27/2027,Katukeliyawa,4165.61254
12/28/2027,Katukeliyawa,4258.849913
12/29/2027,Katukeliyawa,4368.262772
12/30/2027,Katukeliyawa,4493.851117
12/31/2027,Katukeliyawa,4635.614949
1/1/2025,Valachchenai,3797.608814
1/2/2025,Valachchenai,3787.722873
1/3/2025,Valachchenai,3780.596397
1/4/2025,Valachchenai,3776.229384
1/5/2025,Valachchenai,3774.621836
1/6/2025,Valachchenai,3775.773753
1/7/2025,Valachchenai,3779.685133
1/8/2025,Valachchenai,3786.355979
1/9/2025,Valachchenai,3795.786288
1/10/2025,Valachchenai,3807.976062
1/11/2025,Valachchenai,3822.9253
1/12/2025,Valachchenai,3793.973274
1/13/2025,Valachchenai,3839.459916
1/14/2025,Valachchenai,3909.565499
1/15/2025,Valachchenai,4017.481376
1/16/2025,Valachchenai,4105.022542
1/17/2025,Valachchenai,4169.109671
1/18/2025,Valachchenai,4128.40967
1/19/2025,Valachchenai,4126.520625
1/20/2025,Valachchenai,4045.426091
1/21/2025,Valachchenai,4031.699839
1/22/2025,Valachchenai,3992.501829
1/23/2025,Valachchenai,3918.262077
1/24/2025,Valachchenai,3923.018386
1/25/2025,Valachchenai,3947.228619
1/26/2025,Valachchenai,3989.064917
1/27/2025,Valachchenai,4087.31902
1/28/2025,Valachchenai,4060.336359
1/29/2025,Valachchenai,4022.458436
1/30/2025,Valachchenai,4028.058834
1/31/2025,Valachchenai,4044.030489
2/1/2025,Valachchenai,4066.571551
2/2/2025,Valachchenai,4104.982091
2/3/2025,Valachchenai,4160.677985
2/4/2025,Valachchenai,4158.591389
2/5/2025,Valachchenai,4250.136741
2/6/2025,Valachchenai,4204.356236
2/7/2025,Valachchenai,4180.401857
2/8/2025,Valachchenai,4204.390683
2/9/2025,Valachchenai,4146.489308
2/10/2025,Valachchenai,4119.000495
2/11/2025,Valachchenai,4099.757185
2/12/2025,Valachchenai,4068.203287
2/13/2025,Valachchenai,4118.614703
2/14/2025,Valachchenai,4189.976897
2/15/2025,Valachchenai,4294.419335
2/16/2025,Valachchenai,4294.016201
2/17/2025,Valachchenai,4224.219773
2/18/2025,Valachchenai,4182.497316
2/19/2025,Valachchenai,4219.72809
2/20/2025,Valachchenai,4181.751326
2/21/2025,Valachchenai,4131.574846
2/22/2025,Valachchenai,4038.768146
2/23/2025,Valachchenai,3991.220184
2/24/2025,Valachchenai,3965.534156
2/25/2025,Valachchenai,4027.427275
2/26/2025,Valachchenai,4054.827292
2/27/2025,Valachchenai,4075.688781
2/28/2025,Valachchenai,4071.376596
3/1/2025,Valachchenai,3992.057532
3/2/2025,Valachchenai,3973.387814
3/3/2025,Valachchenai,3964.694092
3/4/2025,Valachchenai,3960.804496
3/5/2025,Valachchenai,3950.287911
3/6/2025,Valachchenai,3970.563718
3/7/2025,Valachchenai,4046.394872
3/8/2025,Valachchenai,4097.1017
3/9/2025,Valachchenai,4089.283048
3/10/2025,Valachchenai,4129.880889
3/11/2025,Valachchenai,4161.008482
3/12/2025,Valachchenai,4118.507372
3/13/2025,Valachchenai,4145.707788
3/14/2025,Valachchenai,4221.79208
3/15/2025,Valachchenai,4318.538471
3/16/2025,Valachchenai,4441.842246
3/17/2025,Valachchenai,4638.088887
3/18/2025,Valachchenai,4708.307947
3/19/2025,Valachchenai,4670.990538
3/20/2025,Valachchenai,4602.184369
3/21/2025,Valachchenai,4527.424596
3/22/2025,Valachchenai,4474.951393
3/23/2025,Valachchenai,4391.75214
3/24/2025,Valachchenai,4299.442555
3/25/2025,Valachchenai,4314.497392
3/26/2025,Valachchenai,4307.948896
3/27/2025,Valachchenai,4343.128994
3/28/2025,Valachchenai,4361.330012
3/29/2025,Valachchenai,4245.00871
3/30/2025,Valachchenai,4247.190404
3/31/2025,Valachchenai,4227.732577
4/1/2025,Valachchenai,4191.716113
4/2/2025,Valachchenai,4262.138479
4/3/2025,Valachchenai,4299.701485
4/4/2025,Valachchenai,4358.025363
4/5/2025,Valachchenai,4447.052048
4/6/2025,Valachchenai,4563.544758
4/7/2025,Valachchenai,4588.632052
4/8/2025,Valachchenai,4542.519841
4/9/2025,Valachchenai,4517.90264
4/10/2025,Valachchenai,4504.889579
4/11/2025,Valachchenai,4524.117425
4/12/2025,Valachchenai,4433.288657
4/13/2025,Valachchenai,4493.250652
4/14/2025,Valachchenai,4532.571222
4/15/2025,Valachchenai,4528.525689
4/16/2025,Valachchenai,4548.203452
4/17/2025,Valachchenai,4558.201727
4/18/2025,Valachchenai,4473.482363
4/19/2025,Valachchenai,4464.557662
4/20/2025,Valachchenai,4417.893529
4/21/2025,Valachchenai,4354.991515
4/22/2025,Valachchenai,4377.760704
4/23/2025,Valachchenai,4277.227888
4/24/2025,Valachchenai,4345.036171
4/25/2025,Valachchenai,4400.369891
4/26/2025,Valachchenai,4422.723052
4/27/2025,Valachchenai,4464.247818
4/28/2025,Valachchenai,4403.261657
4/29/2025,Valachchenai,4387.903087
4/30/2025,Valachchenai,4330.622272
5/1/2025,Valachchenai,4264.457766
5/2/2025,Valachchenai,4176.880873
5/3/2025,Valachchenai,4185.940586
5/4/2025,Valachchenai,4099.974082
5/5/2025,Valachchenai,4111.149272
5/6/2025,Valachchenai,4165.546716
5/7/2025,Valachchenai,4179.46259
5/8/2025,Valachchenai,4129.377849
5/9/2025,Valachchenai,4072.392038
5/10/2025,Valachchenai,4065.564493
5/11/2025,Valachchenai,3996.144903
5/12/2025,Valachchenai,4045.778842
5/13/2025,Valachchenai,4039.362168
5/14/2025,Valachchenai,4158.644696
5/15/2025,Valachchenai,4201.07473
5/16/2025,Valachchenai,4237.626278
5/17/2025,Valachchenai,4264.649325
5/18/2025,Valachchenai,4248.416954
5/19/2025,Valachchenai,4209.34511
5/20/2025,Valachchenai,4137.031483
5/21/2025,Valachchenai,4106.381163
5/22/2025,Valachchenai,4031.419747
5/23/2025,Valachchenai,3949.323427
5/24/2025,Valachchenai,3957.676331
5/25/2025,Valachchenai,4020.281531
5/26/2025,Valachchenai,4057.436721
5/27/2025,Valachchenai,4064.313175
5/28/2025,Valachchenai,3987.493223
5/29/2025,Valachchenai,3959.950538
5/30/2025,Valachchenai,3928.91801
5/31/2025,Valachchenai,3818.592233
6/1/2025,Valachchenai,3835.970873
6/2/2025,Valachchenai,3783.869691
6/3/2025,Valachchenai,3749.160294
6/4/2025,Valachchenai,3774.56707
6/5/2025,Valachchenai,3827.220855
6/6/2025,Valachchenai,3864.809902
6/7/2025,Valachchenai,3889.402251
6/8/2025,Valachchenai,3852.670508
6/9/2025,Valachchenai,3814.102487
6/10/2025,Valachchenai,3818.404283
6/11/2025,Valachchenai,3828.444166
6/12/2025,Valachchenai,3898.952004
6/13/2025,Valachchenai,4016.430696
6/14/2025,Valachchenai,4086.280415
6/15/2025,Valachchenai,4159.510285
6/16/2025,Valachchenai,4199.383555
6/17/2025,Valachchenai,4118.585634
6/18/2025,Valachchenai,4079.924023
6/19/2025,Valachchenai,3958.150426
6/20/2025,Valachchenai,3815.478188
6/21/2025,Valachchenai,3725.230719
6/22/2025,Valachchenai,3608.849207
6/23/2025,Valachchenai,3561.097257
6/24/2025,Valachchenai,3565.931636
6/25/2025,Valachchenai,3554.779024
6/26/2025,Valachchenai,3537.340185
6/27/2025,Valachchenai,3461.02168
6/28/2025,Valachchenai,3452.512483
6/29/2025,Valachchenai,3451.320819
6/30/2025,Valachchenai,3486.207782
7/1/2025,Valachchenai,3537.293524
7/2/2025,Valachchenai,3558.913753
7/3/2025,Valachchenai,3571.522865
7/4/2025,Valachchenai,3600.149955
7/5/2025,Valachchenai,3657.687151
7/6/2025,Valachchenai,3690.093889
7/7/2025,Valachchenai,3639.099247
7/8/2025,Valachchenai,3607.98997
7/9/2025,Valachchenai,3600.392296
7/10/2025,Valachchenai,3577.362318
7/11/2025,Valachchenai,3593.885853
7/12/2025,Valachchenai,3664.707067
7/13/2025,Valachchenai,3711.213131
7/14/2025,Valachchenai,3728.822431
7/15/2025,Valachchenai,3801.926132
7/16/2025,Valachchenai,3809.946252
7/17/2025,Valachchenai,3751.714383
7/18/2025,Valachchenai,3804.955682
7/19/2025,Valachchenai,3791.771618
7/20/2025,Valachchenai,3738.524772
7/21/2025,Valachchenai,3712.744117
7/22/2025,Valachchenai,3665.128611
7/23/2025,Valachchenai,3614.951844
7/24/2025,Valachchenai,3603.599954
7/25/2025,Valachchenai,3637.932739
7/26/2025,Valachchenai,3673.513368
7/27/2025,Valachchenai,3599.401861
7/28/2025,Valachchenai,3598.521876
7/29/2025,Valachchenai,3638.232233
7/30/2025,Valachchenai,3634.650049
7/31/2025,Valachchenai,3640.490903
8/1/2025,Valachchenai,3618.30073
8/2/2025,Valachchenai,3522.080595
8/3/2025,Valachchenai,3519.25052
8/4/2025,Valachchenai,3622.544147
8/5/2025,Valachchenai,3624.178211
8/6/2025,Valachchenai,3578.082343
8/7/2025,Valachchenai,3632.793783
8/8/2025,Valachchenai,3632.849948
8/9/2025,Valachchenai,3643.633981
8/10/2025,Valachchenai,3670.203715
8/11/2025,Valachchenai,3724.919691
8/12/2025,Valachchenai,3740.077678
8/13/2025,Valachchenai,3762.288501
8/14/2025,Valachchenai,3879.198054
8/15/2025,Valachchenai,3892.783798
8/16/2025,Valachchenai,3798.176536
8/17/2025,Valachchenai,3769.338182
8/18/2025,Valachchenai,3736.089924
8/19/2025,Valachchenai,3670.04082
8/20/2025,Valachchenai,3633.716021
8/21/2025,Valachchenai,3551.725404
8/22/2025,Valachchenai,3485.169119
8/23/2025,Valachchenai,3505.943936
8/24/2025,Valachchenai,3530.378776
8/25/2025,Valachchenai,3505.658108
8/26/2025,Valachchenai,3467.00016
8/27/2025,Valachchenai,3451.952385
8/28/2025,Valachchenai,3438.735463
8/29/2025,Valachchenai,3404.69811
8/30/2025,Valachchenai,3342.675974
8/31/2025,Valachchenai,3322.544346
9/1/2025,Valachchenai,3280.063817
9/2/2025,Valachchenai,3310.498783
9/3/2025,Valachchenai,3415.720975
9/4/2025,Valachchenai,3441.851079
9/5/2025,Valachchenai,3417.614289
9/6/2025,Valachchenai,3438.823437
9/7/2025,Valachchenai,3468.858939
9/8/2025,Valachchenai,3478.87829
9/9/2025,Valachchenai,3560.106516
9/10/2025,Valachchenai,3557.934866
9/11/2025,Valachchenai,3597.539624
9/12/2025,Valachchenai,3664.534835
9/13/2025,Valachchenai,3749.28053
9/14/2025,Valachchenai,3782.99505
9/15/2025,Valachchenai,3689.670617
9/16/2025,Valachchenai,3584.364789
9/17/2025,Valachchenai,3533.208388
9/18/2025,Valachchenai,3417.708284
9/19/2025,Valachchenai,3347.68575
9/20/2025,Valachchenai,3289.169159
9/21/2025,Valachchenai,3256.963841
9/22/2025,Valachchenai,3249.201465
9/23/2025,Valachchenai,3306.791576
9/24/2025,Valachchenai,3328.274232
9/25/2025,Valachchenai,3306.351668
9/26/2025,Valachchenai,3282.965247
9/27/2025,Valachchenai,3299.314968
9/28/2025,Valachchenai,3345.365989
9/29/2025,Valachchenai,3398.685961
9/30/2025,Valachchenai,3388.54681
10/1/2025,Valachchenai,3384.297633
10/2/2025,Valachchenai,3394.307321
10/3/2025,Valachchenai,3437.077619
10/4/2025,Valachchenai,3410.081406
10/5/2025,Valachchenai,3347.618907
10/6/2025,Valachchenai,3358.70329
10/7/2025,Valachchenai,3344.315586
10/8/2025,Valachchenai,3317.722725
10/9/2025,Valachchenai,3371.902402
10/10/2025,Valachchenai,3431.282976
10/11/2025,Valachchenai,3525.120712
10/12/2025,Valachchenai,3550.385312
10/13/2025,Valachchenai,3710.998861
10/14/2025,Valachchenai,3776.377984
10/15/2025,Valachchenai,3760.233446
10/16/2025,Valachchenai,3775.397948
10/17/2025,Valachchenai,3811.230062
10/18/2025,Valachchenai,3776.512159
10/19/2025,Valachchenai,3701.857642
10/20/2025,Valachchenai,3610.355565
10/21/2025,Valachchenai,3519.764697
10/22/2025,Valachchenai,3491.576363
10/23/2025,Valachchenai,3506.88553
10/24/2025,Valachchenai,3498.63087
10/25/2025,Valachchenai,3476.253805
10/26/2025,Valachchenai,3488.223915
10/27/2025,Valachchenai,3436.424712
10/28/2025,Valachchenai,3439.541623
10/29/2025,Valachchenai,3478.644379
10/30/2025,Valachchenai,3468.704078
10/31/2025,Valachchenai,3447.806461
11/1/2025,Valachchenai,3423.548965
11/2/2025,Valachchenai,3554.329843
11/3/2025,Valachchenai,3589.32618
11/4/2025,Valachchenai,3528.521816
11/5/2025,Valachchenai,3528.072263
11/6/2025,Valachchenai,3457.470798
11/7/2025,Valachchenai,3360.732177
11/8/2025,Valachchenai,3323.946126
11/9/2025,Valachchenai,3339.399106
11/10/2025,Valachchenai,3380.696953
11/11/2025,Valachchenai,3460.831348
11/12/2025,Valachchenai,3574.541198
11/13/2025,Valachchenai,3614.414109
11/14/2025,Valachchenai,3591.170883
11/15/2025,Valachchenai,3600.231479
11/16/2025,Valachchenai,3551.067361
11/17/2025,Valachchenai,3550.866964
11/18/2025,Valachchenai,3545.142166
11/19/2025,Valachchenai,3524.215962
11/20/2025,Valachchenai,3528.58898
11/21/2025,Valachchenai,3529.7067
11/22/2025,Valachchenai,3574.940732
11/23/2025,Valachchenai,3614.893354
11/24/2025,Valachchenai,3566.094499
11/25/2025,Valachchenai,3556.578029
11/26/2025,Valachchenai,3533.301293
11/27/2025,Valachchenai,3522.674969
11/28/2025,Valachchenai,3529.068169
11/29/2025,Valachchenai,3576.910563
11/30/2025,Valachchenai,3561.702713
12/1/2025,Valachchenai,3588.38595
12/2/2025,Valachchenai,3659.74428
12/3/2025,Valachchenai,3694.177122
12/4/2025,Valachchenai,3651.671009
12/5/2025,Valachchenai,3660.202674
12/6/2025,Valachchenai,3643.070179
12/7/2025,Valachchenai,3671.753668
12/8/2025,Valachchenai,3685.433333
12/9/2025,Valachchenai,3701.347972
12/10/2025,Valachchenai,3719.279393
12/11/2025,Valachchenai,3730.896884
12/12/2025,Valachchenai,3801.209348
12/13/2025,Valachchenai,3879.437934
12/14/2025,Valachchenai,3847.247521
12/15/2025,Valachchenai,3821.113564
12/16/2025,Valachchenai,3770.278414
12/17/2025,Valachchenai,3677.830247
12/18/2025,Valachchenai,3610.216143
12/19/2025,Valachchenai,3572.382553
12/20/2025,Valachchenai,3528.375334
12/21/2025,Valachchenai,3558.506669
12/22/2025,Valachchenai,3659.616761
12/23/2025,Valachchenai,3721.590984
12/24/2025,Valachchenai,3636.470962
12/25/2025,Valachchenai,3633.661086
12/26/2025,Valachchenai,3627.703075
12/27/2025,Valachchenai,3657.327102
12/28/2025,Valachchenai,3647.078432
12/29/2025,Valachchenai,3659.07712
12/30/2025,Valachchenai,3666.261687
12/31/2025,Valachchenai,3696.621685
1/1/2026,Valachchenai,3762.511729
1/2/2026,Valachchenai,3840.026148
1/3/2026,Valachchenai,3780.772075
1/4/2026,Valachchenai,3718.926045
1/5/2026,Valachchenai,3648.754457
1/6/2026,Valachchenai,3608.403911
1/7/2026,Valachchenai,3617.14768
1/8/2026,Valachchenai,3641.015832
1/9/2026,Valachchenai,3737.87659
1/10/2026,Valachchenai,3837.138338
1/11/2026,Valachchenai,4011.218069
1/12/2026,Valachchenai,4036.127701
1/13/2026,Valachchenai,3983.424254
1/14/2026,Valachchenai,4002.72695
1/15/2026,Valachchenai,3964.694687
1/16/2026,Valachchenai,3957.138965
1/17/2026,Valachchenai,3986.678357
1/18/2026,Valachchenai,3988.394856
1/19/2026,Valachchenai,3976.62925
1/20/2026,Valachchenai,4007.752613
1/21/2026,Valachchenai,4025.894613
1/22/2026,Valachchenai,4072.07432
1/23/2026,Valachchenai,4014.42735
1/24/2026,Valachchenai,4004.436688
1/25/2026,Valachchenai,4049.600232
1/26/2026,Valachchenai,4067.114196
1/27/2026,Valachchenai,4081.724562
1/28/2026,Valachchenai,4066.222677
1/29/2026,Valachchenai,4100.849997
1/30/2026,Valachchenai,4125.275148
1/31/2026,Valachchenai,4199.036967
2/1/2026,Valachchenai,4140.32719
2/2/2026,Valachchenai,4051.050292
2/3/2026,Valachchenai,4047.411294
2/4/2026,Valachchenai,3977.839166
2/5/2026,Valachchenai,3981.116527
2/6/2026,Valachchenai,4003.334457
2/7/2026,Valachchenai,4010.350659
2/8/2026,Valachchenai,4066.246476
2/9/2026,Valachchenai,4161.346362
2/10/2026,Valachchenai,4263.399853
2/11/2026,Valachchenai,4356.314216
2/12/2026,Valachchenai,4348.645254
2/13/2026,Valachchenai,4335.459009
2/14/2026,Valachchenai,4320.166092
2/15/2026,Valachchenai,4246.841539
2/16/2026,Valachchenai,4185.004561
2/17/2026,Valachchenai,4134.058599
2/18/2026,Valachchenai,4104.832515
2/19/2026,Valachchenai,4054.110471
2/20/2026,Valachchenai,4091.465976
2/21/2026,Valachchenai,4055.580009
2/22/2026,Valachchenai,3965.460975
2/23/2026,Valachchenai,3937.600424
2/24/2026,Valachchenai,3874.902187
2/25/2026,Valachchenai,3897.999462
2/26/2026,Valachchenai,3891.829613
2/27/2026,Valachchenai,3921.249086
2/28/2026,Valachchenai,3951.060493
3/1/2026,Valachchenai,3976.159627
3/2/2026,Valachchenai,4041.432172
3/3/2026,Valachchenai,4155.752831
3/4/2026,Valachchenai,4100.947681
3/5/2026,Valachchenai,4122.525906
3/6/2026,Valachchenai,4145.397708
3/7/2026,Valachchenai,4165.448119
3/8/2026,Valachchenai,4194.517601
3/9/2026,Valachchenai,4273.021358
3/10/2026,Valachchenai,4297.670471
3/11/2026,Valachchenai,4364.064733
3/12/2026,Valachchenai,4523.527752
3/13/2026,Valachchenai,4473.795821
3/14/2026,Valachchenai,4385.410684
3/15/2026,Valachchenai,4360.83775
3/16/2026,Valachchenai,4324.955184
3/17/2026,Valachchenai,4271.896804
3/18/2026,Valachchenai,4188.53395
3/19/2026,Valachchenai,4110.158399
3/20/2026,Valachchenai,4072.622442
3/21/2026,Valachchenai,4073.70736
3/22/2026,Valachchenai,4210.187619
3/23/2026,Valachchenai,4347.488361
3/24/2026,Valachchenai,4287.945769
3/25/2026,Valachchenai,4303.423211
3/26/2026,Valachchenai,4286.210557
3/27/2026,Valachchenai,4295.934019
3/28/2026,Valachchenai,4296.506908
3/29/2026,Valachchenai,4246.529904
3/30/2026,Valachchenai,4252.227626
3/31/2026,Valachchenai,4318.9347
4/1/2026,Valachchenai,4359.961458
4/2/2026,Valachchenai,4309.622861
4/3/2026,Valachchenai,4293.447169
4/4/2026,Valachchenai,4349.186229
4/5/2026,Valachchenai,4379.22169
4/6/2026,Valachchenai,4365.123668
4/7/2026,Valachchenai,4392.096063
4/8/2026,Valachchenai,4439.195255
4/9/2026,Valachchenai,4569.44692
4/10/2026,Valachchenai,4687.319493
4/11/2026,Valachchenai,4851.424897
4/12/2026,Valachchenai,4884.118787
4/13/2026,Valachchenai,4827.475926
4/14/2026,Valachchenai,4802.471337
4/15/2026,Valachchenai,4757.878666
4/16/2026,Valachchenai,4674.410675
4/17/2026,Valachchenai,4588.560978
4/18/2026,Valachchenai,4472.818174
4/19/2026,Valachchenai,4451.640782
4/20/2026,Valachchenai,4446.314006
4/21/2026,Valachchenai,4413.05436
4/22/2026,Valachchenai,4388.468484
4/23/2026,Valachchenai,4350.530281
4/24/2026,Valachchenai,4346.775807
4/25/2026,Valachchenai,4292.089805
4/26/2026,Valachchenai,4268.275471
4/27/2026,Valachchenai,4310.796512
4/28/2026,Valachchenai,4258.364441
4/29/2026,Valachchenai,4266.998399
4/30/2026,Valachchenai,4274.390404
5/1/2026,Valachchenai,4315.542399
5/2/2026,Valachchenai,4311.089005
5/3/2026,Valachchenai,4300.695837
5/4/2026,Valachchenai,4334.149402
5/5/2026,Valachchenai,4314.146538
5/6/2026,Valachchenai,4276.652768
5/7/2026,Valachchenai,4252.437572
5/8/2026,Valachchenai,4245.51355
5/9/2026,Valachchenai,4251.207915
5/10/2026,Valachchenai,4292.35938
5/11/2026,Valachchenai,4337.168417
5/12/2026,Valachchenai,4320.289608
5/13/2026,Valachchenai,4263.71366
5/14/2026,Valachchenai,4188.896009
5/15/2026,Valachchenai,4173.155653
5/16/2026,Valachchenai,4186.055883
5/17/2026,Valachchenai,4163.012079
5/18/2026,Valachchenai,4092.829703
5/19/2026,Valachchenai,4112.288004
5/20/2026,Valachchenai,4117.251182
5/21/2026,Valachchenai,4155.90218
5/22/2026,Valachchenai,4167.982377
5/23/2026,Valachchenai,4111.940775
5/24/2026,Valachchenai,4089.760046
5/25/2026,Valachchenai,4044.057871
5/26/2026,Valachchenai,3966.710528
5/27/2026,Valachchenai,3918.943521
5/28/2026,Valachchenai,3902.531649
5/29/2026,Valachchenai,3877.217292
5/30/2026,Valachchenai,3858.299603
5/31/2026,Valachchenai,3896.626304
6/1/2026,Valachchenai,3858.518556
6/2/2026,Valachchenai,3883.189957
6/3/2026,Valachchenai,3919.060546
6/4/2026,Valachchenai,3992.412728
6/5/2026,Valachchenai,4008.069888
6/6/2026,Valachchenai,4036.36028
6/7/2026,Valachchenai,4073.386685
6/8/2026,Valachchenai,4143.813612
6/9/2026,Valachchenai,4209.442409
6/10/2026,Valachchenai,4299.200507
6/11/2026,Valachchenai,4335.228229
6/12/2026,Valachchenai,4291.99222
6/13/2026,Valachchenai,4285.593527
6/14/2026,Valachchenai,4228.560304
6/15/2026,Valachchenai,4153.066701
6/16/2026,Valachchenai,4113.670817
6/17/2026,Valachchenai,4035.097691
6/18/2026,Valachchenai,4014.634505
6/19/2026,Valachchenai,3981.625055
6/20/2026,Valachchenai,4017.709256
6/21/2026,Valachchenai,4038.69652
6/22/2026,Valachchenai,4056.535296
6/23/2026,Valachchenai,4013.41459
6/24/2026,Valachchenai,3969.415282
6/25/2026,Valachchenai,3961.29065
6/26/2026,Valachchenai,3890.537228
6/27/2026,Valachchenai,3858.399968
6/28/2026,Valachchenai,3817.901385
6/29/2026,Valachchenai,3805.907773
6/30/2026,Valachchenai,3888.867838
7/1/2026,Valachchenai,3930.415365
7/2/2026,Valachchenai,3874.043287
7/3/2026,Valachchenai,3847.315785
7/4/2026,Valachchenai,3809.977371
7/5/2026,Valachchenai,3808.342808
7/6/2026,Valachchenai,3847.540937
7/7/2026,Valachchenai,3950.513991
7/8/2026,Valachchenai,4078.518838
7/9/2026,Valachchenai,4157.84296
7/10/2026,Valachchenai,4254.989535
7/11/2026,Valachchenai,4268.935598
7/12/2026,Valachchenai,4247.482017
7/13/2026,Valachchenai,4229.214701
7/14/2026,Valachchenai,4212.799333
7/15/2026,Valachchenai,4171.697116
7/16/2026,Valachchenai,4002.958692
7/17/2026,Valachchenai,3925.741288
7/18/2026,Valachchenai,3824.946013
7/19/2026,Valachchenai,3788.078056
7/20/2026,Valachchenai,3790.444417
7/21/2026,Valachchenai,3752.897742
7/22/2026,Valachchenai,3682.648774
7/23/2026,Valachchenai,3647.243727
7/24/2026,Valachchenai,3572.309544
7/25/2026,Valachchenai,3538.52344
7/26/2026,Valachchenai,3548.681138
7/27/2026,Valachchenai,3559.710649
7/28/2026,Valachchenai,3532.499883
7/29/2026,Valachchenai,3515.104784
7/30/2026,Valachchenai,3496.072755
7/31/2026,Valachchenai,3531.475491
8/1/2026,Valachchenai,3576.495493
8/2/2026,Valachchenai,3585.514835
8/3/2026,Valachchenai,3616.185387
8/4/2026,Valachchenai,3604.396698
8/5/2026,Valachchenai,3583.744493
8/6/2026,Valachchenai,3618.153221
8/7/2026,Valachchenai,3637.770821
8/8/2026,Valachchenai,3695.66481
8/9/2026,Valachchenai,3782.400081
8/10/2026,Valachchenai,3786.488583
8/11/2026,Valachchenai,3736.932272
8/12/2026,Valachchenai,3688.939075
8/13/2026,Valachchenai,3616.121972
8/14/2026,Valachchenai,3535.450686
8/15/2026,Valachchenai,3480.688712
8/16/2026,Valachchenai,3387.85204
8/17/2026,Valachchenai,3385.82128
8/18/2026,Valachchenai,3361.098832
8/19/2026,Valachchenai,3412.733813
8/20/2026,Valachchenai,3491.170268
8/21/2026,Valachchenai,3455.951944
8/22/2026,Valachchenai,3451.914264
8/23/2026,Valachchenai,3477.434836
8/24/2026,Valachchenai,3457.672407
8/25/2026,Valachchenai,3474.072357
8/26/2026,Valachchenai,3523.694835
8/27/2026,Valachchenai,3502.399767
8/28/2026,Valachchenai,3507.511795
8/29/2026,Valachchenai,3557.000201
8/30/2026,Valachchenai,3560.398746
8/31/2026,Valachchenai,3529.755464
9/1/2026,Valachchenai,3492.518774
9/2/2026,Valachchenai,3437.927672
9/3/2026,Valachchenai,3398.162373
9/4/2026,Valachchenai,3385.4952
9/5/2026,Valachchenai,3385.569926
9/6/2026,Valachchenai,3474.061463
9/7/2026,Valachchenai,3539.460805
9/8/2026,Valachchenai,3650.893594
9/9/2026,Valachchenai,3678.098175
9/10/2026,Valachchenai,3674.393287
9/11/2026,Valachchenai,3675.731789
9/12/2026,Valachchenai,3661.273519
9/13/2026,Valachchenai,3622.385587
9/14/2026,Valachchenai,3597.146136
9/15/2026,Valachchenai,3565.900828
9/16/2026,Valachchenai,3475.477516
9/17/2026,Valachchenai,3471.973972
9/18/2026,Valachchenai,3490.300286
9/19/2026,Valachchenai,3458.644336
9/20/2026,Valachchenai,3403.683885
9/21/2026,Valachchenai,3370.739506
9/22/2026,Valachchenai,3319.353223
9/23/2026,Valachchenai,3309.484254
9/24/2026,Valachchenai,3304.029903
9/25/2026,Valachchenai,3296.145517
9/26/2026,Valachchenai,3312.339218
9/27/2026,Valachchenai,3356.542969
9/28/2026,Valachchenai,3412.90563
9/29/2026,Valachchenai,3415.722068
9/30/2026,Valachchenai,3393.638957
10/1/2026,Valachchenai,3401.503045
10/2/2026,Valachchenai,3418.440404
10/3/2026,Valachchenai,3369.935991
10/4/2026,Valachchenai,3359.985685
10/5/2026,Valachchenai,3431.70712
10/6/2026,Valachchenai,3484.874663
10/7/2026,Valachchenai,3531.223746
10/8/2026,Valachchenai,3638.028378
10/9/2026,Valachchenai,3674.389803
10/10/2026,Valachchenai,3666.264053
10/11/2026,Valachchenai,3633.501119
10/12/2026,Valachchenai,3613.342095
10/13/2026,Valachchenai,3625.217696
10/14/2026,Valachchenai,3570.081158
10/15/2026,Valachchenai,3505.46839
10/16/2026,Valachchenai,3480.65117
10/17/2026,Valachchenai,3484.395209
10/18/2026,Valachchenai,3482.456826
10/19/2026,Valachchenai,3475.518116
10/20/2026,Valachchenai,3457.244399
10/21/2026,Valachchenai,3460.64008
10/22/2026,Valachchenai,3399.875355
10/23/2026,Valachchenai,3375.292985
10/24/2026,Valachchenai,3399.220356
10/25/2026,Valachchenai,3450.943386
10/26/2026,Valachchenai,3440.86491
10/27/2026,Valachchenai,3428.616168
10/28/2026,Valachchenai,3497.717104
10/29/2026,Valachchenai,3460.591005
10/30/2026,Valachchenai,3416.609375
10/31/2026,Valachchenai,3408.127952
11/1/2026,Valachchenai,3444.89034
11/2/2026,Valachchenai,3437.783471
11/3/2026,Valachchenai,3425.513244
11/4/2026,Valachchenai,3514.721966
11/5/2026,Valachchenai,3559.440526
11/6/2026,Valachchenai,3605.275694
11/7/2026,Valachchenai,3652.309991
11/8/2026,Valachchenai,3679.239329
11/9/2026,Valachchenai,3647.92525
11/10/2026,Valachchenai,3638.915407
11/11/2026,Valachchenai,3591.104835
11/12/2026,Valachchenai,3569.204377
11/13/2026,Valachchenai,3530.068742
11/14/2026,Valachchenai,3464.587657
11/15/2026,Valachchenai,3427.900599
11/16/2026,Valachchenai,3384.678317
11/17/2026,Valachchenai,3385.906393
11/18/2026,Valachchenai,3350.064738
11/19/2026,Valachchenai,3312.977078
11/20/2026,Valachchenai,3299.470848
11/21/2026,Valachchenai,3311.715647
11/22/2026,Valachchenai,3332.503062
11/23/2026,Valachchenai,3353.359483
11/24/2026,Valachchenai,3402.678753
11/25/2026,Valachchenai,3406.743932
11/26/2026,Valachchenai,3435.680701
11/27/2026,Valachchenai,3524.636657
11/28/2026,Valachchenai,3599.491618
11/29/2026,Valachchenai,3598.072538
11/30/2026,Valachchenai,3631.219164
12/1/2026,Valachchenai,3603.155619
12/2/2026,Valachchenai,3591.632987
12/3/2026,Valachchenai,3552.47307
12/4/2026,Valachchenai,3584.234534
12/5/2026,Valachchenai,3633.324121
12/6/2026,Valachchenai,3697.028912
12/7/2026,Valachchenai,3702.981386
12/8/2026,Valachchenai,3666.046827
12/9/2026,Valachchenai,3616.958519
12/10/2026,Valachchenai,3585.814204
12/11/2026,Valachchenai,3593.492716
12/12/2026,Valachchenai,3547.889539
12/13/2026,Valachchenai,3464.388846
12/14/2026,Valachchenai,3426.948275
12/15/2026,Valachchenai,3454.7101
12/16/2026,Valachchenai,3500.289613
12/17/2026,Valachchenai,3522.187297
12/18/2026,Valachchenai,3555.881888
12/19/2026,Valachchenai,3523.548762
12/20/2026,Valachchenai,3511.162432
12/21/2026,Valachchenai,3495.446614
12/22/2026,Valachchenai,3491.318527
12/23/2026,Valachchenai,3521.692851
12/24/2026,Valachchenai,3611.372783
12/25/2026,Valachchenai,3634.084454
12/26/2026,Valachchenai,3652.928205
12/27/2026,Valachchenai,3723.969814
12/28/2026,Valachchenai,3766.207721
12/29/2026,Valachchenai,3780.20391
12/30/2026,Valachchenai,3795.58097
12/31/2026,Valachchenai,3781.012424
1/1/2027,Valachchenai,3697.286044
1/2/2027,Valachchenai,3649.20053
1/3/2027,Valachchenai,3701.373144
1/4/2027,Valachchenai,3790.694671
1/5/2027,Valachchenai,3834.21812
1/6/2027,Valachchenai,3884.816566
1/7/2027,Valachchenai,3908.711607
1/8/2027,Valachchenai,3884.040672
1/9/2027,Valachchenai,3867.376716
1/10/2027,Valachchenai,3884.952747
1/11/2027,Valachchenai,3856.294094
1/12/2027,Valachchenai,3837.217239
1/13/2027,Valachchenai,3831.262965
1/14/2027,Valachchenai,3871.7913
1/15/2027,Valachchenai,3886.908836
1/16/2027,Valachchenai,3962.735122
1/17/2027,Valachchenai,3914.597093
1/18/2027,Valachchenai,3849.26327
1/19/2027,Valachchenai,3747.480455
1/20/2027,Valachchenai,3645.455112
1/21/2027,Valachchenai,3602.202928
1/22/2027,Valachchenai,3610.573992
1/23/2027,Valachchenai,3594.769475
1/24/2027,Valachchenai,3635.696513
1/25/2027,Valachchenai,3657.790534
1/26/2027,Valachchenai,3729.700764
1/27/2027,Valachchenai,3729.733887
1/28/2027,Valachchenai,3718.468335
1/29/2027,Valachchenai,3752.706231
1/30/2027,Valachchenai,3769.454328
1/31/2027,Valachchenai,3748.696557
2/1/2027,Valachchenai,3801.774423
2/2/2027,Valachchenai,3910.364537
2/3/2027,Valachchenai,4015.783362
2/4/2027,Valachchenai,4085.972886
2/5/2027,Valachchenai,4151.641101
2/6/2027,Valachchenai,4118.406634
2/7/2027,Valachchenai,4054.171673
2/8/2027,Valachchenai,4027.514444
2/9/2027,Valachchenai,4004.301926
2/10/2027,Valachchenai,4037.343428
2/11/2027,Valachchenai,3982.552055
2/12/2027,Valachchenai,3926.116901
2/13/2027,Valachchenai,3931.127555
2/14/2027,Valachchenai,3952.810192
2/15/2027,Valachchenai,4019.302876
2/16/2027,Valachchenai,4046.524855
2/17/2027,Valachchenai,3997.042176
2/18/2027,Valachchenai,3980.430236
2/19/2027,Valachchenai,3943.817794
2/20/2027,Valachchenai,3936.540039
2/21/2027,Valachchenai,3950.862466
2/22/2027,Valachchenai,3911.989958
2/23/2027,Valachchenai,3853.580286
2/24/2027,Valachchenai,3835.740796
2/25/2027,Valachchenai,3815.9362
2/26/2027,Valachchenai,3812.840816
2/27/2027,Valachchenai,3820.480469
2/28/2027,Valachchenai,3853.489415
3/1/2027,Valachchenai,3814.168702
3/2/2027,Valachchenai,3805.532326
3/3/2027,Valachchenai,3720.849543
3/4/2027,Valachchenai,3816.715314
3/5/2027,Valachchenai,3921.263924
3/6/2027,Valachchenai,4091.127448
3/7/2027,Valachchenai,4267.252832
3/8/2027,Valachchenai,4376.93229
3/9/2027,Valachchenai,4290.651914
3/10/2027,Valachchenai,4280.962024
3/11/2027,Valachchenai,4267.053846
3/12/2027,Valachchenai,4237.492812
3/13/2027,Valachchenai,4235.827809
3/14/2027,Valachchenai,4146.907575
3/15/2027,Valachchenai,4081.368891
3/16/2027,Valachchenai,4101.385166
3/17/2027,Valachchenai,4133.992375
3/18/2027,Valachchenai,4195.209214
3/19/2027,Valachchenai,4136.763431
3/20/2027,Valachchenai,4059.822969
3/21/2027,Valachchenai,4013.203427
3/22/2027,Valachchenai,3929.973779
3/23/2027,Valachchenai,3866.819609
3/24/2027,Valachchenai,3918.034528
3/25/2027,Valachchenai,3919.807387
3/26/2027,Valachchenai,4025.580364
3/27/2027,Valachchenai,4165.055389
3/28/2027,Valachchenai,4177.512841
3/29/2027,Valachchenai,4101.504718
3/30/2027,Valachchenai,4162.412841
3/31/2027,Valachchenai,4267.101377
4/1/2027,Valachchenai,4346.654666
4/2/2027,Valachchenai,4419.475107
4/3/2027,Valachchenai,4476.625113
4/4/2027,Valachchenai,4564.005751
4/5/2027,Valachchenai,4659.931314
4/6/2027,Valachchenai,4795.99069
4/7/2027,Valachchenai,4821.635921
4/8/2027,Valachchenai,4791.017735
4/9/2027,Valachchenai,4701.140197
4/10/2027,Valachchenai,4581.642141
4/11/2027,Valachchenai,4366.307715
4/12/2027,Valachchenai,4271.882823
4/13/2027,Valachchenai,4203.587548
4/14/2027,Valachchenai,4158.682553
4/15/2027,Valachchenai,4222.133219
4/16/2027,Valachchenai,4223.991894
4/17/2027,Valachchenai,4176.253868
4/18/2027,Valachchenai,4119.689496
4/19/2027,Valachchenai,4104.274402
4/20/2027,Valachchenai,4077.313024
4/21/2027,Valachchenai,4040.226424
4/22/2027,Valachchenai,4048.962663
4/23/2027,Valachchenai,4106.517603
4/24/2027,Valachchenai,4108.896551
4/25/2027,Valachchenai,4109.479381
4/26/2027,Valachchenai,4187.457927
4/27/2027,Valachchenai,4199.502469
4/28/2027,Valachchenai,4222.398368
4/29/2027,Valachchenai,4171.778037
4/30/2027,Valachchenai,4117.366473
5/1/2027,Valachchenai,4124.404965
5/2/2027,Valachchenai,4214.194127
5/3/2027,Valachchenai,4280.831948
5/4/2027,Valachchenai,4373.302174
5/5/2027,Valachchenai,4490.223577
5/6/2027,Valachchenai,4589.009601
5/7/2027,Valachchenai,4622.04615
5/8/2027,Valachchenai,4598.256693
5/9/2027,Valachchenai,4534.004774
5/10/2027,Valachchenai,4470.600018
5/11/2027,Valachchenai,4443.589598
5/12/2027,Valachchenai,4350.07923
5/13/2027,Valachchenai,4227.713473
5/14/2027,Valachchenai,4164.876651
5/15/2027,Valachchenai,4122.693495
5/16/2027,Valachchenai,4144.146696
5/17/2027,Valachchenai,4153.754475
5/18/2027,Valachchenai,4056.057705
5/19/2027,Valachchenai,3959.770974
5/20/2027,Valachchenai,3876.438851
5/21/2027,Valachchenai,3853.89695
5/22/2027,Valachchenai,3817.67143
5/23/2027,Valachchenai,3801.397103
5/24/2027,Valachchenai,3825.404919
5/25/2027,Valachchenai,3871.92379
5/26/2027,Valachchenai,3953.730233
5/27/2027,Valachchenai,3961.110556
5/28/2027,Valachchenai,3933.296066
5/29/2027,Valachchenai,3849.028965
5/30/2027,Valachchenai,3789.58662
5/31/2027,Valachchenai,3742.584357
6/1/2027,Valachchenai,3724.209871
6/2/2027,Valachchenai,3749.061897
6/3/2027,Valachchenai,3818.057726
6/4/2027,Valachchenai,3891.753341
6/5/2027,Valachchenai,3967.769456
6/6/2027,Valachchenai,3984.962014
6/7/2027,Valachchenai,3936.533044
6/8/2027,Valachchenai,3916.223351
6/9/2027,Valachchenai,3878.329351
6/10/2027,Valachchenai,3872.161862
6/11/2027,Valachchenai,3802.999782
6/12/2027,Valachchenai,3742.404465
6/13/2027,Valachchenai,3710.705173
6/14/2027,Valachchenai,3756.884493
6/15/2027,Valachchenai,3822.757962
6/16/2027,Valachchenai,3849.308425
6/17/2027,Valachchenai,3811.358611
6/18/2027,Valachchenai,3852.024608
6/19/2027,Valachchenai,3832.455116
6/20/2027,Valachchenai,3871.487213
6/21/2027,Valachchenai,3951.048737
6/22/2027,Valachchenai,3983.378544
6/23/2027,Valachchenai,4004.5212
6/24/2027,Valachchenai,4071.523546
6/25/2027,Valachchenai,4173.221752
6/26/2027,Valachchenai,4195.18714
6/27/2027,Valachchenai,4171.194451
6/28/2027,Valachchenai,4120.631805
6/29/2027,Valachchenai,4052.932841
6/30/2027,Valachchenai,3985.741852
7/1/2027,Valachchenai,3850.654672
7/2/2027,Valachchenai,3787.735334
7/3/2027,Valachchenai,3772.42956
7/4/2027,Valachchenai,3831.614378
7/5/2027,Valachchenai,3871.874998
7/6/2027,Valachchenai,3849.065625
7/7/2027,Valachchenai,3811.158462
7/8/2027,Valachchenai,3795.653676
7/9/2027,Valachchenai,3658.909252
7/10/2027,Valachchenai,3631.302173
7/11/2027,Valachchenai,3563.063219
7/12/2027,Valachchenai,3472.52868
7/13/2027,Valachchenai,3451.633239
7/14/2027,Valachchenai,3472.024729
7/15/2027,Valachchenai,3516.321348
7/16/2027,Valachchenai,3534.549801
7/17/2027,Valachchenai,3512.96878
7/18/2027,Valachchenai,3535.828549
7/19/2027,Valachchenai,3496.474413
7/20/2027,Valachchenai,3497.399926
7/21/2027,Valachchenai,3501.712351
7/22/2027,Valachchenai,3514.419401
7/23/2027,Valachchenai,3523.817116
7/24/2027,Valachchenai,3573.615837
7/25/2027,Valachchenai,3626.686499
7/26/2027,Valachchenai,3664.381115
7/27/2027,Valachchenai,3698.812774
7/28/2027,Valachchenai,3652.146103
7/29/2027,Valachchenai,3622.513535
7/30/2027,Valachchenai,3645.249731
7/31/2027,Valachchenai,3622.548627
8/1/2027,Valachchenai,3662.428056
8/2/2027,Valachchenai,3733.600099
8/3/2027,Valachchenai,3781.986068
8/4/2027,Valachchenai,3873.841611
8/5/2027,Valachchenai,3940.563093
8/6/2027,Valachchenai,3926.729652
8/7/2027,Valachchenai,3937.073075
8/8/2027,Valachchenai,3899.447061
8/9/2027,Valachchenai,3891.461373
8/10/2027,Valachchenai,3832.006971
8/11/2027,Valachchenai,3778.589071
8/12/2027,Valachchenai,3751.803552
8/13/2027,Valachchenai,3756.027772
8/14/2027,Valachchenai,3795.00703
8/15/2027,Valachchenai,3847.267701
8/16/2027,Valachchenai,3806.630198
8/17/2027,Valachchenai,3742.602151
8/18/2027,Valachchenai,3692.657516
8/19/2027,Valachchenai,3680.693423
8/20/2027,Valachchenai,3632.783731
8/21/2027,Valachchenai,3568.073244
8/22/2027,Valachchenai,3490.597977
8/23/2027,Valachchenai,3483.892533
8/24/2027,Valachchenai,3512.974293
8/25/2027,Valachchenai,3531.653405
8/26/2027,Valachchenai,3485.340751
8/27/2027,Valachchenai,3483.691892
8/28/2027,Valachchenai,3481.563608
8/29/2027,Valachchenai,3447.139053
8/30/2027,Valachchenai,3446.732058
8/31/2027,Valachchenai,3497.650193
9/1/2027,Valachchenai,3594.986585
9/2/2027,Valachchenai,3678.39682
9/3/2027,Valachchenai,3795.245877
9/4/2027,Valachchenai,3817.704994
9/5/2027,Valachchenai,3739.873199
9/6/2027,Valachchenai,3699.169541
9/7/2027,Valachchenai,3607.677951
9/8/2027,Valachchenai,3563.187989
9/9/2027,Valachchenai,3445.842646
9/10/2027,Valachchenai,3305.355052
9/11/2027,Valachchenai,3262.592683
9/12/2027,Valachchenai,3272.81202
9/13/2027,Valachchenai,3228.91747
9/14/2027,Valachchenai,3246.394183
9/15/2027,Valachchenai,3166.54561
9/16/2027,Valachchenai,3144.893455
9/17/2027,Valachchenai,3097.048077
9/18/2027,Valachchenai,3090.334993
9/19/2027,Valachchenai,3131.83106
9/20/2027,Valachchenai,3195.231283
9/21/2027,Valachchenai,3227.63363
9/22/2027,Valachchenai,3257.222457
9/23/2027,Valachchenai,3339.844692
9/24/2027,Valachchenai,3367.716171
9/25/2027,Valachchenai,3390.888485
9/26/2027,Valachchenai,3446.093962
9/27/2027,Valachchenai,3492.908883
9/28/2027,Valachchenai,3536.4022
9/29/2027,Valachchenai,3537.853672
9/30/2027,Valachchenai,3614.048056
10/1/2027,Valachchenai,3684.577808
10/2/2027,Valachchenai,3708.568678
10/3/2027,Valachchenai,3773.930612
10/4/2027,Valachchenai,3792.090962
10/5/2027,Valachchenai,3730.462036
10/6/2027,Valachchenai,3721.272844
10/7/2027,Valachchenai,3681.848663
10/8/2027,Valachchenai,3658.534617
10/9/2027,Valachchenai,3567.955216
10/10/2027,Valachchenai,3470.043256
10/11/2027,Valachchenai,3381.405537
10/12/2027,Valachchenai,3344.2664
10/13/2027,Valachchenai,3360.280797
10/14/2027,Valachchenai,3407.888311
10/15/2027,Valachchenai,3418.133711
10/16/2027,Valachchenai,3423.268275
10/17/2027,Valachchenai,3409.601925
10/18/2027,Valachchenai,3424.035607
10/19/2027,Valachchenai,3449.915223
10/20/2027,Valachchenai,3462.843225
10/21/2027,Valachchenai,3448.963174
10/22/2027,Valachchenai,3514.407882
10/23/2027,Valachchenai,3662.562631
10/24/2027,Valachchenai,3719.126664
10/25/2027,Valachchenai,3728.308894
10/26/2027,Valachchenai,3727.450141
10/27/2027,Valachchenai,3676.217792
10/28/2027,Valachchenai,3653.102965
10/29/2027,Valachchenai,3662.309459
10/30/2027,Valachchenai,3688.876139
10/31/2027,Valachchenai,3724.456344
11/1/2027,Valachchenai,3748.654063
11/2/2027,Valachchenai,3814.22309
11/3/2027,Valachchenai,3803.813676
11/4/2027,Valachchenai,3746.278781
11/5/2027,Valachchenai,3696.229048
11/6/2027,Valachchenai,3648.26964
11/7/2027,Valachchenai,3622.560177
11/8/2027,Valachchenai,3568.821468
11/9/2027,Valachchenai,3472.66204
11/10/2027,Valachchenai,3471.149423
11/11/2027,Valachchenai,3494.499398
11/12/2027,Valachchenai,3528.447216
11/13/2027,Valachchenai,3480.958589
11/14/2027,Valachchenai,3385.976707
11/15/2027,Valachchenai,3320.070843
11/16/2027,Valachchenai,3269.333336
11/17/2027,Valachchenai,3343.378372
11/18/2027,Valachchenai,3396.042298
11/19/2027,Valachchenai,3364.402445
11/20/2027,Valachchenai,3382.577035
11/21/2027,Valachchenai,3440.410412
11/22/2027,Valachchenai,3525.795472
11/23/2027,Valachchenai,3580.937709
11/24/2027,Valachchenai,3637.524343
11/25/2027,Valachchenai,3638.716462
11/26/2027,Valachchenai,3579.785303
11/27/2027,Valachchenai,3596.409213
11/28/2027,Valachchenai,3611.565568
11/29/2027,Valachchenai,3615.611106
11/30/2027,Valachchenai,3679.548814
12/1/2027,Valachchenai,3711.790032
12/2/2027,Valachchenai,3765.145898
12/3/2027,Valachchenai,3754.997616
12/4/2027,Valachchenai,3720.518142
12/5/2027,Valachchenai,3697.345739
12/6/2027,Valachchenai,3712.835454
12/7/2027,Valachchenai,3757.282284
12/8/2027,Valachchenai,3716.863602
12/9/2027,Valachchenai,3687.066219
12/10/2027,Valachchenai,3698.368327
12/11/2027,Valachchenai,3731.129968
12/12/2027,Valachchenai,3731.667258
12/13/2027,Valachchenai,3735.215151
12/14/2027,Valachchenai,3676.396191
12/15/2027,Valachchenai,3569.335896
12/16/2027,Valachchenai,3489.233151
12/17/2027,Valachchenai,3512.482253
12/18/2027,Valachchenai,3487.38074
12/19/2027,Valachchenai,3461.273819
12/20/2027,Valachchenai,3430.939751
12/21/2027,Valachchenai,3474.287453
12/22/2027,Valachchenai,3489.134963
12/23/2027,Valachchenai,3511.652656
12/24/2027,Valachchenai,3541.840533
12/25/2027,Valachchenai,3579.698592
12/26/2027,Valachchenai,3625.226834
12/27/2027,Valachchenai,3678.42526
12/28/2027,Valachchenai,3739.293868
12/29/2027,Valachchenai,3807.83266
12/30/2027,Valachchenai,3884.041634
12/31/2027,Valachchenai,3967.920792
1/1/2025,Palaiyoothu_Trincomalee,4520.586727
1/2/2025,Palaiyoothu_Trincomalee,4435.863985
1/3/2025,Palaiyoothu_Trincomalee,4360.642098
1/4/2025,Palaiyoothu_Trincomalee,4294.921065
1/5/2025,Palaiyoothu_Trincomalee,4238.700887
1/6/2025,Palaiyoothu_Trincomalee,4191.981563
1/7/2025,Palaiyoothu_Trincomalee,4154.763094
1/8/2025,Palaiyoothu_Trincomalee,4127.04548
1/9/2025,Palaiyoothu_Trincomalee,4108.828721
1/10/2025,Palaiyoothu_Trincomalee,4100.112816
1/11/2025,Palaiyoothu_Trincomalee,4100.897765
1/12/2025,Palaiyoothu_Trincomalee,4069.681764
1/13/2025,Palaiyoothu_Trincomalee,4121.034717
1/14/2025,Palaiyoothu_Trincomalee,4171.430755
1/15/2025,Palaiyoothu_Trincomalee,4176.709407
1/16/2025,Palaiyoothu_Trincomalee,4248.27749
1/17/2025,Palaiyoothu_Trincomalee,4348.147452
1/18/2025,Palaiyoothu_Trincomalee,4402.887345
1/19/2025,Palaiyoothu_Trincomalee,4465.905546
1/20/2025,Palaiyoothu_Trincomalee,4529.027624
1/21/2025,Palaiyoothu_Trincomalee,4613.984891
1/22/2025,Palaiyoothu_Trincomalee,4622.230192
1/23/2025,Palaiyoothu_Trincomalee,4707.000878
1/24/2025,Palaiyoothu_Trincomalee,4709.839716
1/25/2025,Palaiyoothu_Trincomalee,4814.913319
1/26/2025,Palaiyoothu_Trincomalee,4734.75797
1/27/2025,Palaiyoothu_Trincomalee,4795.518865
1/28/2025,Palaiyoothu_Trincomalee,4875.472007
1/29/2025,Palaiyoothu_Trincomalee,5080.985916
1/30/2025,Palaiyoothu_Trincomalee,5138.913337
1/31/2025,Palaiyoothu_Trincomalee,5166.150591
2/1/2025,Palaiyoothu_Trincomalee,5235.410668
2/2/2025,Palaiyoothu_Trincomalee,5378.282888
2/3/2025,Palaiyoothu_Trincomalee,5403.627307
2/4/2025,Palaiyoothu_Trincomalee,5423.784815
2/5/2025,Palaiyoothu_Trincomalee,5413.236446
2/6/2025,Palaiyoothu_Trincomalee,5454.132409
2/7/2025,Palaiyoothu_Trincomalee,5445.987402
2/8/2025,Palaiyoothu_Trincomalee,5541.919266
2/9/2025,Palaiyoothu_Trincomalee,5578.492994
2/10/2025,Palaiyoothu_Trincomalee,5552.93532
2/11/2025,Palaiyoothu_Trincomalee,5479.387013
2/12/2025,Palaiyoothu_Trincomalee,5460.860239
2/13/2025,Palaiyoothu_Trincomalee,5406.06466
2/14/2025,Palaiyoothu_Trincomalee,5373.125798
2/15/2025,Palaiyoothu_Trincomalee,5340.482859
2/16/2025,Palaiyoothu_Trincomalee,5434.877548
2/17/2025,Palaiyoothu_Trincomalee,5360.901218
2/18/2025,Palaiyoothu_Trincomalee,5434.749609
2/19/2025,Palaiyoothu_Trincomalee,5497.187768
2/20/2025,Palaiyoothu_Trincomalee,5556.46948
2/21/2025,Palaiyoothu_Trincomalee,5667.801798
2/22/2025,Palaiyoothu_Trincomalee,5704.362931
2/23/2025,Palaiyoothu_Trincomalee,5701.428259
2/24/2025,Palaiyoothu_Trincomalee,5742.289499
2/25/2025,Palaiyoothu_Trincomalee,5735.232518
2/26/2025,Palaiyoothu_Trincomalee,5708.638432
2/27/2025,Palaiyoothu_Trincomalee,5609.313689
2/28/2025,Palaiyoothu_Trincomalee,5537.94999
3/1/2025,Palaiyoothu_Trincomalee,5368.118934
3/2/2025,Palaiyoothu_Trincomalee,5123.47282
3/3/2025,Palaiyoothu_Trincomalee,4979.587509
3/4/2025,Palaiyoothu_Trincomalee,4843.111102
3/5/2025,Palaiyoothu_Trincomalee,4615.705122
3/6/2025,Palaiyoothu_Trincomalee,4419.637407
3/7/2025,Palaiyoothu_Trincomalee,4321.573191
3/8/2025,Palaiyoothu_Trincomalee,4241.69426
3/9/2025,Palaiyoothu_Trincomalee,4234.225171
3/10/2025,Palaiyoothu_Trincomalee,4365.296181
3/11/2025,Palaiyoothu_Trincomalee,4536.355024
3/12/2025,Palaiyoothu_Trincomalee,4595.45649
3/13/2025,Palaiyoothu_Trincomalee,4639.772347
3/14/2025,Palaiyoothu_Trincomalee,4662.438827
3/15/2025,Palaiyoothu_Trincomalee,4765.85912
3/16/2025,Palaiyoothu_Trincomalee,4762.357695
3/17/2025,Palaiyoothu_Trincomalee,4772.576941
3/18/2025,Palaiyoothu_Trincomalee,4770.821948
3/19/2025,Palaiyoothu_Trincomalee,4762.301427
3/20/2025,Palaiyoothu_Trincomalee,4726.850355
3/21/2025,Palaiyoothu_Trincomalee,4653.141749
3/22/2025,Palaiyoothu_Trincomalee,4469.749198
3/23/2025,Palaiyoothu_Trincomalee,4365.047511
3/24/2025,Palaiyoothu_Trincomalee,4165.946306
3/25/2025,Palaiyoothu_Trincomalee,3997.25701
3/26/2025,Palaiyoothu_Trincomalee,3885.407959
3/27/2025,Palaiyoothu_Trincomalee,3835.075404
3/28/2025,Palaiyoothu_Trincomalee,3868.424575
3/29/2025,Palaiyoothu_Trincomalee,3882.947356
3/30/2025,Palaiyoothu_Trincomalee,3915.109316
3/31/2025,Palaiyoothu_Trincomalee,3980.695124
4/1/2025,Palaiyoothu_Trincomalee,3997.27309
4/2/2025,Palaiyoothu_Trincomalee,4021.974084
4/3/2025,Palaiyoothu_Trincomalee,4136.796012
4/4/2025,Palaiyoothu_Trincomalee,4267.722951
4/5/2025,Palaiyoothu_Trincomalee,4312.17704
4/6/2025,Palaiyoothu_Trincomalee,4458.271172
4/7/2025,Palaiyoothu_Trincomalee,4566.817182
4/8/2025,Palaiyoothu_Trincomalee,4609.166603
4/9/2025,Palaiyoothu_Trincomalee,4549.343791
4/10/2025,Palaiyoothu_Trincomalee,4334.330713
4/11/2025,Palaiyoothu_Trincomalee,4120.427141
4/12/2025,Palaiyoothu_Trincomalee,4025.81196
4/13/2025,Palaiyoothu_Trincomalee,3863.604408
4/14/2025,Palaiyoothu_Trincomalee,3722.246268
4/15/2025,Palaiyoothu_Trincomalee,3471.102946
4/16/2025,Palaiyoothu_Trincomalee,3264.690297
4/17/2025,Palaiyoothu_Trincomalee,3191.829665
4/18/2025,Palaiyoothu_Trincomalee,3033.387193
4/19/2025,Palaiyoothu_Trincomalee,3092.491856
4/20/2025,Palaiyoothu_Trincomalee,3160.130711
4/21/2025,Palaiyoothu_Trincomalee,3235.945962
4/22/2025,Palaiyoothu_Trincomalee,3284.488341
4/23/2025,Palaiyoothu_Trincomalee,3385.147077
4/24/2025,Palaiyoothu_Trincomalee,3471.353616
4/25/2025,Palaiyoothu_Trincomalee,3545.885746
4/26/2025,Palaiyoothu_Trincomalee,3711.454281
4/27/2025,Palaiyoothu_Trincomalee,3871.554819
4/28/2025,Palaiyoothu_Trincomalee,3960.099503
4/29/2025,Palaiyoothu_Trincomalee,3910.164282
4/30/2025,Palaiyoothu_Trincomalee,3715.120689
5/1/2025,Palaiyoothu_Trincomalee,3645.11629
5/2/2025,Palaiyoothu_Trincomalee,3527.365214
5/3/2025,Palaiyoothu_Trincomalee,3317.255283
5/4/2025,Palaiyoothu_Trincomalee,3167.700247
5/5/2025,Palaiyoothu_Trincomalee,3040.842039
5/6/2025,Palaiyoothu_Trincomalee,3108.373572
5/7/2025,Palaiyoothu_Trincomalee,3207.792127
5/8/2025,Palaiyoothu_Trincomalee,3263.972809
5/9/2025,Palaiyoothu_Trincomalee,3351.022616
5/10/2025,Palaiyoothu_Trincomalee,3397.694332
5/11/2025,Palaiyoothu_Trincomalee,3486.515581
5/12/2025,Palaiyoothu_Trincomalee,3635.228399
5/13/2025,Palaiyoothu_Trincomalee,3807.369304
5/14/2025,Palaiyoothu_Trincomalee,3963.856832
5/15/2025,Palaiyoothu_Trincomalee,4131.811974
5/16/2025,Palaiyoothu_Trincomalee,4405.832363
5/17/2025,Palaiyoothu_Trincomalee,4522.709376
5/18/2025,Palaiyoothu_Trincomalee,4456.618458
5/19/2025,Palaiyoothu_Trincomalee,4291.318408
5/20/2025,Palaiyoothu_Trincomalee,4164.549672
5/21/2025,Palaiyoothu_Trincomalee,4063.01821
5/22/2025,Palaiyoothu_Trincomalee,3903.661525
5/23/2025,Palaiyoothu_Trincomalee,3880.602839
5/24/2025,Palaiyoothu_Trincomalee,3941.990116
5/25/2025,Palaiyoothu_Trincomalee,4004.602988
5/26/2025,Palaiyoothu_Trincomalee,4057.65394
5/27/2025,Palaiyoothu_Trincomalee,3959.992461
5/28/2025,Palaiyoothu_Trincomalee,3868.743901
5/29/2025,Palaiyoothu_Trincomalee,3756.422916
5/30/2025,Palaiyoothu_Trincomalee,3757.362183
5/31/2025,Palaiyoothu_Trincomalee,3793.87271
6/1/2025,Palaiyoothu_Trincomalee,3826.13661
6/2/2025,Palaiyoothu_Trincomalee,3897.565249
6/3/2025,Palaiyoothu_Trincomalee,3920.560847
6/4/2025,Palaiyoothu_Trincomalee,3990.013168
6/5/2025,Palaiyoothu_Trincomalee,4084.817397
6/6/2025,Palaiyoothu_Trincomalee,3929.523469
6/7/2025,Palaiyoothu_Trincomalee,3874.246934
6/8/2025,Palaiyoothu_Trincomalee,4007.402375
6/9/2025,Palaiyoothu_Trincomalee,4169.588231
6/10/2025,Palaiyoothu_Trincomalee,4186.952744
6/11/2025,Palaiyoothu_Trincomalee,4270.991959
6/12/2025,Palaiyoothu_Trincomalee,4447.668847
6/13/2025,Palaiyoothu_Trincomalee,4533.728561
6/14/2025,Palaiyoothu_Trincomalee,4578.59442
6/15/2025,Palaiyoothu_Trincomalee,4520.296952
6/16/2025,Palaiyoothu_Trincomalee,4456.666932
6/17/2025,Palaiyoothu_Trincomalee,4441.406831
6/18/2025,Palaiyoothu_Trincomalee,4461.948424
6/19/2025,Palaiyoothu_Trincomalee,4452.95504
6/20/2025,Palaiyoothu_Trincomalee,4451.33763
6/21/2025,Palaiyoothu_Trincomalee,4476.97044
6/22/2025,Palaiyoothu_Trincomalee,4550.585981
6/23/2025,Palaiyoothu_Trincomalee,4615.903481
6/24/2025,Palaiyoothu_Trincomalee,4685.478685
6/25/2025,Palaiyoothu_Trincomalee,4684.05055
6/26/2025,Palaiyoothu_Trincomalee,4719.205944
6/27/2025,Palaiyoothu_Trincomalee,4909.182735
6/28/2025,Palaiyoothu_Trincomalee,5171.267419
6/29/2025,Palaiyoothu_Trincomalee,5240.961448
6/30/2025,Palaiyoothu_Trincomalee,5224.560438
7/1/2025,Palaiyoothu_Trincomalee,5289.569985
7/2/2025,Palaiyoothu_Trincomalee,5375.538896
7/3/2025,Palaiyoothu_Trincomalee,5324.872376
7/4/2025,Palaiyoothu_Trincomalee,5226.536843
7/5/2025,Palaiyoothu_Trincomalee,5097.888891
7/6/2025,Palaiyoothu_Trincomalee,4971.77471
7/7/2025,Palaiyoothu_Trincomalee,4902.538241
7/8/2025,Palaiyoothu_Trincomalee,4916.411145
7/9/2025,Palaiyoothu_Trincomalee,4923.419549
7/10/2025,Palaiyoothu_Trincomalee,4938.815649
7/11/2025,Palaiyoothu_Trincomalee,4917.496015
7/12/2025,Palaiyoothu_Trincomalee,4923.315814
7/13/2025,Palaiyoothu_Trincomalee,4911.383916
7/14/2025,Palaiyoothu_Trincomalee,4892.726165
7/15/2025,Palaiyoothu_Trincomalee,4875.10328
7/16/2025,Palaiyoothu_Trincomalee,4933.349676
7/17/2025,Palaiyoothu_Trincomalee,4952.69468
7/18/2025,Palaiyoothu_Trincomalee,5045.457514
7/19/2025,Palaiyoothu_Trincomalee,5045.551138
7/20/2025,Palaiyoothu_Trincomalee,4994.356704
7/21/2025,Palaiyoothu_Trincomalee,4998.250054
7/22/2025,Palaiyoothu_Trincomalee,4969.183935
7/23/2025,Palaiyoothu_Trincomalee,4984.184722
7/24/2025,Palaiyoothu_Trincomalee,4980.771244
7/25/2025,Palaiyoothu_Trincomalee,4968.229162
7/26/2025,Palaiyoothu_Trincomalee,4867.162034
7/27/2025,Palaiyoothu_Trincomalee,4883.56822
7/28/2025,Palaiyoothu_Trincomalee,4888.823495
7/29/2025,Palaiyoothu_Trincomalee,4921.560125
7/30/2025,Palaiyoothu_Trincomalee,4841.268349
7/31/2025,Palaiyoothu_Trincomalee,4789.751776
8/1/2025,Palaiyoothu_Trincomalee,4724.065569
8/2/2025,Palaiyoothu_Trincomalee,4575.169707
8/3/2025,Palaiyoothu_Trincomalee,4486.046241
8/4/2025,Palaiyoothu_Trincomalee,4374.305728
8/5/2025,Palaiyoothu_Trincomalee,4307.31683
8/6/2025,Palaiyoothu_Trincomalee,4273.774377
8/7/2025,Palaiyoothu_Trincomalee,4238.723942
8/8/2025,Palaiyoothu_Trincomalee,4188.892842
8/9/2025,Palaiyoothu_Trincomalee,4082.509426
8/10/2025,Palaiyoothu_Trincomalee,4015.164714
8/11/2025,Palaiyoothu_Trincomalee,3973.794035
8/12/2025,Palaiyoothu_Trincomalee,4005.306272
8/13/2025,Palaiyoothu_Trincomalee,3897.46939
8/14/2025,Palaiyoothu_Trincomalee,3857.969776
8/15/2025,Palaiyoothu_Trincomalee,3837.670355
8/16/2025,Palaiyoothu_Trincomalee,3843.581753
8/17/2025,Palaiyoothu_Trincomalee,3805.262377
8/18/2025,Palaiyoothu_Trincomalee,3839.357263
8/19/2025,Palaiyoothu_Trincomalee,3746.7399
8/20/2025,Palaiyoothu_Trincomalee,3668.310123
8/21/2025,Palaiyoothu_Trincomalee,3488.813361
8/22/2025,Palaiyoothu_Trincomalee,3390.805085
8/23/2025,Palaiyoothu_Trincomalee,3362.560634
8/24/2025,Palaiyoothu_Trincomalee,3343.948427
8/25/2025,Palaiyoothu_Trincomalee,3407.042388
8/26/2025,Palaiyoothu_Trincomalee,3440.319502
8/27/2025,Palaiyoothu_Trincomalee,3440.497367
8/28/2025,Palaiyoothu_Trincomalee,3469.067917
8/29/2025,Palaiyoothu_Trincomalee,3489.430779
8/30/2025,Palaiyoothu_Trincomalee,3482.665494
8/31/2025,Palaiyoothu_Trincomalee,3552.199074
9/1/2025,Palaiyoothu_Trincomalee,3639.253001
9/2/2025,Palaiyoothu_Trincomalee,3700.136363
9/3/2025,Palaiyoothu_Trincomalee,3811.349099
9/4/2025,Palaiyoothu_Trincomalee,3878.123366
9/5/2025,Palaiyoothu_Trincomalee,3893.691996
9/6/2025,Palaiyoothu_Trincomalee,3835.361733
9/7/2025,Palaiyoothu_Trincomalee,3696.869338
9/8/2025,Palaiyoothu_Trincomalee,3511.359873
9/9/2025,Palaiyoothu_Trincomalee,3393.924613
9/10/2025,Palaiyoothu_Trincomalee,3252.783842
9/11/2025,Palaiyoothu_Trincomalee,3157.308725
9/12/2025,Palaiyoothu_Trincomalee,2983.082548
9/13/2025,Palaiyoothu_Trincomalee,2882.190611
9/14/2025,Palaiyoothu_Trincomalee,2829.1291
9/15/2025,Palaiyoothu_Trincomalee,2754.019702
9/16/2025,Palaiyoothu_Trincomalee,2747.090997
9/17/2025,Palaiyoothu_Trincomalee,2753.478166
9/18/2025,Palaiyoothu_Trincomalee,2773.947184
9/19/2025,Palaiyoothu_Trincomalee,2765.506249
9/20/2025,Palaiyoothu_Trincomalee,2851.241905
9/21/2025,Palaiyoothu_Trincomalee,2851.947343
9/22/2025,Palaiyoothu_Trincomalee,2924.274108
9/23/2025,Palaiyoothu_Trincomalee,3018.426437
9/24/2025,Palaiyoothu_Trincomalee,3124.429338
9/25/2025,Palaiyoothu_Trincomalee,3191.086035
9/26/2025,Palaiyoothu_Trincomalee,3131.316913
9/27/2025,Palaiyoothu_Trincomalee,3013.721231
9/28/2025,Palaiyoothu_Trincomalee,2922.358298
9/29/2025,Palaiyoothu_Trincomalee,2850.708258
9/30/2025,Palaiyoothu_Trincomalee,2715.234845
10/1/2025,Palaiyoothu_Trincomalee,2598.138592
10/2/2025,Palaiyoothu_Trincomalee,2564.173905
10/3/2025,Palaiyoothu_Trincomalee,2624.090713
10/4/2025,Palaiyoothu_Trincomalee,2629.438282
10/5/2025,Palaiyoothu_Trincomalee,2673.850177
10/6/2025,Palaiyoothu_Trincomalee,2656.782589
10/7/2025,Palaiyoothu_Trincomalee,2673.492284
10/8/2025,Palaiyoothu_Trincomalee,2731.626398
10/9/2025,Palaiyoothu_Trincomalee,2838.482017
10/10/2025,Palaiyoothu_Trincomalee,3006.746702
10/11/2025,Palaiyoothu_Trincomalee,3147.371432
10/12/2025,Palaiyoothu_Trincomalee,3381.690516
10/13/2025,Palaiyoothu_Trincomalee,3574.558891
10/14/2025,Palaiyoothu_Trincomalee,3655.798103
10/15/2025,Palaiyoothu_Trincomalee,3677.703486
10/16/2025,Palaiyoothu_Trincomalee,3609.871668
10/17/2025,Palaiyoothu_Trincomalee,3531.459227
10/18/2025,Palaiyoothu_Trincomalee,3482.678134
10/19/2025,Palaiyoothu_Trincomalee,3428.708952
10/20/2025,Palaiyoothu_Trincomalee,3435.043985
10/21/2025,Palaiyoothu_Trincomalee,3461.764626
10/22/2025,Palaiyoothu_Trincomalee,3489.316808
10/23/2025,Palaiyoothu_Trincomalee,3409.735209
10/24/2025,Palaiyoothu_Trincomalee,3315.518924
10/25/2025,Palaiyoothu_Trincomalee,3259.061916
10/26/2025,Palaiyoothu_Trincomalee,3133.426363
10/27/2025,Palaiyoothu_Trincomalee,3166.099151
10/28/2025,Palaiyoothu_Trincomalee,3166.390774
10/29/2025,Palaiyoothu_Trincomalee,3202.365244
10/30/2025,Palaiyoothu_Trincomalee,3309.365244
10/31/2025,Palaiyoothu_Trincomalee,3335.114886
11/1/2025,Palaiyoothu_Trincomalee,3409.779225
11/2/2025,Palaiyoothu_Trincomalee,3462.447054
11/3/2025,Palaiyoothu_Trincomalee,3339.516546
11/4/2025,Palaiyoothu_Trincomalee,3301.892166
11/5/2025,Palaiyoothu_Trincomalee,3384.156573
11/6/2025,Palaiyoothu_Trincomalee,3490.979527
11/7/2025,Palaiyoothu_Trincomalee,3592.189099
11/8/2025,Palaiyoothu_Trincomalee,3684.622521
11/9/2025,Palaiyoothu_Trincomalee,3842.964596
11/10/2025,Palaiyoothu_Trincomalee,3920.703408
11/11/2025,Palaiyoothu_Trincomalee,3958.447634
11/12/2025,Palaiyoothu_Trincomalee,3932.846575
11/13/2025,Palaiyoothu_Trincomalee,3974.477327
11/14/2025,Palaiyoothu_Trincomalee,3957.098484
11/15/2025,Palaiyoothu_Trincomalee,3940.161338
11/16/2025,Palaiyoothu_Trincomalee,3966.128691
11/17/2025,Palaiyoothu_Trincomalee,3976.112171
11/18/2025,Palaiyoothu_Trincomalee,4014.383859
11/19/2025,Palaiyoothu_Trincomalee,4163.547668
11/20/2025,Palaiyoothu_Trincomalee,4245.503704
11/21/2025,Palaiyoothu_Trincomalee,4358.244754
11/22/2025,Palaiyoothu_Trincomalee,4346.720952
11/23/2025,Palaiyoothu_Trincomalee,4299.746134
11/24/2025,Palaiyoothu_Trincomalee,4435.582878
11/25/2025,Palaiyoothu_Trincomalee,4627.209209
11/26/2025,Palaiyoothu_Trincomalee,4697.776727
11/27/2025,Palaiyoothu_Trincomalee,4706.887368
11/28/2025,Palaiyoothu_Trincomalee,4823.97137
11/29/2025,Palaiyoothu_Trincomalee,4878.252968
11/30/2025,Palaiyoothu_Trincomalee,4797.30903
12/1/2025,Palaiyoothu_Trincomalee,4678.94798
12/2/2025,Palaiyoothu_Trincomalee,4596.923294
12/3/2025,Palaiyoothu_Trincomalee,4544.785453
12/4/2025,Palaiyoothu_Trincomalee,4487.830448
12/5/2025,Palaiyoothu_Trincomalee,4468.128265
12/6/2025,Palaiyoothu_Trincomalee,4553.331304
12/7/2025,Palaiyoothu_Trincomalee,4549.242051
12/8/2025,Palaiyoothu_Trincomalee,4549.926869
12/9/2025,Palaiyoothu_Trincomalee,4713.90554
12/10/2025,Palaiyoothu_Trincomalee,4800.099797
12/11/2025,Palaiyoothu_Trincomalee,4889.526271
12/12/2025,Palaiyoothu_Trincomalee,4895.06059
12/13/2025,Palaiyoothu_Trincomalee,4929.336961
12/14/2025,Palaiyoothu_Trincomalee,5018.4682
12/15/2025,Palaiyoothu_Trincomalee,5014.595553
12/16/2025,Palaiyoothu_Trincomalee,5021.601624
12/17/2025,Palaiyoothu_Trincomalee,4986.979406
12/18/2025,Palaiyoothu_Trincomalee,4998.76098
12/19/2025,Palaiyoothu_Trincomalee,4851.812056
12/20/2025,Palaiyoothu_Trincomalee,4764.744782
12/21/2025,Palaiyoothu_Trincomalee,4719.524119
12/22/2025,Palaiyoothu_Trincomalee,4708.282699
12/23/2025,Palaiyoothu_Trincomalee,4668.132335
12/24/2025,Palaiyoothu_Trincomalee,4651.620837
12/25/2025,Palaiyoothu_Trincomalee,4563.472101
12/26/2025,Palaiyoothu_Trincomalee,4507.620002
12/27/2025,Palaiyoothu_Trincomalee,4325.535331
12/28/2025,Palaiyoothu_Trincomalee,4321.365134
12/29/2025,Palaiyoothu_Trincomalee,4325.91508
12/30/2025,Palaiyoothu_Trincomalee,4227.981035
12/31/2025,Palaiyoothu_Trincomalee,4193.599995
1/1/2026,Palaiyoothu_Trincomalee,4126.939828
1/2/2026,Palaiyoothu_Trincomalee,4134.486299
1/3/2026,Palaiyoothu_Trincomalee,4126.735579
1/4/2026,Palaiyoothu_Trincomalee,4069.693405
1/5/2026,Palaiyoothu_Trincomalee,4124.04151
1/6/2026,Palaiyoothu_Trincomalee,4099.011706
1/7/2026,Palaiyoothu_Trincomalee,4030.434813
1/8/2026,Palaiyoothu_Trincomalee,3976.241004
1/9/2026,Palaiyoothu_Trincomalee,4039.287892
1/10/2026,Palaiyoothu_Trincomalee,4029.472491
1/11/2026,Palaiyoothu_Trincomalee,4070.547861
1/12/2026,Palaiyoothu_Trincomalee,4140.38622
1/13/2026,Palaiyoothu_Trincomalee,4206.481811
1/14/2026,Palaiyoothu_Trincomalee,4158.962723
1/15/2026,Palaiyoothu_Trincomalee,4138.020087
1/16/2026,Palaiyoothu_Trincomalee,4031.012275
1/17/2026,Palaiyoothu_Trincomalee,3981.723785
1/18/2026,Palaiyoothu_Trincomalee,3867.118825
1/19/2026,Palaiyoothu_Trincomalee,3818.915525
1/20/2026,Palaiyoothu_Trincomalee,3825.742163
1/21/2026,Palaiyoothu_Trincomalee,3843.715032
1/22/2026,Palaiyoothu_Trincomalee,3910.498611
1/23/2026,Palaiyoothu_Trincomalee,3891.528796
1/24/2026,Palaiyoothu_Trincomalee,3878.433476
1/25/2026,Palaiyoothu_Trincomalee,3925.290565
1/26/2026,Palaiyoothu_Trincomalee,3961.161067
1/27/2026,Palaiyoothu_Trincomalee,3876.035952
1/28/2026,Palaiyoothu_Trincomalee,3926.937601
1/29/2026,Palaiyoothu_Trincomalee,4047.919923
1/30/2026,Palaiyoothu_Trincomalee,4128.298964
1/31/2026,Palaiyoothu_Trincomalee,4279.157306
2/1/2026,Palaiyoothu_Trincomalee,4352.113133
2/2/2026,Palaiyoothu_Trincomalee,4398.867951
2/3/2026,Palaiyoothu_Trincomalee,4300.100574
2/4/2026,Palaiyoothu_Trincomalee,4114.191398
2/5/2026,Palaiyoothu_Trincomalee,3908.513656
2/6/2026,Palaiyoothu_Trincomalee,3806.477524
2/7/2026,Palaiyoothu_Trincomalee,3643.243989
2/8/2026,Palaiyoothu_Trincomalee,3511.90426
2/9/2026,Palaiyoothu_Trincomalee,3279.836039
2/10/2026,Palaiyoothu_Trincomalee,3184.386298
2/11/2026,Palaiyoothu_Trincomalee,3164.841627
2/12/2026,Palaiyoothu_Trincomalee,3088.344796
2/13/2026,Palaiyoothu_Trincomalee,3095.882335
2/14/2026,Palaiyoothu_Trincomalee,3117.438879
2/15/2026,Palaiyoothu_Trincomalee,3165.812651
2/16/2026,Palaiyoothu_Trincomalee,3118.709807
2/17/2026,Palaiyoothu_Trincomalee,3199.515336
2/18/2026,Palaiyoothu_Trincomalee,3247.893088
2/19/2026,Palaiyoothu_Trincomalee,3329.748718
2/20/2026,Palaiyoothu_Trincomalee,3461.468296
2/21/2026,Palaiyoothu_Trincomalee,3603.855847
2/22/2026,Palaiyoothu_Trincomalee,3703.392315
2/23/2026,Palaiyoothu_Trincomalee,3697.922146
2/24/2026,Palaiyoothu_Trincomalee,3578.389278
2/25/2026,Palaiyoothu_Trincomalee,3481.227819
2/26/2026,Palaiyoothu_Trincomalee,3346.927302
2/27/2026,Palaiyoothu_Trincomalee,3160.592422
2/28/2026,Palaiyoothu_Trincomalee,3068.065262
3/1/2026,Palaiyoothu_Trincomalee,3024.957691
3/2/2026,Palaiyoothu_Trincomalee,3127.489552
3/3/2026,Palaiyoothu_Trincomalee,3177.823705
3/4/2026,Palaiyoothu_Trincomalee,3138.93184
3/5/2026,Palaiyoothu_Trincomalee,3109.797821
3/6/2026,Palaiyoothu_Trincomalee,3096.973544
3/7/2026,Palaiyoothu_Trincomalee,3170.341217
3/8/2026,Palaiyoothu_Trincomalee,3246.414512
3/9/2026,Palaiyoothu_Trincomalee,3360.365796
3/10/2026,Palaiyoothu_Trincomalee,3497.334622
3/11/2026,Palaiyoothu_Trincomalee,3760.323698
3/12/2026,Palaiyoothu_Trincomalee,4016.234083
3/13/2026,Palaiyoothu_Trincomalee,4146.492485
3/14/2026,Palaiyoothu_Trincomalee,4140.521374
3/15/2026,Palaiyoothu_Trincomalee,4075.251661
3/16/2026,Palaiyoothu_Trincomalee,4028.096028
3/17/2026,Palaiyoothu_Trincomalee,3980.60936
3/18/2026,Palaiyoothu_Trincomalee,3931.530211
3/19/2026,Palaiyoothu_Trincomalee,3982.701965
3/20/2026,Palaiyoothu_Trincomalee,4070.760774
3/21/2026,Palaiyoothu_Trincomalee,4119.123043
3/22/2026,Palaiyoothu_Trincomalee,4099.525542
3/23/2026,Palaiyoothu_Trincomalee,4047.076661
3/24/2026,Palaiyoothu_Trincomalee,3988.012478
3/25/2026,Palaiyoothu_Trincomalee,3944.366585
3/26/2026,Palaiyoothu_Trincomalee,3982.779305
3/27/2026,Palaiyoothu_Trincomalee,4017.637209
3/28/2026,Palaiyoothu_Trincomalee,4085.502715
3/29/2026,Palaiyoothu_Trincomalee,4149.266755
3/30/2026,Palaiyoothu_Trincomalee,4194.499283
3/31/2026,Palaiyoothu_Trincomalee,4294.154047
4/1/2026,Palaiyoothu_Trincomalee,4319.623887
4/2/2026,Palaiyoothu_Trincomalee,4250.488297
4/3/2026,Palaiyoothu_Trincomalee,4260.453332
4/4/2026,Palaiyoothu_Trincomalee,4418.382858
4/5/2026,Palaiyoothu_Trincomalee,4630.31837
4/6/2026,Palaiyoothu_Trincomalee,4737.634321
4/7/2026,Palaiyoothu_Trincomalee,4846.922402
4/8/2026,Palaiyoothu_Trincomalee,4996.85486
4/9/2026,Palaiyoothu_Trincomalee,5009.431614
4/10/2026,Palaiyoothu_Trincomalee,4995.462342
4/11/2026,Palaiyoothu_Trincomalee,4964.126686
4/12/2026,Palaiyoothu_Trincomalee,4936.0307
4/13/2026,Palaiyoothu_Trincomalee,4878.488027
4/14/2026,Palaiyoothu_Trincomalee,4853.214649
4/15/2026,Palaiyoothu_Trincomalee,4832.567484
4/16/2026,Palaiyoothu_Trincomalee,4856.021616
4/17/2026,Palaiyoothu_Trincomalee,4934.333699
4/18/2026,Palaiyoothu_Trincomalee,4979.225562
4/19/2026,Palaiyoothu_Trincomalee,5032.828052
4/20/2026,Palaiyoothu_Trincomalee,5152.06555
4/21/2026,Palaiyoothu_Trincomalee,5241.843336
4/22/2026,Palaiyoothu_Trincomalee,5335.787136
4/23/2026,Palaiyoothu_Trincomalee,5524.081484
4/24/2026,Palaiyoothu_Trincomalee,5769.891542
4/25/2026,Palaiyoothu_Trincomalee,5810.489465
4/26/2026,Palaiyoothu_Trincomalee,5757.430974
4/27/2026,Palaiyoothu_Trincomalee,5770.395668
4/28/2026,Palaiyoothu_Trincomalee,5815.363745
4/29/2026,Palaiyoothu_Trincomalee,5679.171475
4/30/2026,Palaiyoothu_Trincomalee,5636.76952
5/1/2026,Palaiyoothu_Trincomalee,5560.814303
5/2/2026,Palaiyoothu_Trincomalee,5510.639185
5/3/2026,Palaiyoothu_Trincomalee,5385.123297
5/4/2026,Palaiyoothu_Trincomalee,5336.554569
5/5/2026,Palaiyoothu_Trincomalee,5363.571162
5/6/2026,Palaiyoothu_Trincomalee,5294.00936
5/7/2026,Palaiyoothu_Trincomalee,5236.755118
5/8/2026,Palaiyoothu_Trincomalee,5225.155163
5/9/2026,Palaiyoothu_Trincomalee,5257.650398
5/10/2026,Palaiyoothu_Trincomalee,5340.528641
5/11/2026,Palaiyoothu_Trincomalee,5388.520472
5/12/2026,Palaiyoothu_Trincomalee,5413.716624
5/13/2026,Palaiyoothu_Trincomalee,5405.756538
5/14/2026,Palaiyoothu_Trincomalee,5369.4772
5/15/2026,Palaiyoothu_Trincomalee,5233.025672
5/16/2026,Palaiyoothu_Trincomalee,5192.755059
5/17/2026,Palaiyoothu_Trincomalee,5281.315976
5/18/2026,Palaiyoothu_Trincomalee,5271.159217
5/19/2026,Palaiyoothu_Trincomalee,5214.905847
5/20/2026,Palaiyoothu_Trincomalee,5301.488128
5/21/2026,Palaiyoothu_Trincomalee,5293.626275
5/22/2026,Palaiyoothu_Trincomalee,5182.299864
5/23/2026,Palaiyoothu_Trincomalee,5100.648081
5/24/2026,Palaiyoothu_Trincomalee,5066.042309
5/25/2026,Palaiyoothu_Trincomalee,5005.522117
5/26/2026,Palaiyoothu_Trincomalee,4801.138686
5/27/2026,Palaiyoothu_Trincomalee,4785.818516
5/28/2026,Palaiyoothu_Trincomalee,4748.512851
5/29/2026,Palaiyoothu_Trincomalee,4697.95047
5/30/2026,Palaiyoothu_Trincomalee,4666.845494
5/31/2026,Palaiyoothu_Trincomalee,4599.597134
6/1/2026,Palaiyoothu_Trincomalee,4495.562903
6/2/2026,Palaiyoothu_Trincomalee,4416.196876
6/3/2026,Palaiyoothu_Trincomalee,4384.719379
6/4/2026,Palaiyoothu_Trincomalee,4393.38619
6/5/2026,Palaiyoothu_Trincomalee,4357.571454
6/6/2026,Palaiyoothu_Trincomalee,4283.170832
6/7/2026,Palaiyoothu_Trincomalee,4180.684191
6/8/2026,Palaiyoothu_Trincomalee,4200.075181
6/9/2026,Palaiyoothu_Trincomalee,4249.774197
6/10/2026,Palaiyoothu_Trincomalee,4250.610912
6/11/2026,Palaiyoothu_Trincomalee,4259.719913
6/12/2026,Palaiyoothu_Trincomalee,4346.29932
6/13/2026,Palaiyoothu_Trincomalee,4305.103989
6/14/2026,Palaiyoothu_Trincomalee,4303.623494
6/15/2026,Palaiyoothu_Trincomalee,4254.343929
6/16/2026,Palaiyoothu_Trincomalee,4239.713527
6/17/2026,Palaiyoothu_Trincomalee,4146.567239
6/18/2026,Palaiyoothu_Trincomalee,4122.117153
6/19/2026,Palaiyoothu_Trincomalee,4131.513494
6/20/2026,Palaiyoothu_Trincomalee,4147.723026
6/21/2026,Palaiyoothu_Trincomalee,4180.877179
6/22/2026,Palaiyoothu_Trincomalee,4184.189697
6/23/2026,Palaiyoothu_Trincomalee,4178.405562
6/24/2026,Palaiyoothu_Trincomalee,4202.281403
6/25/2026,Palaiyoothu_Trincomalee,4204.979903
6/26/2026,Palaiyoothu_Trincomalee,4174.427788
6/27/2026,Palaiyoothu_Trincomalee,4271.245705
6/28/2026,Palaiyoothu_Trincomalee,4399.629676
6/29/2026,Palaiyoothu_Trincomalee,4508.618869
6/30/2026,Palaiyoothu_Trincomalee,4571.378
7/1/2026,Palaiyoothu_Trincomalee,4628.851125
7/2/2026,Palaiyoothu_Trincomalee,4630.418292
7/3/2026,Palaiyoothu_Trincomalee,4498.090722
7/4/2026,Palaiyoothu_Trincomalee,4322.824111
7/5/2026,Palaiyoothu_Trincomalee,4117.435662
7/6/2026,Palaiyoothu_Trincomalee,3984.217114
7/7/2026,Palaiyoothu_Trincomalee,3792.209313
7/8/2026,Palaiyoothu_Trincomalee,3662.140103
7/9/2026,Palaiyoothu_Trincomalee,3425.0725
7/10/2026,Palaiyoothu_Trincomalee,3218.265421
7/11/2026,Palaiyoothu_Trincomalee,3065.833104
7/12/2026,Palaiyoothu_Trincomalee,2934.808382
7/13/2026,Palaiyoothu_Trincomalee,2924.809201
7/14/2026,Palaiyoothu_Trincomalee,2987.798046
7/15/2026,Palaiyoothu_Trincomalee,3033.222795
7/16/2026,Palaiyoothu_Trincomalee,3072.706357
7/17/2026,Palaiyoothu_Trincomalee,3166.23311
7/18/2026,Palaiyoothu_Trincomalee,3213.799696
7/19/2026,Palaiyoothu_Trincomalee,3250.466152
7/20/2026,Palaiyoothu_Trincomalee,3349.704463
7/21/2026,Palaiyoothu_Trincomalee,3487.838192
7/22/2026,Palaiyoothu_Trincomalee,3520.399303
7/23/2026,Palaiyoothu_Trincomalee,3446.021506
7/24/2026,Palaiyoothu_Trincomalee,3334.435119
7/25/2026,Palaiyoothu_Trincomalee,3276.290852
7/26/2026,Palaiyoothu_Trincomalee,3169.540258
7/27/2026,Palaiyoothu_Trincomalee,3008.860245
7/28/2026,Palaiyoothu_Trincomalee,2912.234072
7/29/2026,Palaiyoothu_Trincomalee,2823.884885
7/30/2026,Palaiyoothu_Trincomalee,2837.060252
7/31/2026,Palaiyoothu_Trincomalee,2855.39685
8/1/2026,Palaiyoothu_Trincomalee,2876.39326
8/2/2026,Palaiyoothu_Trincomalee,2891.485631
8/3/2026,Palaiyoothu_Trincomalee,2895.828366
8/4/2026,Palaiyoothu_Trincomalee,2954.831798
8/5/2026,Palaiyoothu_Trincomalee,3065.592578
8/6/2026,Palaiyoothu_Trincomalee,3176.817275
8/7/2026,Palaiyoothu_Trincomalee,3294.414976
8/8/2026,Palaiyoothu_Trincomalee,3458.98032
8/9/2026,Palaiyoothu_Trincomalee,3718.079446
8/10/2026,Palaiyoothu_Trincomalee,3832.905094
8/11/2026,Palaiyoothu_Trincomalee,3801.921737
8/12/2026,Palaiyoothu_Trincomalee,3723.840139
8/13/2026,Palaiyoothu_Trincomalee,3682.140461
8/14/2026,Palaiyoothu_Trincomalee,3648.85983
8/15/2026,Palaiyoothu_Trincomalee,3592.364904
8/16/2026,Palaiyoothu_Trincomalee,3602.876184
8/17/2026,Palaiyoothu_Trincomalee,3659.94859
8/18/2026,Palaiyoothu_Trincomalee,3670.250813
8/19/2026,Palaiyoothu_Trincomalee,3613.823543
8/20/2026,Palaiyoothu_Trincomalee,3538.889321
8/21/2026,Palaiyoothu_Trincomalee,3528.96531
8/22/2026,Palaiyoothu_Trincomalee,3466.310116
8/23/2026,Palaiyoothu_Trincomalee,3470.71909
8/24/2026,Palaiyoothu_Trincomalee,3516.808333
8/25/2026,Palaiyoothu_Trincomalee,3547.508955
8/26/2026,Palaiyoothu_Trincomalee,3595.82534
8/27/2026,Palaiyoothu_Trincomalee,3573.753908
8/28/2026,Palaiyoothu_Trincomalee,3658.969198
8/29/2026,Palaiyoothu_Trincomalee,3696.623186
8/30/2026,Palaiyoothu_Trincomalee,3619.477469
8/31/2026,Palaiyoothu_Trincomalee,3548.022772
9/1/2026,Palaiyoothu_Trincomalee,3699.738287
9/2/2026,Palaiyoothu_Trincomalee,3801.514102
9/3/2026,Palaiyoothu_Trincomalee,3838.501294
9/4/2026,Palaiyoothu_Trincomalee,3923.423137
9/5/2026,Palaiyoothu_Trincomalee,4011.145585
9/6/2026,Palaiyoothu_Trincomalee,4087.644722
9/7/2026,Palaiyoothu_Trincomalee,4105.194337
9/8/2026,Palaiyoothu_Trincomalee,4146.553322
9/9/2026,Palaiyoothu_Trincomalee,4290.816863
9/10/2026,Palaiyoothu_Trincomalee,4332.18214
9/11/2026,Palaiyoothu_Trincomalee,4289.978867
9/12/2026,Palaiyoothu_Trincomalee,4311.903689
9/13/2026,Palaiyoothu_Trincomalee,4377.397647
9/14/2026,Palaiyoothu_Trincomalee,4348.369141
9/15/2026,Palaiyoothu_Trincomalee,4451.287276
9/16/2026,Palaiyoothu_Trincomalee,4489.493476
9/17/2026,Palaiyoothu_Trincomalee,4513.455356
9/18/2026,Palaiyoothu_Trincomalee,4436.057694
9/19/2026,Palaiyoothu_Trincomalee,4415.859601
9/20/2026,Palaiyoothu_Trincomalee,4474.133264
9/21/2026,Palaiyoothu_Trincomalee,4625.563126
9/22/2026,Palaiyoothu_Trincomalee,4570.607088
9/23/2026,Palaiyoothu_Trincomalee,4490.746852
9/24/2026,Palaiyoothu_Trincomalee,4553.422026
9/25/2026,Palaiyoothu_Trincomalee,4515.450797
9/26/2026,Palaiyoothu_Trincomalee,4461.963658
9/27/2026,Palaiyoothu_Trincomalee,4369.061539
9/28/2026,Palaiyoothu_Trincomalee,4347.113991
9/29/2026,Palaiyoothu_Trincomalee,4332.802016
9/30/2026,Palaiyoothu_Trincomalee,4182.605987
10/1/2026,Palaiyoothu_Trincomalee,4206.244661
10/2/2026,Palaiyoothu_Trincomalee,4284.679743
10/3/2026,Palaiyoothu_Trincomalee,4300.624252
10/4/2026,Palaiyoothu_Trincomalee,4236.622011
10/5/2026,Palaiyoothu_Trincomalee,4322.015627
10/6/2026,Palaiyoothu_Trincomalee,4318.693618
10/7/2026,Palaiyoothu_Trincomalee,4321.982124
10/8/2026,Palaiyoothu_Trincomalee,4291.038216
10/9/2026,Palaiyoothu_Trincomalee,4304.52927
10/10/2026,Palaiyoothu_Trincomalee,4342.247649
10/11/2026,Palaiyoothu_Trincomalee,4440.012243
10/12/2026,Palaiyoothu_Trincomalee,4467.133254
10/13/2026,Palaiyoothu_Trincomalee,4453.118182
10/14/2026,Palaiyoothu_Trincomalee,4498.602049
10/15/2026,Palaiyoothu_Trincomalee,4479.542596
10/16/2026,Palaiyoothu_Trincomalee,4493.330799
10/17/2026,Palaiyoothu_Trincomalee,4518.771601
10/18/2026,Palaiyoothu_Trincomalee,4552.572403
10/19/2026,Palaiyoothu_Trincomalee,4474.369855
10/20/2026,Palaiyoothu_Trincomalee,4483.647051
10/21/2026,Palaiyoothu_Trincomalee,4488.589565
10/22/2026,Palaiyoothu_Trincomalee,4446.845639
10/23/2026,Palaiyoothu_Trincomalee,4263.16224
10/24/2026,Palaiyoothu_Trincomalee,4207.854804
10/25/2026,Palaiyoothu_Trincomalee,4113.846657
10/26/2026,Palaiyoothu_Trincomalee,4020.066037
10/27/2026,Palaiyoothu_Trincomalee,3908.720424
10/28/2026,Palaiyoothu_Trincomalee,3747.13066
10/29/2026,Palaiyoothu_Trincomalee,3685.985248
10/30/2026,Palaiyoothu_Trincomalee,3734.785939
10/31/2026,Palaiyoothu_Trincomalee,3773.709842
11/1/2026,Palaiyoothu_Trincomalee,3757.231895
11/2/2026,Palaiyoothu_Trincomalee,3658.342299
11/3/2026,Palaiyoothu_Trincomalee,3586.5993
11/4/2026,Palaiyoothu_Trincomalee,3625.71192
11/5/2026,Palaiyoothu_Trincomalee,3677.577841
11/6/2026,Palaiyoothu_Trincomalee,3687.260925
11/7/2026,Palaiyoothu_Trincomalee,3740.016616
11/8/2026,Palaiyoothu_Trincomalee,3780.753889
11/9/2026,Palaiyoothu_Trincomalee,3885.411554
11/10/2026,Palaiyoothu_Trincomalee,3855.694053
11/11/2026,Palaiyoothu_Trincomalee,3894.363347
11/12/2026,Palaiyoothu_Trincomalee,3781.089381
11/13/2026,Palaiyoothu_Trincomalee,3697.714409
11/14/2026,Palaiyoothu_Trincomalee,3517.195591
11/15/2026,Palaiyoothu_Trincomalee,3442.488577
11/16/2026,Palaiyoothu_Trincomalee,3447.191674
11/17/2026,Palaiyoothu_Trincomalee,3468.429164
11/18/2026,Palaiyoothu_Trincomalee,3603.384854
11/19/2026,Palaiyoothu_Trincomalee,3669.401537
11/20/2026,Palaiyoothu_Trincomalee,3638.372338
11/21/2026,Palaiyoothu_Trincomalee,3692.016455
11/22/2026,Palaiyoothu_Trincomalee,3685.712379
11/23/2026,Palaiyoothu_Trincomalee,3694.704044
11/24/2026,Palaiyoothu_Trincomalee,3847.269279
11/25/2026,Palaiyoothu_Trincomalee,4013.78541
11/26/2026,Palaiyoothu_Trincomalee,4063.261055
11/27/2026,Palaiyoothu_Trincomalee,4130.744155
11/28/2026,Palaiyoothu_Trincomalee,4130.757217
11/29/2026,Palaiyoothu_Trincomalee,4177.135916
11/30/2026,Palaiyoothu_Trincomalee,4094.999649
12/1/2026,Palaiyoothu_Trincomalee,3907.786232
12/2/2026,Palaiyoothu_Trincomalee,3639.884152
12/3/2026,Palaiyoothu_Trincomalee,3503.863169
12/4/2026,Palaiyoothu_Trincomalee,3329.319554
12/5/2026,Palaiyoothu_Trincomalee,3228.006896
12/6/2026,Palaiyoothu_Trincomalee,3102.141606
12/7/2026,Palaiyoothu_Trincomalee,3003.448851
12/8/2026,Palaiyoothu_Trincomalee,2991.226465
12/9/2026,Palaiyoothu_Trincomalee,2882.375742
12/10/2026,Palaiyoothu_Trincomalee,2833.37066
12/11/2026,Palaiyoothu_Trincomalee,2904.299078
12/12/2026,Palaiyoothu_Trincomalee,2929.373083
12/13/2026,Palaiyoothu_Trincomalee,2949.123859
12/14/2026,Palaiyoothu_Trincomalee,3005.609413
12/15/2026,Palaiyoothu_Trincomalee,3001.65459
12/16/2026,Palaiyoothu_Trincomalee,3006.632244
12/17/2026,Palaiyoothu_Trincomalee,3087.527402
12/18/2026,Palaiyoothu_Trincomalee,3271.500521
12/19/2026,Palaiyoothu_Trincomalee,3400.255116
12/20/2026,Palaiyoothu_Trincomalee,3372.986686
12/21/2026,Palaiyoothu_Trincomalee,3254.099688
12/22/2026,Palaiyoothu_Trincomalee,3237.366802
12/23/2026,Palaiyoothu_Trincomalee,3196.559749
12/24/2026,Palaiyoothu_Trincomalee,3014.929865
12/25/2026,Palaiyoothu_Trincomalee,2909.30952
12/26/2026,Palaiyoothu_Trincomalee,2820.666855
12/27/2026,Palaiyoothu_Trincomalee,2910.510322
12/28/2026,Palaiyoothu_Trincomalee,2934.095806
12/29/2026,Palaiyoothu_Trincomalee,2882.519966
12/30/2026,Palaiyoothu_Trincomalee,2904.618206
12/31/2026,Palaiyoothu_Trincomalee,2913.355935
1/1/2027,Palaiyoothu_Trincomalee,2956.721651
1/2/2027,Palaiyoothu_Trincomalee,2982.209716
1/3/2027,Palaiyoothu_Trincomalee,3055.775796
1/4/2027,Palaiyoothu_Trincomalee,3161.934112
1/5/2027,Palaiyoothu_Trincomalee,3392.118362
1/6/2027,Palaiyoothu_Trincomalee,3652.214531
1/7/2027,Palaiyoothu_Trincomalee,3809.792972
1/8/2027,Palaiyoothu_Trincomalee,3817.928406
1/9/2027,Palaiyoothu_Trincomalee,3794.529453
1/10/2027,Palaiyoothu_Trincomalee,3782.49465
1/11/2027,Palaiyoothu_Trincomalee,3790.897883
1/12/2027,Palaiyoothu_Trincomalee,3705.919556
1/13/2027,Palaiyoothu_Trincomalee,3712.09851
1/14/2027,Palaiyoothu_Trincomalee,3806.400682
1/15/2027,Palaiyoothu_Trincomalee,3858.06621
1/16/2027,Palaiyoothu_Trincomalee,3914.962722
1/17/2027,Palaiyoothu_Trincomalee,3855.181882
1/18/2027,Palaiyoothu_Trincomalee,3851.226819
1/19/2027,Palaiyoothu_Trincomalee,3801.397297
1/20/2027,Palaiyoothu_Trincomalee,3789.574264
1/21/2027,Palaiyoothu_Trincomalee,3796.034457
1/22/2027,Palaiyoothu_Trincomalee,3818.221433
1/23/2027,Palaiyoothu_Trincomalee,3885.59155
1/24/2027,Palaiyoothu_Trincomalee,3895.723322
1/25/2027,Palaiyoothu_Trincomalee,4027.055451
1/26/2027,Palaiyoothu_Trincomalee,4100.966879
1/27/2027,Palaiyoothu_Trincomalee,4051.705174
1/28/2027,Palaiyoothu_Trincomalee,3996.220907
1/29/2027,Palaiyoothu_Trincomalee,4144.573949
1/30/2027,Palaiyoothu_Trincomalee,4291.684205
1/31/2027,Palaiyoothu_Trincomalee,4383.019623
2/1/2027,Palaiyoothu_Trincomalee,4499.930577
2/2/2027,Palaiyoothu_Trincomalee,4678.596695
2/3/2027,Palaiyoothu_Trincomalee,4795.206401
2/4/2027,Palaiyoothu_Trincomalee,4817.495874
2/5/2027,Palaiyoothu_Trincomalee,4781.647066
2/6/2027,Palaiyoothu_Trincomalee,4798.817309
2/7/2027,Palaiyoothu_Trincomalee,4731.047779
2/8/2027,Palaiyoothu_Trincomalee,4639.223041
2/9/2027,Palaiyoothu_Trincomalee,4682.467259
2/10/2027,Palaiyoothu_Trincomalee,4685.218094
2/11/2027,Palaiyoothu_Trincomalee,4783.280501
2/12/2027,Palaiyoothu_Trincomalee,4818.447697
2/13/2027,Palaiyoothu_Trincomalee,4843.118204
2/14/2027,Palaiyoothu_Trincomalee,4927.010866
2/15/2027,Palaiyoothu_Trincomalee,4890.158233
2/16/2027,Palaiyoothu_Trincomalee,4941.409231
2/17/2027,Palaiyoothu_Trincomalee,4980.333041
2/18/2027,Palaiyoothu_Trincomalee,5156.158819
2/19/2027,Palaiyoothu_Trincomalee,5241.158502
2/20/2027,Palaiyoothu_Trincomalee,5289.759394
2/21/2027,Palaiyoothu_Trincomalee,5418.788963
2/22/2027,Palaiyoothu_Trincomalee,5500.229095
2/23/2027,Palaiyoothu_Trincomalee,5458.944495
2/24/2027,Palaiyoothu_Trincomalee,5362.101786
2/25/2027,Palaiyoothu_Trincomalee,5315.879384
2/26/2027,Palaiyoothu_Trincomalee,5315.635521
2/27/2027,Palaiyoothu_Trincomalee,5204.592608
2/28/2027,Palaiyoothu_Trincomalee,5250.754436
3/1/2027,Palaiyoothu_Trincomalee,5387.369705
3/2/2027,Palaiyoothu_Trincomalee,5419.09176
3/3/2027,Palaiyoothu_Trincomalee,5438.594934
3/4/2027,Palaiyoothu_Trincomalee,5396.014002
3/5/2027,Palaiyoothu_Trincomalee,5377.990846
3/6/2027,Palaiyoothu_Trincomalee,5394.069335
3/7/2027,Palaiyoothu_Trincomalee,5309.512155
3/8/2027,Palaiyoothu_Trincomalee,5312.918554
3/9/2027,Palaiyoothu_Trincomalee,5212.449367
3/10/2027,Palaiyoothu_Trincomalee,5198.240678
3/11/2027,Palaiyoothu_Trincomalee,5224.608436
3/12/2027,Palaiyoothu_Trincomalee,5272.823536
3/13/2027,Palaiyoothu_Trincomalee,5391.396597
3/14/2027,Palaiyoothu_Trincomalee,5381.004485
3/15/2027,Palaiyoothu_Trincomalee,5353.112451
3/16/2027,Palaiyoothu_Trincomalee,5391.603947
3/17/2027,Palaiyoothu_Trincomalee,5422.002091
3/18/2027,Palaiyoothu_Trincomalee,5348.734795
3/19/2027,Palaiyoothu_Trincomalee,5290.660529
3/20/2027,Palaiyoothu_Trincomalee,5288.105813
3/21/2027,Palaiyoothu_Trincomalee,5329.988287
3/22/2027,Palaiyoothu_Trincomalee,5262.396316
3/23/2027,Palaiyoothu_Trincomalee,5216.71619
3/24/2027,Palaiyoothu_Trincomalee,5128.350062
3/25/2027,Palaiyoothu_Trincomalee,5012.705953
3/26/2027,Palaiyoothu_Trincomalee,4877.188651
3/27/2027,Palaiyoothu_Trincomalee,4724.485819
3/28/2027,Palaiyoothu_Trincomalee,4700.099171
3/29/2027,Palaiyoothu_Trincomalee,4674.439524
3/30/2027,Palaiyoothu_Trincomalee,4674.314641
3/31/2027,Palaiyoothu_Trincomalee,4720.683602
4/1/2027,Palaiyoothu_Trincomalee,4696.661376
4/2/2027,Palaiyoothu_Trincomalee,4649.723771
4/3/2027,Palaiyoothu_Trincomalee,4586.899665
4/4/2027,Palaiyoothu_Trincomalee,4595.334002
4/5/2027,Palaiyoothu_Trincomalee,4577.339696
4/6/2027,Palaiyoothu_Trincomalee,4575.27342
4/7/2027,Palaiyoothu_Trincomalee,4626.064257
4/8/2027,Palaiyoothu_Trincomalee,4659.213635
4/9/2027,Palaiyoothu_Trincomalee,4624.430715
4/10/2027,Palaiyoothu_Trincomalee,4666.478317
4/11/2027,Palaiyoothu_Trincomalee,4555.802354
4/12/2027,Palaiyoothu_Trincomalee,4400.736972
4/13/2027,Palaiyoothu_Trincomalee,4272.640254
4/14/2027,Palaiyoothu_Trincomalee,4145.253214
4/15/2027,Palaiyoothu_Trincomalee,4093.891379
4/16/2027,Palaiyoothu_Trincomalee,4090.083529
4/17/2027,Palaiyoothu_Trincomalee,4178.086583
4/18/2027,Palaiyoothu_Trincomalee,4177.169716
4/19/2027,Palaiyoothu_Trincomalee,4158.7326
4/20/2027,Palaiyoothu_Trincomalee,4186.13489
4/21/2027,Palaiyoothu_Trincomalee,4248.64207
4/22/2027,Palaiyoothu_Trincomalee,4267.086017
4/23/2027,Palaiyoothu_Trincomalee,4384.486954
4/24/2027,Palaiyoothu_Trincomalee,4533.497134
4/25/2027,Palaiyoothu_Trincomalee,4667.062413
4/26/2027,Palaiyoothu_Trincomalee,4858.893212
4/27/2027,Palaiyoothu_Trincomalee,4944.921839
4/28/2027,Palaiyoothu_Trincomalee,4963.642335
4/29/2027,Palaiyoothu_Trincomalee,4861.875724
4/30/2027,Palaiyoothu_Trincomalee,4681.135377
5/1/2027,Palaiyoothu_Trincomalee,4451.563756
5/2/2027,Palaiyoothu_Trincomalee,4342.522447
5/3/2027,Palaiyoothu_Trincomalee,4214.988503
5/4/2027,Palaiyoothu_Trincomalee,4030.43259
5/5/2027,Palaiyoothu_Trincomalee,3867.737105
5/6/2027,Palaiyoothu_Trincomalee,3706.580007
5/7/2027,Palaiyoothu_Trincomalee,3595.347722
5/8/2027,Palaiyoothu_Trincomalee,3480.061355
5/9/2027,Palaiyoothu_Trincomalee,3439.726341
5/10/2027,Palaiyoothu_Trincomalee,3423.411704
5/11/2027,Palaiyoothu_Trincomalee,3419.807139
5/12/2027,Palaiyoothu_Trincomalee,3315.334328
5/13/2027,Palaiyoothu_Trincomalee,3311.838261
5/14/2027,Palaiyoothu_Trincomalee,3284.16177
5/15/2027,Palaiyoothu_Trincomalee,3307.95584
5/16/2027,Palaiyoothu_Trincomalee,3414.921805
5/17/2027,Palaiyoothu_Trincomalee,3521.578045
5/18/2027,Palaiyoothu_Trincomalee,3581.223805
5/19/2027,Palaiyoothu_Trincomalee,3535.622586
5/20/2027,Palaiyoothu_Trincomalee,3426.055996
5/21/2027,Palaiyoothu_Trincomalee,3399.364897
5/22/2027,Palaiyoothu_Trincomalee,3351.249674
5/23/2027,Palaiyoothu_Trincomalee,3183.895938
5/24/2027,Palaiyoothu_Trincomalee,3080.281728
5/25/2027,Palaiyoothu_Trincomalee,3062.819444
5/26/2027,Palaiyoothu_Trincomalee,3123.572131
5/27/2027,Palaiyoothu_Trincomalee,3153.125327
5/28/2027,Palaiyoothu_Trincomalee,3224.782589
5/29/2027,Palaiyoothu_Trincomalee,3183.330965
5/30/2027,Palaiyoothu_Trincomalee,3219.910794
5/31/2027,Palaiyoothu_Trincomalee,3245.339839
6/1/2027,Palaiyoothu_Trincomalee,3276.582455
6/2/2027,Palaiyoothu_Trincomalee,3422.256058
6/3/2027,Palaiyoothu_Trincomalee,3579.701758
6/4/2027,Palaiyoothu_Trincomalee,3820.889518
6/5/2027,Palaiyoothu_Trincomalee,4108.379955
6/6/2027,Palaiyoothu_Trincomalee,4217.047505
6/7/2027,Palaiyoothu_Trincomalee,4243.401834
6/8/2027,Palaiyoothu_Trincomalee,4194.968029
6/9/2027,Palaiyoothu_Trincomalee,4100.694525
6/10/2027,Palaiyoothu_Trincomalee,3987.917516
6/11/2027,Palaiyoothu_Trincomalee,3896.034052
6/12/2027,Palaiyoothu_Trincomalee,3972.290918
6/13/2027,Palaiyoothu_Trincomalee,4056.281388
6/14/2027,Palaiyoothu_Trincomalee,4122.436799
6/15/2027,Palaiyoothu_Trincomalee,4145.842822
6/16/2027,Palaiyoothu_Trincomalee,4112.887624
6/17/2027,Palaiyoothu_Trincomalee,4076.373328
6/18/2027,Palaiyoothu_Trincomalee,3941.818195
6/19/2027,Palaiyoothu_Trincomalee,4014.082574
6/20/2027,Palaiyoothu_Trincomalee,4000.072201
6/21/2027,Palaiyoothu_Trincomalee,4023.288337
6/22/2027,Palaiyoothu_Trincomalee,4115.689838
6/23/2027,Palaiyoothu_Trincomalee,4093.329926
6/24/2027,Palaiyoothu_Trincomalee,4126.839766
6/25/2027,Palaiyoothu_Trincomalee,4124.432369
6/26/2027,Palaiyoothu_Trincomalee,3953.310859
6/27/2027,Palaiyoothu_Trincomalee,3864.081538
6/28/2027,Palaiyoothu_Trincomalee,3851.766548
6/29/2027,Palaiyoothu_Trincomalee,3880.830626
6/30/2027,Palaiyoothu_Trincomalee,3915.039048
7/1/2027,Palaiyoothu_Trincomalee,4060.886486
7/2/2027,Palaiyoothu_Trincomalee,4205.623137
7/3/2027,Palaiyoothu_Trincomalee,4250.188363
7/4/2027,Palaiyoothu_Trincomalee,4248.567076
7/5/2027,Palaiyoothu_Trincomalee,4278.901253
7/6/2027,Palaiyoothu_Trincomalee,4278.629887
7/7/2027,Palaiyoothu_Trincomalee,4229.234692
7/8/2027,Palaiyoothu_Trincomalee,4277.803449
7/9/2027,Palaiyoothu_Trincomalee,4321.627679
7/10/2027,Palaiyoothu_Trincomalee,4354.992477
7/11/2027,Palaiyoothu_Trincomalee,4382.543518
7/12/2027,Palaiyoothu_Trincomalee,4483.64007
7/13/2027,Palaiyoothu_Trincomalee,4566.673001
7/14/2027,Palaiyoothu_Trincomalee,4721.51605
7/15/2027,Palaiyoothu_Trincomalee,4752.114781
7/16/2027,Palaiyoothu_Trincomalee,4773.202144
7/17/2027,Palaiyoothu_Trincomalee,4956.374794
7/18/2027,Palaiyoothu_Trincomalee,5159.265498
7/19/2027,Palaiyoothu_Trincomalee,5220.128832
7/20/2027,Palaiyoothu_Trincomalee,5201.96645
7/21/2027,Palaiyoothu_Trincomalee,5279.480685
7/22/2027,Palaiyoothu_Trincomalee,5321.174238
7/23/2027,Palaiyoothu_Trincomalee,5289.481823
7/24/2027,Palaiyoothu_Trincomalee,5188.372957
7/25/2027,Palaiyoothu_Trincomalee,5181.395671
7/26/2027,Palaiyoothu_Trincomalee,5049.590681
7/27/2027,Palaiyoothu_Trincomalee,4950.980157
7/28/2027,Palaiyoothu_Trincomalee,4971.286942
7/29/2027,Palaiyoothu_Trincomalee,4865.070746
7/30/2027,Palaiyoothu_Trincomalee,4775.263459
7/31/2027,Palaiyoothu_Trincomalee,4666.993019
8/1/2027,Palaiyoothu_Trincomalee,4680.675426
8/2/2027,Palaiyoothu_Trincomalee,4670.449545
8/3/2027,Palaiyoothu_Trincomalee,4692.053731
8/4/2027,Palaiyoothu_Trincomalee,4622.797212
8/5/2027,Palaiyoothu_Trincomalee,4563.408485
8/6/2027,Palaiyoothu_Trincomalee,4594.040521
8/7/2027,Palaiyoothu_Trincomalee,4589.11703
8/8/2027,Palaiyoothu_Trincomalee,4500.728065
8/9/2027,Palaiyoothu_Trincomalee,4499.116361
8/10/2027,Palaiyoothu_Trincomalee,4631.590099
8/11/2027,Palaiyoothu_Trincomalee,4674.115423
8/12/2027,Palaiyoothu_Trincomalee,4661.090297
8/13/2027,Palaiyoothu_Trincomalee,4702.213754
8/14/2027,Palaiyoothu_Trincomalee,4725.261463
8/15/2027,Palaiyoothu_Trincomalee,4618.384515
8/16/2027,Palaiyoothu_Trincomalee,4599.250346
8/17/2027,Palaiyoothu_Trincomalee,4551.206142
8/18/2027,Palaiyoothu_Trincomalee,4429.486735
8/19/2027,Palaiyoothu_Trincomalee,4268.677867
8/20/2027,Palaiyoothu_Trincomalee,4191.210698
8/21/2027,Palaiyoothu_Trincomalee,4138.170248
8/22/2027,Palaiyoothu_Trincomalee,3997.281271
8/23/2027,Palaiyoothu_Trincomalee,3871.714745
8/24/2027,Palaiyoothu_Trincomalee,3753.961654
8/25/2027,Palaiyoothu_Trincomalee,3675.92526
8/26/2027,Palaiyoothu_Trincomalee,3715.313899
8/27/2027,Palaiyoothu_Trincomalee,3730.65903
8/28/2027,Palaiyoothu_Trincomalee,3752.356504
8/29/2027,Palaiyoothu_Trincomalee,3795.092371
8/30/2027,Palaiyoothu_Trincomalee,3770.441726
8/31/2027,Palaiyoothu_Trincomalee,3744.511566
9/1/2027,Palaiyoothu_Trincomalee,3745.489021
9/2/2027,Palaiyoothu_Trincomalee,3732.643896
9/3/2027,Palaiyoothu_Trincomalee,3757.433584
9/4/2027,Palaiyoothu_Trincomalee,3824.519674
9/5/2027,Palaiyoothu_Trincomalee,3866.194997
9/6/2027,Palaiyoothu_Trincomalee,3834.241331
9/7/2027,Palaiyoothu_Trincomalee,3837.154855
9/8/2027,Palaiyoothu_Trincomalee,3753.287895
9/9/2027,Palaiyoothu_Trincomalee,3700.856866
9/10/2027,Palaiyoothu_Trincomalee,3542.977111
9/11/2027,Palaiyoothu_Trincomalee,3392.150209
9/12/2027,Palaiyoothu_Trincomalee,3392.894616
9/13/2027,Palaiyoothu_Trincomalee,3409.352031
9/14/2027,Palaiyoothu_Trincomalee,3475.379396
9/15/2027,Palaiyoothu_Trincomalee,3506.135082
9/16/2027,Palaiyoothu_Trincomalee,3586.850219
9/17/2027,Palaiyoothu_Trincomalee,3638.420291
9/18/2027,Palaiyoothu_Trincomalee,3645.100528
9/19/2027,Palaiyoothu_Trincomalee,3602.267712
9/20/2027,Palaiyoothu_Trincomalee,3693.191871
9/21/2027,Palaiyoothu_Trincomalee,3792.417209
9/22/2027,Palaiyoothu_Trincomalee,3850.584314
9/23/2027,Palaiyoothu_Trincomalee,3907.801009
9/24/2027,Palaiyoothu_Trincomalee,3958.152662
9/25/2027,Palaiyoothu_Trincomalee,3970.737454
9/26/2027,Palaiyoothu_Trincomalee,3895.126048
9/27/2027,Palaiyoothu_Trincomalee,3695.107547
9/28/2027,Palaiyoothu_Trincomalee,3474.853706
9/29/2027,Palaiyoothu_Trincomalee,3394.22091
9/30/2027,Palaiyoothu_Trincomalee,3223.184913
10/1/2027,Palaiyoothu_Trincomalee,3143.14219
10/2/2027,Palaiyoothu_Trincomalee,3019.189885
10/3/2027,Palaiyoothu_Trincomalee,2881.549619
10/4/2027,Palaiyoothu_Trincomalee,2867.75267
10/5/2027,Palaiyoothu_Trincomalee,2813.65161
10/6/2027,Palaiyoothu_Trincomalee,2891.767074
10/7/2027,Palaiyoothu_Trincomalee,2903.230668
10/8/2027,Palaiyoothu_Trincomalee,2927.258489
10/9/2027,Palaiyoothu_Trincomalee,2902.743939
10/10/2027,Palaiyoothu_Trincomalee,2973.018232
10/11/2027,Palaiyoothu_Trincomalee,2974.732834
10/12/2027,Palaiyoothu_Trincomalee,2993.973778
10/13/2027,Palaiyoothu_Trincomalee,3049.738777
10/14/2027,Palaiyoothu_Trincomalee,3171.109589
10/15/2027,Palaiyoothu_Trincomalee,3190.005769
10/16/2027,Palaiyoothu_Trincomalee,3088.881843
10/17/2027,Palaiyoothu_Trincomalee,2927.894825
10/18/2027,Palaiyoothu_Trincomalee,2885.91759
10/19/2027,Palaiyoothu_Trincomalee,2835.185445
10/20/2027,Palaiyoothu_Trincomalee,2649.831999
10/21/2027,Palaiyoothu_Trincomalee,2567.421165
10/22/2027,Palaiyoothu_Trincomalee,2505.340127
10/23/2027,Palaiyoothu_Trincomalee,2539.225477
10/24/2027,Palaiyoothu_Trincomalee,2576.772341
10/25/2027,Palaiyoothu_Trincomalee,2593.115891
10/26/2027,Palaiyoothu_Trincomalee,2701.207291
10/27/2027,Palaiyoothu_Trincomalee,2674.31986
10/28/2027,Palaiyoothu_Trincomalee,2696.255913
10/29/2027,Palaiyoothu_Trincomalee,2745.952848
10/30/2027,Palaiyoothu_Trincomalee,2910.815053
10/31/2027,Palaiyoothu_Trincomalee,3042.261932
11/1/2027,Palaiyoothu_Trincomalee,3257.144433
11/2/2027,Palaiyoothu_Trincomalee,3491.383888
11/3/2027,Palaiyoothu_Trincomalee,3650.366339
11/4/2027,Palaiyoothu_Trincomalee,3637.775403
11/5/2027,Palaiyoothu_Trincomalee,3552.533464
11/6/2027,Palaiyoothu_Trincomalee,3486.871698
11/7/2027,Palaiyoothu_Trincomalee,3449.805321
11/8/2027,Palaiyoothu_Trincomalee,3361.88607
11/9/2027,Palaiyoothu_Trincomalee,3386.61439
11/10/2027,Palaiyoothu_Trincomalee,3514.294602
11/11/2027,Palaiyoothu_Trincomalee,3508.515073
11/12/2027,Palaiyoothu_Trincomalee,3474.577612
11/13/2027,Palaiyoothu_Trincomalee,3462.503937
11/14/2027,Palaiyoothu_Trincomalee,3455.304474
11/15/2027,Palaiyoothu_Trincomalee,3458.447603
11/16/2027,Palaiyoothu_Trincomalee,3394.388117
11/17/2027,Palaiyoothu_Trincomalee,3423.332417
11/18/2027,Palaiyoothu_Trincomalee,3407.762983
11/19/2027,Palaiyoothu_Trincomalee,3532.653473
11/20/2027,Palaiyoothu_Trincomalee,3515.347122
11/21/2027,Palaiyoothu_Trincomalee,3614.54503
11/22/2027,Palaiyoothu_Trincomalee,3627.711081
11/23/2027,Palaiyoothu_Trincomalee,3552.052677
11/24/2027,Palaiyoothu_Trincomalee,3468.232307
11/25/2027,Palaiyoothu_Trincomalee,3536.448739
11/26/2027,Palaiyoothu_Trincomalee,3683.780337
11/27/2027,Palaiyoothu_Trincomalee,3722.433907
11/28/2027,Palaiyoothu_Trincomalee,3811.753551
11/29/2027,Palaiyoothu_Trincomalee,3983.646249
11/30/2027,Palaiyoothu_Trincomalee,4090.385539
12/1/2027,Palaiyoothu_Trincomalee,4084.089988
12/2/2027,Palaiyoothu_Trincomalee,4166.417603
12/3/2027,Palaiyoothu_Trincomalee,4272.215916
12/4/2027,Palaiyoothu_Trincomalee,4336.29286
12/5/2027,Palaiyoothu_Trincomalee,4369.723248
12/6/2027,Palaiyoothu_Trincomalee,4372.783563
12/7/2027,Palaiyoothu_Trincomalee,4407.57575
12/8/2027,Palaiyoothu_Trincomalee,4421.518088
12/9/2027,Palaiyoothu_Trincomalee,4532.151018
12/10/2027,Palaiyoothu_Trincomalee,4508.311144
12/11/2027,Palaiyoothu_Trincomalee,4553.241326
12/12/2027,Palaiyoothu_Trincomalee,4536.0359
12/13/2027,Palaiyoothu_Trincomalee,4590.120966
12/14/2027,Palaiyoothu_Trincomalee,4703.922827
12/15/2027,Palaiyoothu_Trincomalee,4835.126947
12/16/2027,Palaiyoothu_Trincomalee,4840.812595
12/17/2027,Palaiyoothu_Trincomalee,4818.744404
12/18/2027,Palaiyoothu_Trincomalee,4930.222639
12/19/2027,Palaiyoothu_Trincomalee,5027.258883
12/20/2027,Palaiyoothu_Trincomalee,5081.40532
12/21/2027,Palaiyoothu_Trincomalee,5018.751612
12/22/2027,Palaiyoothu_Trincomalee,5034.107988
12/23/2027,Palaiyoothu_Trincomalee,5045.918385
12/24/2027,Palaiyoothu_Trincomalee,5054.182801
12/25/2027,Palaiyoothu_Trincomalee,5058.901237
12/26/2027,Palaiyoothu_Trincomalee,5060.073694
12/27/2027,Palaiyoothu_Trincomalee,5057.700171
12/28/2027,Palaiyoothu_Trincomalee,5051.780668
12/29/2027,Palaiyoothu_Trincomalee,5042.315185
12/30/2027,Palaiyoothu_Trincomalee,5029.303722
12/31/2027,Palaiyoothu_Trincomalee,5012.74628
1/1/2025,Thanamalwila,4664.875006
1/2/2025,Thanamalwila,4561.93925
1/3/2025,Thanamalwila,4468.755001
1/4/2025,Thanamalwila,4385.322259
1/5/2025,Thanamalwila,4311.641025
1/6/2025,Thanamalwila,4247.711298
1/7/2025,Thanamalwila,4193.533079
1/8/2025,Thanamalwila,4149.106367
1/9/2025,Thanamalwila,4114.431163
1/10/2025,Thanamalwila,4089.507466
1/11/2025,Thanamalwila,4074.335277
1/12/2025,Thanamalwila,4071.153064
1/13/2025,Thanamalwila,4078.182887
1/14/2025,Thanamalwila,4100.360463
1/15/2025,Thanamalwila,4134.892256
1/16/2025,Thanamalwila,4193.834072
1/17/2025,Thanamalwila,4291.595864
1/18/2025,Thanamalwila,4303.68367
1/19/2025,Thanamalwila,4301.619903
1/20/2025,Thanamalwila,4280.033978
1/21/2025,Thanamalwila,4324.879671
1/22/2025,Thanamalwila,4374.571466
1/23/2025,Thanamalwila,4354.570747
1/24/2025,Thanamalwila,4319.450871
1/25/2025,Thanamalwila,4395.93533
1/26/2025,Thanamalwila,4517.554874
1/27/2025,Thanamalwila,4606.607198
1/28/2025,Thanamalwila,4733.746977
1/29/2025,Thanamalwila,4828.045279
1/30/2025,Thanamalwila,4981.818348
1/31/2025,Thanamalwila,5094.838518
2/1/2025,Thanamalwila,5164.571385
2/2/2025,Thanamalwila,5237.087476
2/3/2025,Thanamalwila,5262.037257
2/4/2025,Thanamalwila,5319.600505
2/5/2025,Thanamalwila,5262.341717
2/6/2025,Thanamalwila,5163.251617
2/7/2025,Thanamalwila,5135.263254
2/8/2025,Thanamalwila,5113.510982
2/9/2025,Thanamalwila,5187.243401
2/10/2025,Thanamalwila,5292.484564
2/11/2025,Thanamalwila,5319.472486
2/12/2025,Thanamalwila,5313.041975
2/13/2025,Thanamalwila,5354.276509
2/14/2025,Thanamalwila,5471.14753
2/15/2025,Thanamalwila,5477.626872
2/16/2025,Thanamalwila,5487.890791
2/17/2025,Thanamalwila,5444.517963
2/18/2025,Thanamalwila,5434.349823
2/19/2025,Thanamalwila,5365.806309
2/20/2025,Thanamalwila,5294.583493
2/21/2025,Thanamalwila,5282.39531
2/22/2025,Thanamalwila,5241.754018
2/23/2025,Thanamalwila,5229.006322
2/24/2025,Thanamalwila,5255.111718
2/25/2025,Thanamalwila,5195.343041
2/26/2025,Thanamalwila,5205.52869
2/27/2025,Thanamalwila,5310.282684
2/28/2025,Thanamalwila,5319.786711
3/1/2025,Thanamalwila,5373.852663
3/2/2025,Thanamalwila,5400.173901
3/3/2025,Thanamalwila,5398.138797
3/4/2025,Thanamalwila,5405.712693
3/5/2025,Thanamalwila,5407.57289
3/6/2025,Thanamalwila,5360.78735
3/7/2025,Thanamalwila,5191.765508
3/8/2025,Thanamalwila,5042.654737
3/9/2025,Thanamalwila,4891.717401
3/10/2025,Thanamalwila,4814.029179
3/11/2025,Thanamalwila,4688.80431
3/12/2025,Thanamalwila,4618.615652
3/13/2025,Thanamalwila,4617.694376
3/14/2025,Thanamalwila,4553.878997
3/15/2025,Thanamalwila,4598.966947
3/16/2025,Thanamalwila,4673.451797
3/17/2025,Thanamalwila,4736.758157
3/18/2025,Thanamalwila,4804.216438
3/19/2025,Thanamalwila,4927.231913
3/20/2025,Thanamalwila,5036.059527
3/21/2025,Thanamalwila,5186.036375
3/22/2025,Thanamalwila,5323.321109
3/23/2025,Thanamalwila,5382.042696
3/24/2025,Thanamalwila,5453.749954
3/25/2025,Thanamalwila,5504.183034
3/26/2025,Thanamalwila,5604.476868
3/27/2025,Thanamalwila,5673.756087
3/28/2025,Thanamalwila,5735.569789
3/29/2025,Thanamalwila,5818.769654
3/30/2025,Thanamalwila,5823.850628
3/31/2025,Thanamalwila,5765.018913
4/1/2025,Thanamalwila,5703.140938
4/2/2025,Thanamalwila,5662.10698
4/3/2025,Thanamalwila,5592.300382
4/4/2025,Thanamalwila,5551.889815
4/5/2025,Thanamalwila,5558.244227
4/6/2025,Thanamalwila,5562.742973
4/7/2025,Thanamalwila,5548.685083
4/8/2025,Thanamalwila,5583.212461
4/9/2025,Thanamalwila,5683.456604
4/10/2025,Thanamalwila,5713.093757
4/11/2025,Thanamalwila,5710.774952
4/12/2025,Thanamalwila,5677.964213
4/13/2025,Thanamalwila,5658.400094
4/14/2025,Thanamalwila,5617.873693
4/15/2025,Thanamalwila,5639.473383
4/16/2025,Thanamalwila,5639.84788
4/17/2025,Thanamalwila,5574.539502
4/18/2025,Thanamalwila,5538.141974
4/19/2025,Thanamalwila,5444.848909
4/20/2025,Thanamalwila,5366.513657
4/21/2025,Thanamalwila,5289.355853
4/22/2025,Thanamalwila,5218.915083
4/23/2025,Thanamalwila,5184.588021
4/24/2025,Thanamalwila,5122.384583
4/25/2025,Thanamalwila,5112.692316
4/26/2025,Thanamalwila,5091.315208
4/27/2025,Thanamalwila,5057.277068
4/28/2025,Thanamalwila,5105.280085
4/29/2025,Thanamalwila,5139.036128
4/30/2025,Thanamalwila,5087.749153
5/1/2025,Thanamalwila,4987.837488
5/2/2025,Thanamalwila,4861.580958
5/3/2025,Thanamalwila,4766.977671
5/4/2025,Thanamalwila,4679.347393
5/5/2025,Thanamalwila,4656.618153
5/6/2025,Thanamalwila,4616.696502
5/7/2025,Thanamalwila,4563.86922
5/8/2025,Thanamalwila,4540.64253
5/9/2025,Thanamalwila,4542.607432
5/10/2025,Thanamalwila,4548.38871
5/11/2025,Thanamalwila,4561.285604
5/12/2025,Thanamalwila,4625.846965
5/13/2025,Thanamalwila,4704.349291
5/14/2025,Thanamalwila,4756.922149
5/15/2025,Thanamalwila,4850.564696
5/16/2025,Thanamalwila,4865.60067
5/17/2025,Thanamalwila,4931.637299
5/18/2025,Thanamalwila,5003.6825
5/19/2025,Thanamalwila,4939.933079
5/20/2025,Thanamalwila,4869.102742
5/21/2025,Thanamalwila,4768.204695
5/22/2025,Thanamalwila,4720.741752
5/23/2025,Thanamalwila,4732.632264
5/24/2025,Thanamalwila,4726.402419
5/25/2025,Thanamalwila,4701.262581
5/26/2025,Thanamalwila,4685.405723
5/27/2025,Thanamalwila,4661.709814
5/28/2025,Thanamalwila,4653.620899
5/29/2025,Thanamalwila,4682.124388
5/30/2025,Thanamalwila,4657.879373
5/31/2025,Thanamalwila,4703.96633
6/1/2025,Thanamalwila,4711.884846
6/2/2025,Thanamalwila,4784.116564
6/3/2025,Thanamalwila,4858.684372
6/4/2025,Thanamalwila,4857.544752
6/5/2025,Thanamalwila,4863.070102
6/6/2025,Thanamalwila,4922.263159
6/7/2025,Thanamalwila,4888.517601
6/8/2025,Thanamalwila,4811.060792
6/9/2025,Thanamalwila,4771.584934
6/10/2025,Thanamalwila,4766.592337
6/11/2025,Thanamalwila,4753.949823
6/12/2025,Thanamalwila,4768.970972
6/13/2025,Thanamalwila,4754.686943
6/14/2025,Thanamalwila,4734.633034
6/15/2025,Thanamalwila,4766.353402
6/16/2025,Thanamalwila,4743.181308
6/17/2025,Thanamalwila,4782.200997
6/18/2025,Thanamalwila,4798.77478
6/19/2025,Thanamalwila,4761.780317
6/20/2025,Thanamalwila,4813.965499
6/21/2025,Thanamalwila,4776.887728
6/22/2025,Thanamalwila,4841.4419
6/23/2025,Thanamalwila,4825.85981
6/24/2025,Thanamalwila,4803.832884
6/25/2025,Thanamalwila,4774.313888
6/26/2025,Thanamalwila,4748.148054
6/27/2025,Thanamalwila,4675.283394
6/28/2025,Thanamalwila,4662.275223
6/29/2025,Thanamalwila,4643.358099
6/30/2025,Thanamalwila,4579.922611
7/1/2025,Thanamalwila,4536.340068
7/2/2025,Thanamalwila,4516.391929
7/3/2025,Thanamalwila,4505.894444
7/4/2025,Thanamalwila,4510.016357
7/5/2025,Thanamalwila,4513.025958
7/6/2025,Thanamalwila,4445.383485
7/7/2025,Thanamalwila,4411.166247
7/8/2025,Thanamalwila,4405.379583
7/9/2025,Thanamalwila,4403.489954
7/10/2025,Thanamalwila,4479.521726
7/11/2025,Thanamalwila,4499.598511
7/12/2025,Thanamalwila,4530.647276
7/13/2025,Thanamalwila,4495.998127
7/14/2025,Thanamalwila,4493.064563
7/15/2025,Thanamalwila,4454.640091
7/16/2025,Thanamalwila,4532.248314
7/17/2025,Thanamalwila,4527.987388
7/18/2025,Thanamalwila,4518.125466
7/19/2025,Thanamalwila,4441.6412
7/20/2025,Thanamalwila,4384.884256
7/21/2025,Thanamalwila,4366.705125
7/22/2025,Thanamalwila,4272.998665
7/23/2025,Thanamalwila,4221.729165
7/24/2025,Thanamalwila,4214.44993
7/25/2025,Thanamalwila,4196.119852
7/26/2025,Thanamalwila,4181.825832
7/27/2025,Thanamalwila,4184.047713
7/28/2025,Thanamalwila,4243.745226
7/29/2025,Thanamalwila,4297.487195
7/30/2025,Thanamalwila,4385.443691
7/31/2025,Thanamalwila,4394.9591
8/1/2025,Thanamalwila,4419.0784
8/2/2025,Thanamalwila,4416.580177
8/3/2025,Thanamalwila,4463.736998
8/4/2025,Thanamalwila,4466.437458
8/5/2025,Thanamalwila,4448.010696
8/6/2025,Thanamalwila,4377.444693
8/7/2025,Thanamalwila,4313.412892
8/8/2025,Thanamalwila,4264.536885
8/9/2025,Thanamalwila,4235.607544
8/10/2025,Thanamalwila,4161.440914
8/11/2025,Thanamalwila,4088.774914
8/12/2025,Thanamalwila,4068.943808
8/13/2025,Thanamalwila,4101.764285
8/14/2025,Thanamalwila,4067.284315
8/15/2025,Thanamalwila,4015.992199
8/16/2025,Thanamalwila,3955.33514
8/17/2025,Thanamalwila,4000.929812
8/18/2025,Thanamalwila,4030.795665
8/19/2025,Thanamalwila,4085.586328
8/20/2025,Thanamalwila,4090.435148
8/21/2025,Thanamalwila,4125.016013
8/22/2025,Thanamalwila,4106.529045
8/23/2025,Thanamalwila,4061.305633
8/24/2025,Thanamalwila,4022.895633
8/25/2025,Thanamalwila,4009.825707
8/26/2025,Thanamalwila,4066.658158
8/27/2025,Thanamalwila,4091.924704
8/28/2025,Thanamalwila,4152.589037
8/29/2025,Thanamalwila,4205.369189
8/30/2025,Thanamalwila,4242.956383
8/31/2025,Thanamalwila,4303.155625
9/1/2025,Thanamalwila,4366.94161
9/2/2025,Thanamalwila,4420.702286
9/3/2025,Thanamalwila,4415.424767
9/4/2025,Thanamalwila,4405.190313
9/5/2025,Thanamalwila,4452.708366
9/6/2025,Thanamalwila,4489.910775
9/7/2025,Thanamalwila,4475.161704
9/8/2025,Thanamalwila,4495.906202
9/9/2025,Thanamalwila,4436.582046
9/10/2025,Thanamalwila,4397.338115
9/11/2025,Thanamalwila,4318.329279
9/12/2025,Thanamalwila,4269.532294
9/13/2025,Thanamalwila,4263.89023
9/14/2025,Thanamalwila,4240.016831
9/15/2025,Thanamalwila,4189.213843
9/16/2025,Thanamalwila,4134.491172
9/17/2025,Thanamalwila,4153.137255
9/18/2025,Thanamalwila,4148.733356
9/19/2025,Thanamalwila,4144.01544
9/20/2025,Thanamalwila,4151.242913
9/21/2025,Thanamalwila,4115.154144
9/22/2025,Thanamalwila,4099.878634
9/23/2025,Thanamalwila,4024.742117
9/24/2025,Thanamalwila,4007.948674
9/25/2025,Thanamalwila,3940.617456
9/26/2025,Thanamalwila,3902.083034
9/27/2025,Thanamalwila,3903.800574
9/28/2025,Thanamalwila,3885.914428
9/29/2025,Thanamalwila,3855.675766
9/30/2025,Thanamalwila,3856.889707
10/1/2025,Thanamalwila,3785.424603
10/2/2025,Thanamalwila,3847.416592
10/3/2025,Thanamalwila,3841.299711
10/4/2025,Thanamalwila,3791.362374
10/5/2025,Thanamalwila,3705.373377
10/6/2025,Thanamalwila,3693.908065
10/7/2025,Thanamalwila,3741.261805
10/8/2025,Thanamalwila,3729.744933
10/9/2025,Thanamalwila,3683.723922
10/10/2025,Thanamalwila,3703.741402
10/11/2025,Thanamalwila,3698.928917
10/12/2025,Thanamalwila,3793.062858
10/13/2025,Thanamalwila,3805.785909
10/14/2025,Thanamalwila,3834.790477
10/15/2025,Thanamalwila,3830.633616
10/16/2025,Thanamalwila,3902.794271
10/17/2025,Thanamalwila,3970.670227
10/18/2025,Thanamalwila,3993.370544
10/19/2025,Thanamalwila,4062.80132
10/20/2025,Thanamalwila,4050.434697
10/21/2025,Thanamalwila,4050.858895
10/22/2025,Thanamalwila,4139.59044
10/23/2025,Thanamalwila,4100.076021
10/24/2025,Thanamalwila,4078.158691
10/25/2025,Thanamalwila,4022.233525
10/26/2025,Thanamalwila,4025.839993
10/27/2025,Thanamalwila,4006.008446
10/28/2025,Thanamalwila,3938.817068
10/29/2025,Thanamalwila,3957.020792
10/30/2025,Thanamalwila,4049.343442
10/31/2025,Thanamalwila,4113.322719
11/1/2025,Thanamalwila,4165.326777
11/2/2025,Thanamalwila,4167.943639
11/3/2025,Thanamalwila,4163.869542
11/4/2025,Thanamalwila,4201.750735
11/5/2025,Thanamalwila,4223.749351
11/6/2025,Thanamalwila,4230.902948
11/7/2025,Thanamalwila,4260.370641
11/8/2025,Thanamalwila,4292.356425
11/9/2025,Thanamalwila,4252.063341
11/10/2025,Thanamalwila,4267.396559
11/11/2025,Thanamalwila,4287.761292
11/12/2025,Thanamalwila,4228.117268
11/13/2025,Thanamalwila,4183.734565
11/14/2025,Thanamalwila,4076.091132
11/15/2025,Thanamalwila,4055.770864
11/16/2025,Thanamalwila,3929.974327
11/17/2025,Thanamalwila,3861.067712
11/18/2025,Thanamalwila,3829.356082
11/19/2025,Thanamalwila,3818.545284
11/20/2025,Thanamalwila,3831.317891
11/21/2025,Thanamalwila,3857.423907
11/22/2025,Thanamalwila,3857.070216
11/23/2025,Thanamalwila,3870.611178
11/24/2025,Thanamalwila,3910.286789
11/25/2025,Thanamalwila,3893.529919
11/26/2025,Thanamalwila,3893.698591
11/27/2025,Thanamalwila,3972.976023
11/28/2025,Thanamalwila,3990.008893
11/29/2025,Thanamalwila,3984.478794
11/30/2025,Thanamalwila,4038.451379
12/1/2025,Thanamalwila,4038.853666
12/2/2025,Thanamalwila,3985.466279
12/3/2025,Thanamalwila,3981.141692
12/4/2025,Thanamalwila,3946.57288
12/5/2025,Thanamalwila,3929.978321
12/6/2025,Thanamalwila,3826.480678
12/7/2025,Thanamalwila,3805.563777
12/8/2025,Thanamalwila,3786.789136
12/9/2025,Thanamalwila,3813.324102
12/10/2025,Thanamalwila,3786.468692
12/11/2025,Thanamalwila,3784.989557
12/12/2025,Thanamalwila,3735.31208
12/13/2025,Thanamalwila,3755.669659
12/14/2025,Thanamalwila,3775.241471
12/15/2025,Thanamalwila,3728.244138
12/16/2025,Thanamalwila,3743.123514
12/17/2025,Thanamalwila,3858.407139
12/18/2025,Thanamalwila,3896.930908
12/19/2025,Thanamalwila,4026.291233
12/20/2025,Thanamalwila,4119.838608
12/21/2025,Thanamalwila,4101.242774
12/22/2025,Thanamalwila,4120.539841
12/23/2025,Thanamalwila,4144.222052
12/24/2025,Thanamalwila,4173.264969
12/25/2025,Thanamalwila,4224.085623
12/26/2025,Thanamalwila,4193.5912
12/27/2025,Thanamalwila,4190.991018
12/28/2025,Thanamalwila,4108.467453
12/29/2025,Thanamalwila,4079.297106
12/30/2025,Thanamalwila,4036.872112
12/31/2025,Thanamalwila,3963.684421
1/1/2026,Thanamalwila,3916.628897
1/2/2026,Thanamalwila,3854.89714
1/3/2026,Thanamalwila,3897.209248
1/4/2026,Thanamalwila,3860.978307
1/5/2026,Thanamalwila,3890.596192
1/6/2026,Thanamalwila,3918.960914
1/7/2026,Thanamalwila,3888.888937
1/8/2026,Thanamalwila,3884.019917
1/9/2026,Thanamalwila,3791.265808
1/10/2026,Thanamalwila,3681.816982
1/11/2026,Thanamalwila,3642.28216
1/12/2026,Thanamalwila,3650.145586
1/13/2026,Thanamalwila,3679.457433
1/14/2026,Thanamalwila,3690.382144
1/15/2026,Thanamalwila,3642.626618
1/16/2026,Thanamalwila,3693.020233
1/17/2026,Thanamalwila,3741.209934
1/18/2026,Thanamalwila,3870.452968
1/19/2026,Thanamalwila,3887.972978
1/20/2026,Thanamalwila,3886.837553
1/21/2026,Thanamalwila,3883.396099
1/22/2026,Thanamalwila,3806.064671
1/23/2026,Thanamalwila,3863.837265
1/24/2026,Thanamalwila,3854.709615
1/25/2026,Thanamalwila,3839.611486
1/26/2026,Thanamalwila,3787.091567
1/27/2026,Thanamalwila,3704.260966
1/28/2026,Thanamalwila,3646.619925
1/29/2026,Thanamalwila,3643.507529
1/30/2026,Thanamalwila,3560.632371
1/31/2026,Thanamalwila,3521.545865
2/1/2026,Thanamalwila,3559.569224
2/2/2026,Thanamalwila,3600.846082
2/3/2026,Thanamalwila,3639.878891
2/4/2026,Thanamalwila,3755.128745
2/5/2026,Thanamalwila,3901.915443
2/6/2026,Thanamalwila,3997.831843
2/7/2026,Thanamalwila,4082.134347
2/8/2026,Thanamalwila,4136.441706
2/9/2026,Thanamalwila,4221.764046
2/10/2026,Thanamalwila,4302.080608
2/11/2026,Thanamalwila,4408.107021
2/12/2026,Thanamalwila,4553.744719
2/13/2026,Thanamalwila,4616.612153
2/14/2026,Thanamalwila,4578.980595
2/15/2026,Thanamalwila,4553.758511
2/16/2026,Thanamalwila,4543.088266
2/17/2026,Thanamalwila,4592.316602
2/18/2026,Thanamalwila,4626.255738
2/19/2026,Thanamalwila,4582.005129
2/20/2026,Thanamalwila,4595.773987
2/21/2026,Thanamalwila,4665.979524
2/22/2026,Thanamalwila,4703.406539
2/23/2026,Thanamalwila,4713.081909
2/24/2026,Thanamalwila,4716.39137
2/25/2026,Thanamalwila,4610.466164
2/26/2026,Thanamalwila,4508.294115
2/27/2026,Thanamalwila,4482.833239
2/28/2026,Thanamalwila,4464.429743
3/1/2026,Thanamalwila,4419.472479
3/2/2026,Thanamalwila,4396.603095
3/3/2026,Thanamalwila,4291.606696
3/4/2026,Thanamalwila,4232.582157
3/5/2026,Thanamalwila,4215.454085
3/6/2026,Thanamalwila,4265.006074
3/7/2026,Thanamalwila,4306.476704
3/8/2026,Thanamalwila,4421.62944
3/9/2026,Thanamalwila,4611.627431
3/10/2026,Thanamalwila,4731.091072
3/11/2026,Thanamalwila,4859.990872
3/12/2026,Thanamalwila,5018.189276
3/13/2026,Thanamalwila,5134.34805
3/14/2026,Thanamalwila,5226.57721
3/15/2026,Thanamalwila,5228.048878
3/16/2026,Thanamalwila,5192.626296
3/17/2026,Thanamalwila,5155.864176
3/18/2026,Thanamalwila,5150.595371
3/19/2026,Thanamalwila,5122.715452
3/20/2026,Thanamalwila,5058.682113
3/21/2026,Thanamalwila,4904.853553
3/22/2026,Thanamalwila,4850.348112
3/23/2026,Thanamalwila,4884.258686
3/24/2026,Thanamalwila,4990.950416
3/25/2026,Thanamalwila,5035.057042
3/26/2026,Thanamalwila,5101.762134
3/27/2026,Thanamalwila,5103.82339
3/28/2026,Thanamalwila,5195.71864
3/29/2026,Thanamalwila,5268.707105
3/30/2026,Thanamalwila,5274.751484
3/31/2026,Thanamalwila,5296.83537
4/1/2026,Thanamalwila,5284.836079
4/2/2026,Thanamalwila,5243.722529
4/3/2026,Thanamalwila,5282.840872
4/4/2026,Thanamalwila,5241.064002
4/5/2026,Thanamalwila,5293.57786
4/6/2026,Thanamalwila,5299.629755
4/7/2026,Thanamalwila,5255.890494
4/8/2026,Thanamalwila,5235.614948
4/9/2026,Thanamalwila,5230.101965
4/10/2026,Thanamalwila,5202.11175
4/11/2026,Thanamalwila,5227.781119
4/12/2026,Thanamalwila,5266.416972
4/13/2026,Thanamalwila,5273.087111
4/14/2026,Thanamalwila,5220.385465
4/15/2026,Thanamalwila,5243.982628
4/16/2026,Thanamalwila,5227.160694
4/17/2026,Thanamalwila,5276.486787
4/18/2026,Thanamalwila,5245.449122
4/19/2026,Thanamalwila,5284.79872
4/20/2026,Thanamalwila,5266.808094
4/21/2026,Thanamalwila,5261.088613
4/22/2026,Thanamalwila,5267.159917
4/23/2026,Thanamalwila,5292.001843
4/24/2026,Thanamalwila,5294.791861
4/25/2026,Thanamalwila,5329.557891
4/26/2026,Thanamalwila,5334.312829
4/27/2026,Thanamalwila,5364.540411
4/28/2026,Thanamalwila,5434.861458
4/29/2026,Thanamalwila,5436.545436
4/30/2026,Thanamalwila,5378.214738
5/1/2026,Thanamalwila,5298.968242
5/2/2026,Thanamalwila,5209.388656
5/3/2026,Thanamalwila,5143.587496
5/4/2026,Thanamalwila,5080.055261
5/5/2026,Thanamalwila,5018.738586
5/6/2026,Thanamalwila,4888.503598
5/7/2026,Thanamalwila,4768.366079
5/8/2026,Thanamalwila,4692.711518
5/9/2026,Thanamalwila,4735.809594
5/10/2026,Thanamalwila,4678.765999
5/11/2026,Thanamalwila,4647.685244
5/12/2026,Thanamalwila,4591.481307
5/13/2026,Thanamalwila,4617.195207
5/14/2026,Thanamalwila,4708.477231
5/15/2026,Thanamalwila,4804.966682
5/16/2026,Thanamalwila,4923.112861
5/17/2026,Thanamalwila,5044.191083
5/18/2026,Thanamalwila,5130.366454
5/19/2026,Thanamalwila,5132.295047
5/20/2026,Thanamalwila,5139.164084
5/21/2026,Thanamalwila,5176.902552
5/22/2026,Thanamalwila,5147.46015
5/23/2026,Thanamalwila,5126.191646
5/24/2026,Thanamalwila,5102.627471
5/25/2026,Thanamalwila,5090.707504
5/26/2026,Thanamalwila,5085.314293
5/27/2026,Thanamalwila,5157.029285
5/28/2026,Thanamalwila,5242.255884
5/29/2026,Thanamalwila,5227.944321
5/30/2026,Thanamalwila,5201.294993
5/31/2026,Thanamalwila,5204.607164
6/1/2026,Thanamalwila,5237.187974
6/2/2026,Thanamalwila,5289.543804
6/3/2026,Thanamalwila,5341.173554
6/4/2026,Thanamalwila,5370.967927
6/5/2026,Thanamalwila,5368.583094
6/6/2026,Thanamalwila,5377.884162
6/7/2026,Thanamalwila,5254.744229
6/8/2026,Thanamalwila,5163.807046
6/9/2026,Thanamalwila,5124.876427
6/10/2026,Thanamalwila,5095.916554
6/11/2026,Thanamalwila,5068.529199
6/12/2026,Thanamalwila,5066.19447
6/13/2026,Thanamalwila,5046.959649
6/14/2026,Thanamalwila,5034.327974
6/15/2026,Thanamalwila,5009.962403
6/16/2026,Thanamalwila,4966.383466
6/17/2026,Thanamalwila,4899.931418
6/18/2026,Thanamalwila,4844.334384
6/19/2026,Thanamalwila,4842.421002
6/20/2026,Thanamalwila,4851.82822
6/21/2026,Thanamalwila,4828.864706
6/22/2026,Thanamalwila,4794.330194
6/23/2026,Thanamalwila,4789.223361
6/24/2026,Thanamalwila,4785.251345
6/25/2026,Thanamalwila,4713.677393
6/26/2026,Thanamalwila,4659.720812
6/27/2026,Thanamalwila,4561.005336
6/28/2026,Thanamalwila,4536.312306
6/29/2026,Thanamalwila,4495.792021
6/30/2026,Thanamalwila,4462.164076
7/1/2026,Thanamalwila,4409.057605
7/2/2026,Thanamalwila,4366.214729
7/3/2026,Thanamalwila,4288.311879
7/4/2026,Thanamalwila,4277.044203
7/5/2026,Thanamalwila,4231.879432
7/6/2026,Thanamalwila,4212.248735
7/7/2026,Thanamalwila,4211.081494
7/8/2026,Thanamalwila,4187.397373
7/9/2026,Thanamalwila,4204.156913
7/10/2026,Thanamalwila,4181.015125
7/11/2026,Thanamalwila,4161.110258
7/12/2026,Thanamalwila,4177.841524
7/13/2026,Thanamalwila,4201.273009
7/14/2026,Thanamalwila,4271.350323
7/15/2026,Thanamalwila,4273.48271
7/16/2026,Thanamalwila,4297.761805
7/17/2026,Thanamalwila,4335.56013
7/18/2026,Thanamalwila,4323.795998
7/19/2026,Thanamalwila,4322.046848
7/20/2026,Thanamalwila,4323.309642
7/21/2026,Thanamalwila,4319.720584
7/22/2026,Thanamalwila,4361.567049
7/23/2026,Thanamalwila,4348.015339
7/24/2026,Thanamalwila,4363.41216
7/25/2026,Thanamalwila,4302.529365
7/26/2026,Thanamalwila,4328.372541
7/27/2026,Thanamalwila,4328.199925
7/28/2026,Thanamalwila,4282.539671
7/29/2026,Thanamalwila,4252.642201
7/30/2026,Thanamalwila,4255.134537
7/31/2026,Thanamalwila,4297.133734
8/1/2026,Thanamalwila,4303.302353
8/2/2026,Thanamalwila,4347.32441
8/3/2026,Thanamalwila,4386.261336
8/4/2026,Thanamalwila,4334.566127
8/5/2026,Thanamalwila,4295.396372
8/6/2026,Thanamalwila,4248.924718
8/7/2026,Thanamalwila,4150.830919
8/8/2026,Thanamalwila,4123.011741
8/9/2026,Thanamalwila,4097.286996
8/10/2026,Thanamalwila,4058.448182
8/11/2026,Thanamalwila,4086.284829
8/12/2026,Thanamalwila,4105.606481
8/13/2026,Thanamalwila,4128.147673
8/14/2026,Thanamalwila,4111.043764
8/15/2026,Thanamalwila,4145.367298
8/16/2026,Thanamalwila,4130.005762
8/17/2026,Thanamalwila,4068.833659
8/18/2026,Thanamalwila,4095.469553
8/19/2026,Thanamalwila,4156.728466
8/20/2026,Thanamalwila,4134.72725
8/21/2026,Thanamalwila,4122.059981
8/22/2026,Thanamalwila,4114.985643
8/23/2026,Thanamalwila,4069.612038
8/24/2026,Thanamalwila,4028.253163
8/25/2026,Thanamalwila,3995.892561
8/26/2026,Thanamalwila,3925.360039
8/27/2026,Thanamalwila,3970.682438
8/28/2026,Thanamalwila,4035.137417
8/29/2026,Thanamalwila,4074.574716
8/30/2026,Thanamalwila,4103.01194
8/31/2026,Thanamalwila,4189.726713
9/1/2026,Thanamalwila,4182.463727
9/2/2026,Thanamalwila,4203.415265
9/3/2026,Thanamalwila,4246.139067
9/4/2026,Thanamalwila,4299.631055
9/5/2026,Thanamalwila,4271.275672
9/6/2026,Thanamalwila,4197.959012
9/7/2026,Thanamalwila,4137.75413
9/8/2026,Thanamalwila,4091.790891
9/9/2026,Thanamalwila,4036.668586
9/10/2026,Thanamalwila,3989.445892
9/11/2026,Thanamalwila,3935.18741
9/12/2026,Thanamalwila,3850.790676
9/13/2026,Thanamalwila,3865.702922
9/14/2026,Thanamalwila,3839.703312
9/15/2026,Thanamalwila,3816.949289
9/16/2026,Thanamalwila,3855.386792
9/17/2026,Thanamalwila,3847.865062
9/18/2026,Thanamalwila,3904.816792
9/19/2026,Thanamalwila,3927.074075
9/20/2026,Thanamalwila,3917.468229
9/21/2026,Thanamalwila,3852.027733
9/22/2026,Thanamalwila,3871.715084
9/23/2026,Thanamalwila,3897.559847
9/24/2026,Thanamalwila,3898.668444
9/25/2026,Thanamalwila,3824.108144
9/26/2026,Thanamalwila,3771.579601
9/27/2026,Thanamalwila,3749.547825
9/28/2026,Thanamalwila,3766.862917
9/29/2026,Thanamalwila,3759.600566
9/30/2026,Thanamalwila,3749.201138
10/1/2026,Thanamalwila,3739.806249
10/2/2026,Thanamalwila,3735.086831
10/3/2026,Thanamalwila,3799.506508
10/4/2026,Thanamalwila,3840.905339
10/5/2026,Thanamalwila,3875.008003
10/6/2026,Thanamalwila,3982.732735
10/7/2026,Thanamalwila,4095.985093
10/8/2026,Thanamalwila,4169.063137
10/9/2026,Thanamalwila,4151.307672
10/10/2026,Thanamalwila,4147.9449
10/11/2026,Thanamalwila,4164.379177
10/12/2026,Thanamalwila,4242.005379
10/13/2026,Thanamalwila,4307.682109
10/14/2026,Thanamalwila,4324.578854
10/15/2026,Thanamalwila,4315.274946
10/16/2026,Thanamalwila,4291.960007
10/17/2026,Thanamalwila,4227.054516
10/18/2026,Thanamalwila,4161.043192
10/19/2026,Thanamalwila,4120.024692
10/20/2026,Thanamalwila,4102.82286
10/21/2026,Thanamalwila,4074.695941
10/22/2026,Thanamalwila,4097.748627
10/23/2026,Thanamalwila,4119.81604
10/24/2026,Thanamalwila,4176.940054
10/25/2026,Thanamalwila,4214.318062
10/26/2026,Thanamalwila,4336.094005
10/27/2026,Thanamalwila,4366.993082
10/28/2026,Thanamalwila,4359.401345
10/29/2026,Thanamalwila,4418.313252
10/30/2026,Thanamalwila,4504.517963
10/31/2026,Thanamalwila,4565.260632
11/1/2026,Thanamalwila,4666.259907
11/2/2026,Thanamalwila,4683.473925
11/3/2026,Thanamalwila,4663.165886
11/4/2026,Thanamalwila,4591.863123
11/5/2026,Thanamalwila,4512.264723
11/6/2026,Thanamalwila,4447.004443
11/7/2026,Thanamalwila,4383.901209
11/8/2026,Thanamalwila,4363.110962
11/9/2026,Thanamalwila,4329.209309
11/10/2026,Thanamalwila,4332.929235
11/11/2026,Thanamalwila,4386.053071
11/12/2026,Thanamalwila,4361.262547
11/13/2026,Thanamalwila,4391.742713
11/14/2026,Thanamalwila,4389.322123
11/15/2026,Thanamalwila,4457.070216
11/16/2026,Thanamalwila,4413.663824
11/17/2026,Thanamalwila,4380.766195
11/18/2026,Thanamalwila,4440.487259
11/19/2026,Thanamalwila,4445.573511
11/20/2026,Thanamalwila,4405.313069
11/21/2026,Thanamalwila,4338.48264
11/22/2026,Thanamalwila,4248.583875
11/23/2026,Thanamalwila,4195.880282
11/24/2026,Thanamalwila,4136.315912
11/25/2026,Thanamalwila,4077.305377
11/26/2026,Thanamalwila,4045.88373
11/27/2026,Thanamalwila,3982.551573
11/28/2026,Thanamalwila,3957.534887
11/29/2026,Thanamalwila,3915.583439
11/30/2026,Thanamalwila,3958.211602
12/1/2026,Thanamalwila,4030.550064
12/2/2026,Thanamalwila,4051.967217
12/3/2026,Thanamalwila,4105.268696
12/4/2026,Thanamalwila,4180.383597
12/5/2026,Thanamalwila,4249.057501
12/6/2026,Thanamalwila,4259.672682
12/7/2026,Thanamalwila,4343.602137
12/8/2026,Thanamalwila,4390.54075
12/9/2026,Thanamalwila,4428.956792
12/10/2026,Thanamalwila,4431.431446
12/11/2026,Thanamalwila,4489.489263
12/12/2026,Thanamalwila,4539.653921
12/13/2026,Thanamalwila,4556.287592
12/14/2026,Thanamalwila,4536.822501
12/15/2026,Thanamalwila,4551.056927
12/16/2026,Thanamalwila,4616.838439
12/17/2026,Thanamalwila,4593.58012
12/18/2026,Thanamalwila,4611.360017
12/19/2026,Thanamalwila,4606.673417
12/20/2026,Thanamalwila,4626.802722
12/21/2026,Thanamalwila,4650.382491
12/22/2026,Thanamalwila,4596.049647
12/23/2026,Thanamalwila,4518.054485
12/24/2026,Thanamalwila,4482.930945
12/25/2026,Thanamalwila,4457.22989
12/26/2026,Thanamalwila,4442.053343
12/27/2026,Thanamalwila,4461.911708
12/28/2026,Thanamalwila,4442.414891
12/29/2026,Thanamalwila,4537.985162
12/30/2026,Thanamalwila,4579.89069
12/31/2026,Thanamalwila,4650.049167
1/1/2027,Thanamalwila,4638.049256
1/2/2027,Thanamalwila,4703.457554
1/3/2027,Thanamalwila,4749.042771
1/4/2027,Thanamalwila,4869.309373
1/5/2027,Thanamalwila,4892.431709
1/6/2027,Thanamalwila,4819.817957
1/7/2027,Thanamalwila,4761.315934
1/8/2027,Thanamalwila,4681.160511
1/9/2027,Thanamalwila,4619.189641
1/10/2027,Thanamalwila,4459.338438
1/11/2027,Thanamalwila,4358.879324
1/12/2027,Thanamalwila,4207.722378
1/13/2027,Thanamalwila,4097.216885
1/14/2027,Thanamalwila,4082.609662
1/15/2027,Thanamalwila,3998.36145
1/16/2027,Thanamalwila,3950.717713
1/17/2027,Thanamalwila,3896.186326
1/18/2027,Thanamalwila,3866.258534
1/19/2027,Thanamalwila,3892.607909
1/20/2027,Thanamalwila,3911.157403
1/21/2027,Thanamalwila,3952.884332
1/22/2027,Thanamalwila,4009.607587
1/23/2027,Thanamalwila,3974.13297
1/24/2027,Thanamalwila,3988.432159
1/25/2027,Thanamalwila,3901.961842
1/26/2027,Thanamalwila,3814.577613
1/27/2027,Thanamalwila,3818.08105
1/28/2027,Thanamalwila,3800.713702
1/29/2027,Thanamalwila,3771.584748
1/30/2027,Thanamalwila,3668.788482
1/31/2027,Thanamalwila,3736.663392
2/1/2027,Thanamalwila,3662.635643
2/2/2027,Thanamalwila,3680.361058
2/3/2027,Thanamalwila,3809.752491
2/4/2027,Thanamalwila,3856.594637
2/5/2027,Thanamalwila,3932.384077
2/6/2027,Thanamalwila,4034.13034
2/7/2027,Thanamalwila,4121.930882
2/8/2027,Thanamalwila,4291.675386
2/9/2027,Thanamalwila,4388.209513
2/10/2027,Thanamalwila,4514.792241
2/11/2027,Thanamalwila,4619.886428
2/12/2027,Thanamalwila,4700.918006
2/13/2027,Thanamalwila,4823.956025
2/14/2027,Thanamalwila,4928.699848
2/15/2027,Thanamalwila,4986.058313
2/16/2027,Thanamalwila,5058.930948
2/17/2027,Thanamalwila,5091.834604
2/18/2027,Thanamalwila,5055.10545
2/19/2027,Thanamalwila,5018.254007
2/20/2027,Thanamalwila,4978.452103
2/21/2027,Thanamalwila,4899.935572
2/22/2027,Thanamalwila,4920.827513
2/23/2027,Thanamalwila,4948.807663
2/24/2027,Thanamalwila,4833.960598
2/25/2027,Thanamalwila,4778.936734
2/26/2027,Thanamalwila,4749.725117
2/27/2027,Thanamalwila,4720.981471
2/28/2027,Thanamalwila,4643.334171
3/1/2027,Thanamalwila,4509.39187
3/2/2027,Thanamalwila,4406.184018
3/3/2027,Thanamalwila,4358.791141
3/4/2027,Thanamalwila,4295.660544
3/5/2027,Thanamalwila,4256.173948
3/6/2027,Thanamalwila,4210.028835
3/7/2027,Thanamalwila,4180.700978
3/8/2027,Thanamalwila,4233.621934
3/9/2027,Thanamalwila,4244.961205
3/10/2027,Thanamalwila,4196.528818
3/11/2027,Thanamalwila,4189.434631
3/12/2027,Thanamalwila,4235.10477
3/13/2027,Thanamalwila,4337.366479
3/14/2027,Thanamalwila,4364.999529
3/15/2027,Thanamalwila,4334.900201
3/16/2027,Thanamalwila,4286.579916
3/17/2027,Thanamalwila,4312.685744
3/18/2027,Thanamalwila,4308.330769
3/19/2027,Thanamalwila,4308.903564
3/20/2027,Thanamalwila,4229.450937
3/21/2027,Thanamalwila,4180.985513
3/22/2027,Thanamalwila,4154.457061
3/23/2027,Thanamalwila,4137.733594
3/24/2027,Thanamalwila,4109.400939
3/25/2027,Thanamalwila,4046.89862
3/26/2027,Thanamalwila,4030.301286
3/27/2027,Thanamalwila,4082.965411
3/28/2027,Thanamalwila,4083.478708
3/29/2027,Thanamalwila,4049.636803
3/30/2027,Thanamalwila,4101.638548
3/31/2027,Thanamalwila,4098.512346
4/1/2027,Thanamalwila,4199.611588
4/2/2027,Thanamalwila,4258.127988
4/3/2027,Thanamalwila,4222.00153
4/4/2027,Thanamalwila,4257.245631
4/5/2027,Thanamalwila,4289.306075
4/6/2027,Thanamalwila,4301.49834
4/7/2027,Thanamalwila,4364.209225
4/8/2027,Thanamalwila,4496.672655
4/9/2027,Thanamalwila,4553.657066
4/10/2027,Thanamalwila,4542.332176
4/11/2027,Thanamalwila,4556.783809
4/12/2027,Thanamalwila,4583.228035
4/13/2027,Thanamalwila,4581.906282
4/14/2027,Thanamalwila,4551.320723
4/15/2027,Thanamalwila,4579.133638
4/16/2027,Thanamalwila,4606.004424
4/17/2027,Thanamalwila,4608.006381
4/18/2027,Thanamalwila,4623.091432
4/19/2027,Thanamalwila,4651.420041
4/20/2027,Thanamalwila,4596.308631
4/21/2027,Thanamalwila,4582.314736
4/22/2027,Thanamalwila,4579.957889
4/23/2027,Thanamalwila,4494.26099
4/24/2027,Thanamalwila,4438.508442
4/25/2027,Thanamalwila,4304.36959
4/26/2027,Thanamalwila,4211.277059
4/27/2027,Thanamalwila,4166.402344
4/28/2027,Thanamalwila,4130.467103
4/29/2027,Thanamalwila,4070.386013
4/30/2027,Thanamalwila,4037.620298
5/1/2027,Thanamalwila,4097.828986
5/2/2027,Thanamalwila,4126.135344
5/3/2027,Thanamalwila,4125.1275
5/4/2027,Thanamalwila,4206.893721
5/5/2027,Thanamalwila,4235.068345
5/6/2027,Thanamalwila,4313.650863
5/7/2027,Thanamalwila,4416.859215
5/8/2027,Thanamalwila,4464.967581
5/9/2027,Thanamalwila,4522.751654
5/10/2027,Thanamalwila,4574.326308
5/11/2027,Thanamalwila,4611.726197
5/12/2027,Thanamalwila,4710.262924
5/13/2027,Thanamalwila,4676.84446
5/14/2027,Thanamalwila,4623.373003
5/15/2027,Thanamalwila,4582.398972
5/16/2027,Thanamalwila,4567.263421
5/17/2027,Thanamalwila,4613.15886
5/18/2027,Thanamalwila,4650.946131
5/19/2027,Thanamalwila,4684.055652
5/20/2027,Thanamalwila,4778.416211
5/21/2027,Thanamalwila,4832.503956
5/22/2027,Thanamalwila,4855.293804
5/23/2027,Thanamalwila,4804.59392
5/24/2027,Thanamalwila,4773.242596
5/25/2027,Thanamalwila,4717.048056
5/26/2027,Thanamalwila,4710.890905
5/27/2027,Thanamalwila,4725.562106
5/28/2027,Thanamalwila,4762.667604
5/29/2027,Thanamalwila,4802.125061
5/30/2027,Thanamalwila,4861.360344
5/31/2027,Thanamalwila,4912.68673
6/1/2027,Thanamalwila,4971.781992
6/2/2027,Thanamalwila,4979.176245
6/3/2027,Thanamalwila,5061.763973
6/4/2027,Thanamalwila,5099.69335
6/5/2027,Thanamalwila,5083.934289
6/6/2027,Thanamalwila,5158.738561
6/7/2027,Thanamalwila,5123.127008
6/8/2027,Thanamalwila,5125.617532
6/9/2027,Thanamalwila,5162.699261
6/10/2027,Thanamalwila,5119.437624
6/11/2027,Thanamalwila,5066.897538
6/12/2027,Thanamalwila,4972.174895
6/13/2027,Thanamalwila,4908.59671
6/14/2027,Thanamalwila,4762.975107
6/15/2027,Thanamalwila,4644.312253
6/16/2027,Thanamalwila,4611.253909
6/17/2027,Thanamalwila,4553.695174
6/18/2027,Thanamalwila,4463.800483
6/19/2027,Thanamalwila,4475.466182
6/20/2027,Thanamalwila,4473.822441
6/21/2027,Thanamalwila,4501.055902
6/22/2027,Thanamalwila,4527.715247
6/23/2027,Thanamalwila,4535.759726
6/24/2027,Thanamalwila,4495.328277
6/25/2027,Thanamalwila,4427.534846
6/26/2027,Thanamalwila,4403.210734
6/27/2027,Thanamalwila,4292.571747
6/28/2027,Thanamalwila,4274.097943
6/29/2027,Thanamalwila,4247.749391
6/30/2027,Thanamalwila,4244.53261
7/1/2027,Thanamalwila,4271.873406
7/2/2027,Thanamalwila,4301.114313
7/3/2027,Thanamalwila,4260.151465
7/4/2027,Thanamalwila,4205.555909
7/5/2027,Thanamalwila,4246.159597
7/6/2027,Thanamalwila,4274.533394
7/7/2027,Thanamalwila,4311.321025
7/8/2027,Thanamalwila,4425.692941
7/9/2027,Thanamalwila,4522.731174
7/10/2027,Thanamalwila,4580.444198
7/11/2027,Thanamalwila,4663.810699
7/12/2027,Thanamalwila,4732.540224
7/13/2027,Thanamalwila,4769.941429
7/14/2027,Thanamalwila,4867.719627
7/15/2027,Thanamalwila,4882.449363
7/16/2027,Thanamalwila,4880.029652
7/17/2027,Thanamalwila,4867.096558
7/18/2027,Thanamalwila,4842.749638
7/19/2027,Thanamalwila,4776.242115
7/20/2027,Thanamalwila,4804.278713
7/21/2027,Thanamalwila,4768.544086
7/22/2027,Thanamalwila,4717.186234
7/23/2027,Thanamalwila,4670.717737
7/24/2027,Thanamalwila,4625.417555
7/25/2027,Thanamalwila,4616.933987
7/26/2027,Thanamalwila,4645.420676
7/27/2027,Thanamalwila,4659.39358
7/28/2027,Thanamalwila,4676.294252
7/29/2027,Thanamalwila,4606.151541
7/30/2027,Thanamalwila,4637.77982
7/31/2027,Thanamalwila,4659.737155
8/1/2027,Thanamalwila,4667.517926
8/2/2027,Thanamalwila,4671.993931
8/3/2027,Thanamalwila,4733.960445
8/4/2027,Thanamalwila,4723.733329
8/5/2027,Thanamalwila,4684.55981
8/6/2027,Thanamalwila,4689.175855
8/7/2027,Thanamalwila,4658.521729
8/8/2027,Thanamalwila,4660.702315
8/9/2027,Thanamalwila,4676.228443
8/10/2027,Thanamalwila,4615.586684
8/11/2027,Thanamalwila,4558.594887
8/12/2027,Thanamalwila,4490.650906
8/13/2027,Thanamalwila,4395.038713
8/14/2027,Thanamalwila,4369.830652
8/15/2027,Thanamalwila,4314.376278
8/16/2027,Thanamalwila,4245.855244
8/17/2027,Thanamalwila,4156.214397
8/18/2027,Thanamalwila,4078.1171
8/19/2027,Thanamalwila,4042.650758
8/20/2027,Thanamalwila,4005.652357
8/21/2027,Thanamalwila,3942.132883
8/22/2027,Thanamalwila,3933.80032
8/23/2027,Thanamalwila,3911.229049
8/24/2027,Thanamalwila,3879.673666
8/25/2027,Thanamalwila,3899.418455
8/26/2027,Thanamalwila,3973.546522
8/27/2027,Thanamalwila,4032.547683
8/28/2027,Thanamalwila,4053.317023
8/29/2027,Thanamalwila,4038.319174
8/30/2027,Thanamalwila,4060.741712
8/31/2027,Thanamalwila,4047.736782
9/1/2027,Thanamalwila,4047.49438
9/2/2027,Thanamalwila,4095.669771
9/3/2027,Thanamalwila,4145.379598
9/4/2027,Thanamalwila,4193.380925
9/5/2027,Thanamalwila,4202.481336
9/6/2027,Thanamalwila,4195.541475
9/7/2027,Thanamalwila,4272.993127
9/8/2027,Thanamalwila,4264.634717
9/9/2027,Thanamalwila,4242.355096
9/10/2027,Thanamalwila,4219.19878
9/11/2027,Thanamalwila,4237.118976
9/12/2027,Thanamalwila,4224.10734
9/13/2027,Thanamalwila,4212.928722
9/14/2027,Thanamalwila,4155.338596
9/15/2027,Thanamalwila,4078.267951
9/16/2027,Thanamalwila,3948.134865
9/17/2027,Thanamalwila,3798.457451
9/18/2027,Thanamalwila,3731.862788
9/19/2027,Thanamalwila,3681.753219
9/20/2027,Thanamalwila,3614.235099
9/21/2027,Thanamalwila,3607.761109
9/22/2027,Thanamalwila,3635.920709
9/23/2027,Thanamalwila,3664.730909
9/24/2027,Thanamalwila,3708.170882
9/25/2027,Thanamalwila,3706.602014
9/26/2027,Thanamalwila,3782.357051
9/27/2027,Thanamalwila,3837.757262
9/28/2027,Thanamalwila,3827.090245
9/29/2027,Thanamalwila,3863.870535
9/30/2027,Thanamalwila,3948.927181
10/1/2027,Thanamalwila,4003.447237
10/2/2027,Thanamalwila,4014.48913
10/3/2027,Thanamalwila,4022.7494
10/4/2027,Thanamalwila,3921.059327
10/5/2027,Thanamalwila,3841.211104
10/6/2027,Thanamalwila,3829.930785
10/7/2027,Thanamalwila,3827.782235
10/8/2027,Thanamalwila,3825.465714
10/9/2027,Thanamalwila,3833.471898
10/10/2027,Thanamalwila,3878.358447
10/11/2027,Thanamalwila,3942.347395
10/12/2027,Thanamalwila,3934.030907
10/13/2027,Thanamalwila,3983.385362
10/14/2027,Thanamalwila,4016.211469
10/15/2027,Thanamalwila,4019.407034
10/16/2027,Thanamalwila,4099.737553
10/17/2027,Thanamalwila,4075.027315
10/18/2027,Thanamalwila,4057.674059
10/19/2027,Thanamalwila,4081.516915
10/20/2027,Thanamalwila,4091.761075
10/21/2027,Thanamalwila,4068.637597
10/22/2027,Thanamalwila,4035.77988
10/23/2027,Thanamalwila,3986.66468
10/24/2027,Thanamalwila,3931.775731
10/25/2027,Thanamalwila,3977.326032
10/26/2027,Thanamalwila,4078.830997
10/27/2027,Thanamalwila,4115.539993
10/28/2027,Thanamalwila,4116.871563
10/29/2027,Thanamalwila,4158.37557
10/30/2027,Thanamalwila,4172.268616
10/31/2027,Thanamalwila,4116.303434
11/1/2027,Thanamalwila,4047.985446
11/2/2027,Thanamalwila,4081.68067
11/3/2027,Thanamalwila,4014.682691
11/4/2027,Thanamalwila,3992.502987
11/5/2027,Thanamalwila,4016.556867
11/6/2027,Thanamalwila,3935.772147
11/7/2027,Thanamalwila,3952.513376
11/8/2027,Thanamalwila,4014.814425
11/9/2027,Thanamalwila,3950.249745
11/10/2027,Thanamalwila,3895.258933
11/11/2027,Thanamalwila,3876.843808
11/12/2027,Thanamalwila,3902.754753
11/13/2027,Thanamalwila,3962.771028
11/14/2027,Thanamalwila,4020.04895
11/15/2027,Thanamalwila,4013.366775
11/16/2027,Thanamalwila,4040.648071
11/17/2027,Thanamalwila,4033.883231
11/18/2027,Thanamalwila,3999.468083
11/19/2027,Thanamalwila,3958.610545
11/20/2027,Thanamalwila,3903.706112
11/21/2027,Thanamalwila,3927.504354
11/22/2027,Thanamalwila,3941.008484
11/23/2027,Thanamalwila,3866.969954
11/24/2027,Thanamalwila,3858.09154
11/25/2027,Thanamalwila,3899.480061
11/26/2027,Thanamalwila,3876.063265
11/27/2027,Thanamalwila,3944.542515
11/28/2027,Thanamalwila,3957.608588
11/29/2027,Thanamalwila,3874.141508
11/30/2027,Thanamalwila,3901.686696
12/1/2027,Thanamalwila,3947.064253
12/2/2027,Thanamalwila,4012.992598
12/3/2027,Thanamalwila,4047.993986
12/4/2027,Thanamalwila,4101.077571
12/5/2027,Thanamalwila,4108.549914
12/6/2027,Thanamalwila,4151.039243
12/7/2027,Thanamalwila,4164.105126
12/8/2027,Thanamalwila,4175.462478
12/9/2027,Thanamalwila,4227.051877
12/10/2027,Thanamalwila,4306.17529
12/11/2027,Thanamalwila,4318.711663
12/12/2027,Thanamalwila,4227.216933
12/13/2027,Thanamalwila,4135.598174
12/14/2027,Thanamalwila,4126.876512
12/15/2027,Thanamalwila,4163.261628
12/16/2027,Thanamalwila,4117.758243
12/17/2027,Thanamalwila,4141.575932
12/18/2027,Thanamalwila,4089.216722
12/19/2027,Thanamalwila,4053.400379
12/20/2027,Thanamalwila,4077.370833
12/21/2027,Thanamalwila,4140.310405
12/22/2027,Thanamalwila,4158.283948
12/23/2027,Thanamalwila,4180.977676
12/24/2027,Thanamalwila,4208.39159
12/25/2027,Thanamalwila,4240.525689
12/26/2027,Thanamalwila,4277.379973
12/27/2027,Thanamalwila,4318.954443
12/28/2027,Thanamalwila,4365.249098
12/29/2027,Thanamalwila,4416.263938
12/30/2027,Thanamalwila,4471.998963
12/31/2027,Thanamalwila,4532.454174
1/1/2025,Chilaw,4945.366989
1/2/2025,Chilaw,4907.124141
1/3/2025,Chilaw,4871.773017
1/4/2025,Chilaw,4839.313619
1/5/2025,Chilaw,4809.745945
1/6/2025,Chilaw,4783.069996
1/7/2025,Chilaw,4759.285772
1/8/2025,Chilaw,4738.393272
1/9/2025,Chilaw,4720.392498
1/10/2025,Chilaw,4705.283448
1/11/2025,Chilaw,4693.066124
1/12/2025,Chilaw,4637.813616
1/13/2025,Chilaw,4619.040176
1/14/2025,Chilaw,4706.22406
1/15/2025,Chilaw,4678.91692
1/16/2025,Chilaw,4660.29047
1/17/2025,Chilaw,4704.657083
1/18/2025,Chilaw,4704.65093
1/19/2025,Chilaw,4752.474651
1/20/2025,Chilaw,4781.295579
1/21/2025,Chilaw,4707.237201
1/22/2025,Chilaw,4678.88465
1/23/2025,Chilaw,4601.577623
1/24/2025,Chilaw,4578.820095
1/25/2025,Chilaw,4681.275955
1/26/2025,Chilaw,4645.032884
1/27/2025,Chilaw,4556.702278
1/28/2025,Chilaw,4554.525634
1/29/2025,Chilaw,4597.686044
1/30/2025,Chilaw,4568.22995
1/31/2025,Chilaw,4611.103285
2/1/2025,Chilaw,4638.704589
2/2/2025,Chilaw,4749.438614
2/3/2025,Chilaw,4831.641347
2/4/2025,Chilaw,4835.471992
2/5/2025,Chilaw,4881.914733
2/6/2025,Chilaw,4947.706638
2/7/2025,Chilaw,5045.429625
2/8/2025,Chilaw,5174.925729
2/9/2025,Chilaw,5171.588954
2/10/2025,Chilaw,5067.082782
2/11/2025,Chilaw,5033.190716
2/12/2025,Chilaw,4899.742604
2/13/2025,Chilaw,4866.60168
2/14/2025,Chilaw,4833.529641
2/15/2025,Chilaw,4760.399831
2/16/2025,Chilaw,4762.466638
2/17/2025,Chilaw,4761.83726
2/18/2025,Chilaw,4739.105502
2/19/2025,Chilaw,4761.329379
2/20/2025,Chilaw,4838.913309
2/21/2025,Chilaw,4906.657208
2/22/2025,Chilaw,4924.139655
2/23/2025,Chilaw,4939.891109
2/24/2025,Chilaw,4889.365055
2/25/2025,Chilaw,4850.648245
2/26/2025,Chilaw,4812.356268
2/27/2025,Chilaw,4763.832752
2/28/2025,Chilaw,4663.371585
3/1/2025,Chilaw,4520.277341
3/2/2025,Chilaw,4364.111106
3/3/2025,Chilaw,4262.089825
3/4/2025,Chilaw,4165.144818
3/5/2025,Chilaw,4145.415495
3/6/2025,Chilaw,4149.212051
3/7/2025,Chilaw,4231.688355
3/8/2025,Chilaw,4330.198224
3/9/2025,Chilaw,4365.942626
3/10/2025,Chilaw,4533.849128
3/11/2025,Chilaw,4740.96251
3/12/2025,Chilaw,4951.044163
3/13/2025,Chilaw,4998.47158
3/14/2025,Chilaw,5009.899792
3/15/2025,Chilaw,5004.07121
3/16/2025,Chilaw,5026.356979
3/17/2025,Chilaw,5074.750123
3/18/2025,Chilaw,5103.424579
3/19/2025,Chilaw,5137.356653
3/20/2025,Chilaw,5101.072339
3/21/2025,Chilaw,5071.236427
3/22/2025,Chilaw,5038.205253
3/23/2025,Chilaw,5034.139216
3/24/2025,Chilaw,5004.374343
3/25/2025,Chilaw,4966.2557
3/26/2025,Chilaw,5021.280999
3/27/2025,Chilaw,5042.501468
3/28/2025,Chilaw,5005.565471
3/29/2025,Chilaw,4980.693695
3/30/2025,Chilaw,5077.341358
3/31/2025,Chilaw,5125.219219
4/1/2025,Chilaw,5078.708026
4/2/2025,Chilaw,4947.663154
4/3/2025,Chilaw,4927.281275
4/4/2025,Chilaw,4941.009766
4/5/2025,Chilaw,5023.099093
4/6/2025,Chilaw,5006.854774
4/7/2025,Chilaw,4962.995123
4/8/2025,Chilaw,4944.021122
4/9/2025,Chilaw,4958.167835
4/10/2025,Chilaw,4994.469533
4/11/2025,Chilaw,5004.184035
4/12/2025,Chilaw,4968.941662
4/13/2025,Chilaw,4936.632996
4/14/2025,Chilaw,4977.378302
4/15/2025,Chilaw,5077.677392
4/16/2025,Chilaw,5129.747523
4/17/2025,Chilaw,5170.927265
4/18/2025,Chilaw,5132.84197
4/19/2025,Chilaw,5210.271684
4/20/2025,Chilaw,5180.653128
4/21/2025,Chilaw,5215.320579
4/22/2025,Chilaw,5264.348574
4/23/2025,Chilaw,5320.89431
4/24/2025,Chilaw,5409.374035
4/25/2025,Chilaw,5348.967235
4/26/2025,Chilaw,5250.530482
4/27/2025,Chilaw,5195.53039
4/28/2025,Chilaw,5164.312318
4/29/2025,Chilaw,5169.80814
4/30/2025,Chilaw,5027.633004
5/1/2025,Chilaw,4913.36086
5/2/2025,Chilaw,4823.846461
5/3/2025,Chilaw,4843.897961
5/4/2025,Chilaw,4824.358078
5/5/2025,Chilaw,4813.712324
5/6/2025,Chilaw,4711.14494
5/7/2025,Chilaw,4597.884965
5/8/2025,Chilaw,4501.727859
5/9/2025,Chilaw,4511.804927
5/10/2025,Chilaw,4516.494773
5/11/2025,Chilaw,4545.39541
5/12/2025,Chilaw,4541.478025
5/13/2025,Chilaw,4572.217488
5/14/2025,Chilaw,4591.861474
5/15/2025,Chilaw,4516.302628
5/16/2025,Chilaw,4508.989189
5/17/2025,Chilaw,4487.21329
5/18/2025,Chilaw,4503.85578
5/19/2025,Chilaw,4473.953942
5/20/2025,Chilaw,4368.241098
5/21/2025,Chilaw,4366.962709
5/22/2025,Chilaw,4417.549377
5/23/2025,Chilaw,4517.473982
5/24/2025,Chilaw,4512.867782
5/25/2025,Chilaw,4546.226172
5/26/2025,Chilaw,4520.585734
5/27/2025,Chilaw,4579.323671
5/28/2025,Chilaw,4508.984664
5/29/2025,Chilaw,4487.081276
5/30/2025,Chilaw,4527.488729
5/31/2025,Chilaw,4486.340095
6/1/2025,Chilaw,4499.953187
6/2/2025,Chilaw,4504.589177
6/3/2025,Chilaw,4486.991193
6/4/2025,Chilaw,4475.759822
6/5/2025,Chilaw,4467.603948
6/6/2025,Chilaw,4401.939532
6/7/2025,Chilaw,4388.911084
6/8/2025,Chilaw,4391.677224
6/9/2025,Chilaw,4437.973463
6/10/2025,Chilaw,4511.043803
6/11/2025,Chilaw,4699.670706
6/12/2025,Chilaw,4802.37784
6/13/2025,Chilaw,4880.606649
6/14/2025,Chilaw,4937.066257
6/15/2025,Chilaw,5007.738951
6/16/2025,Chilaw,5061.817526
6/17/2025,Chilaw,5019.066289
6/18/2025,Chilaw,5077.686407
6/19/2025,Chilaw,5099.194967
6/20/2025,Chilaw,5068.685147
6/21/2025,Chilaw,5028.740145
6/22/2025,Chilaw,4984.119003
6/23/2025,Chilaw,4968.123304
6/24/2025,Chilaw,4962.274952
6/25/2025,Chilaw,4929.633896
6/26/2025,Chilaw,4869.011217
6/27/2025,Chilaw,4872.561418
6/28/2025,Chilaw,4929.573
6/29/2025,Chilaw,4889.703539
6/30/2025,Chilaw,4836.651235
7/1/2025,Chilaw,4834.226436
7/2/2025,Chilaw,4745.094614
7/3/2025,Chilaw,4626.97711
7/4/2025,Chilaw,4480.137384
7/5/2025,Chilaw,4375.65669
7/6/2025,Chilaw,4235.001433
7/7/2025,Chilaw,4113.449014
7/8/2025,Chilaw,4028.43469
7/9/2025,Chilaw,3955.275903
7/10/2025,Chilaw,3874.378092
7/11/2025,Chilaw,3789.147048
7/12/2025,Chilaw,3773.12905
7/13/2025,Chilaw,3858.338085
7/14/2025,Chilaw,3865.908118
7/15/2025,Chilaw,3960.772949
7/16/2025,Chilaw,4037.959819
7/17/2025,Chilaw,4191.72259
7/18/2025,Chilaw,4308.784043
7/19/2025,Chilaw,4354.783435
7/20/2025,Chilaw,4401.588434
7/21/2025,Chilaw,4428.308191
7/22/2025,Chilaw,4416.835691
7/23/2025,Chilaw,4332.02905
7/24/2025,Chilaw,4290.389277
7/25/2025,Chilaw,4290.011909
7/26/2025,Chilaw,4269.292038
7/27/2025,Chilaw,4267.978941
7/28/2025,Chilaw,4227.713084
7/29/2025,Chilaw,4171.523044
7/30/2025,Chilaw,4158.737084
7/31/2025,Chilaw,4153.426548
8/1/2025,Chilaw,4119.023343
8/2/2025,Chilaw,4126.564828
8/3/2025,Chilaw,4104.502907
8/4/2025,Chilaw,4152.909231
8/5/2025,Chilaw,4158.558549
8/6/2025,Chilaw,4178.667503
8/7/2025,Chilaw,4067.931586
8/8/2025,Chilaw,4015.240343
8/9/2025,Chilaw,3908.886178
8/10/2025,Chilaw,3828.482531
8/11/2025,Chilaw,3784.561878
8/12/2025,Chilaw,3768.64841
8/13/2025,Chilaw,3715.993063
8/14/2025,Chilaw,3646.646947
8/15/2025,Chilaw,3606.913904
8/16/2025,Chilaw,3588.768987
8/17/2025,Chilaw,3577.03225
8/18/2025,Chilaw,3616.137218
8/19/2025,Chilaw,3681.817465
8/20/2025,Chilaw,3729.530298
8/21/2025,Chilaw,3740.901304
8/22/2025,Chilaw,3759.78618
8/23/2025,Chilaw,3753.412325
8/24/2025,Chilaw,3733.937319
8/25/2025,Chilaw,3736.292043
8/26/2025,Chilaw,3705.264484
8/27/2025,Chilaw,3632.076461
8/28/2025,Chilaw,3683.914413
8/29/2025,Chilaw,3624.066806
8/30/2025,Chilaw,3632.547036
8/31/2025,Chilaw,3632.947903
9/1/2025,Chilaw,3558.742253
9/2/2025,Chilaw,3467.912103
9/3/2025,Chilaw,3405.536475
9/4/2025,Chilaw,3389.564544
9/5/2025,Chilaw,3383.27698
9/6/2025,Chilaw,3393.253564
9/7/2025,Chilaw,3419.02186
9/8/2025,Chilaw,3474.913229
9/9/2025,Chilaw,3554.817281
9/10/2025,Chilaw,3618.219813
9/11/2025,Chilaw,3633.332808
9/12/2025,Chilaw,3673.982032
9/13/2025,Chilaw,3738.931042
9/14/2025,Chilaw,3847.495203
9/15/2025,Chilaw,3918.11403
9/16/2025,Chilaw,3987.078105
9/17/2025,Chilaw,4060.504722
9/18/2025,Chilaw,4050.142928
9/19/2025,Chilaw,4053.749999
9/20/2025,Chilaw,4030.098224
9/21/2025,Chilaw,3967.789599
9/22/2025,Chilaw,3951.700009
9/23/2025,Chilaw,3860.009421
9/24/2025,Chilaw,3818.924462
9/25/2025,Chilaw,3765.552704
9/26/2025,Chilaw,3788.184049
9/27/2025,Chilaw,3771.438506
9/28/2025,Chilaw,3803.504499
9/29/2025,Chilaw,3822.754403
9/30/2025,Chilaw,3868.053329
10/1/2025,Chilaw,3832.844283
10/2/2025,Chilaw,3909.094237
10/3/2025,Chilaw,3948.841424
10/4/2025,Chilaw,4035.490011
10/5/2025,Chilaw,4079.958945
10/6/2025,Chilaw,4144.682521
10/7/2025,Chilaw,4146.772574
10/8/2025,Chilaw,4153.670158
10/9/2025,Chilaw,4130.104077
10/10/2025,Chilaw,4099.580139
10/11/2025,Chilaw,4031.124869
10/12/2025,Chilaw,3920.128793
10/13/2025,Chilaw,3842.898576
10/14/2025,Chilaw,3787.434855
10/15/2025,Chilaw,3722.702557
10/16/2025,Chilaw,3802.820226
10/17/2025,Chilaw,3789.519374
10/18/2025,Chilaw,3812.941875
10/19/2025,Chilaw,3866.759749
10/20/2025,Chilaw,3912.443239
10/21/2025,Chilaw,3958.855515
10/22/2025,Chilaw,4027.919593
10/23/2025,Chilaw,4056.240309
10/24/2025,Chilaw,4133.864596
10/25/2025,Chilaw,4178.811044
10/26/2025,Chilaw,4205.818702
10/27/2025,Chilaw,4158.207332
10/28/2025,Chilaw,4069.403256
10/29/2025,Chilaw,4025.189291
10/30/2025,Chilaw,3967.820794
10/31/2025,Chilaw,3971.726476
11/1/2025,Chilaw,3945.410808
11/2/2025,Chilaw,3976.227937
11/3/2025,Chilaw,3952.444524
11/4/2025,Chilaw,4024.836399
11/5/2025,Chilaw,4179.98582
11/6/2025,Chilaw,4232.770195
11/7/2025,Chilaw,4219.488879
11/8/2025,Chilaw,4285.235049
11/9/2025,Chilaw,4277.287369
11/10/2025,Chilaw,4319.207478
11/11/2025,Chilaw,4310.672192
11/12/2025,Chilaw,4345.810988
11/13/2025,Chilaw,4397.700948
11/14/2025,Chilaw,4344.730765
11/15/2025,Chilaw,4270.044466
11/16/2025,Chilaw,4194.620951
11/17/2025,Chilaw,4141.362966
11/18/2025,Chilaw,4139.863408
11/19/2025,Chilaw,4122.783024
11/20/2025,Chilaw,4149.455217
11/21/2025,Chilaw,4065.92973
11/22/2025,Chilaw,4067.86731
11/23/2025,Chilaw,4041.284193
11/24/2025,Chilaw,4051.115769
11/25/2025,Chilaw,4075.213843
11/26/2025,Chilaw,4025.749315
11/27/2025,Chilaw,3987.599736
11/28/2025,Chilaw,4035.772188
11/29/2025,Chilaw,4083.739837
11/30/2025,Chilaw,4147.65133
12/1/2025,Chilaw,4193.229049
12/2/2025,Chilaw,4257.91561
12/3/2025,Chilaw,4343.465195
12/4/2025,Chilaw,4336.095699
12/5/2025,Chilaw,4353.056856
12/6/2025,Chilaw,4306.9486
12/7/2025,Chilaw,4339.260602
12/8/2025,Chilaw,4299.083252
12/9/2025,Chilaw,4297.685573
12/10/2025,Chilaw,4249.740345
12/11/2025,Chilaw,4243.219889
12/12/2025,Chilaw,4232.787105
12/13/2025,Chilaw,4161.520637
12/14/2025,Chilaw,4173.900493
12/15/2025,Chilaw,4180.006441
12/16/2025,Chilaw,4197.120016
12/17/2025,Chilaw,4214.241926
12/18/2025,Chilaw,4251.62219
12/19/2025,Chilaw,4286.425944
12/20/2025,Chilaw,4300.858906
12/21/2025,Chilaw,4308.557911
12/22/2025,Chilaw,4333.711328
12/23/2025,Chilaw,4392.99125
12/24/2025,Chilaw,4356.075094
12/25/2025,Chilaw,4304.167648
12/26/2025,Chilaw,4283.964753
12/27/2025,Chilaw,4324.612084
12/28/2025,Chilaw,4269.693262
12/29/2025,Chilaw,4280.894297
12/30/2025,Chilaw,4277.575808
12/31/2025,Chilaw,4357.317411
1/1/2026,Chilaw,4360.401473
1/2/2026,Chilaw,4379.667579
1/3/2026,Chilaw,4382.203459
1/4/2026,Chilaw,4397.010246
1/5/2026,Chilaw,4493.327528
1/6/2026,Chilaw,4501.379604
1/7/2026,Chilaw,4550.544674
1/8/2026,Chilaw,4533.500682
1/9/2026,Chilaw,4546.289638
1/10/2026,Chilaw,4565.472157
1/11/2026,Chilaw,4584.919834
1/12/2026,Chilaw,4626.159795
1/13/2026,Chilaw,4604.691233
1/14/2026,Chilaw,4555.450728
1/15/2026,Chilaw,4582.125557
1/16/2026,Chilaw,4572.408269
1/17/2026,Chilaw,4549.35936
1/18/2026,Chilaw,4585.387842
1/19/2026,Chilaw,4583.532919
1/20/2026,Chilaw,4582.541666
1/21/2026,Chilaw,4478.095658
1/22/2026,Chilaw,4386.045007
1/23/2026,Chilaw,4353.971546
1/24/2026,Chilaw,4398.295342
1/25/2026,Chilaw,4427.366667
1/26/2026,Chilaw,4319.608666
1/27/2026,Chilaw,4313.223702
1/28/2026,Chilaw,4328.756477
1/29/2026,Chilaw,4280.302271
1/30/2026,Chilaw,4323.037075
1/31/2026,Chilaw,4306.723301
2/1/2026,Chilaw,4335.91665
2/2/2026,Chilaw,4300.143164
2/3/2026,Chilaw,4339.805202
2/4/2026,Chilaw,4452.932689
2/5/2026,Chilaw,4509.590885
2/6/2026,Chilaw,4447.772368
2/7/2026,Chilaw,4482.999038
2/8/2026,Chilaw,4465.446488
2/9/2026,Chilaw,4483.257655
2/10/2026,Chilaw,4479.48937
2/11/2026,Chilaw,4513.605316
2/12/2026,Chilaw,4622.527915
2/13/2026,Chilaw,4658.142019
2/14/2026,Chilaw,4594.047347
2/15/2026,Chilaw,4565.622569
2/16/2026,Chilaw,4636.795513
2/17/2026,Chilaw,4685.472244
2/18/2026,Chilaw,4738.990849
2/19/2026,Chilaw,4873.301704
2/20/2026,Chilaw,4907.020289
2/21/2026,Chilaw,4985.560686
2/22/2026,Chilaw,5035.948346
2/23/2026,Chilaw,5151.539179
2/24/2026,Chilaw,5145.835634
2/25/2026,Chilaw,5044.054846
2/26/2026,Chilaw,5039.326328
2/27/2026,Chilaw,5119.647966
2/28/2026,Chilaw,5108.970635
3/1/2026,Chilaw,5091.126447
3/2/2026,Chilaw,5062.364038
3/3/2026,Chilaw,5020.442612
3/4/2026,Chilaw,5007.956687
3/5/2026,Chilaw,4926.519272
3/6/2026,Chilaw,4869.283281
3/7/2026,Chilaw,4962.819212
3/8/2026,Chilaw,5069.516286
3/9/2026,Chilaw,5139.40573
3/10/2026,Chilaw,5241.194878
3/11/2026,Chilaw,5260.100531
3/12/2026,Chilaw,5226.649862
3/13/2026,Chilaw,5229.883067
3/14/2026,Chilaw,5274.536374
3/15/2026,Chilaw,5232.367019
3/16/2026,Chilaw,5172.042506
3/17/2026,Chilaw,5173.464949
3/18/2026,Chilaw,5229.266163
3/19/2026,Chilaw,5154.90996
3/20/2026,Chilaw,5083.403671
3/21/2026,Chilaw,5073.369877
3/22/2026,Chilaw,5051.940756
3/23/2026,Chilaw,5028.50653
3/24/2026,Chilaw,4971.041461
3/25/2026,Chilaw,4983.019054
3/26/2026,Chilaw,4926.671652
3/27/2026,Chilaw,4925.453602
3/28/2026,Chilaw,4878.637364
3/29/2026,Chilaw,4786.538103
3/30/2026,Chilaw,4699.101629
3/31/2026,Chilaw,4586.8947
4/1/2026,Chilaw,4467.418576
4/2/2026,Chilaw,4411.538067
4/3/2026,Chilaw,4369.107335
4/4/2026,Chilaw,4241.115736
4/5/2026,Chilaw,4225.114397
4/6/2026,Chilaw,4208.474725
4/7/2026,Chilaw,4146.640811
4/8/2026,Chilaw,4122.167942
4/9/2026,Chilaw,4172.046814
4/10/2026,Chilaw,4267.097791
4/11/2026,Chilaw,4333.694439
4/12/2026,Chilaw,4458.735225
4/13/2026,Chilaw,4639.77671
4/14/2026,Chilaw,4775.558403
4/15/2026,Chilaw,4839.235936
4/16/2026,Chilaw,5003.645872
4/17/2026,Chilaw,5070.503477
4/18/2026,Chilaw,5074.828678
4/19/2026,Chilaw,5023.035096
4/20/2026,Chilaw,4975.58481
4/21/2026,Chilaw,5022.558754
4/22/2026,Chilaw,5060.003084
4/23/2026,Chilaw,5090.908683
4/24/2026,Chilaw,5085.343426
4/25/2026,Chilaw,5048.732468
4/26/2026,Chilaw,4970.809269
4/27/2026,Chilaw,4832.965106
4/28/2026,Chilaw,4752.933461
4/29/2026,Chilaw,4723.420332
4/30/2026,Chilaw,4761.27162
5/1/2026,Chilaw,4792.431391
5/2/2026,Chilaw,4925.379054
5/3/2026,Chilaw,4971.69443
5/4/2026,Chilaw,4863.371926
5/5/2026,Chilaw,4789.523704
5/6/2026,Chilaw,4620.937521
5/7/2026,Chilaw,4465.023406
5/8/2026,Chilaw,4324.63337
5/9/2026,Chilaw,4271.350574
5/10/2026,Chilaw,4179.878259
5/11/2026,Chilaw,4189.658264
5/12/2026,Chilaw,4213.221416
5/13/2026,Chilaw,4253.235231
5/14/2026,Chilaw,4260.516584
5/15/2026,Chilaw,4263.591173
5/16/2026,Chilaw,4287.24204
5/17/2026,Chilaw,4341.153846
5/18/2026,Chilaw,4429.677293
5/19/2026,Chilaw,4504.626534
5/20/2026,Chilaw,4571.754619
5/21/2026,Chilaw,4561.62336
5/22/2026,Chilaw,4591.196821
5/23/2026,Chilaw,4503.406842
5/24/2026,Chilaw,4380.359545
5/25/2026,Chilaw,4281.512752
5/26/2026,Chilaw,4150.440837
5/27/2026,Chilaw,4116.553473
5/28/2026,Chilaw,4051.130221
5/29/2026,Chilaw,3886.946657
5/30/2026,Chilaw,3759.602512
5/31/2026,Chilaw,3764.195162
6/1/2026,Chilaw,3770.012071
6/2/2026,Chilaw,3783.190301
6/3/2026,Chilaw,3872.539452
6/4/2026,Chilaw,3960.097678
6/5/2026,Chilaw,4040.29878
6/6/2026,Chilaw,4164.334897
6/7/2026,Chilaw,4249.225052
6/8/2026,Chilaw,4325.393803
6/9/2026,Chilaw,4392.28533
6/10/2026,Chilaw,4434.915639
6/11/2026,Chilaw,4536.352356
6/12/2026,Chilaw,4539.511271
6/13/2026,Chilaw,4599.14591
6/14/2026,Chilaw,4669.950208
6/15/2026,Chilaw,4701.277531
6/16/2026,Chilaw,4674.39604
6/17/2026,Chilaw,4604.951907
6/18/2026,Chilaw,4516.030684
6/19/2026,Chilaw,4562.711082
6/20/2026,Chilaw,4523.954474
6/21/2026,Chilaw,4456.446281
6/22/2026,Chilaw,4410.961345
6/23/2026,Chilaw,4441.08997
6/24/2026,Chilaw,4412.034978
6/25/2026,Chilaw,4352.662742
6/26/2026,Chilaw,4330.655282
6/27/2026,Chilaw,4324.911395
6/28/2026,Chilaw,4330.870963
6/29/2026,Chilaw,4358.081395
6/30/2026,Chilaw,4325.10114
7/1/2026,Chilaw,4334.405349
7/2/2026,Chilaw,4273.512528
7/3/2026,Chilaw,4375.999092
7/4/2026,Chilaw,4412.515466
7/5/2026,Chilaw,4393.253914
7/6/2026,Chilaw,4323.050845
7/7/2026,Chilaw,4327.616331
7/8/2026,Chilaw,4340.984141
7/9/2026,Chilaw,4326.778346
7/10/2026,Chilaw,4257.174602
7/11/2026,Chilaw,4190.15259
7/12/2026,Chilaw,4198.96582
7/13/2026,Chilaw,4251.920555
7/14/2026,Chilaw,4258.000919
7/15/2026,Chilaw,4237.865937
7/16/2026,Chilaw,4283.215958
7/17/2026,Chilaw,4329.033203
7/18/2026,Chilaw,4350.025018
7/19/2026,Chilaw,4342.49701
7/20/2026,Chilaw,4267.623264
7/21/2026,Chilaw,4267.65545
7/22/2026,Chilaw,4229.766762
7/23/2026,Chilaw,4350.790822
7/24/2026,Chilaw,4271.28827
7/25/2026,Chilaw,4246.391097
7/26/2026,Chilaw,4268.27274
7/27/2026,Chilaw,4361.351476
7/28/2026,Chilaw,4394.900627
7/29/2026,Chilaw,4365.833635
7/30/2026,Chilaw,4382.060808
7/31/2026,Chilaw,4457.204745
8/1/2026,Chilaw,4569.277811
8/2/2026,Chilaw,4633.457014
8/3/2026,Chilaw,4645.346662
8/4/2026,Chilaw,4634.616906
8/5/2026,Chilaw,4600.05559
8/6/2026,Chilaw,4547.856259
8/7/2026,Chilaw,4476.603916
8/8/2026,Chilaw,4370.275148
8/9/2026,Chilaw,4294.508571
8/10/2026,Chilaw,4263.820843
8/11/2026,Chilaw,4162.758927
8/12/2026,Chilaw,4102.877174
8/13/2026,Chilaw,3924.791802
8/14/2026,Chilaw,3931.037784
8/15/2026,Chilaw,3959.713709
8/16/2026,Chilaw,3999.432798
8/17/2026,Chilaw,3956.909168
8/18/2026,Chilaw,3897.641341
8/19/2026,Chilaw,3929.595104
8/20/2026,Chilaw,3979.741464
8/21/2026,Chilaw,4025.10541
8/22/2026,Chilaw,4053.367204
8/23/2026,Chilaw,4051.448142
8/24/2026,Chilaw,4031.721847
8/25/2026,Chilaw,4034.303443
8/26/2026,Chilaw,4066.134596
8/27/2026,Chilaw,4107.821443
8/28/2026,Chilaw,4098.159238
8/29/2026,Chilaw,4156.080604
8/30/2026,Chilaw,4198.0084
8/31/2026,Chilaw,4202.647529
9/1/2026,Chilaw,4195.577613
9/2/2026,Chilaw,4196.247338
9/3/2026,Chilaw,4274.692578
9/4/2026,Chilaw,4248.723849
9/5/2026,Chilaw,4214.103082
9/6/2026,Chilaw,4146.152031
9/7/2026,Chilaw,4100.505384
9/8/2026,Chilaw,4099.919047
9/9/2026,Chilaw,4134.769558
9/10/2026,Chilaw,4141.809119
9/11/2026,Chilaw,4105.48649
9/12/2026,Chilaw,4103.985533
9/13/2026,Chilaw,4092.915341
9/14/2026,Chilaw,4129.996039
9/15/2026,Chilaw,4146.578777
9/16/2026,Chilaw,4132.959836
9/17/2026,Chilaw,4100.189055
9/18/2026,Chilaw,4133.072792
9/19/2026,Chilaw,4113.716159
9/20/2026,Chilaw,4168.218779
9/21/2026,Chilaw,4126.401993
9/22/2026,Chilaw,4081.793205
9/23/2026,Chilaw,4061.07391
9/24/2026,Chilaw,3987.432851
9/25/2026,Chilaw,3944.212142
9/26/2026,Chilaw,3932.008708
9/27/2026,Chilaw,3945.660274
9/28/2026,Chilaw,3993.249807
9/29/2026,Chilaw,3995.212471
9/30/2026,Chilaw,4022.747841
10/1/2026,Chilaw,4039.16241
10/2/2026,Chilaw,4113.822769
10/3/2026,Chilaw,4126.111955
10/4/2026,Chilaw,4175.245707
10/5/2026,Chilaw,4186.198433
10/6/2026,Chilaw,4244.089332
10/7/2026,Chilaw,4320.957135
10/8/2026,Chilaw,4394.149945
10/9/2026,Chilaw,4447.741007
10/10/2026,Chilaw,4506.800153
10/11/2026,Chilaw,4478.715583
10/12/2026,Chilaw,4527.278056
10/13/2026,Chilaw,4595.008473
10/14/2026,Chilaw,4553.766646
10/15/2026,Chilaw,4470.740429
10/16/2026,Chilaw,4494.214912
10/17/2026,Chilaw,4458.026653
10/18/2026,Chilaw,4343.695515
10/19/2026,Chilaw,4225.274685
10/20/2026,Chilaw,4155.049937
10/21/2026,Chilaw,4055.799528
10/22/2026,Chilaw,3946.495919
10/23/2026,Chilaw,3850.367116
10/24/2026,Chilaw,3808.728168
10/25/2026,Chilaw,3797.234322
10/26/2026,Chilaw,3786.043177
10/27/2026,Chilaw,3741.771536
10/28/2026,Chilaw,3725.39579
10/29/2026,Chilaw,3722.644524
10/30/2026,Chilaw,3643.036403
10/31/2026,Chilaw,3682.992926
11/1/2026,Chilaw,3736.022352
11/2/2026,Chilaw,3720.570197
11/3/2026,Chilaw,3644.15691
11/4/2026,Chilaw,3699.051267
11/5/2026,Chilaw,3775.450901
11/6/2026,Chilaw,3764.018208
11/7/2026,Chilaw,3723.730537
11/8/2026,Chilaw,3764.536001
11/9/2026,Chilaw,3793.457263
11/10/2026,Chilaw,3812.654214
11/11/2026,Chilaw,3814.316545
11/12/2026,Chilaw,3891.441293
11/13/2026,Chilaw,3977.037247
11/14/2026,Chilaw,4065.922443
11/15/2026,Chilaw,4102.359196
11/16/2026,Chilaw,4148.065267
11/17/2026,Chilaw,4158.837847
11/18/2026,Chilaw,4222.47794
11/19/2026,Chilaw,4211.79942
11/20/2026,Chilaw,4307.154644
11/21/2026,Chilaw,4282.637554
11/22/2026,Chilaw,4256.907075
11/23/2026,Chilaw,4278.815698
11/24/2026,Chilaw,4335.273391
11/25/2026,Chilaw,4345.151223
11/26/2026,Chilaw,4286.779766
11/27/2026,Chilaw,4283.948661
11/28/2026,Chilaw,4313.153973
11/29/2026,Chilaw,4296.217299
11/30/2026,Chilaw,4255.126095
12/1/2026,Chilaw,4250.047745
12/2/2026,Chilaw,4289.680736
12/3/2026,Chilaw,4330.4601
12/4/2026,Chilaw,4353.954606
12/5/2026,Chilaw,4361.679904
12/6/2026,Chilaw,4299.157924
12/7/2026,Chilaw,4261.485869
12/8/2026,Chilaw,4252.100654
12/9/2026,Chilaw,4228.525078
12/10/2026,Chilaw,4132.968299
12/11/2026,Chilaw,4044.697895
12/12/2026,Chilaw,4066.973556
12/13/2026,Chilaw,4093.221648
12/14/2026,Chilaw,4063.626924
12/15/2026,Chilaw,4031.736592
12/16/2026,Chilaw,4026.344019
12/17/2026,Chilaw,4084.96699
12/18/2026,Chilaw,4080.731066
12/19/2026,Chilaw,4085.151921
12/20/2026,Chilaw,4086.464671
12/21/2026,Chilaw,4115.27308
12/22/2026,Chilaw,4210.150288
12/23/2026,Chilaw,4234.322583
12/24/2026,Chilaw,4255.485999
12/25/2026,Chilaw,4240.225246
12/26/2026,Chilaw,4190.523493
12/27/2026,Chilaw,4129.139
12/28/2026,Chilaw,4061.239791
12/29/2026,Chilaw,4004.620624
12/30/2026,Chilaw,3919.999211
12/31/2026,Chilaw,3897.905581
1/1/2027,Chilaw,3941.32905
1/2/2027,Chilaw,3902.751897
1/3/2027,Chilaw,3910.465627
1/4/2027,Chilaw,3948.197557
1/5/2027,Chilaw,3985.79189
1/6/2027,Chilaw,4054.16269
1/7/2027,Chilaw,4106.838472
1/8/2027,Chilaw,4232.027173
1/9/2027,Chilaw,4303.173869
1/10/2027,Chilaw,4380.442788
1/11/2027,Chilaw,4464.439601
1/12/2027,Chilaw,4469.422856
1/13/2027,Chilaw,4449.072503
1/14/2027,Chilaw,4426.900135
1/15/2027,Chilaw,4375.817912
1/16/2027,Chilaw,4371.686655
1/17/2027,Chilaw,4342.923373
1/18/2027,Chilaw,4356.209657
1/19/2027,Chilaw,4412.115115
1/20/2027,Chilaw,4341.611233
1/21/2027,Chilaw,4495.121432
1/22/2027,Chilaw,4487.947446
1/23/2027,Chilaw,4563.093188
1/24/2027,Chilaw,4625.168333
1/25/2027,Chilaw,4637.673156
1/26/2027,Chilaw,4710.397101
1/27/2027,Chilaw,4789.728061
1/28/2027,Chilaw,4823.112677
1/29/2027,Chilaw,4748.629028
1/30/2027,Chilaw,4591.298835
1/31/2027,Chilaw,4455.12511
2/1/2027,Chilaw,4288.283665
2/2/2027,Chilaw,4178.692085
2/3/2027,Chilaw,4126.259
2/4/2027,Chilaw,4011.663295
2/5/2027,Chilaw,3962.747393
2/6/2027,Chilaw,3921.896441
2/7/2027,Chilaw,3961.382054
2/8/2027,Chilaw,3917.667806
2/9/2027,Chilaw,3911.962191
2/10/2027,Chilaw,4100.805035
2/11/2027,Chilaw,4143.062655
2/12/2027,Chilaw,4300.419658
2/13/2027,Chilaw,4378.398173
2/14/2027,Chilaw,4432.906941
2/15/2027,Chilaw,4505.24481
2/16/2027,Chilaw,4570.490483
2/17/2027,Chilaw,4561.407491
2/18/2027,Chilaw,4496.960254
2/19/2027,Chilaw,4428.591716
2/20/2027,Chilaw,4455.715146
2/21/2027,Chilaw,4426.800928
2/22/2027,Chilaw,4432.628255
2/23/2027,Chilaw,4300.212933
2/24/2027,Chilaw,4178.26274
2/25/2027,Chilaw,4178.182437
2/26/2027,Chilaw,4121.783416
2/27/2027,Chilaw,4043.329393
2/28/2027,Chilaw,3920.74207
3/1/2027,Chilaw,3947.945161
3/2/2027,Chilaw,4064.280939
3/3/2027,Chilaw,4176.047261
3/4/2027,Chilaw,4345.330558
3/5/2027,Chilaw,4447.798473
3/6/2027,Chilaw,4625.625142
3/7/2027,Chilaw,4724.177244
3/8/2027,Chilaw,4822.431922
3/9/2027,Chilaw,4842.398739
3/10/2027,Chilaw,4802.357814
3/11/2027,Chilaw,4806.854457
3/12/2027,Chilaw,4770.353294
3/13/2027,Chilaw,4689.937718
3/14/2027,Chilaw,4642.506973
3/15/2027,Chilaw,4570.940855
3/16/2027,Chilaw,4597.844423
3/17/2027,Chilaw,4605.90525
3/18/2027,Chilaw,4540.804623
3/19/2027,Chilaw,4441.583999
3/20/2027,Chilaw,4438.88506
3/21/2027,Chilaw,4572.76339
3/22/2027,Chilaw,4691.88171
3/23/2027,Chilaw,4765.174891
3/24/2027,Chilaw,4894.41066
3/25/2027,Chilaw,4985.229943
3/26/2027,Chilaw,5099.490332
3/27/2027,Chilaw,5074.807231
3/28/2027,Chilaw,5053.653362
3/29/2027,Chilaw,5024.74236
3/30/2027,Chilaw,5036.505419
3/31/2027,Chilaw,5108.131867
4/1/2027,Chilaw,5132.40066
4/2/2027,Chilaw,5190.66999
4/3/2027,Chilaw,5266.916606
4/4/2027,Chilaw,5270.68481
4/5/2027,Chilaw,5277.927071
4/6/2027,Chilaw,5248.830996
4/7/2027,Chilaw,5215.2715
4/8/2027,Chilaw,5179.779741
4/9/2027,Chilaw,5257.074573
4/10/2027,Chilaw,5269.875875
4/11/2027,Chilaw,5217.959729
4/12/2027,Chilaw,5166.961062
4/13/2027,Chilaw,5144.235022
4/14/2027,Chilaw,5135.169305
4/15/2027,Chilaw,5074.86861
4/16/2027,Chilaw,4922.899038
4/17/2027,Chilaw,4851.046982
4/18/2027,Chilaw,4811.130001
4/19/2027,Chilaw,4887.277321
4/20/2027,Chilaw,4884.594736
4/21/2027,Chilaw,4800.921747
4/22/2027,Chilaw,4798.406051
4/23/2027,Chilaw,4832.159321
4/24/2027,Chilaw,4815.179443
4/25/2027,Chilaw,4859.276267
4/26/2027,Chilaw,4954.822254
4/27/2027,Chilaw,5087.907573
4/28/2027,Chilaw,5213.339942
4/29/2027,Chilaw,5326.177859
4/30/2027,Chilaw,5359.427838
5/1/2027,Chilaw,5346.265898
5/2/2027,Chilaw,5327.551462
5/3/2027,Chilaw,5253.936035
5/4/2027,Chilaw,5193.44157
5/5/2027,Chilaw,5082.079071
5/6/2027,Chilaw,5037.764002
5/7/2027,Chilaw,5036.866038
5/8/2027,Chilaw,4996.059934
5/9/2027,Chilaw,5032.319683
5/10/2027,Chilaw,4922.511559
5/11/2027,Chilaw,4822.904388
5/12/2027,Chilaw,4871.593334
5/13/2027,Chilaw,4870.326653
5/14/2027,Chilaw,4852.490174
5/15/2027,Chilaw,4883.441273
5/16/2027,Chilaw,4911.905556
5/17/2027,Chilaw,4946.465883
5/18/2027,Chilaw,4902.936893
5/19/2027,Chilaw,4906.420075
5/20/2027,Chilaw,4874.994919
5/21/2027,Chilaw,4834.189752
5/22/2027,Chilaw,4788.968189
5/23/2027,Chilaw,4691.957187
5/24/2027,Chilaw,4661.00785
5/25/2027,Chilaw,4646.641442
5/26/2027,Chilaw,4701.592832
5/27/2027,Chilaw,4641.56243
5/28/2027,Chilaw,4595.407272
5/29/2027,Chilaw,4611.834892
5/30/2027,Chilaw,4553.888625
5/31/2027,Chilaw,4536.875915
6/1/2027,Chilaw,4502.275858
6/2/2027,Chilaw,4468.949667
6/3/2027,Chilaw,4466.340051
6/4/2027,Chilaw,4510.912732
6/5/2027,Chilaw,4539.383119
6/6/2027,Chilaw,4635.48323
6/7/2027,Chilaw,4664.255438
6/8/2027,Chilaw,4720.173688
6/9/2027,Chilaw,4773.819321
6/10/2027,Chilaw,4811.042678
6/11/2027,Chilaw,4829.734515
6/12/2027,Chilaw,4817.473295
6/13/2027,Chilaw,4801.276807
6/14/2027,Chilaw,4756.609792
6/15/2027,Chilaw,4709.926341
6/16/2027,Chilaw,4613.091079
6/17/2027,Chilaw,4617.206931
6/18/2027,Chilaw,4601.960595
6/19/2027,Chilaw,4592.449779
6/20/2027,Chilaw,4567.748168
6/21/2027,Chilaw,4467.445273
6/22/2027,Chilaw,4473.656417
6/23/2027,Chilaw,4488.855076
6/24/2027,Chilaw,4605.802213
6/25/2027,Chilaw,4624.483915
6/26/2027,Chilaw,4677.382405
6/27/2027,Chilaw,4676.585656
6/28/2027,Chilaw,4726.053382
6/29/2027,Chilaw,4778.810346
6/30/2027,Chilaw,4797.598093
7/1/2027,Chilaw,4821.068164
7/2/2027,Chilaw,4849.466726
7/3/2027,Chilaw,4908.488509
7/4/2027,Chilaw,4899.959746
7/5/2027,Chilaw,4938.672216
7/6/2027,Chilaw,5011.824725
7/7/2027,Chilaw,5021.777694
7/8/2027,Chilaw,4932.954945
7/9/2027,Chilaw,4918.676855
7/10/2027,Chilaw,4807.249877
7/11/2027,Chilaw,4674.706877
7/12/2027,Chilaw,4619.626535
7/13/2027,Chilaw,4555.305121
7/14/2027,Chilaw,4484.197359
7/15/2027,Chilaw,4350.37794
7/16/2027,Chilaw,4308.977356
7/17/2027,Chilaw,4223.641549
7/18/2027,Chilaw,4182.264876
7/19/2027,Chilaw,4088.562433
7/20/2027,Chilaw,4033.257151
7/21/2027,Chilaw,4008.627359
7/22/2027,Chilaw,4118.51412
7/23/2027,Chilaw,4136.137254
7/24/2027,Chilaw,4153.737486
7/25/2027,Chilaw,4172.377785
7/26/2027,Chilaw,4146.207099
7/27/2027,Chilaw,4082.945006
7/28/2027,Chilaw,4048.787876
7/29/2027,Chilaw,4091.893059
7/30/2027,Chilaw,4051.605581
7/31/2027,Chilaw,3975.655672
8/1/2027,Chilaw,3958.594595
8/2/2027,Chilaw,3939.671907
8/3/2027,Chilaw,3960.438796
8/4/2027,Chilaw,3983.821299
8/5/2027,Chilaw,4015.054896
8/6/2027,Chilaw,4041.646498
8/7/2027,Chilaw,4054.321301
8/8/2027,Chilaw,4005.472786
8/9/2027,Chilaw,3976.615896
8/10/2027,Chilaw,3977.45617
8/11/2027,Chilaw,4133.389721
8/12/2027,Chilaw,4120.545439
8/13/2027,Chilaw,4178.702477
8/14/2027,Chilaw,4168.238641
8/15/2027,Chilaw,4198.910306
8/16/2027,Chilaw,4208.111063
8/17/2027,Chilaw,4159.232325
8/18/2027,Chilaw,4131.675733
8/19/2027,Chilaw,4117.847023
8/20/2027,Chilaw,4025.517359
8/21/2027,Chilaw,3995.150764
8/22/2027,Chilaw,3986.692913
8/23/2027,Chilaw,3953.606236
8/24/2027,Chilaw,3887.811431
8/25/2027,Chilaw,3856.752352
8/26/2027,Chilaw,3885.318086
8/27/2027,Chilaw,3855.088137
8/28/2027,Chilaw,3872.51367
8/29/2027,Chilaw,3932.273571
8/30/2027,Chilaw,4067.011667
8/31/2027,Chilaw,4212.583328
9/1/2027,Chilaw,4218.370616
9/2/2027,Chilaw,4182.662954
9/3/2027,Chilaw,4148.554765
9/4/2027,Chilaw,4095.521787
9/5/2027,Chilaw,4051.446913
9/6/2027,Chilaw,4005.047583
9/7/2027,Chilaw,3995.462988
9/8/2027,Chilaw,4029.11582
9/9/2027,Chilaw,3975.708925
9/10/2027,Chilaw,3926.38066
9/11/2027,Chilaw,3909.45784
9/12/2027,Chilaw,3892.286398
9/13/2027,Chilaw,3867.414441
9/14/2027,Chilaw,3896.000464
9/15/2027,Chilaw,3955.06109
9/16/2027,Chilaw,3957.286204
9/17/2027,Chilaw,4001.817406
9/18/2027,Chilaw,4071.172107
9/19/2027,Chilaw,4148.148556
9/20/2027,Chilaw,4090.531497
9/21/2027,Chilaw,3971.663717
9/22/2027,Chilaw,3861.557972
9/23/2027,Chilaw,3774.956588
9/24/2027,Chilaw,3661.762335
9/25/2027,Chilaw,3651.340357
9/26/2027,Chilaw,3636.321969
9/27/2027,Chilaw,3631.886992
9/28/2027,Chilaw,3680.640695
9/29/2027,Chilaw,3671.543254
9/30/2027,Chilaw,3621.084181
10/1/2027,Chilaw,3628.118547
10/2/2027,Chilaw,3671.290964
10/3/2027,Chilaw,3677.845405
10/4/2027,Chilaw,3774.311555
10/5/2027,Chilaw,3839.554327
10/6/2027,Chilaw,3853.423511
10/7/2027,Chilaw,3898.189151
10/8/2027,Chilaw,3951.210945
10/9/2027,Chilaw,3981.879085
10/10/2027,Chilaw,3863.695949
10/11/2027,Chilaw,3779.297367
10/12/2027,Chilaw,3755.815649
10/13/2027,Chilaw,3728.108763
10/14/2027,Chilaw,3728.57209
10/15/2027,Chilaw,3826.629752
10/16/2027,Chilaw,3875.922211
10/17/2027,Chilaw,3911.717052
10/18/2027,Chilaw,3935.690748
10/19/2027,Chilaw,3890.047937
10/20/2027,Chilaw,3828.456596
10/21/2027,Chilaw,3859.792773
10/22/2027,Chilaw,3915.098963
10/23/2027,Chilaw,3922.291045
10/24/2027,Chilaw,4003.519241
10/25/2027,Chilaw,3986.295329
10/26/2027,Chilaw,3907.982599
10/27/2027,Chilaw,3867.930507
10/28/2027,Chilaw,3759.798263
10/29/2027,Chilaw,3670.290558
10/30/2027,Chilaw,3576.431842
10/31/2027,Chilaw,3574.445662
11/1/2027,Chilaw,3597.526421
11/2/2027,Chilaw,3597.582354
11/3/2027,Chilaw,3602.505016
11/4/2027,Chilaw,3601.401426
11/5/2027,Chilaw,3600.832707
11/6/2027,Chilaw,3618.204624
11/7/2027,Chilaw,3660.709215
11/8/2027,Chilaw,3714.054601
11/9/2027,Chilaw,3762.141278
11/10/2027,Chilaw,3807.546316
11/11/2027,Chilaw,3803.575197
11/12/2027,Chilaw,3834.328133
11/13/2027,Chilaw,3866.920059
11/14/2027,Chilaw,3821.581992
11/15/2027,Chilaw,3753.486115
11/16/2027,Chilaw,3733.783175
11/17/2027,Chilaw,3653.889743
11/18/2027,Chilaw,3664.870997
11/19/2027,Chilaw,3664.667751
11/20/2027,Chilaw,3625.901252
11/21/2027,Chilaw,3585.57812
11/22/2027,Chilaw,3604.526075
11/23/2027,Chilaw,3574.09788
11/24/2027,Chilaw,3526.789407
11/25/2027,Chilaw,3519.729851
11/26/2027,Chilaw,3560.172662
11/27/2027,Chilaw,3598.613695
11/28/2027,Chilaw,3626.242435
11/29/2027,Chilaw,3625.215201
11/30/2027,Chilaw,3730.036957
12/1/2027,Chilaw,3811.784823
12/2/2027,Chilaw,3855.986686
12/3/2027,Chilaw,3959.608589
12/4/2027,Chilaw,4019.039523
12/5/2027,Chilaw,4040.14316
12/6/2027,Chilaw,4058.536546
12/7/2027,Chilaw,4036.179082
12/8/2027,Chilaw,4054.420361
12/9/2027,Chilaw,4034.965613
12/10/2027,Chilaw,4067.285363
12/11/2027,Chilaw,4128.486203
12/12/2027,Chilaw,4224.969948
12/13/2027,Chilaw,4223.797764
12/14/2027,Chilaw,4176.684582
12/15/2027,Chilaw,4089.086735
12/16/2027,Chilaw,4145.335057
12/17/2027,Chilaw,4155.652119
12/18/2027,Chilaw,4206.321162
12/19/2027,Chilaw,4276.310244
12/20/2027,Chilaw,4350.136165
12/21/2027,Chilaw,4466.763172
12/22/2027,Chilaw,4497.143042
12/23/2027,Chilaw,4520.676432
12/24/2027,Chilaw,4537.363342
12/25/2027,Chilaw,4547.203773
12/26/2027,Chilaw,4550.197724
12/27/2027,Chilaw,4546.345195
12/28/2027,Chilaw,4535.646187
12/29/2027,Chilaw,4518.100699
12/30/2027,Chilaw,4493.708731
12/31/2027,Chilaw,4462.470284
1/1/2025,Padawiya,4107.702066
1/2/2025,Padawiya,4040.081204
1/3/2025,Padawiya,3977.261196
1/4/2025,Padawiya,3919.242041
1/5/2025,Padawiya,3866.02374
1/6/2025,Padawiya,3817.606292
1/7/2025,Padawiya,3773.989698
1/8/2025,Padawiya,3735.173958
1/9/2025,Padawiya,3701.159071
1/10/2025,Padawiya,3671.945038
1/11/2025,Padawiya,3647.531858
1/12/2025,Padawiya,3651.901544
1/13/2025,Padawiya,3657.242489
1/14/2025,Padawiya,3655.902911
1/15/2025,Padawiya,3622.38855
1/16/2025,Padawiya,3594.794852
1/17/2025,Padawiya,3511.363106
1/18/2025,Padawiya,3448.993067
1/19/2025,Padawiya,3396.377942
1/20/2025,Padawiya,3440.19363
1/21/2025,Padawiya,3472.948899
1/22/2025,Padawiya,3468.355262
1/23/2025,Padawiya,3505.864959
1/24/2025,Padawiya,3540.78186
1/25/2025,Padawiya,3461.820876
1/26/2025,Padawiya,3488.634086
1/27/2025,Padawiya,3550.176934
1/28/2025,Padawiya,3601.354843
1/29/2025,Padawiya,3626.839115
1/30/2025,Padawiya,3650.907244
1/31/2025,Padawiya,3648.649149
2/1/2025,Padawiya,3575.032845
2/2/2025,Padawiya,3534.154547
2/3/2025,Padawiya,3442.777199
2/4/2025,Padawiya,3297.541099
2/5/2025,Padawiya,3287.689885
2/6/2025,Padawiya,3221.134375
2/7/2025,Padawiya,3147.693214
2/8/2025,Padawiya,3115.859815
2/9/2025,Padawiya,3104.729614
2/10/2025,Padawiya,3088.143753
2/11/2025,Padawiya,3131.433438
2/12/2025,Padawiya,3217.424544
2/13/2025,Padawiya,3315.22177
2/14/2025,Padawiya,3426.770121
2/15/2025,Padawiya,3696.358248
2/16/2025,Padawiya,3874.470538
2/17/2025,Padawiya,4037.863782
2/18/2025,Padawiya,4123.610273
2/19/2025,Padawiya,4162.653851
2/20/2025,Padawiya,4158.353468
2/21/2025,Padawiya,4183.493896
2/22/2025,Padawiya,4228.286404
2/23/2025,Padawiya,4201.234766
2/24/2025,Padawiya,4247.907301
2/25/2025,Padawiya,4315.564576
2/26/2025,Padawiya,4269.504783
2/27/2025,Padawiya,4222.631408
2/28/2025,Padawiya,4185.183371
3/1/2025,Padawiya,4184.291513
3/2/2025,Padawiya,4313.569109
3/3/2025,Padawiya,4366.9992
3/4/2025,Padawiya,4399.531254
3/5/2025,Padawiya,4449.087237
3/6/2025,Padawiya,4442.895141
3/7/2025,Padawiya,4476.54658
3/8/2025,Padawiya,4444.782187
3/9/2025,Padawiya,4397.362597
3/10/2025,Padawiya,4301.062594
3/11/2025,Padawiya,4226.528491
3/12/2025,Padawiya,4148.554763
3/13/2025,Padawiya,4082.743109
3/14/2025,Padawiya,4044.786893
3/15/2025,Padawiya,4028.011009
3/16/2025,Padawiya,4005.526333
3/17/2025,Padawiya,3933.685289
3/18/2025,Padawiya,3881.453119
3/19/2025,Padawiya,3821.675391
3/20/2025,Padawiya,3804.055758
3/21/2025,Padawiya,3826.491407
3/22/2025,Padawiya,3837.199119
3/23/2025,Padawiya,3777.959756
3/24/2025,Padawiya,3782.534777
3/25/2025,Padawiya,3730.417183
3/26/2025,Padawiya,3676.477887
3/27/2025,Padawiya,3721.112583
3/28/2025,Padawiya,3788.499595
3/29/2025,Padawiya,3813.821307
3/30/2025,Padawiya,3804.422348
3/31/2025,Padawiya,3795.574856
4/1/2025,Padawiya,3793.199194
4/2/2025,Padawiya,3802.385139
4/3/2025,Padawiya,3871.707726
4/4/2025,Padawiya,3793.93049
4/5/2025,Padawiya,3645.072475
4/6/2025,Padawiya,3680.87404
4/7/2025,Padawiya,3670.906912
4/8/2025,Padawiya,3632.512383
4/9/2025,Padawiya,3577.796916
4/10/2025,Padawiya,3511.691579
4/11/2025,Padawiya,3477.994116
4/12/2025,Padawiya,3515.173831
4/13/2025,Padawiya,3499.698295
4/14/2025,Padawiya,3524.47571
4/15/2025,Padawiya,3644.237731
4/16/2025,Padawiya,3809.066672
4/17/2025,Padawiya,3867.850137
4/18/2025,Padawiya,3941.820323
4/19/2025,Padawiya,3973.721716
4/20/2025,Padawiya,3971.250138
4/21/2025,Padawiya,3953.708968
4/22/2025,Padawiya,3980.364663
4/23/2025,Padawiya,4031.659362
4/24/2025,Padawiya,3993.172774
4/25/2025,Padawiya,4101.299615
4/26/2025,Padawiya,4202.73265
4/27/2025,Padawiya,4129.154544
4/28/2025,Padawiya,4082.454647
4/29/2025,Padawiya,4020.959997
4/30/2025,Padawiya,4050.125695
5/1/2025,Padawiya,4124.335349
5/2/2025,Padawiya,4187.21034
5/3/2025,Padawiya,4208.709185
5/4/2025,Padawiya,4259.587693
5/5/2025,Padawiya,4282.824013
5/6/2025,Padawiya,4257.739339
5/7/2025,Padawiya,4235.255594
5/8/2025,Padawiya,4210.685542
5/9/2025,Padawiya,4116.558999
5/10/2025,Padawiya,3972.505674
5/11/2025,Padawiya,3905.603482
5/12/2025,Padawiya,3889.523719
5/13/2025,Padawiya,3862.974494
5/14/2025,Padawiya,3796.251588
5/15/2025,Padawiya,3713.385698
5/16/2025,Padawiya,3584.910424
5/17/2025,Padawiya,3506.98955
5/18/2025,Padawiya,3450.603519
5/19/2025,Padawiya,3435.873814
5/20/2025,Padawiya,3499.392738
5/21/2025,Padawiya,3567.434541
5/22/2025,Padawiya,3633.123791
5/23/2025,Padawiya,3675.904366
5/24/2025,Padawiya,3729.578495
5/25/2025,Padawiya,3758.326127
5/26/2025,Padawiya,3754.17348
5/27/2025,Padawiya,3829.999184
5/28/2025,Padawiya,3852.987568
5/29/2025,Padawiya,3829.381097
5/30/2025,Padawiya,3782.386741
5/31/2025,Padawiya,3753.061385
6/1/2025,Padawiya,3660.138062
6/2/2025,Padawiya,3562.775512
6/3/2025,Padawiya,3388.409441
6/4/2025,Padawiya,3272.265768
6/5/2025,Padawiya,3260.597516
6/6/2025,Padawiya,3183.314196
6/7/2025,Padawiya,3085.161702
6/8/2025,Padawiya,3016.548346
6/9/2025,Padawiya,2989.075174
6/10/2025,Padawiya,2981.790833
6/11/2025,Padawiya,3071.925553
6/12/2025,Padawiya,3130.359886
6/13/2025,Padawiya,3192.959528
6/14/2025,Padawiya,3266.447132
6/15/2025,Padawiya,3433.983093
6/16/2025,Padawiya,3628.092421
6/17/2025,Padawiya,3712.690429
6/18/2025,Padawiya,3745.518665
6/19/2025,Padawiya,3758.225074
6/20/2025,Padawiya,3707.160431
6/21/2025,Padawiya,3696.457683
6/22/2025,Padawiya,3697.881819
6/23/2025,Padawiya,3707.464027
6/24/2025,Padawiya,3766.07448
6/25/2025,Padawiya,3749.288164
6/26/2025,Padawiya,3670.694746
6/27/2025,Padawiya,3603.607427
6/28/2025,Padawiya,3496.124881
6/29/2025,Padawiya,3470.865466
6/30/2025,Padawiya,3520.961545
7/1/2025,Padawiya,3526.999398
7/2/2025,Padawiya,3425.359138
7/3/2025,Padawiya,3371.836668
7/4/2025,Padawiya,3395.243285
7/5/2025,Padawiya,3414.578844
7/6/2025,Padawiya,3372.729667
7/7/2025,Padawiya,3302.579292
7/8/2025,Padawiya,3269.084896
7/9/2025,Padawiya,3200.485162
7/10/2025,Padawiya,3181.012511
7/11/2025,Padawiya,3206.145191
7/12/2025,Padawiya,3239.207952
7/13/2025,Padawiya,3273.817505
7/14/2025,Padawiya,3238.149618
7/15/2025,Padawiya,3204.265178
7/16/2025,Padawiya,3227.060734
7/17/2025,Padawiya,3181.026266
7/18/2025,Padawiya,3154.994924
7/19/2025,Padawiya,3219.993812
7/20/2025,Padawiya,3246.647173
7/21/2025,Padawiya,3190.285612
7/22/2025,Padawiya,3105.619559
7/23/2025,Padawiya,3071.422104
7/24/2025,Padawiya,3050.41544
7/25/2025,Padawiya,3033.890181
7/26/2025,Padawiya,3052.818961
7/27/2025,Padawiya,3082.207722
7/28/2025,Padawiya,3038.158204
7/29/2025,Padawiya,3036.304455
7/30/2025,Padawiya,3055.173463
7/31/2025,Padawiya,3039.010073
8/1/2025,Padawiya,3079.350608
8/2/2025,Padawiya,3048.735638
8/3/2025,Padawiya,2996.267968
8/4/2025,Padawiya,3049.690895
8/5/2025,Padawiya,3030.914496
8/6/2025,Padawiya,2966.155916
8/7/2025,Padawiya,2944.867844
8/8/2025,Padawiya,2914.776304
8/9/2025,Padawiya,2871.675243
8/10/2025,Padawiya,2857.217583
8/11/2025,Padawiya,2845.199187
8/12/2025,Padawiya,2900.646086
8/13/2025,Padawiya,3016.420949
8/14/2025,Padawiya,3126.592459
8/15/2025,Padawiya,3193.380093
8/16/2025,Padawiya,3242.740775
8/17/2025,Padawiya,3249.48533
8/18/2025,Padawiya,3290.503563
8/19/2025,Padawiya,3325.870413
8/20/2025,Padawiya,3412.219298
8/21/2025,Padawiya,3463.010431
8/22/2025,Padawiya,3452.559675
8/23/2025,Padawiya,3487.214707
8/24/2025,Padawiya,3463.975328
8/25/2025,Padawiya,3356.634163
8/26/2025,Padawiya,3255.302208
8/27/2025,Padawiya,3183.656792
8/28/2025,Padawiya,3155.82233
8/29/2025,Padawiya,3207.074742
8/30/2025,Padawiya,3235.139149
8/31/2025,Padawiya,3261.920212
9/1/2025,Padawiya,3299.928121
9/2/2025,Padawiya,3322.078928
9/3/2025,Padawiya,3295.023406
9/4/2025,Padawiya,3250.967373
9/5/2025,Padawiya,3252.619986
9/6/2025,Padawiya,3210.064172
9/7/2025,Padawiya,3152.295081
9/8/2025,Padawiya,3148.133901
9/9/2025,Padawiya,3141.764424
9/10/2025,Padawiya,3118.468103
9/11/2025,Padawiya,3099.58255
9/12/2025,Padawiya,3074.588786
9/13/2025,Padawiya,3003.223517
9/14/2025,Padawiya,2933.485421
9/15/2025,Padawiya,2840.60968
9/16/2025,Padawiya,2867.242093
9/17/2025,Padawiya,2912.566081
9/18/2025,Padawiya,2950.90247
9/19/2025,Padawiya,2924.603156
9/20/2025,Padawiya,2884.98894
9/21/2025,Padawiya,2857.205975
9/22/2025,Padawiya,2819.180332
9/23/2025,Padawiya,2824.666153
9/24/2025,Padawiya,2864.902628
9/25/2025,Padawiya,2915.616097
9/26/2025,Padawiya,2876.329092
9/27/2025,Padawiya,2888.454321
9/28/2025,Padawiya,2901.231398
9/29/2025,Padawiya,2892.776619
9/30/2025,Padawiya,2900.601351
10/1/2025,Padawiya,2879.188861
10/2/2025,Padawiya,2787.45488
10/3/2025,Padawiya,2790.207248
10/4/2025,Padawiya,2729.56813
10/5/2025,Padawiya,2691.603639
10/6/2025,Padawiya,2696.102906
10/7/2025,Padawiya,2630.847811
10/8/2025,Padawiya,2605.479791
10/9/2025,Padawiya,2553.184921
10/10/2025,Padawiya,2565.694552
10/11/2025,Padawiya,2623.24913
10/12/2025,Padawiya,2731.691142
10/13/2025,Padawiya,2884.115464
10/14/2025,Padawiya,2976.813064
10/15/2025,Padawiya,3023.648803
10/16/2025,Padawiya,3060.797593
10/17/2025,Padawiya,3116.403955
10/18/2025,Padawiya,3121.968203
10/19/2025,Padawiya,3154.225387
10/20/2025,Padawiya,3208.51517
10/21/2025,Padawiya,3231.048183
10/22/2025,Padawiya,3230.919601
10/23/2025,Padawiya,3282.346978
10/24/2025,Padawiya,3196.976423
10/25/2025,Padawiya,3131.202016
10/26/2025,Padawiya,3062.772414
10/27/2025,Padawiya,3038.805712
10/28/2025,Padawiya,3105.106911
10/29/2025,Padawiya,3102.399596
10/30/2025,Padawiya,3173.748498
10/31/2025,Padawiya,3223.775142
11/1/2025,Padawiya,3257.078183
11/2/2025,Padawiya,3263.798045
11/3/2025,Padawiya,3229.126056
11/4/2025,Padawiya,3188.976444
11/5/2025,Padawiya,3200.402376
11/6/2025,Padawiya,3179.647771
11/7/2025,Padawiya,3172.33005
11/8/2025,Padawiya,3173.071554
11/9/2025,Padawiya,3184.870929
11/10/2025,Padawiya,3175.310686
11/11/2025,Padawiya,3079.817293
11/12/2025,Padawiya,3020.075984
11/13/2025,Padawiya,2989.30062
11/14/2025,Padawiya,2957.139597
11/15/2025,Padawiya,2956.515534
11/16/2025,Padawiya,3026.923956
11/17/2025,Padawiya,3112.665089
11/18/2025,Padawiya,3146.588858
11/19/2025,Padawiya,3209.67241
11/20/2025,Padawiya,3231.722048
11/21/2025,Padawiya,3258.727347
11/22/2025,Padawiya,3278.589928
11/23/2025,Padawiya,3312.005594
11/24/2025,Padawiya,3314.214325
11/25/2025,Padawiya,3290.530555
11/26/2025,Padawiya,3226.700689
11/27/2025,Padawiya,3175.386086
11/28/2025,Padawiya,3121.006555
11/29/2025,Padawiya,3037.490177
11/30/2025,Padawiya,2922.857579
12/1/2025,Padawiya,2805.104224
12/2/2025,Padawiya,2835.658092
12/3/2025,Padawiya,2819.965464
12/4/2025,Padawiya,2746.88878
12/5/2025,Padawiya,2723.682917
12/6/2025,Padawiya,2711.788902
12/7/2025,Padawiya,2765.671562
12/8/2025,Padawiya,2846.187537
12/9/2025,Padawiya,2907.578193
12/10/2025,Padawiya,3007.240988
12/11/2025,Padawiya,3102.695191
12/12/2025,Padawiya,3199.129094
12/13/2025,Padawiya,3291.175348
12/14/2025,Padawiya,3290.795354
12/15/2025,Padawiya,3258.383177
12/16/2025,Padawiya,3248.234372
12/17/2025,Padawiya,3229.231488
12/18/2025,Padawiya,3270.085928
12/19/2025,Padawiya,3282.623903
12/20/2025,Padawiya,3334.675155
12/21/2025,Padawiya,3394.669163
12/22/2025,Padawiya,3381.029903
12/23/2025,Padawiya,3289.496148
12/24/2025,Padawiya,3232.625937
12/25/2025,Padawiya,3207.455432
12/26/2025,Padawiya,3193.769145
12/27/2025,Padawiya,3298.786964
12/28/2025,Padawiya,3315.619421
12/29/2025,Padawiya,3324.662634
12/30/2025,Padawiya,3385.249444
12/31/2025,Padawiya,3397.049667
1/1/2026,Padawiya,3442.592758
1/2/2026,Padawiya,3429.337791
1/3/2026,Padawiya,3418.189573
1/4/2026,Padawiya,3399.7423
1/5/2026,Padawiya,3407.924459
1/6/2026,Padawiya,3416.889116
1/7/2026,Padawiya,3473.506043
1/8/2026,Padawiya,3497.866908
1/9/2026,Padawiya,3497.189121
1/10/2026,Padawiya,3452.935929
1/11/2026,Padawiya,3355.167394
1/12/2026,Padawiya,3305.284161
1/13/2026,Padawiya,3287.425545
1/14/2026,Padawiya,3295.586485
1/15/2026,Padawiya,3332.490362
1/16/2026,Padawiya,3395.156078
1/17/2026,Padawiya,3377.286273
1/18/2026,Padawiya,3388.575728
1/19/2026,Padawiya,3356.685593
1/20/2026,Padawiya,3319.650313
1/21/2026,Padawiya,3299.050033
1/22/2026,Padawiya,3306.208274
1/23/2026,Padawiya,3371.230259
1/24/2026,Padawiya,3341.786298
1/25/2026,Padawiya,3321.804942
1/26/2026,Padawiya,3307.827411
1/27/2026,Padawiya,3264.134381
1/28/2026,Padawiya,3190.209563
1/29/2026,Padawiya,3091.986783
1/30/2026,Padawiya,2970.460054
1/31/2026,Padawiya,2992.914921
2/1/2026,Padawiya,3013.353217
2/2/2026,Padawiya,3038.582555
2/3/2026,Padawiya,3078.715678
2/4/2026,Padawiya,3112.22402
2/5/2026,Padawiya,3101.493382
2/6/2026,Padawiya,3116.814226
2/7/2026,Padawiya,3117.647709
2/8/2026,Padawiya,3140.112987
2/9/2026,Padawiya,3240.939569
2/10/2026,Padawiya,3425.693294
2/11/2026,Padawiya,3594.67544
2/12/2026,Padawiya,3744.152036
2/13/2026,Padawiya,3800.728638
2/14/2026,Padawiya,3901.979265
2/15/2026,Padawiya,3977.631529
2/16/2026,Padawiya,4016.205326
2/17/2026,Padawiya,4047.272811
2/18/2026,Padawiya,4081.95201
2/19/2026,Padawiya,4146.905943
2/20/2026,Padawiya,4255.022412
2/21/2026,Padawiya,4271.954916
2/22/2026,Padawiya,4269.546037
2/23/2026,Padawiya,4254.189799
2/24/2026,Padawiya,4225.863767
2/25/2026,Padawiya,4211.484053
2/26/2026,Padawiya,4207.663893
2/27/2026,Padawiya,4161.517172
2/28/2026,Padawiya,4170.447418
3/1/2026,Padawiya,4174.247113
3/2/2026,Padawiya,4163.982693
3/3/2026,Padawiya,4120.070197
3/4/2026,Padawiya,4079.840057
3/5/2026,Padawiya,4036.598286
3/6/2026,Padawiya,3965.281398
3/7/2026,Padawiya,3889.101564
3/8/2026,Padawiya,3809.848779
3/9/2026,Padawiya,3737.710612
3/10/2026,Padawiya,3680.86503
3/11/2026,Padawiya,3633.525656
3/12/2026,Padawiya,3609.599957
3/13/2026,Padawiya,3602.106101
3/14/2026,Padawiya,3521.811725
3/15/2026,Padawiya,3477.577724
3/16/2026,Padawiya,3510.046678
3/17/2026,Padawiya,3560.09364
3/18/2026,Padawiya,3578.380791
3/19/2026,Padawiya,3592.353742
3/20/2026,Padawiya,3643.13566
3/21/2026,Padawiya,3652.452409
3/22/2026,Padawiya,3667.733777
3/23/2026,Padawiya,3736.238068
3/24/2026,Padawiya,3789.606403
3/25/2026,Padawiya,3770.496862
3/26/2026,Padawiya,3724.294401
3/27/2026,Padawiya,3716.911934
3/28/2026,Padawiya,3657.969293
3/29/2026,Padawiya,3597.63436
3/30/2026,Padawiya,3514.402184
3/31/2026,Padawiya,3379.622743
4/1/2026,Padawiya,3393.134508
4/2/2026,Padawiya,3352.529973
4/3/2026,Padawiya,3250.643143
4/4/2026,Padawiya,3210.718941
4/5/2026,Padawiya,3202.308811
4/6/2026,Padawiya,3220.365574
4/7/2026,Padawiya,3242.59068
4/8/2026,Padawiya,3340.346027
4/9/2026,Padawiya,3467.087959
4/10/2026,Padawiya,3602.321159
4/11/2026,Padawiya,3792.142237
4/12/2026,Padawiya,3938.475991
4/13/2026,Padawiya,4013.937522
4/14/2026,Padawiya,4037.354389
4/15/2026,Padawiya,4061.679613
4/16/2026,Padawiya,4083.474632
4/17/2026,Padawiya,4110.256159
4/18/2026,Padawiya,4156.706148
4/19/2026,Padawiya,4152.254383
4/20/2026,Padawiya,4194.306175
4/21/2026,Padawiya,4261.289538
4/22/2026,Padawiya,4238.350919
4/23/2026,Padawiya,4188.402572
4/24/2026,Padawiya,4143.544197
4/25/2026,Padawiya,4187.044687
4/26/2026,Padawiya,4299.501297
4/27/2026,Padawiya,4282.942236
4/28/2026,Padawiya,4326.06079
4/29/2026,Padawiya,4328.395104
4/30/2026,Padawiya,4304.092558
5/1/2026,Padawiya,4293.55659
5/2/2026,Padawiya,4242.725473
5/3/2026,Padawiya,4130.898889
5/4/2026,Padawiya,4011.434954
5/5/2026,Padawiya,3891.50204
5/6/2026,Padawiya,3842.154573
5/7/2026,Padawiya,3812.83446
5/8/2026,Padawiya,3816.529064
5/9/2026,Padawiya,3778.066573
5/10/2026,Padawiya,3742.618942
5/11/2026,Padawiya,3695.024602
5/12/2026,Padawiya,3725.760465
5/13/2026,Padawiya,3738.061357
5/14/2026,Padawiya,3718.038092
5/15/2026,Padawiya,3789.327049
5/16/2026,Padawiya,3836.560789
5/17/2026,Padawiya,3846.92363
5/18/2026,Padawiya,3927.365925
5/19/2026,Padawiya,3900.434915
5/20/2026,Padawiya,3894.449314
5/21/2026,Padawiya,3914.100692
5/22/2026,Padawiya,3931.105557
5/23/2026,Padawiya,3873.072415
5/24/2026,Padawiya,3784.936837
5/25/2026,Padawiya,3739.639803
5/26/2026,Padawiya,3648.842371
5/27/2026,Padawiya,3550.5269
5/28/2026,Padawiya,3448.545009
5/29/2026,Padawiya,3312.115516
5/30/2026,Padawiya,3162.254356
5/31/2026,Padawiya,3172.147793
6/1/2026,Padawiya,3142.382761
6/2/2026,Padawiya,3078.81298
6/3/2026,Padawiya,3029.572368
6/4/2026,Padawiya,3052.713836
6/5/2026,Padawiya,3120.290094
6/6/2026,Padawiya,3214.605938
6/7/2026,Padawiya,3256.63156
6/8/2026,Padawiya,3309.544784
6/9/2026,Padawiya,3431.294242
6/10/2026,Padawiya,3586.527239
6/11/2026,Padawiya,3720.530413
6/12/2026,Padawiya,3778.001239
6/13/2026,Padawiya,3786.481347
6/14/2026,Padawiya,3777.107898
6/15/2026,Padawiya,3731.892297
6/16/2026,Padawiya,3724.159247
6/17/2026,Padawiya,3699.050423
6/18/2026,Padawiya,3691.468473
6/19/2026,Padawiya,3738.872033
6/20/2026,Padawiya,3735.393897
6/21/2026,Padawiya,3641.580691
6/22/2026,Padawiya,3593.713511
6/23/2026,Padawiya,3535.442042
6/24/2026,Padawiya,3482.243427
6/25/2026,Padawiya,3570.809959
6/26/2026,Padawiya,3547.911451
6/27/2026,Padawiya,3529.35128
6/28/2026,Padawiya,3582.348721
6/29/2026,Padawiya,3613.538905
6/30/2026,Padawiya,3648.841132
7/1/2026,Padawiya,3627.205407
7/2/2026,Padawiya,3574.252981
7/3/2026,Padawiya,3489.873966
7/4/2026,Padawiya,3407.162379
7/5/2026,Padawiya,3362.696732
7/6/2026,Padawiya,3379.654519
7/7/2026,Padawiya,3374.737712
7/8/2026,Padawiya,3409.234882
7/9/2026,Padawiya,3391.031864
7/10/2026,Padawiya,3283.403656
7/11/2026,Padawiya,3277.046797
7/12/2026,Padawiya,3271.047991
7/13/2026,Padawiya,3257.310496
7/14/2026,Padawiya,3290.40962
7/15/2026,Padawiya,3372.689192
7/16/2026,Padawiya,3322.904026
7/17/2026,Padawiya,3295.394511
7/18/2026,Padawiya,3264.732345
7/19/2026,Padawiya,3251.239044
7/20/2026,Padawiya,3243.205915
7/21/2026,Padawiya,3239.655561
7/22/2026,Padawiya,3222.201772
7/23/2026,Padawiya,3175.543083
7/24/2026,Padawiya,3168.274442
7/25/2026,Padawiya,3183.314528
7/26/2026,Padawiya,3192.735291
7/27/2026,Padawiya,3149.426989
7/28/2026,Padawiya,3087.816049
7/29/2026,Padawiya,2945.814896
7/30/2026,Padawiya,2963.807447
7/31/2026,Padawiya,2986.870891
8/1/2026,Padawiya,2950.676607
8/2/2026,Padawiya,2945.144164
8/3/2026,Padawiya,2910.20786
8/4/2026,Padawiya,2912.626721
8/5/2026,Padawiya,2917.729839
8/6/2026,Padawiya,2886.673057
8/7/2026,Padawiya,2925.824227
8/8/2026,Padawiya,3101.19674
8/9/2026,Padawiya,3274.562975
8/10/2026,Padawiya,3404.047345
8/11/2026,Padawiya,3460.577181
8/12/2026,Padawiya,3469.189425
8/13/2026,Padawiya,3459.906057
8/14/2026,Padawiya,3427.711182
8/15/2026,Padawiya,3373.059301
8/16/2026,Padawiya,3349.361976
8/17/2026,Padawiya,3309.300291
8/18/2026,Padawiya,3269.065747
8/19/2026,Padawiya,3283.064413
8/20/2026,Padawiya,3205.657039
8/21/2026,Padawiya,3139.531211
8/22/2026,Padawiya,3116.422006
8/23/2026,Padawiya,3107.329311
8/24/2026,Padawiya,3189.648174
8/25/2026,Padawiya,3203.778277
8/26/2026,Padawiya,3227.84103
8/27/2026,Padawiya,3301.408325
8/28/2026,Padawiya,3393.997113
8/29/2026,Padawiya,3423.700162
8/30/2026,Padawiya,3380.577622
8/31/2026,Padawiya,3313.855521
9/1/2026,Padawiya,3249.410455
9/2/2026,Padawiya,3198.226219
9/3/2026,Padawiya,3169.306478
9/4/2026,Padawiya,3140.098391
9/5/2026,Padawiya,3138.13321
9/6/2026,Padawiya,3102.397511
9/7/2026,Padawiya,3024.963324
9/8/2026,Padawiya,2996.482707
9/9/2026,Padawiya,2949.277871
9/10/2026,Padawiya,2907.530351
9/11/2026,Padawiya,2894.840643
9/12/2026,Padawiya,2945.277887
9/13/2026,Padawiya,2998.730977
9/14/2026,Padawiya,2976.668455
9/15/2026,Padawiya,2961.527588
9/16/2026,Padawiya,2910.496424
9/17/2026,Padawiya,2880.726822
9/18/2026,Padawiya,2873.89863
9/19/2026,Padawiya,2880.61405
9/20/2026,Padawiya,2906.156944
9/21/2026,Padawiya,2870.718703
9/22/2026,Padawiya,2850.391631
9/23/2026,Padawiya,2851.701196
9/24/2026,Padawiya,2837.239035
9/25/2026,Padawiya,2822.956782
9/26/2026,Padawiya,2764.433327
9/27/2026,Padawiya,2666.935361
9/28/2026,Padawiya,2720.578369
9/29/2026,Padawiya,2695.562803
9/30/2026,Padawiya,2692.032791
10/1/2026,Padawiya,2700.507089
10/2/2026,Padawiya,2747.913281
10/3/2026,Padawiya,2743.994926
10/4/2026,Padawiya,2729.636921
10/5/2026,Padawiya,2724.899392
10/6/2026,Padawiya,2747.897541
10/7/2026,Padawiya,2876.765309
10/8/2026,Padawiya,3014.845196
10/9/2026,Padawiya,3114.761168
10/10/2026,Padawiya,3144.947122
10/11/2026,Padawiya,3128.635052
10/12/2026,Padawiya,3147.043158
10/13/2026,Padawiya,3171.335746
10/14/2026,Padawiya,3194.207539
10/15/2026,Padawiya,3207.404464
10/16/2026,Padawiya,3185.67941
10/17/2026,Padawiya,3212.563864
10/18/2026,Padawiya,3260.48635
10/19/2026,Padawiya,3203.116986
10/20/2026,Padawiya,3117.484212
10/21/2026,Padawiya,3037.770137
10/22/2026,Padawiya,3028.034174
10/23/2026,Padawiya,3023.863522
10/24/2026,Padawiya,3009.733719
10/25/2026,Padawiya,3005.325066
10/26/2026,Padawiya,3032.364055
10/27/2026,Padawiya,3067.193431
10/28/2026,Padawiya,3082.623515
10/29/2026,Padawiya,3053.695287
10/30/2026,Padawiya,2979.108252
10/31/2026,Padawiya,2937.590184
11/1/2026,Padawiya,2892.163176
11/2/2026,Padawiya,2882.70981
11/3/2026,Padawiya,2897.376007
11/4/2026,Padawiya,2924.893493
11/5/2026,Padawiya,2925.186381
11/6/2026,Padawiya,2921.599674
11/7/2026,Padawiya,2870.7044
11/8/2026,Padawiya,2854.073296
11/9/2026,Padawiya,2784.892472
11/10/2026,Padawiya,2808.257124
11/11/2026,Padawiya,2917.461972
11/12/2026,Padawiya,3006.923316
11/13/2026,Padawiya,3037.676497
11/14/2026,Padawiya,3052.058626
11/15/2026,Padawiya,3044.266029
11/16/2026,Padawiya,3030.756532
11/17/2026,Padawiya,3011.424637
11/18/2026,Padawiya,3018.025886
11/19/2026,Padawiya,2986.333628
11/20/2026,Padawiya,2961.102503
11/21/2026,Padawiya,2944.391874
11/22/2026,Padawiya,2937.252377
11/23/2026,Padawiya,2912.004679
11/24/2026,Padawiya,2888.823003
11/25/2026,Padawiya,2805.914707
11/26/2026,Padawiya,2731.398019
11/27/2026,Padawiya,2780.818945
11/28/2026,Padawiya,2802.11968
11/29/2026,Padawiya,2785.099909
11/30/2026,Padawiya,2837.234097
12/1/2026,Padawiya,2837.2179
12/2/2026,Padawiya,2857.038078
12/3/2026,Padawiya,2885.142148
12/4/2026,Padawiya,2944.626313
12/5/2026,Padawiya,3044.691006
12/6/2026,Padawiya,3177.631946
12/7/2026,Padawiya,3323.516986
12/8/2026,Padawiya,3487.129978
12/9/2026,Padawiya,3569.099075
12/10/2026,Padawiya,3587.376681
12/11/2026,Padawiya,3571.533116
12/12/2026,Padawiya,3499.390199
12/13/2026,Padawiya,3513.505394
12/14/2026,Padawiya,3483.769132
12/15/2026,Padawiya,3449.031089
12/16/2026,Padawiya,3460.038343
12/17/2026,Padawiya,3478.293124
12/18/2026,Padawiya,3416.273208
12/19/2026,Padawiya,3308.785054
12/20/2026,Padawiya,3185.684613
12/21/2026,Padawiya,3146.397539
12/22/2026,Padawiya,3224.440633
12/23/2026,Padawiya,3234.60323
12/24/2026,Padawiya,3285.796297
12/25/2026,Padawiya,3364.238854
12/26/2026,Padawiya,3402.164292
12/27/2026,Padawiya,3465.946171
12/28/2026,Padawiya,3458.479747
12/29/2026,Padawiya,3405.825727
12/30/2026,Padawiya,3374.884264
12/31/2026,Padawiya,3305.749169
1/1/2027,Padawiya,3293.408488
1/2/2027,Padawiya,3344.030715
1/3/2027,Padawiya,3335.37318
1/4/2027,Padawiya,3335.095032
1/5/2027,Padawiya,3290.63056
1/6/2027,Padawiya,3256.444347
1/7/2027,Padawiya,3203.335418
1/8/2027,Padawiya,3115.949243
1/9/2027,Padawiya,3079.741941
1/10/2027,Padawiya,3165.063673
1/11/2027,Padawiya,3185.622427
1/12/2027,Padawiya,3165.172321
1/13/2027,Padawiya,3216.207596
1/14/2027,Padawiya,3223.104731
1/15/2027,Padawiya,3218.124675
1/16/2027,Padawiya,3267.518327
1/17/2027,Padawiya,3284.720626
1/18/2027,Padawiya,3337.860182
1/19/2027,Padawiya,3364.40713
1/20/2027,Padawiya,3345.050902
1/21/2027,Padawiya,3368.911851
1/22/2027,Padawiya,3344.877455
1/23/2027,Padawiya,3325.748664
1/24/2027,Padawiya,3216.527906
1/25/2027,Padawiya,3129.361965
1/26/2027,Padawiya,3179.348197
1/27/2027,Padawiya,3147.264607
1/28/2027,Padawiya,3098.119409
1/29/2027,Padawiya,3089.061535
1/30/2027,Padawiya,3082.515133
1/31/2027,Padawiya,3097.469107
2/1/2027,Padawiya,3240.841805
2/2/2027,Padawiya,3323.401606
2/3/2027,Padawiya,3412.896695
2/4/2027,Padawiya,3581.363225
2/5/2027,Padawiya,3771.369996
2/6/2027,Padawiya,3882.765146
2/7/2027,Padawiya,3921.11057
2/8/2027,Padawiya,3892.807322
2/9/2027,Padawiya,3882.380348
2/10/2027,Padawiya,3842.210614
2/11/2027,Padawiya,3879.383205
2/12/2027,Padawiya,3912.582892
2/13/2027,Padawiya,3909.190925
2/14/2027,Padawiya,4002.56279
2/15/2027,Padawiya,4063.100139
2/16/2027,Padawiya,4017.366508
2/17/2027,Padawiya,3951.514406
2/18/2027,Padawiya,3944.800935
2/19/2027,Padawiya,3961.808938
2/20/2027,Padawiya,4071.968575
2/21/2027,Padawiya,4147.917643
2/22/2027,Padawiya,4137.163365
2/23/2027,Padawiya,4182.389528
2/24/2027,Padawiya,4180.273145
2/25/2027,Padawiya,4141.023669
2/26/2027,Padawiya,4040.41738
2/27/2027,Padawiya,3946.496792
2/28/2027,Padawiya,3869.517482
3/1/2027,Padawiya,3832.090918
3/2/2027,Padawiya,3756.372564
3/3/2027,Padawiya,3740.694418
3/4/2027,Padawiya,3684.657095
3/5/2027,Padawiya,3690.637817
3/6/2027,Padawiya,3687.976243
3/7/2027,Padawiya,3651.463893
3/8/2027,Padawiya,3669.818947
3/9/2027,Padawiya,3628.043213
3/10/2027,Padawiya,3641.131458
3/11/2027,Padawiya,3698.832367
3/12/2027,Padawiya,3780.30196
3/13/2027,Padawiya,3839.730803
3/14/2027,Padawiya,3861.51511
3/15/2027,Padawiya,3885.305976
3/16/2027,Padawiya,3883.023838
3/17/2027,Padawiya,3920.732393
3/18/2027,Padawiya,3984.080889
3/19/2027,Padawiya,4046.191094
3/20/2027,Padawiya,4017.070648
3/21/2027,Padawiya,3981.382001
3/22/2027,Padawiya,3898.13448
3/23/2027,Padawiya,3846.540003
3/24/2027,Padawiya,3771.391032
3/25/2027,Padawiya,3674.81534
3/26/2027,Padawiya,3572.523369
3/27/2027,Padawiya,3558.548869
3/28/2027,Padawiya,3523.830694
3/29/2027,Padawiya,3405.481671
3/30/2027,Padawiya,3344.610929
3/31/2027,Padawiya,3338.51968
4/1/2027,Padawiya,3311.499292
4/2/2027,Padawiya,3350.457136
4/3/2027,Padawiya,3338.004826
4/4/2027,Padawiya,3446.300981
4/5/2027,Padawiya,3526.833006
4/6/2027,Padawiya,3730.522986
4/7/2027,Padawiya,3863.709016
4/8/2027,Padawiya,3909.536354
4/9/2027,Padawiya,3970.277671
4/10/2027,Padawiya,4067.824647
4/11/2027,Padawiya,4104.815846
4/12/2027,Padawiya,4140.880973
4/13/2027,Padawiya,4177.331048
4/14/2027,Padawiya,4226.045107
4/15/2027,Padawiya,4310.079824
4/16/2027,Padawiya,4358.809581
4/17/2027,Padawiya,4261.876503
4/18/2027,Padawiya,4159.206597
4/19/2027,Padawiya,4063.199522
4/20/2027,Padawiya,4109.283483
4/21/2027,Padawiya,4183.333156
4/22/2027,Padawiya,4191.568474
4/23/2027,Padawiya,4176.107082
4/24/2027,Padawiya,4190.261656
4/25/2027,Padawiya,4125.050601
4/26/2027,Padawiya,4122.628051
4/27/2027,Padawiya,4044.763166
4/28/2027,Padawiya,3958.711936
4/29/2027,Padawiya,3957.000054
4/30/2027,Padawiya,3902.462469
5/1/2027,Padawiya,3818.057506
5/2/2027,Padawiya,3825.29706
5/3/2027,Padawiya,3849.251793
5/4/2027,Padawiya,3877.662421
5/5/2027,Padawiya,3824.127335
5/6/2027,Padawiya,3750.684882
5/7/2027,Padawiya,3702.474212
5/8/2027,Padawiya,3695.886778
5/9/2027,Padawiya,3706.816366
5/10/2027,Padawiya,3874.111292
5/11/2027,Padawiya,3918.879991
5/12/2027,Padawiya,3885.462565
5/13/2027,Padawiya,3906.499741
5/14/2027,Padawiya,3904.909418
5/15/2027,Padawiya,3893.563915
5/16/2027,Padawiya,3908.475191
5/17/2027,Padawiya,3964.985643
5/18/2027,Padawiya,3937.419042
5/19/2027,Padawiya,3886.679975
5/20/2027,Padawiya,3820.108159
5/21/2027,Padawiya,3748.98317
5/22/2027,Padawiya,3662.953657
5/23/2027,Padawiya,3535.613192
5/24/2027,Padawiya,3443.730861
5/25/2027,Padawiya,3311.073426
5/26/2027,Padawiya,3341.74663
5/27/2027,Padawiya,3343.279216
5/28/2027,Padawiya,3310.183782
5/29/2027,Padawiya,3308.470948
5/30/2027,Padawiya,3359.268148
5/31/2027,Padawiya,3331.911193
6/1/2027,Padawiya,3399.73315
6/2/2027,Padawiya,3440.032993
6/3/2027,Padawiya,3524.412507
6/4/2027,Padawiya,3647.273031
6/5/2027,Padawiya,3775.934469
6/6/2027,Padawiya,3842.043938
6/7/2027,Padawiya,3834.000642
6/8/2027,Padawiya,3803.214609
6/9/2027,Padawiya,3756.747345
6/10/2027,Padawiya,3631.344982
6/11/2027,Padawiya,3589.81658
6/12/2027,Padawiya,3561.87207
6/13/2027,Padawiya,3545.864522
6/14/2027,Padawiya,3601.568865
6/15/2027,Padawiya,3637.0841
6/16/2027,Padawiya,3552.464764
6/17/2027,Padawiya,3490.779339
6/18/2027,Padawiya,3468.194399
6/19/2027,Padawiya,3459.809368
6/20/2027,Padawiya,3508.676004
6/21/2027,Padawiya,3577.843044
6/22/2027,Padawiya,3569.718014
6/23/2027,Padawiya,3618.454647
6/24/2027,Padawiya,3659.912075
6/25/2027,Padawiya,3635.093744
6/26/2027,Padawiya,3636.664192
6/27/2027,Padawiya,3647.370282
6/28/2027,Padawiya,3625.014736
6/29/2027,Padawiya,3569.086058
6/30/2027,Padawiya,3535.838528
7/1/2027,Padawiya,3553.765677
7/2/2027,Padawiya,3510.731201
7/3/2027,Padawiya,3465.714788
7/4/2027,Padawiya,3447.935864
7/5/2027,Padawiya,3332.258234
7/6/2027,Padawiya,3254.853837
7/7/2027,Padawiya,3191.558264
7/8/2027,Padawiya,3183.209519
7/9/2027,Padawiya,3208.165375
7/10/2027,Padawiya,3237.107381
7/11/2027,Padawiya,3215.715677
7/12/2027,Padawiya,3198.998252
7/13/2027,Padawiya,3187.179332
7/14/2027,Padawiya,3146.002973
7/15/2027,Padawiya,3146.123024
7/16/2027,Padawiya,3212.306561
7/17/2027,Padawiya,3232.032988
7/18/2027,Padawiya,3165.218784
7/19/2027,Padawiya,3122.600592
7/20/2027,Padawiya,3096.436783
7/21/2027,Padawiya,3052.859797
7/22/2027,Padawiya,3006.418196
7/23/2027,Padawiya,2893.119022
7/24/2027,Padawiya,2783.159206
7/25/2027,Padawiya,2788.04223
7/26/2027,Padawiya,2774.792501
7/27/2027,Padawiya,2758.920728
7/28/2027,Padawiya,2769.230626
7/29/2027,Padawiya,2781.837469
7/30/2027,Padawiya,2782.657295
7/31/2027,Padawiya,2830.833161
8/1/2027,Padawiya,2921.308044
8/2/2027,Padawiya,3032.353714
8/3/2027,Padawiya,3179.643634
8/4/2027,Padawiya,3350.128606
8/5/2027,Padawiya,3475.853425
8/6/2027,Padawiya,3522.77928
8/7/2027,Padawiya,3483.780326
8/8/2027,Padawiya,3496.174368
8/9/2027,Padawiya,3471.270259
8/10/2027,Padawiya,3475.5753
8/11/2027,Padawiya,3440.993435
8/12/2027,Padawiya,3398.595834
8/13/2027,Padawiya,3426.297062
8/14/2027,Padawiya,3423.949089
8/15/2027,Padawiya,3305.061852
8/16/2027,Padawiya,3214.560554
8/17/2027,Padawiya,3123.434882
8/18/2027,Padawiya,3088.741218
8/19/2027,Padawiya,3112.377332
8/20/2027,Padawiya,3140.425733
8/21/2027,Padawiya,3203.610319
8/22/2027,Padawiya,3257.19839
8/23/2027,Padawiya,3308.175198
8/24/2027,Padawiya,3322.083833
8/25/2027,Padawiya,3279.036634
8/26/2027,Padawiya,3231.944117
8/27/2027,Padawiya,3182.215466
8/28/2027,Padawiya,3158.759549
8/29/2027,Padawiya,3157.484787
8/30/2027,Padawiya,3181.149642
8/31/2027,Padawiya,3174.88706
9/1/2027,Padawiya,3156.230932
9/2/2027,Padawiya,3114.038226
9/3/2027,Padawiya,3000.963445
9/4/2027,Padawiya,2964.554138
9/5/2027,Padawiya,2933.250188
9/6/2027,Padawiya,2916.962446
9/7/2027,Padawiya,2980.792418
9/8/2027,Padawiya,3017.285127
9/9/2027,Padawiya,3003.732903
9/10/2027,Padawiya,3020.461402
9/11/2027,Padawiya,2984.853674
9/12/2027,Padawiya,2959.426579
9/13/2027,Padawiya,2922.843537
9/14/2027,Padawiya,2934.120295
9/15/2027,Padawiya,2982.976673
9/16/2027,Padawiya,2944.99946
9/17/2027,Padawiya,2971.081003
9/18/2027,Padawiya,2991.129455
9/19/2027,Padawiya,2962.007602
9/20/2027,Padawiya,2949.732522
9/21/2027,Padawiya,2870.906517
9/22/2027,Padawiya,2778.695308
9/23/2027,Padawiya,2794.005456
9/24/2027,Padawiya,2818.637792
9/25/2027,Padawiya,2802.180969
9/26/2027,Padawiya,2794.872345
9/27/2027,Padawiya,2795.60718
9/28/2027,Padawiya,2766.892108
9/29/2027,Padawiya,2794.273321
9/30/2027,Padawiya,2784.451317
10/1/2027,Padawiya,2758.735919
10/2/2027,Padawiya,2824.330041
10/3/2027,Padawiya,2936.20435
10/4/2027,Padawiya,3053.128333
10/5/2027,Padawiya,3105.849056
10/6/2027,Padawiya,3117.046135
10/7/2027,Padawiya,3171.45637
10/8/2027,Padawiya,3193.615505
10/9/2027,Padawiya,3244.717315
10/10/2027,Padawiya,3273.745491
10/11/2027,Padawiya,3236.130737
10/12/2027,Padawiya,3279.15716
10/13/2027,Padawiya,3351.320719
10/14/2027,Padawiya,3308.040136
10/15/2027,Padawiya,3310.685814
10/16/2027,Padawiya,3283.243701
10/17/2027,Padawiya,3267.242946
10/18/2027,Padawiya,3300.682439
10/19/2027,Padawiya,3283.672375
10/20/2027,Padawiya,3221.367234
10/21/2027,Padawiya,3203.553469
10/22/2027,Padawiya,3191.233261
10/23/2027,Padawiya,3155.330259
10/24/2027,Padawiya,3105.912196
10/25/2027,Padawiya,3047.637958
10/26/2027,Padawiya,3012.133539
10/27/2027,Padawiya,2942.05896
10/28/2027,Padawiya,2887.79113
10/29/2027,Padawiya,2872.461167
10/30/2027,Padawiya,2829.646509
10/31/2027,Padawiya,2843.867386
11/1/2027,Padawiya,2841.231986
11/2/2027,Padawiya,2809.444456
11/3/2027,Padawiya,2800.037557
11/4/2027,Padawiya,2824.201249
11/5/2027,Padawiya,2818.935978
11/6/2027,Padawiya,2857.470726
11/7/2027,Padawiya,2918.857437
11/8/2027,Padawiya,2933.606443
11/9/2027,Padawiya,2963.221696
11/10/2027,Padawiya,2967.749159
11/11/2027,Padawiya,2973.154895
11/12/2027,Padawiya,3028.367105
11/13/2027,Padawiya,3130.953489
11/14/2027,Padawiya,3202.522508
11/15/2027,Padawiya,3169.676425
11/16/2027,Padawiya,3161.885325
11/17/2027,Padawiya,3163.084363
11/18/2027,Padawiya,3163.754849
11/19/2027,Padawiya,3146.810967
11/20/2027,Padawiya,3081.400436
11/21/2027,Padawiya,2958.940356
11/22/2027,Padawiya,2964.933762
11/23/2027,Padawiya,2947.11192
11/24/2027,Padawiya,2874.618196
11/25/2027,Padawiya,2839.214165
11/26/2027,Padawiya,2808.649459
11/27/2027,Padawiya,2807.481251
11/28/2027,Padawiya,2843.370184
11/29/2027,Padawiya,2881.53199
11/30/2027,Padawiya,2935.398591
12/1/2027,Padawiya,3062.560621
12/2/2027,Padawiya,3231.835627
12/3/2027,Padawiya,3355.963309
12/4/2027,Padawiya,3418.558994
12/5/2027,Padawiya,3430.527481
12/6/2027,Padawiya,3496.405244
12/7/2027,Padawiya,3492.995386
12/8/2027,Padawiya,3529.004013
12/9/2027,Padawiya,3578.46771
12/10/2027,Padawiya,3571.574191
12/11/2027,Padawiya,3613.330107
12/12/2027,Padawiya,3591.852759
12/13/2027,Padawiya,3522.714748
12/14/2027,Padawiya,3415.048998
12/15/2027,Padawiya,3349.100371
12/16/2027,Padawiya,3295.453891
12/17/2027,Padawiya,3336.15774
12/18/2027,Padawiya,3348.981596
12/19/2027,Padawiya,3334.04057
12/20/2027,Padawiya,3362.637455
12/21/2027,Padawiya,3366.863428
12/22/2027,Padawiya,3360.953803
12/23/2027,Padawiya,3353.044512
12/24/2027,Padawiya,3343.135556
12/25/2027,Padawiya,3331.226936
12/26/2027,Padawiya,3317.31865
12/27/2027,Padawiya,3301.410699
12/28/2027,Padawiya,3283.503083
12/29/2027,Padawiya,3263.595802
12/30/2027,Padawiya,3241.688856
12/31/2027,Padawiya,3217.782245
1/1/2025,Kakamunnai_Kinniya,4800.967788
1/2/2025,Kakamunnai_Kinniya,4803.820697
1/3/2025,Kakamunnai_Kinniya,4810.501535
1/4/2025,Kakamunnai_Kinniya,4821.010301
1/5/2025,Kakamunnai_Kinniya,4835.346996
1/6/2025,Kakamunnai_Kinniya,4853.511619
1/7/2025,Kakamunnai_Kinniya,4875.50417
1/8/2025,Kakamunnai_Kinniya,4901.32465
1/9/2025,Kakamunnai_Kinniya,4930.973059
1/10/2025,Kakamunnai_Kinniya,4964.449396
1/11/2025,Kakamunnai_Kinniya,5001.753661
1/12/2025,Kakamunnai_Kinniya,5026.242823
1/13/2025,Kakamunnai_Kinniya,5012.178305
1/14/2025,Kakamunnai_Kinniya,5002.282107
1/15/2025,Kakamunnai_Kinniya,5034.117494
1/16/2025,Kakamunnai_Kinniya,5165.083054
1/17/2025,Kakamunnai_Kinniya,5260.493487
1/18/2025,Kakamunnai_Kinniya,5346.582281
1/19/2025,Kakamunnai_Kinniya,5526.083718
1/20/2025,Kakamunnai_Kinniya,5684.287518
1/21/2025,Kakamunnai_Kinniya,5900.030814
1/22/2025,Kakamunnai_Kinniya,6024.719908
1/23/2025,Kakamunnai_Kinniya,6096.008416
1/24/2025,Kakamunnai_Kinniya,6152.835722
1/25/2025,Kakamunnai_Kinniya,6184.969235
1/26/2025,Kakamunnai_Kinniya,6122.274145
1/27/2025,Kakamunnai_Kinniya,6065.899727
1/28/2025,Kakamunnai_Kinniya,5962.026548
1/29/2025,Kakamunnai_Kinniya,5821.4417
1/30/2025,Kakamunnai_Kinniya,5678.664106
1/31/2025,Kakamunnai_Kinniya,5485.796367
2/1/2025,Kakamunnai_Kinniya,5339.051679
2/2/2025,Kakamunnai_Kinniya,5111.445995
2/3/2025,Kakamunnai_Kinniya,4940.420514
2/4/2025,Kakamunnai_Kinniya,4914.701913
2/5/2025,Kakamunnai_Kinniya,4847.075933
2/6/2025,Kakamunnai_Kinniya,4798.525882
2/7/2025,Kakamunnai_Kinniya,4848.020374
2/8/2025,Kakamunnai_Kinniya,4957.644785
2/9/2025,Kakamunnai_Kinniya,5014.635942
2/10/2025,Kakamunnai_Kinniya,5125.678681
2/11/2025,Kakamunnai_Kinniya,5135.464481
2/12/2025,Kakamunnai_Kinniya,5195.94619
2/13/2025,Kakamunnai_Kinniya,5394.646038
2/14/2025,Kakamunnai_Kinniya,5492.032178
2/15/2025,Kakamunnai_Kinniya,5553.22258
2/16/2025,Kakamunnai_Kinniya,5635.956203
2/17/2025,Kakamunnai_Kinniya,5678.693287
2/18/2025,Kakamunnai_Kinniya,5714.914771
2/19/2025,Kakamunnai_Kinniya,5747.233997
2/20/2025,Kakamunnai_Kinniya,5788.703706
2/21/2025,Kakamunnai_Kinniya,5784.85386
2/22/2025,Kakamunnai_Kinniya,5704.107855
2/23/2025,Kakamunnai_Kinniya,5793.413685
2/24/2025,Kakamunnai_Kinniya,5772.049968
2/25/2025,Kakamunnai_Kinniya,5701.271422
2/26/2025,Kakamunnai_Kinniya,5684.843225
2/27/2025,Kakamunnai_Kinniya,5682.375573
2/28/2025,Kakamunnai_Kinniya,5678.38679
3/1/2025,Kakamunnai_Kinniya,5655.246521
3/2/2025,Kakamunnai_Kinniya,5737.449272
3/3/2025,Kakamunnai_Kinniya,5798.492893
3/4/2025,Kakamunnai_Kinniya,5884.694418
3/5/2025,Kakamunnai_Kinniya,5929.962284
3/6/2025,Kakamunnai_Kinniya,5833.033947
3/7/2025,Kakamunnai_Kinniya,5762.073334
3/8/2025,Kakamunnai_Kinniya,5804.384997
3/9/2025,Kakamunnai_Kinniya,5856.618578
3/10/2025,Kakamunnai_Kinniya,5783.491169
3/11/2025,Kakamunnai_Kinniya,5648.592197
3/12/2025,Kakamunnai_Kinniya,5571.431994
3/13/2025,Kakamunnai_Kinniya,5546.614065
3/14/2025,Kakamunnai_Kinniya,5539.169285
3/15/2025,Kakamunnai_Kinniya,5476.930769
3/16/2025,Kakamunnai_Kinniya,5389.036219
3/17/2025,Kakamunnai_Kinniya,5368.647939
3/18/2025,Kakamunnai_Kinniya,5390.648959
3/19/2025,Kakamunnai_Kinniya,5357.250801
3/20/2025,Kakamunnai_Kinniya,5457.14794
3/21/2025,Kakamunnai_Kinniya,5541.639925
3/22/2025,Kakamunnai_Kinniya,5698.95149
3/23/2025,Kakamunnai_Kinniya,5790.007488
3/24/2025,Kakamunnai_Kinniya,5798.561561
3/25/2025,Kakamunnai_Kinniya,5735.071598
3/26/2025,Kakamunnai_Kinniya,5705.830957
3/27/2025,Kakamunnai_Kinniya,5748.717622
3/28/2025,Kakamunnai_Kinniya,5719.26955
3/29/2025,Kakamunnai_Kinniya,5652.632159
3/30/2025,Kakamunnai_Kinniya,5507.240993
3/31/2025,Kakamunnai_Kinniya,5496.24729
4/1/2025,Kakamunnai_Kinniya,5502.471914
4/2/2025,Kakamunnai_Kinniya,5479.189804
4/3/2025,Kakamunnai_Kinniya,5374.621857
4/4/2025,Kakamunnai_Kinniya,5299.268647
4/5/2025,Kakamunnai_Kinniya,5256.424217
4/6/2025,Kakamunnai_Kinniya,5197.358322
4/7/2025,Kakamunnai_Kinniya,5148.757149
4/8/2025,Kakamunnai_Kinniya,5184.531098
4/9/2025,Kakamunnai_Kinniya,5288.049548
4/10/2025,Kakamunnai_Kinniya,5309.971777
4/11/2025,Kakamunnai_Kinniya,5383.902353
4/12/2025,Kakamunnai_Kinniya,5387.536939
4/13/2025,Kakamunnai_Kinniya,5357.068062
4/14/2025,Kakamunnai_Kinniya,5286.99258
4/15/2025,Kakamunnai_Kinniya,5319.405738
4/16/2025,Kakamunnai_Kinniya,5346.66709
4/17/2025,Kakamunnai_Kinniya,5322.780853
4/18/2025,Kakamunnai_Kinniya,5292.478814
4/19/2025,Kakamunnai_Kinniya,5255.171518
4/20/2025,Kakamunnai_Kinniya,5321.204285
4/21/2025,Kakamunnai_Kinniya,5290.482382
4/22/2025,Kakamunnai_Kinniya,5330.754366
4/23/2025,Kakamunnai_Kinniya,5316.623254
4/24/2025,Kakamunnai_Kinniya,5369.966556
4/25/2025,Kakamunnai_Kinniya,5383.779026
4/26/2025,Kakamunnai_Kinniya,5404.875458
4/27/2025,Kakamunnai_Kinniya,5414.428656
4/28/2025,Kakamunnai_Kinniya,5542.318044
4/29/2025,Kakamunnai_Kinniya,5536.667707
4/30/2025,Kakamunnai_Kinniya,5566.442853
5/1/2025,Kakamunnai_Kinniya,5582.606504
5/2/2025,Kakamunnai_Kinniya,5512.434265
5/3/2025,Kakamunnai_Kinniya,5499.474642
5/4/2025,Kakamunnai_Kinniya,5456.417931
5/5/2025,Kakamunnai_Kinniya,5423.089991
5/6/2025,Kakamunnai_Kinniya,5349.523818
5/7/2025,Kakamunnai_Kinniya,5321.634294
5/8/2025,Kakamunnai_Kinniya,5295.494395
5/9/2025,Kakamunnai_Kinniya,5354.132302
5/10/2025,Kakamunnai_Kinniya,5369.814499
5/11/2025,Kakamunnai_Kinniya,5413.443153
5/12/2025,Kakamunnai_Kinniya,5461.42206
5/13/2025,Kakamunnai_Kinniya,5507.601651
5/14/2025,Kakamunnai_Kinniya,5648.775706
5/15/2025,Kakamunnai_Kinniya,5734.028411
5/16/2025,Kakamunnai_Kinniya,5804.616725
5/17/2025,Kakamunnai_Kinniya,5882.611966
5/18/2025,Kakamunnai_Kinniya,5927.001974
5/19/2025,Kakamunnai_Kinniya,5878.970288
5/20/2025,Kakamunnai_Kinniya,5881.77019
5/21/2025,Kakamunnai_Kinniya,5800.81968
5/22/2025,Kakamunnai_Kinniya,5689.22214
5/23/2025,Kakamunnai_Kinniya,5629.201908
5/24/2025,Kakamunnai_Kinniya,5518.609852
5/25/2025,Kakamunnai_Kinniya,5395.282939
5/26/2025,Kakamunnai_Kinniya,5247.309324
5/27/2025,Kakamunnai_Kinniya,5115.415509
5/28/2025,Kakamunnai_Kinniya,4984.665962
5/29/2025,Kakamunnai_Kinniya,4849.425974
5/30/2025,Kakamunnai_Kinniya,4709.922642
5/31/2025,Kakamunnai_Kinniya,4643.14774
6/1/2025,Kakamunnai_Kinniya,4570.45691
6/2/2025,Kakamunnai_Kinniya,4578.516659
6/3/2025,Kakamunnai_Kinniya,4540.312959
6/4/2025,Kakamunnai_Kinniya,4473.584076
6/5/2025,Kakamunnai_Kinniya,4499.233188
6/6/2025,Kakamunnai_Kinniya,4443.018824
6/7/2025,Kakamunnai_Kinniya,4403.142522
6/8/2025,Kakamunnai_Kinniya,4425.815514
6/9/2025,Kakamunnai_Kinniya,4444.318319
6/10/2025,Kakamunnai_Kinniya,4445.099383
6/11/2025,Kakamunnai_Kinniya,4517.567182
6/12/2025,Kakamunnai_Kinniya,4632.175683
6/13/2025,Kakamunnai_Kinniya,4712.077613
6/14/2025,Kakamunnai_Kinniya,4719.24063
6/15/2025,Kakamunnai_Kinniya,4772.626966
6/16/2025,Kakamunnai_Kinniya,4810.312405
6/17/2025,Kakamunnai_Kinniya,4848.197032
6/18/2025,Kakamunnai_Kinniya,4922.455866
6/19/2025,Kakamunnai_Kinniya,4965.559639
6/20/2025,Kakamunnai_Kinniya,5041.208377
6/21/2025,Kakamunnai_Kinniya,5078.834788
6/22/2025,Kakamunnai_Kinniya,5166.555085
6/23/2025,Kakamunnai_Kinniya,5067.831915
6/24/2025,Kakamunnai_Kinniya,5004.474669
6/25/2025,Kakamunnai_Kinniya,5048.826281
6/26/2025,Kakamunnai_Kinniya,5032.115697
6/27/2025,Kakamunnai_Kinniya,5020.901159
6/28/2025,Kakamunnai_Kinniya,5105.043002
6/29/2025,Kakamunnai_Kinniya,5162.663086
6/30/2025,Kakamunnai_Kinniya,5144.736226
7/1/2025,Kakamunnai_Kinniya,5175.253365
7/2/2025,Kakamunnai_Kinniya,5146.283532
7/3/2025,Kakamunnai_Kinniya,5122.177459
7/4/2025,Kakamunnai_Kinniya,5038.558842
7/5/2025,Kakamunnai_Kinniya,5048.339086
7/6/2025,Kakamunnai_Kinniya,4978.530639
7/7/2025,Kakamunnai_Kinniya,4926.48896
7/8/2025,Kakamunnai_Kinniya,4994.451009
7/9/2025,Kakamunnai_Kinniya,5003.775258
7/10/2025,Kakamunnai_Kinniya,4984.261686
7/11/2025,Kakamunnai_Kinniya,4851.377818
7/12/2025,Kakamunnai_Kinniya,4787.376793
7/13/2025,Kakamunnai_Kinniya,4664.510683
7/14/2025,Kakamunnai_Kinniya,4703.415662
7/15/2025,Kakamunnai_Kinniya,4754.850056
7/16/2025,Kakamunnai_Kinniya,4688.396302
7/17/2025,Kakamunnai_Kinniya,4658.458178
7/18/2025,Kakamunnai_Kinniya,4750.002885
7/19/2025,Kakamunnai_Kinniya,4777.037311
7/20/2025,Kakamunnai_Kinniya,4738.333836
7/21/2025,Kakamunnai_Kinniya,4692.748024
7/22/2025,Kakamunnai_Kinniya,4582.69486
7/23/2025,Kakamunnai_Kinniya,4567.013719
7/24/2025,Kakamunnai_Kinniya,4533.956611
7/25/2025,Kakamunnai_Kinniya,4540.814307
7/26/2025,Kakamunnai_Kinniya,4488.827009
7/27/2025,Kakamunnai_Kinniya,4451.260357
7/28/2025,Kakamunnai_Kinniya,4452.15285
7/29/2025,Kakamunnai_Kinniya,4391.885352
7/30/2025,Kakamunnai_Kinniya,4308.756155
7/31/2025,Kakamunnai_Kinniya,4172.199702
8/1/2025,Kakamunnai_Kinniya,4117.188645
8/2/2025,Kakamunnai_Kinniya,4048.31588
8/3/2025,Kakamunnai_Kinniya,3966.185163
8/4/2025,Kakamunnai_Kinniya,3859.671982
8/5/2025,Kakamunnai_Kinniya,3805.397633
8/6/2025,Kakamunnai_Kinniya,3883.8666
8/7/2025,Kakamunnai_Kinniya,3898.646467
8/8/2025,Kakamunnai_Kinniya,3876.232917
8/9/2025,Kakamunnai_Kinniya,3793.083394
8/10/2025,Kakamunnai_Kinniya,3642.275101
8/11/2025,Kakamunnai_Kinniya,3579.285259
8/12/2025,Kakamunnai_Kinniya,3609.805204
8/13/2025,Kakamunnai_Kinniya,3596.130297
8/14/2025,Kakamunnai_Kinniya,3584.132928
8/15/2025,Kakamunnai_Kinniya,3678.379905
8/16/2025,Kakamunnai_Kinniya,3780.420352
8/17/2025,Kakamunnai_Kinniya,3799.09978
8/18/2025,Kakamunnai_Kinniya,3791.638267
8/19/2025,Kakamunnai_Kinniya,3740.867908
8/20/2025,Kakamunnai_Kinniya,3663.293796
8/21/2025,Kakamunnai_Kinniya,3616.554851
8/22/2025,Kakamunnai_Kinniya,3590.85855
8/23/2025,Kakamunnai_Kinniya,3570.095348
8/24/2025,Kakamunnai_Kinniya,3612.418114
8/25/2025,Kakamunnai_Kinniya,3656.742671
8/26/2025,Kakamunnai_Kinniya,3729.074027
8/27/2025,Kakamunnai_Kinniya,3673.994778
8/28/2025,Kakamunnai_Kinniya,3650.98142
8/29/2025,Kakamunnai_Kinniya,3606.971795
8/30/2025,Kakamunnai_Kinniya,3571.061057
8/31/2025,Kakamunnai_Kinniya,3648.863182
9/1/2025,Kakamunnai_Kinniya,3698.959365
9/2/2025,Kakamunnai_Kinniya,3725.227944
9/3/2025,Kakamunnai_Kinniya,3790.921225
9/4/2025,Kakamunnai_Kinniya,3877.833064
9/5/2025,Kakamunnai_Kinniya,3835.85616
9/6/2025,Kakamunnai_Kinniya,3710.27711
9/7/2025,Kakamunnai_Kinniya,3585.466832
9/8/2025,Kakamunnai_Kinniya,3423.958164
9/9/2025,Kakamunnai_Kinniya,3366.25492
9/10/2025,Kakamunnai_Kinniya,3294.736636
9/11/2025,Kakamunnai_Kinniya,3264.488375
9/12/2025,Kakamunnai_Kinniya,3158.230069
9/13/2025,Kakamunnai_Kinniya,3117.471864
9/14/2025,Kakamunnai_Kinniya,3076.12982
9/15/2025,Kakamunnai_Kinniya,3094.895588
9/16/2025,Kakamunnai_Kinniya,3113.38059
9/17/2025,Kakamunnai_Kinniya,3172.780076
9/18/2025,Kakamunnai_Kinniya,3224.693802
9/19/2025,Kakamunnai_Kinniya,3280.797544
9/20/2025,Kakamunnai_Kinniya,3366.799024
9/21/2025,Kakamunnai_Kinniya,3392.057944
9/22/2025,Kakamunnai_Kinniya,3445.156042
9/23/2025,Kakamunnai_Kinniya,3479.468281
9/24/2025,Kakamunnai_Kinniya,3519.31676
9/25/2025,Kakamunnai_Kinniya,3552.689327
9/26/2025,Kakamunnai_Kinniya,3499.071846
9/27/2025,Kakamunnai_Kinniya,3423.037077
9/28/2025,Kakamunnai_Kinniya,3370.82924
9/29/2025,Kakamunnai_Kinniya,3360.646731
9/30/2025,Kakamunnai_Kinniya,3264.62707
10/1/2025,Kakamunnai_Kinniya,3152.840985
10/2/2025,Kakamunnai_Kinniya,2980.216431
10/3/2025,Kakamunnai_Kinniya,2975.570938
10/4/2025,Kakamunnai_Kinniya,2955.179551
10/5/2025,Kakamunnai_Kinniya,2969.757671
10/6/2025,Kakamunnai_Kinniya,2948.43281
10/7/2025,Kakamunnai_Kinniya,2931.862685
10/8/2025,Kakamunnai_Kinniya,2941.657402
10/9/2025,Kakamunnai_Kinniya,2991.479222
10/10/2025,Kakamunnai_Kinniya,3103.851633
10/11/2025,Kakamunnai_Kinniya,3189.040577
10/12/2025,Kakamunnai_Kinniya,3302.052277
10/13/2025,Kakamunnai_Kinniya,3403.477489
10/14/2025,Kakamunnai_Kinniya,3489.601441
10/15/2025,Kakamunnai_Kinniya,3496.734182
10/16/2025,Kakamunnai_Kinniya,3495.121852
10/17/2025,Kakamunnai_Kinniya,3498.851504
10/18/2025,Kakamunnai_Kinniya,3487.400441
10/19/2025,Kakamunnai_Kinniya,3405.082478
10/20/2025,Kakamunnai_Kinniya,3279.242591
10/21/2025,Kakamunnai_Kinniya,3207.892713
10/22/2025,Kakamunnai_Kinniya,3163.2558
10/23/2025,Kakamunnai_Kinniya,3269.851451
10/24/2025,Kakamunnai_Kinniya,3207.660031
10/25/2025,Kakamunnai_Kinniya,3267.482614
10/26/2025,Kakamunnai_Kinniya,3307.268278
10/27/2025,Kakamunnai_Kinniya,3412.491905
10/28/2025,Kakamunnai_Kinniya,3558.151134
10/29/2025,Kakamunnai_Kinniya,3732.730349
10/30/2025,Kakamunnai_Kinniya,3930.793652
10/31/2025,Kakamunnai_Kinniya,4070.44629
11/1/2025,Kakamunnai_Kinniya,4262.331412
11/2/2025,Kakamunnai_Kinniya,4329.30299
11/3/2025,Kakamunnai_Kinniya,4319.435375
11/4/2025,Kakamunnai_Kinniya,4392.527103
11/5/2025,Kakamunnai_Kinniya,4534.905082
11/6/2025,Kakamunnai_Kinniya,4613.796521
11/7/2025,Kakamunnai_Kinniya,4647.445217
11/8/2025,Kakamunnai_Kinniya,4533.675777
11/9/2025,Kakamunnai_Kinniya,4464.634762
11/10/2025,Kakamunnai_Kinniya,4485.020901
11/11/2025,Kakamunnai_Kinniya,4538.225653
11/12/2025,Kakamunnai_Kinniya,4583.184795
11/13/2025,Kakamunnai_Kinniya,4531.960408
11/14/2025,Kakamunnai_Kinniya,4685.697625
11/15/2025,Kakamunnai_Kinniya,4716.84422
11/16/2025,Kakamunnai_Kinniya,4808.06263
11/17/2025,Kakamunnai_Kinniya,4878.064479
11/18/2025,Kakamunnai_Kinniya,4907.234298
11/19/2025,Kakamunnai_Kinniya,4957.647154
11/20/2025,Kakamunnai_Kinniya,5039.590976
11/21/2025,Kakamunnai_Kinniya,4992.768548
11/22/2025,Kakamunnai_Kinniya,4849.623829
11/23/2025,Kakamunnai_Kinniya,4804.415762
11/24/2025,Kakamunnai_Kinniya,4826.084187
11/25/2025,Kakamunnai_Kinniya,4768.703471
11/26/2025,Kakamunnai_Kinniya,4672.105265
11/27/2025,Kakamunnai_Kinniya,4581.690141
11/28/2025,Kakamunnai_Kinniya,4517.856425
11/29/2025,Kakamunnai_Kinniya,4464.793363
11/30/2025,Kakamunnai_Kinniya,4409.912585
12/1/2025,Kakamunnai_Kinniya,4373.777769
12/2/2025,Kakamunnai_Kinniya,4290.240914
12/3/2025,Kakamunnai_Kinniya,4283.964547
12/4/2025,Kakamunnai_Kinniya,4345.364648
12/5/2025,Kakamunnai_Kinniya,4341.276253
12/6/2025,Kakamunnai_Kinniya,4332.831405
12/7/2025,Kakamunnai_Kinniya,4361.160991
12/8/2025,Kakamunnai_Kinniya,4417.102119
12/9/2025,Kakamunnai_Kinniya,4509.734538
12/10/2025,Kakamunnai_Kinniya,4607.409412
12/11/2025,Kakamunnai_Kinniya,4649.327609
12/12/2025,Kakamunnai_Kinniya,4710.560899
12/13/2025,Kakamunnai_Kinniya,4790.166359
12/14/2025,Kakamunnai_Kinniya,4847.877976
12/15/2025,Kakamunnai_Kinniya,4966.036212
12/16/2025,Kakamunnai_Kinniya,5058.038972
12/17/2025,Kakamunnai_Kinniya,5232.70171
12/18/2025,Kakamunnai_Kinniya,5292.578753
12/19/2025,Kakamunnai_Kinniya,5295.708466
12/20/2025,Kakamunnai_Kinniya,5396.25788
12/21/2025,Kakamunnai_Kinniya,5452.80952
12/22/2025,Kakamunnai_Kinniya,5442.507381
12/23/2025,Kakamunnai_Kinniya,5449.310069
12/24/2025,Kakamunnai_Kinniya,5419.807253
12/25/2025,Kakamunnai_Kinniya,5386.894725
12/26/2025,Kakamunnai_Kinniya,5351.126836
12/27/2025,Kakamunnai_Kinniya,5388.961318
12/28/2025,Kakamunnai_Kinniya,5424.620781
12/29/2025,Kakamunnai_Kinniya,5410.169423
12/30/2025,Kakamunnai_Kinniya,5436.105082
12/31/2025,Kakamunnai_Kinniya,5452.992338
1/1/2026,Kakamunnai_Kinniya,5377.944119
1/2/2026,Kakamunnai_Kinniya,5362.576582
1/3/2026,Kakamunnai_Kinniya,5387.009559
1/4/2026,Kakamunnai_Kinniya,5367.406714
1/5/2026,Kakamunnai_Kinniya,5281.34351
1/6/2026,Kakamunnai_Kinniya,5242.002986
1/7/2026,Kakamunnai_Kinniya,5136.182637
1/8/2026,Kakamunnai_Kinniya,5101.942706
1/9/2026,Kakamunnai_Kinniya,5090.904092
1/10/2026,Kakamunnai_Kinniya,5046.940984
1/11/2026,Kakamunnai_Kinniya,4960.954353
1/12/2026,Kakamunnai_Kinniya,4964.478042
1/13/2026,Kakamunnai_Kinniya,4942.94618
1/14/2026,Kakamunnai_Kinniya,4943.239905
1/15/2026,Kakamunnai_Kinniya,4934.231525
1/16/2026,Kakamunnai_Kinniya,4996.141913
1/17/2026,Kakamunnai_Kinniya,5068.897876
1/18/2026,Kakamunnai_Kinniya,5041.936332
1/19/2026,Kakamunnai_Kinniya,5075.596449
1/20/2026,Kakamunnai_Kinniya,5033.402362
1/21/2026,Kakamunnai_Kinniya,5029.83543
1/22/2026,Kakamunnai_Kinniya,5049.574212
1/23/2026,Kakamunnai_Kinniya,5013.250208
1/24/2026,Kakamunnai_Kinniya,4941.08664
1/25/2026,Kakamunnai_Kinniya,4890.522445
1/26/2026,Kakamunnai_Kinniya,4846.935277
1/27/2026,Kakamunnai_Kinniya,4816.882469
1/28/2026,Kakamunnai_Kinniya,4830.187531
1/29/2026,Kakamunnai_Kinniya,4843.169746
1/30/2026,Kakamunnai_Kinniya,4909.175792
1/31/2026,Kakamunnai_Kinniya,4936.83863
2/1/2026,Kakamunnai_Kinniya,4970.910363
2/2/2026,Kakamunnai_Kinniya,4939.81171
2/3/2026,Kakamunnai_Kinniya,4968.817513
2/4/2026,Kakamunnai_Kinniya,4991.802132
2/5/2026,Kakamunnai_Kinniya,5056.182761
2/6/2026,Kakamunnai_Kinniya,5040.010024
2/7/2026,Kakamunnai_Kinniya,5010.72141
2/8/2026,Kakamunnai_Kinniya,4988.320534
2/9/2026,Kakamunnai_Kinniya,5008.762139
2/10/2026,Kakamunnai_Kinniya,5035.059282
2/11/2026,Kakamunnai_Kinniya,5003.810834
2/12/2026,Kakamunnai_Kinniya,4969.986593
2/13/2026,Kakamunnai_Kinniya,4979.532409
2/14/2026,Kakamunnai_Kinniya,4935.196856
2/15/2026,Kakamunnai_Kinniya,4894.135664
2/16/2026,Kakamunnai_Kinniya,4897.847628
2/17/2026,Kakamunnai_Kinniya,4894.288362
2/18/2026,Kakamunnai_Kinniya,4907.629837
2/19/2026,Kakamunnai_Kinniya,4962.447536
2/20/2026,Kakamunnai_Kinniya,4981.339553
2/21/2026,Kakamunnai_Kinniya,4983.521072
2/22/2026,Kakamunnai_Kinniya,4958.48157
2/23/2026,Kakamunnai_Kinniya,4988.042012
2/24/2026,Kakamunnai_Kinniya,5001.220251
2/25/2026,Kakamunnai_Kinniya,5064.162663
2/26/2026,Kakamunnai_Kinniya,5080.895507
2/27/2026,Kakamunnai_Kinniya,5206.289486
2/28/2026,Kakamunnai_Kinniya,5313.123578
3/1/2026,Kakamunnai_Kinniya,5426.341679
3/2/2026,Kakamunnai_Kinniya,5424.983783
3/3/2026,Kakamunnai_Kinniya,5444.354468
3/4/2026,Kakamunnai_Kinniya,5522.774361
3/5/2026,Kakamunnai_Kinniya,5583.544134
3/6/2026,Kakamunnai_Kinniya,5588.700032
3/7/2026,Kakamunnai_Kinniya,5575.645544
3/8/2026,Kakamunnai_Kinniya,5593.832864
3/9/2026,Kakamunnai_Kinniya,5557.287106
3/10/2026,Kakamunnai_Kinniya,5540.278264
3/11/2026,Kakamunnai_Kinniya,5574.517899
3/12/2026,Kakamunnai_Kinniya,5545.662884
3/13/2026,Kakamunnai_Kinniya,5507.289183
3/14/2026,Kakamunnai_Kinniya,5407.935278
3/15/2026,Kakamunnai_Kinniya,5351.736678
3/16/2026,Kakamunnai_Kinniya,5273.462454
3/17/2026,Kakamunnai_Kinniya,5214.715613
3/18/2026,Kakamunnai_Kinniya,5133.535402
3/19/2026,Kakamunnai_Kinniya,5104.003121
3/20/2026,Kakamunnai_Kinniya,5023.428545
3/21/2026,Kakamunnai_Kinniya,4929.889667
3/22/2026,Kakamunnai_Kinniya,4818.185986
3/23/2026,Kakamunnai_Kinniya,4718.407114
3/24/2026,Kakamunnai_Kinniya,4736.131251
3/25/2026,Kakamunnai_Kinniya,4716.66274
3/26/2026,Kakamunnai_Kinniya,4728.90846
3/27/2026,Kakamunnai_Kinniya,4801.809605
3/28/2026,Kakamunnai_Kinniya,4803.009007
3/29/2026,Kakamunnai_Kinniya,4812.784485
3/30/2026,Kakamunnai_Kinniya,4872.983155
3/31/2026,Kakamunnai_Kinniya,4922.81808
4/1/2026,Kakamunnai_Kinniya,4947.270372
4/2/2026,Kakamunnai_Kinniya,4974.71207
4/3/2026,Kakamunnai_Kinniya,4973.156148
4/4/2026,Kakamunnai_Kinniya,4994.610658
4/5/2026,Kakamunnai_Kinniya,4927.885235
4/6/2026,Kakamunnai_Kinniya,4875.797814
4/7/2026,Kakamunnai_Kinniya,4899.286396
4/8/2026,Kakamunnai_Kinniya,4934.505646
4/9/2026,Kakamunnai_Kinniya,4946.693411
4/10/2026,Kakamunnai_Kinniya,4852.441124
4/11/2026,Kakamunnai_Kinniya,4782.061531
4/12/2026,Kakamunnai_Kinniya,4713.101741
4/13/2026,Kakamunnai_Kinniya,4734.303908
4/14/2026,Kakamunnai_Kinniya,4745.183417
4/15/2026,Kakamunnai_Kinniya,4739.098439
4/16/2026,Kakamunnai_Kinniya,4765.852634
4/17/2026,Kakamunnai_Kinniya,4673.914861
4/18/2026,Kakamunnai_Kinniya,4716.861536
4/19/2026,Kakamunnai_Kinniya,4723.021737
4/20/2026,Kakamunnai_Kinniya,4801.061455
4/21/2026,Kakamunnai_Kinniya,4946.300498
4/22/2026,Kakamunnai_Kinniya,5079.044585
4/23/2026,Kakamunnai_Kinniya,5143.954659
4/24/2026,Kakamunnai_Kinniya,5234.954422
4/25/2026,Kakamunnai_Kinniya,5276.829132
4/26/2026,Kakamunnai_Kinniya,5332.063131
4/27/2026,Kakamunnai_Kinniya,5525.388872
4/28/2026,Kakamunnai_Kinniya,5569.997924
4/29/2026,Kakamunnai_Kinniya,5516.825267
4/30/2026,Kakamunnai_Kinniya,5449.147481
5/1/2026,Kakamunnai_Kinniya,5490.771466
5/2/2026,Kakamunnai_Kinniya,5471.569459
5/3/2026,Kakamunnai_Kinniya,5426.05905
5/4/2026,Kakamunnai_Kinniya,5378.355617
5/5/2026,Kakamunnai_Kinniya,5359.751072
5/6/2026,Kakamunnai_Kinniya,5367.363951
5/7/2026,Kakamunnai_Kinniya,5279.660269
5/8/2026,Kakamunnai_Kinniya,5309.088851
5/9/2026,Kakamunnai_Kinniya,5302.882741
5/10/2026,Kakamunnai_Kinniya,5393.274077
5/11/2026,Kakamunnai_Kinniya,5447.919658
5/12/2026,Kakamunnai_Kinniya,5446.674696
5/13/2026,Kakamunnai_Kinniya,5330.507289
5/14/2026,Kakamunnai_Kinniya,5339.350804
5/15/2026,Kakamunnai_Kinniya,5341.256788
5/16/2026,Kakamunnai_Kinniya,5332.764483
5/17/2026,Kakamunnai_Kinniya,5336.086538
5/18/2026,Kakamunnai_Kinniya,5201.504176
5/19/2026,Kakamunnai_Kinniya,5150.208024
5/20/2026,Kakamunnai_Kinniya,5159.094486
5/21/2026,Kakamunnai_Kinniya,5186.841515
5/22/2026,Kakamunnai_Kinniya,5125.972858
5/23/2026,Kakamunnai_Kinniya,5043.427658
5/24/2026,Kakamunnai_Kinniya,4983.362772
5/25/2026,Kakamunnai_Kinniya,4948.182419
5/26/2026,Kakamunnai_Kinniya,4796.13276
5/27/2026,Kakamunnai_Kinniya,4701.204679
5/28/2026,Kakamunnai_Kinniya,4670.23041
5/29/2026,Kakamunnai_Kinniya,4604.980035
5/30/2026,Kakamunnai_Kinniya,4556.685508
5/31/2026,Kakamunnai_Kinniya,4441.023919
6/1/2026,Kakamunnai_Kinniya,4353.693566
6/2/2026,Kakamunnai_Kinniya,4376.668487
6/3/2026,Kakamunnai_Kinniya,4442.665842
6/4/2026,Kakamunnai_Kinniya,4469.40076
6/5/2026,Kakamunnai_Kinniya,4424.899907
6/6/2026,Kakamunnai_Kinniya,4291.589077
6/7/2026,Kakamunnai_Kinniya,4230.291891
6/8/2026,Kakamunnai_Kinniya,4252.734454
6/9/2026,Kakamunnai_Kinniya,4267.952791
6/10/2026,Kakamunnai_Kinniya,4293.733188
6/11/2026,Kakamunnai_Kinniya,4305.28392
6/12/2026,Kakamunnai_Kinniya,4393.015542
6/13/2026,Kakamunnai_Kinniya,4354.852335
6/14/2026,Kakamunnai_Kinniya,4308.35349
6/15/2026,Kakamunnai_Kinniya,4222.511681
6/16/2026,Kakamunnai_Kinniya,4167.090585
6/17/2026,Kakamunnai_Kinniya,4067.03382
6/18/2026,Kakamunnai_Kinniya,4029.852639
6/19/2026,Kakamunnai_Kinniya,4039.636484
6/20/2026,Kakamunnai_Kinniya,4087.656379
6/21/2026,Kakamunnai_Kinniya,4222.684856
6/22/2026,Kakamunnai_Kinniya,4313.370688
6/23/2026,Kakamunnai_Kinniya,4272.420235
6/24/2026,Kakamunnai_Kinniya,4137.352325
6/25/2026,Kakamunnai_Kinniya,4005.558311
6/26/2026,Kakamunnai_Kinniya,3896.073312
6/27/2026,Kakamunnai_Kinniya,3888.928857
6/28/2026,Kakamunnai_Kinniya,3945.542296
6/29/2026,Kakamunnai_Kinniya,3990.918421
6/30/2026,Kakamunnai_Kinniya,4075.260534
7/1/2026,Kakamunnai_Kinniya,4091.086783
7/2/2026,Kakamunnai_Kinniya,4064.291023
7/3/2026,Kakamunnai_Kinniya,3932.991533
7/4/2026,Kakamunnai_Kinniya,3806.07974
7/5/2026,Kakamunnai_Kinniya,3675.352066
7/6/2026,Kakamunnai_Kinniya,3621.333102
7/7/2026,Kakamunnai_Kinniya,3594.448149
7/8/2026,Kakamunnai_Kinniya,3604.71718
7/9/2026,Kakamunnai_Kinniya,3555.31405
7/10/2026,Kakamunnai_Kinniya,3540.72042
7/11/2026,Kakamunnai_Kinniya,3494.807805
7/12/2026,Kakamunnai_Kinniya,3418.932781
7/13/2026,Kakamunnai_Kinniya,3312.433698
7/14/2026,Kakamunnai_Kinniya,3225.050825
7/15/2026,Kakamunnai_Kinniya,3249.62415
7/16/2026,Kakamunnai_Kinniya,3264.479786
7/17/2026,Kakamunnai_Kinniya,3312.281054
7/18/2026,Kakamunnai_Kinniya,3354.857771
7/19/2026,Kakamunnai_Kinniya,3375.794927
7/20/2026,Kakamunnai_Kinniya,3418.69829
7/21/2026,Kakamunnai_Kinniya,3423.964328
7/22/2026,Kakamunnai_Kinniya,3478.009773
7/23/2026,Kakamunnai_Kinniya,3479.887588
7/24/2026,Kakamunnai_Kinniya,3444.142856
7/25/2026,Kakamunnai_Kinniya,3437.806488
7/26/2026,Kakamunnai_Kinniya,3397.146527
7/27/2026,Kakamunnai_Kinniya,3353.507003
7/28/2026,Kakamunnai_Kinniya,3226.517582
7/29/2026,Kakamunnai_Kinniya,3127.442823
7/30/2026,Kakamunnai_Kinniya,3180.506172
7/31/2026,Kakamunnai_Kinniya,3149.223161
8/1/2026,Kakamunnai_Kinniya,3089.038747
8/2/2026,Kakamunnai_Kinniya,3044.625806
8/3/2026,Kakamunnai_Kinniya,3095.746927
8/4/2026,Kakamunnai_Kinniya,3131.414641
8/5/2026,Kakamunnai_Kinniya,3152.763209
8/6/2026,Kakamunnai_Kinniya,3193.449571
8/7/2026,Kakamunnai_Kinniya,3251.758975
8/8/2026,Kakamunnai_Kinniya,3402.165612
8/9/2026,Kakamunnai_Kinniya,3549.980168
8/10/2026,Kakamunnai_Kinniya,3580.18247
8/11/2026,Kakamunnai_Kinniya,3608.762536
8/12/2026,Kakamunnai_Kinniya,3583.151509
8/13/2026,Kakamunnai_Kinniya,3596.737934
8/14/2026,Kakamunnai_Kinniya,3569.17323
8/15/2026,Kakamunnai_Kinniya,3456.032919
8/16/2026,Kakamunnai_Kinniya,3418.388872
8/17/2026,Kakamunnai_Kinniya,3344.908229
8/18/2026,Kakamunnai_Kinniya,3395.613255
8/19/2026,Kakamunnai_Kinniya,3460.980195
8/20/2026,Kakamunnai_Kinniya,3424.221816
8/21/2026,Kakamunnai_Kinniya,3476.803823
8/22/2026,Kakamunnai_Kinniya,3561.949377
8/23/2026,Kakamunnai_Kinniya,3666.157385
8/24/2026,Kakamunnai_Kinniya,3791.695565
8/25/2026,Kakamunnai_Kinniya,3883.508385
8/26/2026,Kakamunnai_Kinniya,4006.3692
8/27/2026,Kakamunnai_Kinniya,4206.681627
8/28/2026,Kakamunnai_Kinniya,4407.299608
8/29/2026,Kakamunnai_Kinniya,4526.748464
8/30/2026,Kakamunnai_Kinniya,4513.278674
8/31/2026,Kakamunnai_Kinniya,4548.024366
9/1/2026,Kakamunnai_Kinniya,4549.086011
9/2/2026,Kakamunnai_Kinniya,4580.095318
9/3/2026,Kakamunnai_Kinniya,4553.697414
9/4/2026,Kakamunnai_Kinniya,4524.459875
9/5/2026,Kakamunnai_Kinniya,4455.949778
9/6/2026,Kakamunnai_Kinniya,4425.790379
9/7/2026,Kakamunnai_Kinniya,4418.814351
9/8/2026,Kakamunnai_Kinniya,4421.582295
9/9/2026,Kakamunnai_Kinniya,4455.460681
9/10/2026,Kakamunnai_Kinniya,4521.777015
9/11/2026,Kakamunnai_Kinniya,4538.217622
9/12/2026,Kakamunnai_Kinniya,4590.590973
9/13/2026,Kakamunnai_Kinniya,4672.026121
9/14/2026,Kakamunnai_Kinniya,4680.224011
9/15/2026,Kakamunnai_Kinniya,4762.979181
9/16/2026,Kakamunnai_Kinniya,4851.905085
9/17/2026,Kakamunnai_Kinniya,4848.27618
9/18/2026,Kakamunnai_Kinniya,4833.668343
9/19/2026,Kakamunnai_Kinniya,4708.008544
9/20/2026,Kakamunnai_Kinniya,4624.125516
9/21/2026,Kakamunnai_Kinniya,4537.588378
9/22/2026,Kakamunnai_Kinniya,4503.534043
9/23/2026,Kakamunnai_Kinniya,4411.471625
9/24/2026,Kakamunnai_Kinniya,4287.475534
9/25/2026,Kakamunnai_Kinniya,4154.011173
9/26/2026,Kakamunnai_Kinniya,4116.438083
9/27/2026,Kakamunnai_Kinniya,4090.840516
9/28/2026,Kakamunnai_Kinniya,4124.524187
9/29/2026,Kakamunnai_Kinniya,4176.998059
9/30/2026,Kakamunnai_Kinniya,4215.490413
10/1/2026,Kakamunnai_Kinniya,4311.142065
10/2/2026,Kakamunnai_Kinniya,4457.164972
10/3/2026,Kakamunnai_Kinniya,4594.268131
10/4/2026,Kakamunnai_Kinniya,4660.748405
10/5/2026,Kakamunnai_Kinniya,4802.923414
10/6/2026,Kakamunnai_Kinniya,4883.925813
10/7/2026,Kakamunnai_Kinniya,4914.769315
10/8/2026,Kakamunnai_Kinniya,4952.112964
10/9/2026,Kakamunnai_Kinniya,4878.491246
10/10/2026,Kakamunnai_Kinniya,4897.105114
10/11/2026,Kakamunnai_Kinniya,4853.775259
10/12/2026,Kakamunnai_Kinniya,4832.880107
10/13/2026,Kakamunnai_Kinniya,4815.256771
10/14/2026,Kakamunnai_Kinniya,4742.498896
10/15/2026,Kakamunnai_Kinniya,4744.648472
10/16/2026,Kakamunnai_Kinniya,4719.0968
10/17/2026,Kakamunnai_Kinniya,4670.813558
10/18/2026,Kakamunnai_Kinniya,4639.865676
10/19/2026,Kakamunnai_Kinniya,4644.020572
10/20/2026,Kakamunnai_Kinniya,4705.320003
10/21/2026,Kakamunnai_Kinniya,4760.823907
10/22/2026,Kakamunnai_Kinniya,4740.487003
10/23/2026,Kakamunnai_Kinniya,4728.021176
10/24/2026,Kakamunnai_Kinniya,4750.63685
10/25/2026,Kakamunnai_Kinniya,4778.834318
10/26/2026,Kakamunnai_Kinniya,4754.622819
10/27/2026,Kakamunnai_Kinniya,4724.83306
10/28/2026,Kakamunnai_Kinniya,4675.047845
10/29/2026,Kakamunnai_Kinniya,4633.93601
10/30/2026,Kakamunnai_Kinniya,4699.772459
10/31/2026,Kakamunnai_Kinniya,4652.553708
11/1/2026,Kakamunnai_Kinniya,4623.735131
11/2/2026,Kakamunnai_Kinniya,4570.749021
11/3/2026,Kakamunnai_Kinniya,4502.843492
11/4/2026,Kakamunnai_Kinniya,4470.491924
11/5/2026,Kakamunnai_Kinniya,4411.168588
11/6/2026,Kakamunnai_Kinniya,4357.650427
11/7/2026,Kakamunnai_Kinniya,4343.381983
11/8/2026,Kakamunnai_Kinniya,4409.202915
11/9/2026,Kakamunnai_Kinniya,4421.77412
11/10/2026,Kakamunnai_Kinniya,4395.448263
11/11/2026,Kakamunnai_Kinniya,4418.667497
11/12/2026,Kakamunnai_Kinniya,4541.775614
11/13/2026,Kakamunnai_Kinniya,4680.351413
11/14/2026,Kakamunnai_Kinniya,4685.924546
11/15/2026,Kakamunnai_Kinniya,4727.051829
11/16/2026,Kakamunnai_Kinniya,4742.915518
11/17/2026,Kakamunnai_Kinniya,4762.482264
11/18/2026,Kakamunnai_Kinniya,4771.418164
11/19/2026,Kakamunnai_Kinniya,4811.490068
11/20/2026,Kakamunnai_Kinniya,4741.578956
11/21/2026,Kakamunnai_Kinniya,4703.943242
11/22/2026,Kakamunnai_Kinniya,4621.940693
11/23/2026,Kakamunnai_Kinniya,4616.008587
11/24/2026,Kakamunnai_Kinniya,4626.308045
11/25/2026,Kakamunnai_Kinniya,4607.157216
11/26/2026,Kakamunnai_Kinniya,4583.18918
11/27/2026,Kakamunnai_Kinniya,4559.621825
11/28/2026,Kakamunnai_Kinniya,4527.950978
11/29/2026,Kakamunnai_Kinniya,4474.203076
11/30/2026,Kakamunnai_Kinniya,4419.13343
12/1/2026,Kakamunnai_Kinniya,4433.720653
12/2/2026,Kakamunnai_Kinniya,4466.035707
12/3/2026,Kakamunnai_Kinniya,4363.915825
12/4/2026,Kakamunnai_Kinniya,4262.446408
12/5/2026,Kakamunnai_Kinniya,4171.572569
12/6/2026,Kakamunnai_Kinniya,4155.432643
12/7/2026,Kakamunnai_Kinniya,4130.266689
12/8/2026,Kakamunnai_Kinniya,4072.594607
12/9/2026,Kakamunnai_Kinniya,4039.78609
12/10/2026,Kakamunnai_Kinniya,3991.892735
12/11/2026,Kakamunnai_Kinniya,4030.360158
12/12/2026,Kakamunnai_Kinniya,4078.974144
12/13/2026,Kakamunnai_Kinniya,4178.073415
12/14/2026,Kakamunnai_Kinniya,4244.727581
12/15/2026,Kakamunnai_Kinniya,4223.572495
12/16/2026,Kakamunnai_Kinniya,4318.376314
12/17/2026,Kakamunnai_Kinniya,4433.469484
12/18/2026,Kakamunnai_Kinniya,4514.372612
12/19/2026,Kakamunnai_Kinniya,4557.405365
12/20/2026,Kakamunnai_Kinniya,4586.668576
12/21/2026,Kakamunnai_Kinniya,4684.465158
12/22/2026,Kakamunnai_Kinniya,4691.733127
12/23/2026,Kakamunnai_Kinniya,4637.87922
12/24/2026,Kakamunnai_Kinniya,4647.444498
12/25/2026,Kakamunnai_Kinniya,4702.989024
12/26/2026,Kakamunnai_Kinniya,4769.375516
12/27/2026,Kakamunnai_Kinniya,4703.121057
12/28/2026,Kakamunnai_Kinniya,4617.627618
12/29/2026,Kakamunnai_Kinniya,4597.017363
12/30/2026,Kakamunnai_Kinniya,4617.367201
12/31/2026,Kakamunnai_Kinniya,4609.243305
1/1/2027,Kakamunnai_Kinniya,4625.649456
1/2/2027,Kakamunnai_Kinniya,4622.947432
1/3/2027,Kakamunnai_Kinniya,4614.852958
1/4/2027,Kakamunnai_Kinniya,4697.888039
1/5/2027,Kakamunnai_Kinniya,4863.163955
1/6/2027,Kakamunnai_Kinniya,4941.210251
1/7/2027,Kakamunnai_Kinniya,4978.293724
1/8/2027,Kakamunnai_Kinniya,4968.296767
1/9/2027,Kakamunnai_Kinniya,5017.274975
1/10/2027,Kakamunnai_Kinniya,5044.913603
1/11/2027,Kakamunnai_Kinniya,5024.196687
1/12/2027,Kakamunnai_Kinniya,4985.799338
1/13/2027,Kakamunnai_Kinniya,4949.163159
1/14/2027,Kakamunnai_Kinniya,4988.398922
1/15/2027,Kakamunnai_Kinniya,4912.07645
1/16/2027,Kakamunnai_Kinniya,4709.062217
1/17/2027,Kakamunnai_Kinniya,4630.725428
1/18/2027,Kakamunnai_Kinniya,4597.644929
1/19/2027,Kakamunnai_Kinniya,4500.029021
1/20/2027,Kakamunnai_Kinniya,4413.418325
1/21/2027,Kakamunnai_Kinniya,4419.342304
1/22/2027,Kakamunnai_Kinniya,4326.965582
1/23/2027,Kakamunnai_Kinniya,4292.111536
1/24/2027,Kakamunnai_Kinniya,4326.868101
1/25/2027,Kakamunnai_Kinniya,4262.785906
1/26/2027,Kakamunnai_Kinniya,4268.188144
1/27/2027,Kakamunnai_Kinniya,4290.809188
1/28/2027,Kakamunnai_Kinniya,4262.654012
1/29/2027,Kakamunnai_Kinniya,4377.366273
1/30/2027,Kakamunnai_Kinniya,4404.505252
1/31/2027,Kakamunnai_Kinniya,4483.101305
2/1/2027,Kakamunnai_Kinniya,4536.213815
2/2/2027,Kakamunnai_Kinniya,4567.671402
2/3/2027,Kakamunnai_Kinniya,4643.865371
2/4/2027,Kakamunnai_Kinniya,4653.278539
2/5/2027,Kakamunnai_Kinniya,4650.638287
2/6/2027,Kakamunnai_Kinniya,4690.783913
2/7/2027,Kakamunnai_Kinniya,4670.451831
2/8/2027,Kakamunnai_Kinniya,4661.836505
2/9/2027,Kakamunnai_Kinniya,4675.09939
2/10/2027,Kakamunnai_Kinniya,4744.909273
2/11/2027,Kakamunnai_Kinniya,4724.923616
2/12/2027,Kakamunnai_Kinniya,4781.762323
2/13/2027,Kakamunnai_Kinniya,4794.624747
2/14/2027,Kakamunnai_Kinniya,4823.518575
2/15/2027,Kakamunnai_Kinniya,4941.071347
2/16/2027,Kakamunnai_Kinniya,4961.524077
2/17/2027,Kakamunnai_Kinniya,5012.592992
2/18/2027,Kakamunnai_Kinniya,5169.972707
2/19/2027,Kakamunnai_Kinniya,5273.452654
2/20/2027,Kakamunnai_Kinniya,5303.75036
2/21/2027,Kakamunnai_Kinniya,5373.813708
2/22/2027,Kakamunnai_Kinniya,5471.000235
2/23/2027,Kakamunnai_Kinniya,5561.995847
2/24/2027,Kakamunnai_Kinniya,5585.705043
2/25/2027,Kakamunnai_Kinniya,5629.271474
2/26/2027,Kakamunnai_Kinniya,5615.270012
2/27/2027,Kakamunnai_Kinniya,5552.704258
2/28/2027,Kakamunnai_Kinniya,5591.697621
3/1/2027,Kakamunnai_Kinniya,5696.714431
3/2/2027,Kakamunnai_Kinniya,5736.066964
3/3/2027,Kakamunnai_Kinniya,5686.696486
3/4/2027,Kakamunnai_Kinniya,5653.61602
3/5/2027,Kakamunnai_Kinniya,5681.024596
3/6/2027,Kakamunnai_Kinniya,5742.437779
3/7/2027,Kakamunnai_Kinniya,5713.779345
3/8/2027,Kakamunnai_Kinniya,5693.955553
3/9/2027,Kakamunnai_Kinniya,5686.655781
3/10/2027,Kakamunnai_Kinniya,5642.896951
3/11/2027,Kakamunnai_Kinniya,5634.109984
3/12/2027,Kakamunnai_Kinniya,5532.256807
3/13/2027,Kakamunnai_Kinniya,5490.578203
3/14/2027,Kakamunnai_Kinniya,5412.421331
3/15/2027,Kakamunnai_Kinniya,5400.163099
3/16/2027,Kakamunnai_Kinniya,5387.853235
3/17/2027,Kakamunnai_Kinniya,5364.012659
3/18/2027,Kakamunnai_Kinniya,5298.233127
3/19/2027,Kakamunnai_Kinniya,5202.856637
3/20/2027,Kakamunnai_Kinniya,5225.777636
3/21/2027,Kakamunnai_Kinniya,5214.414976
3/22/2027,Kakamunnai_Kinniya,5125.210616
3/23/2027,Kakamunnai_Kinniya,5065.319972
3/24/2027,Kakamunnai_Kinniya,5001.225138
3/25/2027,Kakamunnai_Kinniya,4932.344178
3/26/2027,Kakamunnai_Kinniya,4794.087639
3/27/2027,Kakamunnai_Kinniya,4668.844183
3/28/2027,Kakamunnai_Kinniya,4604.26671
3/29/2027,Kakamunnai_Kinniya,4562.933778
3/30/2027,Kakamunnai_Kinniya,4466.630741
3/31/2027,Kakamunnai_Kinniya,4431.359022
4/1/2027,Kakamunnai_Kinniya,4304.985777
4/2/2027,Kakamunnai_Kinniya,4135.57125
4/3/2027,Kakamunnai_Kinniya,4131.19706
4/4/2027,Kakamunnai_Kinniya,4200.414155
4/5/2027,Kakamunnai_Kinniya,4158.861382
4/6/2027,Kakamunnai_Kinniya,4154.774886
4/7/2027,Kakamunnai_Kinniya,4187.484867
4/8/2027,Kakamunnai_Kinniya,4289.903339
4/9/2027,Kakamunnai_Kinniya,4278.046566
4/10/2027,Kakamunnai_Kinniya,4268.823765
4/11/2027,Kakamunnai_Kinniya,4208.411474
4/12/2027,Kakamunnai_Kinniya,4082.57665
4/13/2027,Kakamunnai_Kinniya,3929.728958
4/14/2027,Kakamunnai_Kinniya,3904.670314
4/15/2027,Kakamunnai_Kinniya,3933.941114
4/16/2027,Kakamunnai_Kinniya,4018.218034
4/17/2027,Kakamunnai_Kinniya,4126.507552
4/18/2027,Kakamunnai_Kinniya,4223.888185
4/19/2027,Kakamunnai_Kinniya,4220.58395
4/20/2027,Kakamunnai_Kinniya,4230.65669
4/21/2027,Kakamunnai_Kinniya,4228.850875
4/22/2027,Kakamunnai_Kinniya,4217.888144
4/23/2027,Kakamunnai_Kinniya,4331.11247
4/24/2027,Kakamunnai_Kinniya,4420.325166
4/25/2027,Kakamunnai_Kinniya,4466.024235
4/26/2027,Kakamunnai_Kinniya,4572.629547
4/27/2027,Kakamunnai_Kinniya,4627.705399
4/28/2027,Kakamunnai_Kinniya,4651.666114
4/29/2027,Kakamunnai_Kinniya,4491.62986
4/30/2027,Kakamunnai_Kinniya,4315.936866
5/1/2027,Kakamunnai_Kinniya,4114.059007
5/2/2027,Kakamunnai_Kinniya,4042.405585
5/3/2027,Kakamunnai_Kinniya,3997.491187
5/4/2027,Kakamunnai_Kinniya,4021.111823
5/5/2027,Kakamunnai_Kinniya,3874.541914
5/6/2027,Kakamunnai_Kinniya,3724.353171
5/7/2027,Kakamunnai_Kinniya,3742.37
5/8/2027,Kakamunnai_Kinniya,3721.597689
5/9/2027,Kakamunnai_Kinniya,3699.984431
5/10/2027,Kakamunnai_Kinniya,3674.788312
5/11/2027,Kakamunnai_Kinniya,3716.179729
5/12/2027,Kakamunnai_Kinniya,3737.546729
5/13/2027,Kakamunnai_Kinniya,3818.144911
5/14/2027,Kakamunnai_Kinniya,3804.208586
5/15/2027,Kakamunnai_Kinniya,3835.088594
5/16/2027,Kakamunnai_Kinniya,3914.144481
5/17/2027,Kakamunnai_Kinniya,3969.684764
5/18/2027,Kakamunnai_Kinniya,4015.988989
5/19/2027,Kakamunnai_Kinniya,3937.878531
5/20/2027,Kakamunnai_Kinniya,3828.838755
5/21/2027,Kakamunnai_Kinniya,3788.750337
5/22/2027,Kakamunnai_Kinniya,3767.076476
5/23/2027,Kakamunnai_Kinniya,3674.173117
5/24/2027,Kakamunnai_Kinniya,3568.663941
5/25/2027,Kakamunnai_Kinniya,3390.652378
5/26/2027,Kakamunnai_Kinniya,3465.991062
5/27/2027,Kakamunnai_Kinniya,3559.374254
5/28/2027,Kakamunnai_Kinniya,3521.828801
5/29/2027,Kakamunnai_Kinniya,3441.967875
5/30/2027,Kakamunnai_Kinniya,3407.844603
5/31/2027,Kakamunnai_Kinniya,3422.020351
6/1/2027,Kakamunnai_Kinniya,3485.905255
6/2/2027,Kakamunnai_Kinniya,3538.852785
6/3/2027,Kakamunnai_Kinniya,3633.543325
6/4/2027,Kakamunnai_Kinniya,3797.844879
6/5/2027,Kakamunnai_Kinniya,3950.173095
6/6/2027,Kakamunnai_Kinniya,4013.07874
6/7/2027,Kakamunnai_Kinniya,4026.871898
6/8/2027,Kakamunnai_Kinniya,3987.606336
6/9/2027,Kakamunnai_Kinniya,3942.811521
6/10/2027,Kakamunnai_Kinniya,3883.646441
6/11/2027,Kakamunnai_Kinniya,3797.827378
6/12/2027,Kakamunnai_Kinniya,3723.160115
6/13/2027,Kakamunnai_Kinniya,3672.372113
6/14/2027,Kakamunnai_Kinniya,3598.693809
6/15/2027,Kakamunnai_Kinniya,3687.9288
6/16/2027,Kakamunnai_Kinniya,3618.287547
6/17/2027,Kakamunnai_Kinniya,3585.292911
6/18/2027,Kakamunnai_Kinniya,3640.271604
6/19/2027,Kakamunnai_Kinniya,3787.305175
6/20/2027,Kakamunnai_Kinniya,3906.287407
6/21/2027,Kakamunnai_Kinniya,4131.57638
6/22/2027,Kakamunnai_Kinniya,4338.542364
6/23/2027,Kakamunnai_Kinniya,4556.207359
6/24/2027,Kakamunnai_Kinniya,4750.755451
6/25/2027,Kakamunnai_Kinniya,4925.696905
6/26/2027,Kakamunnai_Kinniya,4995.513569
6/27/2027,Kakamunnai_Kinniya,5025.914757
6/28/2027,Kakamunnai_Kinniya,5121.111796
6/29/2027,Kakamunnai_Kinniya,5112.132786
6/30/2027,Kakamunnai_Kinniya,5159.059351
7/1/2027,Kakamunnai_Kinniya,5178.166443
7/2/2027,Kakamunnai_Kinniya,5194.55777
7/3/2027,Kakamunnai_Kinniya,5199.262782
7/4/2027,Kakamunnai_Kinniya,5163.73652
7/5/2027,Kakamunnai_Kinniya,5261.212964
7/6/2027,Kakamunnai_Kinniya,5251.681803
7/7/2027,Kakamunnai_Kinniya,5233.961471
7/8/2027,Kakamunnai_Kinniya,5304.016921
7/9/2027,Kakamunnai_Kinniya,5291.271258
7/10/2027,Kakamunnai_Kinniya,5230.05882
7/11/2027,Kakamunnai_Kinniya,5240.527061
7/12/2027,Kakamunnai_Kinniya,5171.611749
7/13/2027,Kakamunnai_Kinniya,5129.232924
7/14/2027,Kakamunnai_Kinniya,5049.108053
7/15/2027,Kakamunnai_Kinniya,4887.554382
7/16/2027,Kakamunnai_Kinniya,4818.282933
7/17/2027,Kakamunnai_Kinniya,4690.109268
7/18/2027,Kakamunnai_Kinniya,4661.659901
7/19/2027,Kakamunnai_Kinniya,4604.479861
7/20/2027,Kakamunnai_Kinniya,4623.461764
7/21/2027,Kakamunnai_Kinniya,4585.062922
7/22/2027,Kakamunnai_Kinniya,4527.489014
7/23/2027,Kakamunnai_Kinniya,4458.860172
7/24/2027,Kakamunnai_Kinniya,4476.724931
7/25/2027,Kakamunnai_Kinniya,4532.668951
7/26/2027,Kakamunnai_Kinniya,4562.226752
7/27/2027,Kakamunnai_Kinniya,4647.882151
7/28/2027,Kakamunnai_Kinniya,4684.91315
7/29/2027,Kakamunnai_Kinniya,4709.734819
7/30/2027,Kakamunnai_Kinniya,4723.18672
7/31/2027,Kakamunnai_Kinniya,4765.844647
8/1/2027,Kakamunnai_Kinniya,4795.702904
8/2/2027,Kakamunnai_Kinniya,4927.818825
8/3/2027,Kakamunnai_Kinniya,4922.10654
8/4/2027,Kakamunnai_Kinniya,4910.035163
8/5/2027,Kakamunnai_Kinniya,4940.148145
8/6/2027,Kakamunnai_Kinniya,4874.060679
8/7/2027,Kakamunnai_Kinniya,4848.691413
8/8/2027,Kakamunnai_Kinniya,4851.384862
8/9/2027,Kakamunnai_Kinniya,4827.142142
8/10/2027,Kakamunnai_Kinniya,4767.405649
8/11/2027,Kakamunnai_Kinniya,4756.077399
8/12/2027,Kakamunnai_Kinniya,4757.590364
8/13/2027,Kakamunnai_Kinniya,4762.459381
8/14/2027,Kakamunnai_Kinniya,4750.120963
8/15/2027,Kakamunnai_Kinniya,4710.944892
8/16/2027,Kakamunnai_Kinniya,4677.132928
8/17/2027,Kakamunnai_Kinniya,4600.371736
8/18/2027,Kakamunnai_Kinniya,4630.616493
8/19/2027,Kakamunnai_Kinniya,4598.719656
8/20/2027,Kakamunnai_Kinniya,4684.812185
8/21/2027,Kakamunnai_Kinniya,4711.638132
8/22/2027,Kakamunnai_Kinniya,4751.293651
8/23/2027,Kakamunnai_Kinniya,4630.961654
8/24/2027,Kakamunnai_Kinniya,4587.52115
8/25/2027,Kakamunnai_Kinniya,4587.191308
8/26/2027,Kakamunnai_Kinniya,4644.028368
8/27/2027,Kakamunnai_Kinniya,4609.953718
8/28/2027,Kakamunnai_Kinniya,4578.441232
8/29/2027,Kakamunnai_Kinniya,4564.680531
8/30/2027,Kakamunnai_Kinniya,4549.493133
8/31/2027,Kakamunnai_Kinniya,4598.791201
9/1/2027,Kakamunnai_Kinniya,4543.241468
9/2/2027,Kakamunnai_Kinniya,4436.238998
9/3/2027,Kakamunnai_Kinniya,4331.845574
9/4/2027,Kakamunnai_Kinniya,4242.905653
9/5/2027,Kakamunnai_Kinniya,4168.350425
9/6/2027,Kakamunnai_Kinniya,4139.515374
9/7/2027,Kakamunnai_Kinniya,4133.108485
9/8/2027,Kakamunnai_Kinniya,4117.876357
9/9/2027,Kakamunnai_Kinniya,4236.776017
9/10/2027,Kakamunnai_Kinniya,4211.783968
9/11/2027,Kakamunnai_Kinniya,4206.747324
9/12/2027,Kakamunnai_Kinniya,4175.489583
9/13/2027,Kakamunnai_Kinniya,4237.997974
9/14/2027,Kakamunnai_Kinniya,4264.635611
9/15/2027,Kakamunnai_Kinniya,4345.782625
9/16/2027,Kakamunnai_Kinniya,4322.890243
9/17/2027,Kakamunnai_Kinniya,4337.407161
9/18/2027,Kakamunnai_Kinniya,4375.297076
9/19/2027,Kakamunnai_Kinniya,4422.740065
9/20/2027,Kakamunnai_Kinniya,4464.304207
9/21/2027,Kakamunnai_Kinniya,4428.337201
9/22/2027,Kakamunnai_Kinniya,4373.098295
9/23/2027,Kakamunnai_Kinniya,4338.237481
9/24/2027,Kakamunnai_Kinniya,4303.384301
9/25/2027,Kakamunnai_Kinniya,4265.648085
9/26/2027,Kakamunnai_Kinniya,4249.946681
9/27/2027,Kakamunnai_Kinniya,4268.651238
9/28/2027,Kakamunnai_Kinniya,4261.323836
9/29/2027,Kakamunnai_Kinniya,4259.11453
9/30/2027,Kakamunnai_Kinniya,4161.154334
10/1/2027,Kakamunnai_Kinniya,4102.831683
10/2/2027,Kakamunnai_Kinniya,4046.461115
10/3/2027,Kakamunnai_Kinniya,3989.001027
10/4/2027,Kakamunnai_Kinniya,4006.598009
10/5/2027,Kakamunnai_Kinniya,4085.511821
10/6/2027,Kakamunnai_Kinniya,4099.123269
10/7/2027,Kakamunnai_Kinniya,4173.373917
10/8/2027,Kakamunnai_Kinniya,4298.801896
10/9/2027,Kakamunnai_Kinniya,4370.975815
10/10/2027,Kakamunnai_Kinniya,4437.182332
10/11/2027,Kakamunnai_Kinniya,4418.13873
10/12/2027,Kakamunnai_Kinniya,4392.37842
10/13/2027,Kakamunnai_Kinniya,4391.655311
10/14/2027,Kakamunnai_Kinniya,4401.891054
10/15/2027,Kakamunnai_Kinniya,4443.221001
10/16/2027,Kakamunnai_Kinniya,4357.900418
10/17/2027,Kakamunnai_Kinniya,4342.330662
10/18/2027,Kakamunnai_Kinniya,4264.020893
10/19/2027,Kakamunnai_Kinniya,4207.96068
10/20/2027,Kakamunnai_Kinniya,4171.213486
10/21/2027,Kakamunnai_Kinniya,4176.2466
10/22/2027,Kakamunnai_Kinniya,4153.737925
10/23/2027,Kakamunnai_Kinniya,4104.343291
10/24/2027,Kakamunnai_Kinniya,4184.642471
10/25/2027,Kakamunnai_Kinniya,4309.541385
10/26/2027,Kakamunnai_Kinniya,4428.699581
10/27/2027,Kakamunnai_Kinniya,4514.04826
10/28/2027,Kakamunnai_Kinniya,4591.799974
10/29/2027,Kakamunnai_Kinniya,4590.424305
10/30/2027,Kakamunnai_Kinniya,4593.957895
10/31/2027,Kakamunnai_Kinniya,4627.732932
11/1/2027,Kakamunnai_Kinniya,4622.024827
11/2/2027,Kakamunnai_Kinniya,4689.184079
11/3/2027,Kakamunnai_Kinniya,4728.082473
11/4/2027,Kakamunnai_Kinniya,4628.508837
11/5/2027,Kakamunnai_Kinniya,4487.544492
11/6/2027,Kakamunnai_Kinniya,4438.883808
11/7/2027,Kakamunnai_Kinniya,4383.554893
11/8/2027,Kakamunnai_Kinniya,4348.619342
11/9/2027,Kakamunnai_Kinniya,4281.545873
11/10/2027,Kakamunnai_Kinniya,4182.437367
11/11/2027,Kakamunnai_Kinniya,4080.900955
11/12/2027,Kakamunnai_Kinniya,3962.05824
11/13/2027,Kakamunnai_Kinniya,4003.831868
11/14/2027,Kakamunnai_Kinniya,4026.058172
11/15/2027,Kakamunnai_Kinniya,3976.131437
11/16/2027,Kakamunnai_Kinniya,3932.613656
11/17/2027,Kakamunnai_Kinniya,3900.691901
11/18/2027,Kakamunnai_Kinniya,3876.862122
11/19/2027,Kakamunnai_Kinniya,3934.711912
11/20/2027,Kakamunnai_Kinniya,4040.448928
11/21/2027,Kakamunnai_Kinniya,4067.522318
11/22/2027,Kakamunnai_Kinniya,4173.174266
11/23/2027,Kakamunnai_Kinniya,4155.25591
11/24/2027,Kakamunnai_Kinniya,4111.214532
11/25/2027,Kakamunnai_Kinniya,4201.379312
11/26/2027,Kakamunnai_Kinniya,4342.866155
11/27/2027,Kakamunnai_Kinniya,4417.294813
11/28/2027,Kakamunnai_Kinniya,4480.76564
11/29/2027,Kakamunnai_Kinniya,4514.812895
11/30/2027,Kakamunnai_Kinniya,4498.102041
12/1/2027,Kakamunnai_Kinniya,4498.837034
12/2/2027,Kakamunnai_Kinniya,4492.634297
12/3/2027,Kakamunnai_Kinniya,4593.833645
12/4/2027,Kakamunnai_Kinniya,4532.734178
12/5/2027,Kakamunnai_Kinniya,4545.72567
12/6/2027,Kakamunnai_Kinniya,4557.539664
12/7/2027,Kakamunnai_Kinniya,4634.703849
12/8/2027,Kakamunnai_Kinniya,4656.309992
12/9/2027,Kakamunnai_Kinniya,4715.903702
12/10/2027,Kakamunnai_Kinniya,4701.805833
12/11/2027,Kakamunnai_Kinniya,4739.730704
12/12/2027,Kakamunnai_Kinniya,4760.585302
12/13/2027,Kakamunnai_Kinniya,4740.212698
12/14/2027,Kakamunnai_Kinniya,4816.808164
12/15/2027,Kakamunnai_Kinniya,4924.191077
12/16/2027,Kakamunnai_Kinniya,4994.575883
12/17/2027,Kakamunnai_Kinniya,4962.679471
12/18/2027,Kakamunnai_Kinniya,4998.221935
12/19/2027,Kakamunnai_Kinniya,4965.376894
12/20/2027,Kakamunnai_Kinniya,4913.746425
12/21/2027,Kakamunnai_Kinniya,4877.559561
12/22/2027,Kakamunnai_Kinniya,4886.740268
12/23/2027,Kakamunnai_Kinniya,4900.309706
12/24/2027,Kakamunnai_Kinniya,4918.267873
12/25/2027,Kakamunnai_Kinniya,4940.614769
12/26/2027,Kakamunnai_Kinniya,4967.350395
12/27/2027,Kakamunnai_Kinniya,4998.474751
12/28/2027,Kakamunnai_Kinniya,5033.987837
12/29/2027,Kakamunnai_Kinniya,5073.889652
12/30/2027,Kakamunnai_Kinniya,5118.180197
12/31/2027,Kakamunnai_Kinniya,5166.859471
1/1/2025,Kebithigollewa,3441.072257
1/2/2025,Kebithigollewa,3359.132156
1/3/2025,Kebithigollewa,3286.058665
1/4/2025,Kebithigollewa,3221.851785
1/5/2025,Kebithigollewa,3166.511516
1/6/2025,Kebithigollewa,3120.037858
1/7/2025,Kebithigollewa,3082.430811
1/8/2025,Kebithigollewa,3053.690374
1/9/2025,Kebithigollewa,3033.816549
1/10/2025,Kebithigollewa,3022.809334
1/11/2025,Kebithigollewa,3020.66873
1/12/2025,Kebithigollewa,3106.335516
1/13/2025,Kebithigollewa,3143.672879
1/14/2025,Kebithigollewa,3137.86222
1/15/2025,Kebithigollewa,3126.843643
1/16/2025,Kebithigollewa,3199.668788
1/17/2025,Kebithigollewa,3257.461155
1/18/2025,Kebithigollewa,3311.110063
1/19/2025,Kebithigollewa,3265.716389
1/20/2025,Kebithigollewa,3292.753923
1/21/2025,Kebithigollewa,3279.797411
1/22/2025,Kebithigollewa,3326.666306
1/23/2025,Kebithigollewa,3362.274952
1/24/2025,Kebithigollewa,3338.022208
1/25/2025,Kebithigollewa,3329.154842
1/26/2025,Kebithigollewa,3314.22251
1/27/2025,Kebithigollewa,3291.243936
1/28/2025,Kebithigollewa,3249.991177
1/29/2025,Kebithigollewa,3234.340757
1/30/2025,Kebithigollewa,3172.543291
1/31/2025,Kebithigollewa,3082.075418
2/1/2025,Kebithigollewa,2973.44404
2/2/2025,Kebithigollewa,2902.886898
2/3/2025,Kebithigollewa,2852.566843
2/4/2025,Kebithigollewa,2803.062646
2/5/2025,Kebithigollewa,2860.404908
2/6/2025,Kebithigollewa,2865.890834
2/7/2025,Kebithigollewa,2865.70521
2/8/2025,Kebithigollewa,2859.506539
2/9/2025,Kebithigollewa,2883.657804
2/10/2025,Kebithigollewa,2915.493933
2/11/2025,Kebithigollewa,3068.303694
2/12/2025,Kebithigollewa,3172.014129
2/13/2025,Kebithigollewa,3274.206315
2/14/2025,Kebithigollewa,3369.65378
2/15/2025,Kebithigollewa,3503.408371
2/16/2025,Kebithigollewa,3642.344585
2/17/2025,Kebithigollewa,3656.515005
2/18/2025,Kebithigollewa,3671.306718
2/19/2025,Kebithigollewa,3604.431813
2/20/2025,Kebithigollewa,3536.17183
2/21/2025,Kebithigollewa,3529.057607
2/22/2025,Kebithigollewa,3581.65271
2/23/2025,Kebithigollewa,3620.346786
2/24/2025,Kebithigollewa,3595.238543
2/25/2025,Kebithigollewa,3589.42149
2/26/2025,Kebithigollewa,3580.581671
2/27/2025,Kebithigollewa,3561.261608
2/28/2025,Kebithigollewa,3506.643237
3/1/2025,Kebithigollewa,3481.511072
3/2/2025,Kebithigollewa,3465.508195
3/3/2025,Kebithigollewa,3445.46487
3/4/2025,Kebithigollewa,3413.345051
3/5/2025,Kebithigollewa,3437.346688
3/6/2025,Kebithigollewa,3427.560389
3/7/2025,Kebithigollewa,3462.618901
3/8/2025,Kebithigollewa,3425.787488
3/9/2025,Kebithigollewa,3358.463462
3/10/2025,Kebithigollewa,3303.063381
3/11/2025,Kebithigollewa,3230.52912
3/12/2025,Kebithigollewa,3209.232943
3/13/2025,Kebithigollewa,3293.401566
3/14/2025,Kebithigollewa,3367.868233
3/15/2025,Kebithigollewa,3388.345245
3/16/2025,Kebithigollewa,3391.675013
3/17/2025,Kebithigollewa,3519.176715
3/18/2025,Kebithigollewa,3636.03136
3/19/2025,Kebithigollewa,3706.93855
3/20/2025,Kebithigollewa,3730.362581
3/21/2025,Kebithigollewa,3759.874571
3/22/2025,Kebithigollewa,3754.932323
3/23/2025,Kebithigollewa,3762.689435
3/24/2025,Kebithigollewa,3834.208839
3/25/2025,Kebithigollewa,3870.590958
3/26/2025,Kebithigollewa,3832.244468
3/27/2025,Kebithigollewa,3767.472774
3/28/2025,Kebithigollewa,3662.371441
3/29/2025,Kebithigollewa,3619.880647
3/30/2025,Kebithigollewa,3508.882457
3/31/2025,Kebithigollewa,3409.600212
4/1/2025,Kebithigollewa,3249.778409
4/2/2025,Kebithigollewa,3176.254208
4/3/2025,Kebithigollewa,3123.651714
4/4/2025,Kebithigollewa,3063.470166
4/5/2025,Kebithigollewa,2989.012361
4/6/2025,Kebithigollewa,3106.352773
4/7/2025,Kebithigollewa,3068.618547
4/8/2025,Kebithigollewa,3021.060944
4/9/2025,Kebithigollewa,3027.265549
4/10/2025,Kebithigollewa,3073.137918
4/11/2025,Kebithigollewa,3094.753934
4/12/2025,Kebithigollewa,3204.316101
4/13/2025,Kebithigollewa,3249.144349
4/14/2025,Kebithigollewa,3312.327798
4/15/2025,Kebithigollewa,3377.838249
4/16/2025,Kebithigollewa,3480.170956
4/17/2025,Kebithigollewa,3558.410948
4/18/2025,Kebithigollewa,3685.048289
4/19/2025,Kebithigollewa,3698.504368
4/20/2025,Kebithigollewa,3672.661374
4/21/2025,Kebithigollewa,3624.206953
4/22/2025,Kebithigollewa,3656.869715
4/23/2025,Kebithigollewa,3637.825089
4/24/2025,Kebithigollewa,3567.822106
4/25/2025,Kebithigollewa,3466.876334
4/26/2025,Kebithigollewa,3453.184384
4/27/2025,Kebithigollewa,3307.246906
4/28/2025,Kebithigollewa,3259.115279
4/29/2025,Kebithigollewa,3214.513863
4/30/2025,Kebithigollewa,3127.103305
5/1/2025,Kebithigollewa,3024.769076
5/2/2025,Kebithigollewa,2986.865455
5/3/2025,Kebithigollewa,2976.787874
5/4/2025,Kebithigollewa,3020.697237
5/5/2025,Kebithigollewa,3033.127967
5/6/2025,Kebithigollewa,3142.976759
5/7/2025,Kebithigollewa,3165.313563
5/8/2025,Kebithigollewa,3210.474141
5/9/2025,Kebithigollewa,3206.273858
5/10/2025,Kebithigollewa,3215.711251
5/11/2025,Kebithigollewa,3250.179892
5/12/2025,Kebithigollewa,3265.074572
5/13/2025,Kebithigollewa,3249.878044
5/14/2025,Kebithigollewa,3218.673299
5/15/2025,Kebithigollewa,3179.771235
5/16/2025,Kebithigollewa,3260.937745
5/17/2025,Kebithigollewa,3360.437709
5/18/2025,Kebithigollewa,3396.509942
5/19/2025,Kebithigollewa,3411.913447
5/20/2025,Kebithigollewa,3414.270503
5/21/2025,Kebithigollewa,3425.6839
5/22/2025,Kebithigollewa,3540.680099
5/23/2025,Kebithigollewa,3672.810082
5/24/2025,Kebithigollewa,3738.97026
5/25/2025,Kebithigollewa,3744.544705
5/26/2025,Kebithigollewa,3771.50882
5/27/2025,Kebithigollewa,3729.507874
5/28/2025,Kebithigollewa,3719.823136
5/29/2025,Kebithigollewa,3645.472006
5/30/2025,Kebithigollewa,3555.297177
5/31/2025,Kebithigollewa,3410.657893
6/1/2025,Kebithigollewa,3306.11801
6/2/2025,Kebithigollewa,3218.797466
6/3/2025,Kebithigollewa,3130.254673
6/4/2025,Kebithigollewa,3062.769367
6/5/2025,Kebithigollewa,3122.894781
6/6/2025,Kebithigollewa,3075.956691
6/7/2025,Kebithigollewa,2977.70377
6/8/2025,Kebithigollewa,2962.774703
6/9/2025,Kebithigollewa,2915.532309
6/10/2025,Kebithigollewa,2903.008146
6/11/2025,Kebithigollewa,3013.046569
6/12/2025,Kebithigollewa,3095.304825
6/13/2025,Kebithigollewa,3139.477596
6/14/2025,Kebithigollewa,3158.355536
6/15/2025,Kebithigollewa,3231.602244
6/16/2025,Kebithigollewa,3305.258863
6/17/2025,Kebithigollewa,3336.411804
6/18/2025,Kebithigollewa,3336.308305
6/19/2025,Kebithigollewa,3342.327965
6/20/2025,Kebithigollewa,3375.9794
6/21/2025,Kebithigollewa,3501.113688
6/22/2025,Kebithigollewa,3594.301558
6/23/2025,Kebithigollewa,3628.240819
6/24/2025,Kebithigollewa,3610.385301
6/25/2025,Kebithigollewa,3613.268427
6/26/2025,Kebithigollewa,3542.990496
6/27/2025,Kebithigollewa,3503.441173
6/28/2025,Kebithigollewa,3429.691284
6/29/2025,Kebithigollewa,3283.887214
6/30/2025,Kebithigollewa,3174.083584
7/1/2025,Kebithigollewa,3097.128981
7/2/2025,Kebithigollewa,3052.759808
7/3/2025,Kebithigollewa,2958.804008
7/4/2025,Kebithigollewa,2859.876738
7/5/2025,Kebithigollewa,2827.689939
7/6/2025,Kebithigollewa,2774.052946
7/7/2025,Kebithigollewa,2678.979246
7/8/2025,Kebithigollewa,2640.791612
7/9/2025,Kebithigollewa,2649.659704
7/10/2025,Kebithigollewa,2717.635016
7/11/2025,Kebithigollewa,2851.134507
7/12/2025,Kebithigollewa,2900.251243
7/13/2025,Kebithigollewa,2928.728053
7/14/2025,Kebithigollewa,2968.820056
7/15/2025,Kebithigollewa,3072.36572
7/16/2025,Kebithigollewa,3129.569375
7/17/2025,Kebithigollewa,3212.387546
7/18/2025,Kebithigollewa,3205.796528
7/19/2025,Kebithigollewa,3190.682455
7/20/2025,Kebithigollewa,3238.831434
7/21/2025,Kebithigollewa,3291.123357
7/22/2025,Kebithigollewa,3393.132863
7/23/2025,Kebithigollewa,3411.290936
7/24/2025,Kebithigollewa,3385.810187
7/25/2025,Kebithigollewa,3334.21202
7/26/2025,Kebithigollewa,3247.234224
7/27/2025,Kebithigollewa,3169.095883
7/28/2025,Kebithigollewa,3116.045808
7/29/2025,Kebithigollewa,3057.168634
7/30/2025,Kebithigollewa,2959.280336
7/31/2025,Kebithigollewa,2865.117993
8/1/2025,Kebithigollewa,2744.646821
8/2/2025,Kebithigollewa,2631.070186
8/3/2025,Kebithigollewa,2521.887778
8/4/2025,Kebithigollewa,2519.657375
8/5/2025,Kebithigollewa,2443.31737
8/6/2025,Kebithigollewa,2428.583812
8/7/2025,Kebithigollewa,2404.10085
8/8/2025,Kebithigollewa,2366.581707
8/9/2025,Kebithigollewa,2429.345517
8/10/2025,Kebithigollewa,2501.51911
8/11/2025,Kebithigollewa,2594.495824
8/12/2025,Kebithigollewa,2651.828597
8/13/2025,Kebithigollewa,2700.108168
8/14/2025,Kebithigollewa,2807.665386
8/15/2025,Kebithigollewa,2928.143541
8/16/2025,Kebithigollewa,3017.408862
8/17/2025,Kebithigollewa,3006.346258
8/18/2025,Kebithigollewa,2991.812708
8/19/2025,Kebithigollewa,2983.599678
8/20/2025,Kebithigollewa,2989.016166
8/21/2025,Kebithigollewa,3005.000096
8/22/2025,Kebithigollewa,2962.276197
8/23/2025,Kebithigollewa,2934.07741
8/24/2025,Kebithigollewa,2902.795115
8/25/2025,Kebithigollewa,2804.620373
8/26/2025,Kebithigollewa,2776.536428
8/27/2025,Kebithigollewa,2701.163769
8/28/2025,Kebithigollewa,2596.903707
8/29/2025,Kebithigollewa,2562.721535
8/30/2025,Kebithigollewa,2499.973617
8/31/2025,Kebithigollewa,2499.886264
9/1/2025,Kebithigollewa,2464.177718
9/2/2025,Kebithigollewa,2415.382443
9/3/2025,Kebithigollewa,2439.928168
9/4/2025,Kebithigollewa,2420.976941
9/5/2025,Kebithigollewa,2385.88905
9/6/2025,Kebithigollewa,2371.265334
9/7/2025,Kebithigollewa,2416.36681
9/8/2025,Kebithigollewa,2441.210721
9/9/2025,Kebithigollewa,2452.73365
9/10/2025,Kebithigollewa,2524.880286
9/11/2025,Kebithigollewa,2544.90149
9/12/2025,Kebithigollewa,2589.600942
9/13/2025,Kebithigollewa,2669.330427
9/14/2025,Kebithigollewa,2742.905662
9/15/2025,Kebithigollewa,2811.908959
9/16/2025,Kebithigollewa,2832.139883
9/17/2025,Kebithigollewa,2849.349842
9/18/2025,Kebithigollewa,2885.350865
9/19/2025,Kebithigollewa,2919.759752
9/20/2025,Kebithigollewa,3015.709799
9/21/2025,Kebithigollewa,2992.76479
9/22/2025,Kebithigollewa,2977.027566
9/23/2025,Kebithigollewa,2997.573615
9/24/2025,Kebithigollewa,2984.943449
9/25/2025,Kebithigollewa,2977.22483
9/26/2025,Kebithigollewa,2924.125157
9/27/2025,Kebithigollewa,2860.71908
9/28/2025,Kebithigollewa,2749.432598
9/29/2025,Kebithigollewa,2678.012054
9/30/2025,Kebithigollewa,2675.022868
10/1/2025,Kebithigollewa,2596.627019
10/2/2025,Kebithigollewa,2532.636036
10/3/2025,Kebithigollewa,2558.51446
10/4/2025,Kebithigollewa,2496.064037
10/5/2025,Kebithigollewa,2446.070262
10/6/2025,Kebithigollewa,2424.420297
10/7/2025,Kebithigollewa,2402.502454
10/8/2025,Kebithigollewa,2396.851039
10/9/2025,Kebithigollewa,2475.142869
10/10/2025,Kebithigollewa,2568.845419
10/11/2025,Kebithigollewa,2626.189312
10/12/2025,Kebithigollewa,2727.544952
10/13/2025,Kebithigollewa,2866.386695
10/14/2025,Kebithigollewa,2976.555962
10/15/2025,Kebithigollewa,3051.951816
10/16/2025,Kebithigollewa,3109.46585
10/17/2025,Kebithigollewa,3134.495327
10/18/2025,Kebithigollewa,3123.186996
10/19/2025,Kebithigollewa,3175.159674
10/20/2025,Kebithigollewa,3216.452062
10/21/2025,Kebithigollewa,3173.320489
10/22/2025,Kebithigollewa,3127.045308
10/23/2025,Kebithigollewa,3097.925419
10/24/2025,Kebithigollewa,2980.548023
10/25/2025,Kebithigollewa,2922.283437
10/26/2025,Kebithigollewa,2801.675397
10/27/2025,Kebithigollewa,2676.317198
10/28/2025,Kebithigollewa,2552.730521
10/29/2025,Kebithigollewa,2491.147358
10/30/2025,Kebithigollewa,2484.15177
10/31/2025,Kebithigollewa,2477.398268
11/1/2025,Kebithigollewa,2445.072647
11/2/2025,Kebithigollewa,2487.356837
11/3/2025,Kebithigollewa,2488.296111
11/4/2025,Kebithigollewa,2482.587717
11/5/2025,Kebithigollewa,2495.65785
11/6/2025,Kebithigollewa,2491.528931
11/7/2025,Kebithigollewa,2536.819266
11/8/2025,Kebithigollewa,2637.02178
11/9/2025,Kebithigollewa,2691.664845
11/10/2025,Kebithigollewa,2699.117605
11/11/2025,Kebithigollewa,2706.757383
11/12/2025,Kebithigollewa,2829.928932
11/13/2025,Kebithigollewa,2916.440594
11/14/2025,Kebithigollewa,2970.607903
11/15/2025,Kebithigollewa,2966.848269
11/16/2025,Kebithigollewa,2987.589551
11/17/2025,Kebithigollewa,2979.505809
11/18/2025,Kebithigollewa,3017.638834
11/19/2025,Kebithigollewa,3093.291179
11/20/2025,Kebithigollewa,3061.991644
11/21/2025,Kebithigollewa,3071.997997
11/22/2025,Kebithigollewa,3108.553051
11/23/2025,Kebithigollewa,3068.066066
11/24/2025,Kebithigollewa,3081.653077
11/25/2025,Kebithigollewa,3066.425605
11/26/2025,Kebithigollewa,3016.046995
11/27/2025,Kebithigollewa,2934.974507
11/28/2025,Kebithigollewa,2860.616339
11/29/2025,Kebithigollewa,2758.761674
11/30/2025,Kebithigollewa,2643.820342
12/1/2025,Kebithigollewa,2603.831281
12/2/2025,Kebithigollewa,2664.97123
12/3/2025,Kebithigollewa,2627.871815
12/4/2025,Kebithigollewa,2610.210109
12/5/2025,Kebithigollewa,2624.142339
12/6/2025,Kebithigollewa,2596.802779
12/7/2025,Kebithigollewa,2576.580573
12/8/2025,Kebithigollewa,2632.243531
12/9/2025,Kebithigollewa,2684.403476
12/10/2025,Kebithigollewa,2710.117912
12/11/2025,Kebithigollewa,2821.837667
12/12/2025,Kebithigollewa,2966.168015
12/13/2025,Kebithigollewa,3051.949937
12/14/2025,Kebithigollewa,3172.426212
12/15/2025,Kebithigollewa,3232.092277
12/16/2025,Kebithigollewa,3229.641832
12/17/2025,Kebithigollewa,3224.884299
12/18/2025,Kebithigollewa,3266.305024
12/19/2025,Kebithigollewa,3288.403932
12/20/2025,Kebithigollewa,3318.9521
12/21/2025,Kebithigollewa,3331.966367
12/22/2025,Kebithigollewa,3308.14865
12/23/2025,Kebithigollewa,3263.386041
12/24/2025,Kebithigollewa,3238.550578
12/25/2025,Kebithigollewa,3150.741323
12/26/2025,Kebithigollewa,3053.6753
12/27/2025,Kebithigollewa,2930.796926
12/28/2025,Kebithigollewa,2824.076762
12/29/2025,Kebithigollewa,2766.691964
12/30/2025,Kebithigollewa,2733.622956
12/31/2025,Kebithigollewa,2731.280429
1/1/2026,Kebithigollewa,2789.199362
1/2/2026,Kebithigollewa,2798.959976
1/3/2026,Kebithigollewa,2820.405408
1/4/2026,Kebithigollewa,2872.41443
1/5/2026,Kebithigollewa,2899.805935
1/6/2026,Kebithigollewa,2973.812717
1/7/2026,Kebithigollewa,3069.330606
1/8/2026,Kebithigollewa,3146.814499
1/9/2026,Kebithigollewa,3201.601645
1/10/2026,Kebithigollewa,3213.497857
1/11/2026,Kebithigollewa,3278.565972
1/12/2026,Kebithigollewa,3337.977102
1/13/2026,Kebithigollewa,3312.486454
1/14/2026,Kebithigollewa,3344.408515
1/15/2026,Kebithigollewa,3354.029532
1/16/2026,Kebithigollewa,3305.257908
1/17/2026,Kebithigollewa,3353.404042
1/18/2026,Kebithigollewa,3416.18095
1/19/2026,Kebithigollewa,3444.416733
1/20/2026,Kebithigollewa,3429.699821
1/21/2026,Kebithigollewa,3432.6224
1/22/2026,Kebithigollewa,3448.531052
1/23/2026,Kebithigollewa,3448.354053
1/24/2026,Kebithigollewa,3414.573633
1/25/2026,Kebithigollewa,3362.88382
1/26/2026,Kebithigollewa,3295.581728
1/27/2026,Kebithigollewa,3210.296255
1/28/2026,Kebithigollewa,3150.505002
1/29/2026,Kebithigollewa,3077.918448
1/30/2026,Kebithigollewa,3014.709912
1/31/2026,Kebithigollewa,3018.240249
2/1/2026,Kebithigollewa,3004.050235
2/2/2026,Kebithigollewa,2957.943328
2/3/2026,Kebithigollewa,2990.269155
2/4/2026,Kebithigollewa,2979.475638
2/5/2026,Kebithigollewa,2985.962949
2/6/2026,Kebithigollewa,3049.27256
2/7/2026,Kebithigollewa,3110.928543
2/8/2026,Kebithigollewa,3130.81167
2/9/2026,Kebithigollewa,3113.972948
2/10/2026,Kebithigollewa,3221.587434
2/11/2026,Kebithigollewa,3341.199757
2/12/2026,Kebithigollewa,3362.787414
2/13/2026,Kebithigollewa,3372.916247
2/14/2026,Kebithigollewa,3411.034814
2/15/2026,Kebithigollewa,3396.414788
2/16/2026,Kebithigollewa,3425.903099
2/17/2026,Kebithigollewa,3470.692812
2/18/2026,Kebithigollewa,3495.410437
2/19/2026,Kebithigollewa,3490.781677
2/20/2026,Kebithigollewa,3547.448651
2/21/2026,Kebithigollewa,3522.805311
2/22/2026,Kebithigollewa,3555.820352
2/23/2026,Kebithigollewa,3488.278424
2/24/2026,Kebithigollewa,3426.005772
2/25/2026,Kebithigollewa,3350.09533
2/26/2026,Kebithigollewa,3271.242143
2/27/2026,Kebithigollewa,3242.44228
2/28/2026,Kebithigollewa,3107.746513
3/1/2026,Kebithigollewa,3023.762108
3/2/2026,Kebithigollewa,3097.007351
3/3/2026,Kebithigollewa,3030.960723
3/4/2026,Kebithigollewa,2965.568371
3/5/2026,Kebithigollewa,2945.580822
3/6/2026,Kebithigollewa,2912.779801
3/7/2026,Kebithigollewa,2889.258205
3/8/2026,Kebithigollewa,2937.747575
3/9/2026,Kebithigollewa,2963.030129
3/10/2026,Kebithigollewa,2989.323088
3/11/2026,Kebithigollewa,3035.009653
3/12/2026,Kebithigollewa,3174.724334
3/13/2026,Kebithigollewa,3282.427902
3/14/2026,Kebithigollewa,3411.428081
3/15/2026,Kebithigollewa,3426.817525
3/16/2026,Kebithigollewa,3460.321557
3/17/2026,Kebithigollewa,3446.748679
3/18/2026,Kebithigollewa,3501.874771
3/19/2026,Kebithigollewa,3570.145914
3/20/2026,Kebithigollewa,3562.445925
3/21/2026,Kebithigollewa,3554.594924
3/22/2026,Kebithigollewa,3549.041935
3/23/2026,Kebithigollewa,3525.413407
3/24/2026,Kebithigollewa,3552.114154
3/25/2026,Kebithigollewa,3502.15897
3/26/2026,Kebithigollewa,3434.942734
3/27/2026,Kebithigollewa,3367.185819
3/28/2026,Kebithigollewa,3275.151236
3/29/2026,Kebithigollewa,3236.689643
3/30/2026,Kebithigollewa,3206.552266
3/31/2026,Kebithigollewa,3197.651852
4/1/2026,Kebithigollewa,3284.239498
4/2/2026,Kebithigollewa,3297.616681
4/3/2026,Kebithigollewa,3244.584462
4/4/2026,Kebithigollewa,3213.200558
4/5/2026,Kebithigollewa,3201.880559
4/6/2026,Kebithigollewa,3235.89559
4/7/2026,Kebithigollewa,3369.65138
4/8/2026,Kebithigollewa,3416.946966
4/9/2026,Kebithigollewa,3445.457605
4/10/2026,Kebithigollewa,3476.514636
4/11/2026,Kebithigollewa,3588.315073
4/12/2026,Kebithigollewa,3689.208937
4/13/2026,Kebithigollewa,3675.594705
4/14/2026,Kebithigollewa,3624.431636
4/15/2026,Kebithigollewa,3604.300903
4/16/2026,Kebithigollewa,3559.869713
4/17/2026,Kebithigollewa,3574.174129
4/18/2026,Kebithigollewa,3656.259476
4/19/2026,Kebithigollewa,3685.559037
4/20/2026,Kebithigollewa,3695.853238
4/21/2026,Kebithigollewa,3688.973715
4/22/2026,Kebithigollewa,3616.122795
4/23/2026,Kebithigollewa,3588.80063
4/24/2026,Kebithigollewa,3577.355415
4/25/2026,Kebithigollewa,3606.542545
4/26/2026,Kebithigollewa,3585.245968
4/27/2026,Kebithigollewa,3533.241228
4/28/2026,Kebithigollewa,3505.500785
4/29/2026,Kebithigollewa,3455.351401
4/30/2026,Kebithigollewa,3385.392935
5/1/2026,Kebithigollewa,3425.115071
5/2/2026,Kebithigollewa,3342.044416
5/3/2026,Kebithigollewa,3245.754426
5/4/2026,Kebithigollewa,3191.575988
5/5/2026,Kebithigollewa,3146.384468
5/6/2026,Kebithigollewa,3170.094846
5/7/2026,Kebithigollewa,3298.551148
5/8/2026,Kebithigollewa,3355.653218
5/9/2026,Kebithigollewa,3394.457025
5/10/2026,Kebithigollewa,3426.850222
5/11/2026,Kebithigollewa,3531.978885
5/12/2026,Kebithigollewa,3630.199531
5/13/2026,Kebithigollewa,3701.848669
5/14/2026,Kebithigollewa,3686.533945
5/15/2026,Kebithigollewa,3674.756374
5/16/2026,Kebithigollewa,3616.771414
5/17/2026,Kebithigollewa,3586.610548
5/18/2026,Kebithigollewa,3658.060519
5/19/2026,Kebithigollewa,3644.968968
5/20/2026,Kebithigollewa,3596.942226
5/21/2026,Kebithigollewa,3591.030819
5/22/2026,Kebithigollewa,3482.169879
5/23/2026,Kebithigollewa,3393.10046
5/24/2026,Kebithigollewa,3326.544128
5/25/2026,Kebithigollewa,3276.592132
5/26/2026,Kebithigollewa,3216.067937
5/27/2026,Kebithigollewa,3103.902387
5/28/2026,Kebithigollewa,3023.743049
5/29/2026,Kebithigollewa,2977.957234
5/30/2026,Kebithigollewa,2948.325275
5/31/2026,Kebithigollewa,3030.979808
6/1/2026,Kebithigollewa,3044.947025
6/2/2026,Kebithigollewa,3044.463965
6/3/2026,Kebithigollewa,3069.675317
6/4/2026,Kebithigollewa,3092.893618
6/5/2026,Kebithigollewa,3161.789834
6/6/2026,Kebithigollewa,3264.504716
6/7/2026,Kebithigollewa,3397.886633
6/8/2026,Kebithigollewa,3447.77214
6/9/2026,Kebithigollewa,3479.612471
6/10/2026,Kebithigollewa,3552.420863
6/11/2026,Kebithigollewa,3570.631852
6/12/2026,Kebithigollewa,3612.893536
6/13/2026,Kebithigollewa,3617.86093
6/14/2026,Kebithigollewa,3550.633349
6/15/2026,Kebithigollewa,3448.856712
6/16/2026,Kebithigollewa,3381.148523
6/17/2026,Kebithigollewa,3398.465088
6/18/2026,Kebithigollewa,3360.271572
6/19/2026,Kebithigollewa,3333.290974
6/20/2026,Kebithigollewa,3322.16728
6/21/2026,Kebithigollewa,3272.730479
6/22/2026,Kebithigollewa,3254.725809
6/23/2026,Kebithigollewa,3243.502011
6/24/2026,Kebithigollewa,3189.00078
6/25/2026,Kebithigollewa,3121.039769
6/26/2026,Kebithigollewa,3028.692285
6/27/2026,Kebithigollewa,2999.609672
6/28/2026,Kebithigollewa,2918.704159
6/29/2026,Kebithigollewa,2827.018496
6/30/2026,Kebithigollewa,2798.93688
7/1/2026,Kebithigollewa,2706.233133
7/2/2026,Kebithigollewa,2639.501951
7/3/2026,Kebithigollewa,2582.774577
7/4/2026,Kebithigollewa,2535.043288
7/5/2026,Kebithigollewa,2514.774078
7/6/2026,Kebithigollewa,2539.463564
7/7/2026,Kebithigollewa,2612.656294
7/8/2026,Kebithigollewa,2714.256568
7/9/2026,Kebithigollewa,2787.96401
7/10/2026,Kebithigollewa,2871.820397
7/11/2026,Kebithigollewa,2963.606924
7/12/2026,Kebithigollewa,3071.010153
7/13/2026,Kebithigollewa,3156.811048
7/14/2026,Kebithigollewa,3167.810647
7/15/2026,Kebithigollewa,3201.670692
7/16/2026,Kebithigollewa,3243.731492
7/17/2026,Kebithigollewa,3300.847935
7/18/2026,Kebithigollewa,3271.576603
7/19/2026,Kebithigollewa,3229.719924
7/20/2026,Kebithigollewa,3164.12524
7/21/2026,Kebithigollewa,3066.63259
7/22/2026,Kebithigollewa,3009.585301
7/23/2026,Kebithigollewa,2958.458645
7/24/2026,Kebithigollewa,2877.133654
7/25/2026,Kebithigollewa,2787.740181
7/26/2026,Kebithigollewa,2722.767804
7/27/2026,Kebithigollewa,2701.266959
7/28/2026,Kebithigollewa,2676.70991
7/29/2026,Kebithigollewa,2610.494351
7/30/2026,Kebithigollewa,2587.753353
7/31/2026,Kebithigollewa,2575.532279
8/1/2026,Kebithigollewa,2566.777856
8/2/2026,Kebithigollewa,2596.753252
8/3/2026,Kebithigollewa,2575.373429
8/4/2026,Kebithigollewa,2576.300805
8/5/2026,Kebithigollewa,2569.468378
8/6/2026,Kebithigollewa,2589.543876
8/7/2026,Kebithigollewa,2613.629201
8/8/2026,Kebithigollewa,2636.696951
8/9/2026,Kebithigollewa,2735.827757
8/10/2026,Kebithigollewa,2873.623322
8/11/2026,Kebithigollewa,2984.965557
8/12/2026,Kebithigollewa,3027.703619
8/13/2026,Kebithigollewa,3083.428743
8/14/2026,Kebithigollewa,3094.266347
8/15/2026,Kebithigollewa,3131.403023
8/16/2026,Kebithigollewa,3224.720625
8/17/2026,Kebithigollewa,3242.810493
8/18/2026,Kebithigollewa,3238.818736
8/19/2026,Kebithigollewa,3204.856249
8/20/2026,Kebithigollewa,3183.542162
8/21/2026,Kebithigollewa,3143.332459
8/22/2026,Kebithigollewa,3063.739363
8/23/2026,Kebithigollewa,2937.485656
8/24/2026,Kebithigollewa,2782.863351
8/25/2026,Kebithigollewa,2668.082109
8/26/2026,Kebithigollewa,2593.950621
8/27/2026,Kebithigollewa,2538.073652
8/28/2026,Kebithigollewa,2468.439834
8/29/2026,Kebithigollewa,2495.91936
8/30/2026,Kebithigollewa,2516.363447
8/31/2026,Kebithigollewa,2498.186517
9/1/2026,Kebithigollewa,2489.507762
9/2/2026,Kebithigollewa,2508.753512
9/3/2026,Kebithigollewa,2538.400823
9/4/2026,Kebithigollewa,2649.436589
9/5/2026,Kebithigollewa,2738.56988
9/6/2026,Kebithigollewa,2764.316841
9/7/2026,Kebithigollewa,2802.122589
9/8/2026,Kebithigollewa,2897.431431
9/9/2026,Kebithigollewa,2968.851544
9/10/2026,Kebithigollewa,2967.228192
9/11/2026,Kebithigollewa,2949.58027
9/12/2026,Kebithigollewa,2921.214249
9/13/2026,Kebithigollewa,2891.361466
9/14/2026,Kebithigollewa,2901.522567
9/15/2026,Kebithigollewa,2947.294369
9/16/2026,Kebithigollewa,2955.906955
9/17/2026,Kebithigollewa,2901.652811
9/18/2026,Kebithigollewa,2898.163172
9/19/2026,Kebithigollewa,2876.04631
9/20/2026,Kebithigollewa,2833.367672
9/21/2026,Kebithigollewa,2783.922224
9/22/2026,Kebithigollewa,2730.597046
9/23/2026,Kebithigollewa,2675.472523
9/24/2026,Kebithigollewa,2633.910422
9/25/2026,Kebithigollewa,2604.561728
9/26/2026,Kebithigollewa,2559.617239
9/27/2026,Kebithigollewa,2468.61566
9/28/2026,Kebithigollewa,2488.648458
9/29/2026,Kebithigollewa,2428.528616
9/30/2026,Kebithigollewa,2381.253011
10/1/2026,Kebithigollewa,2386.509666
10/2/2026,Kebithigollewa,2365.293029
10/3/2026,Kebithigollewa,2393.022313
10/4/2026,Kebithigollewa,2449.112516
10/5/2026,Kebithigollewa,2537.659417
10/6/2026,Kebithigollewa,2572.082885
10/7/2026,Kebithigollewa,2602.211056
10/8/2026,Kebithigollewa,2716.63918
10/9/2026,Kebithigollewa,2798.527619
10/10/2026,Kebithigollewa,2823.572057
10/11/2026,Kebithigollewa,2823.434149
10/12/2026,Kebithigollewa,2793.999619
10/13/2026,Kebithigollewa,2774.994184
10/14/2026,Kebithigollewa,2829.513777
10/15/2026,Kebithigollewa,2893.795264
10/16/2026,Kebithigollewa,2881.506522
10/17/2026,Kebithigollewa,2873.424158
10/18/2026,Kebithigollewa,2906.081623
10/19/2026,Kebithigollewa,2918.713249
10/20/2026,Kebithigollewa,2947.515884
10/21/2026,Kebithigollewa,2936.873021
10/22/2026,Kebithigollewa,2922.470233
10/23/2026,Kebithigollewa,2877.22588
10/24/2026,Kebithigollewa,2827.611361
10/25/2026,Kebithigollewa,2811.992761
10/26/2026,Kebithigollewa,2770.485793
10/27/2026,Kebithigollewa,2743.185906
10/28/2026,Kebithigollewa,2788.860959
10/29/2026,Kebithigollewa,2760.222388
10/30/2026,Kebithigollewa,2688.447152
10/31/2026,Kebithigollewa,2659.511012
11/1/2026,Kebithigollewa,2610.938855
11/2/2026,Kebithigollewa,2589.039909
11/3/2026,Kebithigollewa,2642.625417
11/4/2026,Kebithigollewa,2707.448476
11/5/2026,Kebithigollewa,2737.403229
11/6/2026,Kebithigollewa,2781.822627
11/7/2026,Kebithigollewa,2887.859153
11/8/2026,Kebithigollewa,3007.92969
11/9/2026,Kebithigollewa,3046.631038
11/10/2026,Kebithigollewa,3087.259717
11/11/2026,Kebithigollewa,3142.213027
11/12/2026,Kebithigollewa,3120.154857
11/13/2026,Kebithigollewa,3160.406456
11/14/2026,Kebithigollewa,3257.116432
11/15/2026,Kebithigollewa,3310.789833
11/16/2026,Kebithigollewa,3290.316303
11/17/2026,Kebithigollewa,3312.548279
11/18/2026,Kebithigollewa,3280.082797
11/19/2026,Kebithigollewa,3271.024113
11/20/2026,Kebithigollewa,3209.914861
11/21/2026,Kebithigollewa,3106.130242
11/22/2026,Kebithigollewa,2990.303396
11/23/2026,Kebithigollewa,2900.701782
11/24/2026,Kebithigollewa,2834.824994
11/25/2026,Kebithigollewa,2731.84057
11/26/2026,Kebithigollewa,2680.430465
11/27/2026,Kebithigollewa,2701.470729
11/28/2026,Kebithigollewa,2665.652665
11/29/2026,Kebithigollewa,2638.663013
11/30/2026,Kebithigollewa,2659.274054
12/1/2026,Kebithigollewa,2698.537954
12/2/2026,Kebithigollewa,2737.058437
12/3/2026,Kebithigollewa,2841.031827
12/4/2026,Kebithigollewa,2911.355522
12/5/2026,Kebithigollewa,2923.458027
12/6/2026,Kebithigollewa,2920.645262
12/7/2026,Kebithigollewa,3031.24411
12/8/2026,Kebithigollewa,3117.078696
12/9/2026,Kebithigollewa,3161.376283
12/10/2026,Kebithigollewa,3112.406144
12/11/2026,Kebithigollewa,3066.985476
12/12/2026,Kebithigollewa,3067.001382
12/13/2026,Kebithigollewa,3107.399139
12/14/2026,Kebithigollewa,3208.432422
12/15/2026,Kebithigollewa,3269.176371
12/16/2026,Kebithigollewa,3320.104374
12/17/2026,Kebithigollewa,3312.540166
12/18/2026,Kebithigollewa,3307.630366
12/19/2026,Kebithigollewa,3321.75665
12/20/2026,Kebithigollewa,3279.777154
12/21/2026,Kebithigollewa,3238.793068
12/22/2026,Kebithigollewa,3149.882684
12/23/2026,Kebithigollewa,3065.466409
12/24/2026,Kebithigollewa,2979.030915
12/25/2026,Kebithigollewa,2886.529096
12/26/2026,Kebithigollewa,2794.472419
12/27/2026,Kebithigollewa,2818.92174
12/28/2026,Kebithigollewa,2747.916228
12/29/2026,Kebithigollewa,2685.787491
12/30/2026,Kebithigollewa,2646.23212
12/31/2026,Kebithigollewa,2632.552434
1/1/2027,Kebithigollewa,2674.90182
1/2/2027,Kebithigollewa,2815.220615
1/3/2027,Kebithigollewa,2910.294542
1/4/2027,Kebithigollewa,3002.908469
1/5/2027,Kebithigollewa,3046.558089
1/6/2027,Kebithigollewa,3167.856622
1/7/2027,Kebithigollewa,3286.716402
1/8/2027,Kebithigollewa,3393.260089
1/9/2027,Kebithigollewa,3403.432977
1/10/2027,Kebithigollewa,3410.878765
1/11/2027,Kebithigollewa,3416.258512
1/12/2027,Kebithigollewa,3436.442631
1/13/2027,Kebithigollewa,3472.606092
1/14/2027,Kebithigollewa,3481.151155
1/15/2027,Kebithigollewa,3445.143798
1/16/2027,Kebithigollewa,3446.286655
1/17/2027,Kebithigollewa,3356.517495
1/18/2027,Kebithigollewa,3327.27558
1/19/2027,Kebithigollewa,3223.93255
1/20/2027,Kebithigollewa,3151.995117
1/21/2027,Kebithigollewa,3042.322801
1/22/2027,Kebithigollewa,3024.127154
1/23/2027,Kebithigollewa,2951.776126
1/24/2027,Kebithigollewa,2975.939062
1/25/2027,Kebithigollewa,2904.689918
1/26/2027,Kebithigollewa,2959.700489
1/27/2027,Kebithigollewa,2914.257494
1/28/2027,Kebithigollewa,2869.260232
1/29/2027,Kebithigollewa,2818.092429
1/30/2027,Kebithigollewa,2826.232378
1/31/2027,Kebithigollewa,2866.894858
2/1/2027,Kebithigollewa,2943.531771
2/2/2027,Kebithigollewa,3039.54755
2/3/2027,Kebithigollewa,3079.039994
2/4/2027,Kebithigollewa,3152.534608
2/5/2027,Kebithigollewa,3268.04776
2/6/2027,Kebithigollewa,3347.039334
2/7/2027,Kebithigollewa,3433.164177
2/8/2027,Kebithigollewa,3489.907649
2/9/2027,Kebithigollewa,3557.31093
2/10/2027,Kebithigollewa,3567.53255
2/11/2027,Kebithigollewa,3629.839645
2/12/2027,Kebithigollewa,3682.06645
2/13/2027,Kebithigollewa,3729.024679
2/14/2027,Kebithigollewa,3674.27479
2/15/2027,Kebithigollewa,3671.89145
2/16/2027,Kebithigollewa,3559.148364
2/17/2027,Kebithigollewa,3517.161729
2/18/2027,Kebithigollewa,3450.869578
2/19/2027,Kebithigollewa,3358.91092
2/20/2027,Kebithigollewa,3256.529733
2/21/2027,Kebithigollewa,3167.491168
2/22/2027,Kebithigollewa,3121.387803
2/23/2027,Kebithigollewa,3062.377012
2/24/2027,Kebithigollewa,3050.011096
2/25/2027,Kebithigollewa,3087.188407
2/26/2027,Kebithigollewa,3083.480532
2/27/2027,Kebithigollewa,3075.602143
2/28/2027,Kebithigollewa,3114.66754
3/1/2027,Kebithigollewa,3091.420766
3/2/2027,Kebithigollewa,3087.072799
3/3/2027,Kebithigollewa,3102.546499
3/4/2027,Kebithigollewa,3154.997189
3/5/2027,Kebithigollewa,3174.391942
3/6/2027,Kebithigollewa,3158.107159
3/7/2027,Kebithigollewa,3245.352091
3/8/2027,Kebithigollewa,3326.126329
3/9/2027,Kebithigollewa,3421.294423
3/10/2027,Kebithigollewa,3421.521054
3/11/2027,Kebithigollewa,3444.513484
3/12/2027,Kebithigollewa,3489.234445
3/13/2027,Kebithigollewa,3573.639502
3/14/2027,Kebithigollewa,3698.608689
3/15/2027,Kebithigollewa,3757.213315
3/16/2027,Kebithigollewa,3817.90981
3/17/2027,Kebithigollewa,3859.207437
3/18/2027,Kebithigollewa,3842.923123
3/19/2027,Kebithigollewa,3849.504992
3/20/2027,Kebithigollewa,3824.340686
3/21/2027,Kebithigollewa,3739.693321
3/22/2027,Kebithigollewa,3641.67227
3/23/2027,Kebithigollewa,3524.526846
3/24/2027,Kebithigollewa,3453.468371
3/25/2027,Kebithigollewa,3332.050308
3/26/2027,Kebithigollewa,3266.278404
3/27/2027,Kebithigollewa,3336.058866
3/28/2027,Kebithigollewa,3317.553762
3/29/2027,Kebithigollewa,3272.940413
3/30/2027,Kebithigollewa,3238.401433
3/31/2027,Kebithigollewa,3256.151952
4/1/2027,Kebithigollewa,3276.111807
4/2/2027,Kebithigollewa,3300.993922
4/3/2027,Kebithigollewa,3338.740517
4/4/2027,Kebithigollewa,3394.46139
4/5/2027,Kebithigollewa,3459.26004
4/6/2027,Kebithigollewa,3606.046523
4/7/2027,Kebithigollewa,3748.321687
4/8/2027,Kebithigollewa,3876.101011
4/9/2027,Kebithigollewa,3888.061647
4/10/2027,Kebithigollewa,3914.015687
4/11/2027,Kebithigollewa,3916.301256
4/12/2027,Kebithigollewa,3950.676196
4/13/2027,Kebithigollewa,4006.756779
4/14/2027,Kebithigollewa,3990.597765
4/15/2027,Kebithigollewa,3981.861018
4/16/2027,Kebithigollewa,3942.395569
4/17/2027,Kebithigollewa,3841.187797
4/18/2027,Kebithigollewa,3789.575692
4/19/2027,Kebithigollewa,3678.194835
4/20/2027,Kebithigollewa,3570.698823
4/21/2027,Kebithigollewa,3403.045252
4/22/2027,Kebithigollewa,3249.10724
4/23/2027,Kebithigollewa,3212.589984
4/24/2027,Kebithigollewa,3153.024538
4/25/2027,Kebithigollewa,3132.446503
4/26/2027,Kebithigollewa,3257.538074
4/27/2027,Kebithigollewa,3302.83767
4/28/2027,Kebithigollewa,3379.676922
4/29/2027,Kebithigollewa,3368.813193
4/30/2027,Kebithigollewa,3398.355625
5/1/2027,Kebithigollewa,3469.786323
5/2/2027,Kebithigollewa,3525.855621
5/3/2027,Kebithigollewa,3605.663262
5/4/2027,Kebithigollewa,3647.083649
5/5/2027,Kebithigollewa,3656.462191
5/6/2027,Kebithigollewa,3731.05376
5/7/2027,Kebithigollewa,3781.245212
5/8/2027,Kebithigollewa,3755.417391
5/9/2027,Kebithigollewa,3677.683655
5/10/2027,Kebithigollewa,3603.866061
5/11/2027,Kebithigollewa,3483.876888
5/12/2027,Kebithigollewa,3522.72902
5/13/2027,Kebithigollewa,3568.209205
5/14/2027,Kebithigollewa,3537.607434
5/15/2027,Kebithigollewa,3581.513357
5/16/2027,Kebithigollewa,3625.857944
5/17/2027,Kebithigollewa,3611.859282
5/18/2027,Kebithigollewa,3617.429425
5/19/2027,Kebithigollewa,3545.900329
5/20/2027,Kebithigollewa,3513.711719
5/21/2027,Kebithigollewa,3482.65562
5/22/2027,Kebithigollewa,3438.267608
5/23/2027,Kebithigollewa,3432.098531
5/24/2027,Kebithigollewa,3374.318261
5/25/2027,Kebithigollewa,3250.419732
5/26/2027,Kebithigollewa,3260.061809
5/27/2027,Kebithigollewa,3202.548153
5/28/2027,Kebithigollewa,3100.928091
5/29/2027,Kebithigollewa,3007.843966
5/30/2027,Kebithigollewa,2938.329781
5/31/2027,Kebithigollewa,2932.926738
6/1/2027,Kebithigollewa,3011.565912
6/2/2027,Kebithigollewa,3012.218698
6/3/2027,Kebithigollewa,3019.937598
6/4/2027,Kebithigollewa,3023.454296
6/5/2027,Kebithigollewa,3114.3703
6/6/2027,Kebithigollewa,3172.645728
6/7/2027,Kebithigollewa,3237.714728
6/8/2027,Kebithigollewa,3223.719324
6/9/2027,Kebithigollewa,3210.399223
6/10/2027,Kebithigollewa,3173.087065
6/11/2027,Kebithigollewa,3215.525949
6/12/2027,Kebithigollewa,3216.46437
6/13/2027,Kebithigollewa,3184.330907
6/14/2027,Kebithigollewa,3138.938999
6/15/2027,Kebithigollewa,3171.975514
6/16/2027,Kebithigollewa,3143.252561
6/17/2027,Kebithigollewa,3137.216386
6/18/2027,Kebithigollewa,3097.756946
6/19/2027,Kebithigollewa,3075.285401
6/20/2027,Kebithigollewa,3036.884475
6/21/2027,Kebithigollewa,2988.260034
6/22/2027,Kebithigollewa,2989.704785
6/23/2027,Kebithigollewa,2961.994385
6/24/2027,Kebithigollewa,2915.059385
6/25/2027,Kebithigollewa,2979.371084
6/26/2027,Kebithigollewa,2933.815848
6/27/2027,Kebithigollewa,2907.858105
6/28/2027,Kebithigollewa,2825.236055
6/29/2027,Kebithigollewa,2815.245824
6/30/2027,Kebithigollewa,2823.163463
7/1/2027,Kebithigollewa,2858.556152
7/2/2027,Kebithigollewa,2834.82062
7/3/2027,Kebithigollewa,2838.297491
7/4/2027,Kebithigollewa,2860.990737
7/5/2027,Kebithigollewa,2949.021454
7/6/2027,Kebithigollewa,3031.481961
7/7/2027,Kebithigollewa,3130.250651
7/8/2027,Kebithigollewa,3184.547735
7/9/2027,Kebithigollewa,3172.224774
7/10/2027,Kebithigollewa,3138.977597
7/11/2027,Kebithigollewa,3162.248574
7/12/2027,Kebithigollewa,3212.681142
7/13/2027,Kebithigollewa,3247.116196
7/14/2027,Kebithigollewa,3229.015833
7/15/2027,Kebithigollewa,3240.527488
7/16/2027,Kebithigollewa,3172.768737
7/17/2027,Kebithigollewa,3144.734128
7/18/2027,Kebithigollewa,3081.524055
7/19/2027,Kebithigollewa,3047.008062
7/20/2027,Kebithigollewa,2964.930497
7/21/2027,Kebithigollewa,2881.231067
7/22/2027,Kebithigollewa,2815.198143
7/23/2027,Kebithigollewa,2749.168338
7/24/2027,Kebithigollewa,2707.091969
7/25/2027,Kebithigollewa,2719.607757
7/26/2027,Kebithigollewa,2661.290112
7/27/2027,Kebithigollewa,2619.50293
7/28/2027,Kebithigollewa,2586.272681
7/29/2027,Kebithigollewa,2514.999713
7/30/2027,Kebithigollewa,2457.840767
7/31/2027,Kebithigollewa,2506.214509
8/1/2027,Kebithigollewa,2544.856147
8/2/2027,Kebithigollewa,2579.770376
8/3/2027,Kebithigollewa,2564.44266
8/4/2027,Kebithigollewa,2645.893297
8/5/2027,Kebithigollewa,2703.447285
8/6/2027,Kebithigollewa,2789.887135
8/7/2027,Kebithigollewa,2806.24065
8/8/2027,Kebithigollewa,2808.520039
8/9/2027,Kebithigollewa,2807.781522
8/10/2027,Kebithigollewa,2849.098288
8/11/2027,Kebithigollewa,2872.591371
8/12/2027,Kebithigollewa,2885.318615
8/13/2027,Kebithigollewa,2906.413733
8/14/2027,Kebithigollewa,2892.698283
8/15/2027,Kebithigollewa,2835.32275
8/16/2027,Kebithigollewa,2824.251404
8/17/2027,Kebithigollewa,2768.600359
8/18/2027,Kebithigollewa,2725.262079
8/19/2027,Kebithigollewa,2658.380781
8/20/2027,Kebithigollewa,2592.417117
8/21/2027,Kebithigollewa,2555.152087
8/22/2027,Kebithigollewa,2502.485522
8/23/2027,Kebithigollewa,2448.203104
8/24/2027,Kebithigollewa,2490.039608
8/25/2027,Kebithigollewa,2475.864198
8/26/2027,Kebithigollewa,2431.250304
8/27/2027,Kebithigollewa,2417.101612
8/28/2027,Kebithigollewa,2354.424331
8/29/2027,Kebithigollewa,2346.294363
8/30/2027,Kebithigollewa,2408.86285
8/31/2027,Kebithigollewa,2469.321598
9/1/2027,Kebithigollewa,2510.868437
9/2/2027,Kebithigollewa,2531.644271
9/3/2027,Kebithigollewa,2636.403321
9/4/2027,Kebithigollewa,2728.569053
9/5/2027,Kebithigollewa,2824.594497
9/6/2027,Kebithigollewa,2908.190135
9/7/2027,Kebithigollewa,2981.144539
9/8/2027,Kebithigollewa,2996.911484
9/9/2027,Kebithigollewa,3039.017461
9/10/2027,Kebithigollewa,3123.708152
9/11/2027,Kebithigollewa,3123.937534
9/12/2027,Kebithigollewa,3113.232421
9/13/2027,Kebithigollewa,3097.530826
9/14/2027,Kebithigollewa,3035.218525
9/15/2027,Kebithigollewa,2981.845642
9/16/2027,Kebithigollewa,2918.077076
9/17/2027,Kebithigollewa,2793.346241
9/18/2027,Kebithigollewa,2705.228741
9/19/2027,Kebithigollewa,2636.890038
9/20/2027,Kebithigollewa,2554.388619
9/21/2027,Kebithigollewa,2426.832752
9/22/2027,Kebithigollewa,2345.334504
9/23/2027,Kebithigollewa,2409.91589
9/24/2027,Kebithigollewa,2379.526994
9/25/2027,Kebithigollewa,2373.566841
9/26/2027,Kebithigollewa,2392.242439
9/27/2027,Kebithigollewa,2364.632805
9/28/2027,Kebithigollewa,2382.531397
9/29/2027,Kebithigollewa,2481.270972
9/30/2027,Kebithigollewa,2583.026944
10/1/2027,Kebithigollewa,2636.590349
10/2/2027,Kebithigollewa,2680.220791
10/3/2027,Kebithigollewa,2792.170675
10/4/2027,Kebithigollewa,2913.063196
10/5/2027,Kebithigollewa,3021.300544
10/6/2027,Kebithigollewa,3086.813511
10/7/2027,Kebithigollewa,3130.637214
10/8/2027,Kebithigollewa,3132.224946
10/9/2027,Kebithigollewa,3124.573284
10/10/2027,Kebithigollewa,3136.313664
10/11/2027,Kebithigollewa,3087.198986
10/12/2027,Kebithigollewa,3020.558633
10/13/2027,Kebithigollewa,2992.896135
10/14/2027,Kebithigollewa,2923.826298
10/15/2027,Kebithigollewa,2884.775256
10/16/2027,Kebithigollewa,2786.196722
10/17/2027,Kebithigollewa,2689.778641
10/18/2027,Kebithigollewa,2606.227776
10/19/2027,Kebithigollewa,2548.655033
10/20/2027,Kebithigollewa,2553.63657
10/21/2027,Kebithigollewa,2522.758376
10/22/2027,Kebithigollewa,2502.673081
10/23/2027,Kebithigollewa,2546.266953
10/24/2027,Kebithigollewa,2547.767023
10/25/2027,Kebithigollewa,2556.605673
10/26/2027,Kebithigollewa,2583.628504
10/27/2027,Kebithigollewa,2587.657121
10/28/2027,Kebithigollewa,2542.904159
10/29/2027,Kebithigollewa,2563.293439
10/30/2027,Kebithigollewa,2590.879123
10/31/2027,Kebithigollewa,2606.419775
11/1/2027,Kebithigollewa,2636.242722
11/2/2027,Kebithigollewa,2754.630772
11/3/2027,Kebithigollewa,2841.183376
11/4/2027,Kebithigollewa,2870.634334
11/5/2027,Kebithigollewa,2881.403111
11/6/2027,Kebithigollewa,2900.489481
11/7/2027,Kebithigollewa,2903.899269
11/8/2027,Kebithigollewa,2973.658383
11/9/2027,Kebithigollewa,3080.176718
11/10/2027,Kebithigollewa,3079.339475
11/11/2027,Kebithigollewa,3067.156248
11/12/2027,Kebithigollewa,3048.502893
11/13/2027,Kebithigollewa,3019.250435
11/14/2027,Kebithigollewa,3018.858218
11/15/2027,Kebithigollewa,2969.823369
11/16/2027,Kebithigollewa,2899.231864
11/17/2027,Kebithigollewa,2774.557233
11/18/2027,Kebithigollewa,2712.31698
11/19/2027,Kebithigollewa,2654.693295
11/20/2027,Kebithigollewa,2642.405105
11/21/2027,Kebithigollewa,2609.53501
11/22/2027,Kebithigollewa,2633.281306
11/23/2027,Kebithigollewa,2615.500816
11/24/2027,Kebithigollewa,2589.96402
11/25/2027,Kebithigollewa,2624.561527
11/26/2027,Kebithigollewa,2606.471634
11/27/2027,Kebithigollewa,2618.895438
11/28/2027,Kebithigollewa,2693.195159
11/29/2027,Kebithigollewa,2742.729328
11/30/2027,Kebithigollewa,2762.618298
12/1/2027,Kebithigollewa,2802.041552
12/2/2027,Kebithigollewa,2890.547694
12/3/2027,Kebithigollewa,2946.094624
12/4/2027,Kebithigollewa,3037.534558
12/5/2027,Kebithigollewa,3046.59903
12/6/2027,Kebithigollewa,3080.494781
12/7/2027,Kebithigollewa,3086.475722
12/8/2027,Kebithigollewa,3128.958375
12/9/2027,Kebithigollewa,3192.202602
12/10/2027,Kebithigollewa,3223.118832
12/11/2027,Kebithigollewa,3221.477671
12/12/2027,Kebithigollewa,3218.711827
12/13/2027,Kebithigollewa,3208.048574
12/14/2027,Kebithigollewa,3159.474363
12/15/2027,Kebithigollewa,3106.898159
12/16/2027,Kebithigollewa,3010.990051
12/17/2027,Kebithigollewa,2950.964942
12/18/2027,Kebithigollewa,2877.617816
12/19/2027,Kebithigollewa,2816.924287
12/20/2027,Kebithigollewa,2760.857056
12/21/2027,Kebithigollewa,2680.913361
12/22/2027,Kebithigollewa,2663.215303
12/23/2027,Kebithigollewa,2657.138432
12/24/2027,Kebithigollewa,2662.682748
12/25/2027,Kebithigollewa,2679.84825
12/26/2027,Kebithigollewa,2708.63494
12/27/2027,Kebithigollewa,2749.042816
12/28/2027,Kebithigollewa,2801.07188
12/29/2027,Kebithigollewa,2864.72213
12/30/2027,Kebithigollewa,2939.993567
12/31/2027,Kebithigollewa,3026.886191
1/1/2025,Hambantota,4983.101354
1/2/2025,Hambantota,5120.404527
1/3/2025,Hambantota,5242.841254
1/4/2025,Hambantota,5350.411535
1/5/2025,Hambantota,5443.11537
1/6/2025,Hambantota,5520.95276
1/7/2025,Hambantota,5583.923704
1/8/2025,Hambantota,5632.028202
1/9/2025,Hambantota,5665.266254
1/10/2025,Hambantota,5683.637861
1/11/2025,Hambantota,5687.143022
1/12/2025,Hambantota,5621.309848
1/13/2025,Hambantota,5623.888391
1/14/2025,Hambantota,5674.157269
1/15/2025,Hambantota,5630.698335
1/16/2025,Hambantota,5483.016442
1/17/2025,Hambantota,5400.538477
1/18/2025,Hambantota,5315.426913
1/19/2025,Hambantota,5293.593994
1/20/2025,Hambantota,5209.976783
1/21/2025,Hambantota,5205.356059
1/22/2025,Hambantota,5227.756898
1/23/2025,Hambantota,5284.667779
1/24/2025,Hambantota,5215.922388
1/25/2025,Hambantota,5258.478271
1/26/2025,Hambantota,5291.241663
1/27/2025,Hambantota,5348.776732
1/28/2025,Hambantota,5473.428845
1/29/2025,Hambantota,5607.257777
1/30/2025,Hambantota,5659.66457
1/31/2025,Hambantota,5623.835953
2/1/2025,Hambantota,5583.47247
2/2/2025,Hambantota,5596.234517
2/3/2025,Hambantota,5583.904269
2/4/2025,Hambantota,5516.512727
2/5/2025,Hambantota,5465.747342
2/6/2025,Hambantota,5411.525992
2/7/2025,Hambantota,5318.561093
2/8/2025,Hambantota,5275.779461
2/9/2025,Hambantota,5210.274286
2/10/2025,Hambantota,5203.623773
2/11/2025,Hambantota,5170.697769
2/12/2025,Hambantota,5167.866867
2/13/2025,Hambantota,5147.044851
2/14/2025,Hambantota,5295.494589
2/15/2025,Hambantota,5356.152253
2/16/2025,Hambantota,5454.153837
2/17/2025,Hambantota,5518.228491
2/18/2025,Hambantota,5572.376062
2/19/2025,Hambantota,5681.913653
2/20/2025,Hambantota,5759.002631
2/21/2025,Hambantota,5871.819793
2/22/2025,Hambantota,5934.325503
2/23/2025,Hambantota,5930.790782
2/24/2025,Hambantota,5985.434265
2/25/2025,Hambantota,6112.678895
2/26/2025,Hambantota,6114.34496
2/27/2025,Hambantota,6131.890026
2/28/2025,Hambantota,6052.135227
3/1/2025,Hambantota,5941.966148
3/2/2025,Hambantota,5911.775668
3/3/2025,Hambantota,5927.069175
3/4/2025,Hambantota,5959.767813
3/5/2025,Hambantota,5950.56394
3/6/2025,Hambantota,5942.683484
3/7/2025,Hambantota,5806.35079
3/8/2025,Hambantota,5697.042095
3/9/2025,Hambantota,5611.433494
3/10/2025,Hambantota,5580.528441
3/11/2025,Hambantota,5665.276968
3/12/2025,Hambantota,5587.908124
3/13/2025,Hambantota,5541.601114
3/14/2025,Hambantota,5552.481812
3/15/2025,Hambantota,5505.572755
3/16/2025,Hambantota,5512.90699
3/17/2025,Hambantota,5653.872292
3/18/2025,Hambantota,5578.73405
3/19/2025,Hambantota,5603.804489
3/20/2025,Hambantota,5524.524031
3/21/2025,Hambantota,5571.083748
3/22/2025,Hambantota,5570.710229
3/23/2025,Hambantota,5650.958326
3/24/2025,Hambantota,5652.079707
3/25/2025,Hambantota,5630.020561
3/26/2025,Hambantota,5492.269548
3/27/2025,Hambantota,5360.859995
3/28/2025,Hambantota,5297.87183
3/29/2025,Hambantota,5307.362095
3/30/2025,Hambantota,5251.737931
3/31/2025,Hambantota,5224.677418
4/1/2025,Hambantota,5190.373846
4/2/2025,Hambantota,5198.802854
4/3/2025,Hambantota,5196.767458
4/4/2025,Hambantota,5190.565343
4/5/2025,Hambantota,5278.865518
4/6/2025,Hambantota,5418.632657
4/7/2025,Hambantota,5434.462416
4/8/2025,Hambantota,5498.93829
4/9/2025,Hambantota,5523.3594
4/10/2025,Hambantota,5638.282143
4/11/2025,Hambantota,5668.695753
4/12/2025,Hambantota,5742.181493
4/13/2025,Hambantota,5748.156611
4/14/2025,Hambantota,5783.053788
4/15/2025,Hambantota,5776.202626
4/16/2025,Hambantota,5679.285594
4/17/2025,Hambantota,5639.66752
4/18/2025,Hambantota,5581.746434
4/19/2025,Hambantota,5513.4692
4/20/2025,Hambantota,5541.441797
4/21/2025,Hambantota,5570.607998
4/22/2025,Hambantota,5521.850226
4/23/2025,Hambantota,5533.305566
4/24/2025,Hambantota,5607.848399
4/25/2025,Hambantota,5590.709587
4/26/2025,Hambantota,5586.209492
4/27/2025,Hambantota,5512.426278
4/28/2025,Hambantota,5437.177227
4/29/2025,Hambantota,5505.693373
4/30/2025,Hambantota,5538.614969
5/1/2025,Hambantota,5522.336777
5/2/2025,Hambantota,5497.490127
5/3/2025,Hambantota,5506.644759
5/4/2025,Hambantota,5591.640918
5/5/2025,Hambantota,5518.459653
5/6/2025,Hambantota,5351.677788
5/7/2025,Hambantota,5405.416257
5/8/2025,Hambantota,5414.237918
5/9/2025,Hambantota,5443.422641
5/10/2025,Hambantota,5495.423041
5/11/2025,Hambantota,5402.634467
5/12/2025,Hambantota,5410.060109
5/13/2025,Hambantota,5450.580022
5/14/2025,Hambantota,5471.586833
5/15/2025,Hambantota,5419.461028
5/16/2025,Hambantota,5466.869232
5/17/2025,Hambantota,5393.224544
5/18/2025,Hambantota,5373.530467
5/19/2025,Hambantota,5518.965732
5/20/2025,Hambantota,5517.338233
5/21/2025,Hambantota,5484.969805
5/22/2025,Hambantota,5442.398956
5/23/2025,Hambantota,5332.412642
5/24/2025,Hambantota,5340.600173
5/25/2025,Hambantota,5239.242432
5/26/2025,Hambantota,5214.043344
5/27/2025,Hambantota,5237.664483
5/28/2025,Hambantota,5228.818544
5/29/2025,Hambantota,5191.338655
5/30/2025,Hambantota,5106.224491
5/31/2025,Hambantota,4995.19609
6/1/2025,Hambantota,5026.10628
6/2/2025,Hambantota,5027.378779
6/3/2025,Hambantota,4943.09681
6/4/2025,Hambantota,4860.554453
6/5/2025,Hambantota,4829.981674
6/6/2025,Hambantota,4776.136922
6/7/2025,Hambantota,4773.757566
6/8/2025,Hambantota,4826.078554
6/9/2025,Hambantota,4712.444078
6/10/2025,Hambantota,4627.563928
6/11/2025,Hambantota,4542.568001
6/12/2025,Hambantota,4463.528995
6/13/2025,Hambantota,4506.598964
6/14/2025,Hambantota,4551.870873
6/15/2025,Hambantota,4592.840189
6/16/2025,Hambantota,4572.735601
6/17/2025,Hambantota,4634.815117
6/18/2025,Hambantota,4665.684943
6/19/2025,Hambantota,4707.55396
6/20/2025,Hambantota,4694.74487
6/21/2025,Hambantota,4624.425647
6/22/2025,Hambantota,4670.952614
6/23/2025,Hambantota,4662.685576
6/24/2025,Hambantota,4665.641191
6/25/2025,Hambantota,4647.61715
6/26/2025,Hambantota,4671.201716
6/27/2025,Hambantota,4679.120712
6/28/2025,Hambantota,4706.805569
6/29/2025,Hambantota,4632.924554
6/30/2025,Hambantota,4601.240935
7/1/2025,Hambantota,4612.09129
7/2/2025,Hambantota,4692.426201
7/3/2025,Hambantota,4751.609274
7/4/2025,Hambantota,4859.642905
7/5/2025,Hambantota,4919.877435
7/6/2025,Hambantota,4950.902805
7/7/2025,Hambantota,5105.06618
7/8/2025,Hambantota,5155.442659
7/9/2025,Hambantota,5156.092482
7/10/2025,Hambantota,5127.709971
7/11/2025,Hambantota,5151.608095
7/12/2025,Hambantota,5236.70191
7/13/2025,Hambantota,5249.118596
7/14/2025,Hambantota,5188.739717
7/15/2025,Hambantota,5167.37446
7/16/2025,Hambantota,5149.827745
7/17/2025,Hambantota,5113.643363
7/18/2025,Hambantota,5048.534676
7/19/2025,Hambantota,4997.528658
7/20/2025,Hambantota,4963.950077
7/21/2025,Hambantota,4937.672697
7/22/2025,Hambantota,4846.063573
7/23/2025,Hambantota,4737.465322
7/24/2025,Hambantota,4676.650084
7/25/2025,Hambantota,4625.363003
7/26/2025,Hambantota,4560.594026
7/27/2025,Hambantota,4531.029409
7/28/2025,Hambantota,4445.479033
7/29/2025,Hambantota,4423.75728
7/30/2025,Hambantota,4357.783539
7/31/2025,Hambantota,4310.732028
8/1/2025,Hambantota,4288.475621
8/2/2025,Hambantota,4290.440796
8/3/2025,Hambantota,4229.668034
8/4/2025,Hambantota,4204.679303
8/5/2025,Hambantota,4155.879836
8/6/2025,Hambantota,4178.000209
8/7/2025,Hambantota,4236.776802
8/8/2025,Hambantota,4264.835152
8/9/2025,Hambantota,4153.881175
8/10/2025,Hambantota,4041.660404
8/11/2025,Hambantota,3954.398557
8/12/2025,Hambantota,4009.914737
8/13/2025,Hambantota,4046.487706
8/14/2025,Hambantota,4067.39989
8/15/2025,Hambantota,4127.260304
8/16/2025,Hambantota,4197.631549
8/17/2025,Hambantota,4221.063235
8/18/2025,Hambantota,4242.143109
8/19/2025,Hambantota,4248.323755
8/20/2025,Hambantota,4362.843664
8/21/2025,Hambantota,4448.481002
8/22/2025,Hambantota,4517.00665
8/23/2025,Hambantota,4539.771754
8/24/2025,Hambantota,4665.157286
8/25/2025,Hambantota,4754.459855
8/26/2025,Hambantota,4862.506617
8/27/2025,Hambantota,4977.184175
8/28/2025,Hambantota,4966.317318
8/29/2025,Hambantota,4910.83755
8/30/2025,Hambantota,4915.620721
8/31/2025,Hambantota,4950.556728
9/1/2025,Hambantota,4974.559078
9/2/2025,Hambantota,4860.846201
9/3/2025,Hambantota,4832.780452
9/4/2025,Hambantota,4796.547543
9/5/2025,Hambantota,4769.315023
9/6/2025,Hambantota,4735.735139
9/7/2025,Hambantota,4670.93589
9/8/2025,Hambantota,4695.650262
9/9/2025,Hambantota,4684.147069
9/10/2025,Hambantota,4751.566735
9/11/2025,Hambantota,4757.719928
9/12/2025,Hambantota,4761.012747
9/13/2025,Hambantota,4855.627053
9/14/2025,Hambantota,4821.358265
9/15/2025,Hambantota,4863.326485
9/16/2025,Hambantota,4860.592761
9/17/2025,Hambantota,4765.510253
9/18/2025,Hambantota,4691.3727
9/19/2025,Hambantota,4670.568036
9/20/2025,Hambantota,4584.381655
9/21/2025,Hambantota,4492.644289
9/22/2025,Hambantota,4383.385883
9/23/2025,Hambantota,4378.342289
9/24/2025,Hambantota,4286.34102
9/25/2025,Hambantota,4253.652844
9/26/2025,Hambantota,4209.77977
9/27/2025,Hambantota,4171.066712
9/28/2025,Hambantota,4243.844959
9/29/2025,Hambantota,4208.762591
9/30/2025,Hambantota,4226.266469
10/1/2025,Hambantota,4075.274786
10/2/2025,Hambantota,4017.912941
10/3/2025,Hambantota,3917.729381
10/4/2025,Hambantota,3769.596235
10/5/2025,Hambantota,3727.390595
10/6/2025,Hambantota,3604.706001
10/7/2025,Hambantota,3511.812335
10/8/2025,Hambantota,3498.708184
10/9/2025,Hambantota,3504.248289
10/10/2025,Hambantota,3468.069922
10/11/2025,Hambantota,3550.042402
10/12/2025,Hambantota,3592.818382
10/13/2025,Hambantota,3673.637358
10/14/2025,Hambantota,3765.359963
10/15/2025,Hambantota,3887.212341
10/16/2025,Hambantota,3981.38837
10/17/2025,Hambantota,4106.43463
10/18/2025,Hambantota,4174.754599
10/19/2025,Hambantota,4169.398457
10/20/2025,Hambantota,4156.917041
10/21/2025,Hambantota,4123.266322
10/22/2025,Hambantota,4193.181754
10/23/2025,Hambantota,4199.416055
10/24/2025,Hambantota,4213.466535
10/25/2025,Hambantota,4265.593335
10/26/2025,Hambantota,4204.773784
10/27/2025,Hambantota,4176.880666
10/28/2025,Hambantota,4224.783549
10/29/2025,Hambantota,4242.50205
10/30/2025,Hambantota,4298.11934
10/31/2025,Hambantota,4376.448189
11/1/2025,Hambantota,4451.634565
11/2/2025,Hambantota,4560.564164
11/3/2025,Hambantota,4617.528366
11/4/2025,Hambantota,4610.733752
11/5/2025,Hambantota,4552.833282
11/6/2025,Hambantota,4484.763439
11/7/2025,Hambantota,4399.667726
11/8/2025,Hambantota,4351.066575
11/9/2025,Hambantota,4300.503009
11/10/2025,Hambantota,4307.730659
11/11/2025,Hambantota,4314.063585
11/12/2025,Hambantota,4232.371833
11/13/2025,Hambantota,4216.414374
11/14/2025,Hambantota,4215.52237
11/15/2025,Hambantota,4144.416875
11/16/2025,Hambantota,4142.73736
11/17/2025,Hambantota,4179.203123
11/18/2025,Hambantota,4229.262087
11/19/2025,Hambantota,4298.530167
11/20/2025,Hambantota,4370.009802
11/21/2025,Hambantota,4439.403728
11/22/2025,Hambantota,4473.929858
11/23/2025,Hambantota,4409.612929
11/24/2025,Hambantota,4314.336941
11/25/2025,Hambantota,4244.715631
11/26/2025,Hambantota,4143.554006
11/27/2025,Hambantota,4060.541898
11/28/2025,Hambantota,4005.625049
11/29/2025,Hambantota,3950.441852
11/30/2025,Hambantota,3915.909751
12/1/2025,Hambantota,3874.146352
12/2/2025,Hambantota,3835.56321
12/3/2025,Hambantota,3855.56552
12/4/2025,Hambantota,3843.01872
12/5/2025,Hambantota,3879.121264
12/6/2025,Hambantota,3955.334912
12/7/2025,Hambantota,4070.443125
12/8/2025,Hambantota,4212.974274
12/9/2025,Hambantota,4287.505705
12/10/2025,Hambantota,4367.984086
12/11/2025,Hambantota,4451.998134
12/12/2025,Hambantota,4572.188909
12/13/2025,Hambantota,4599.179993
12/14/2025,Hambantota,4672.85628
12/15/2025,Hambantota,4811.574758
12/16/2025,Hambantota,4839.094675
12/17/2025,Hambantota,4868.035864
12/18/2025,Hambantota,4860.817984
12/19/2025,Hambantota,4835.380365
12/20/2025,Hambantota,4881.841022
12/21/2025,Hambantota,5000.17211
12/22/2025,Hambantota,4978.134899
12/23/2025,Hambantota,4871.676808
12/24/2025,Hambantota,4820.810838
12/25/2025,Hambantota,4882.73227
12/26/2025,Hambantota,4870.106729
12/27/2025,Hambantota,4864.291561
12/28/2025,Hambantota,4848.824496
12/29/2025,Hambantota,4885.886405
12/30/2025,Hambantota,4969.628495
12/31/2025,Hambantota,5066.546169
1/1/2026,Hambantota,5085.955961
1/2/2026,Hambantota,5141.798562
1/3/2026,Hambantota,5274.886132
1/4/2026,Hambantota,5309.985002
1/5/2026,Hambantota,5300.918748
1/6/2026,Hambantota,5291.221112
1/7/2026,Hambantota,5244.704905
1/8/2026,Hambantota,5295.668701
1/9/2026,Hambantota,5426.772103
1/10/2026,Hambantota,5508.512169
1/11/2026,Hambantota,5409.989227
1/12/2026,Hambantota,5291.205328
1/13/2026,Hambantota,5186.552806
1/14/2026,Hambantota,5208.455821
1/15/2026,Hambantota,5130.829045
1/16/2026,Hambantota,5166.743683
1/17/2026,Hambantota,5276.714908
1/18/2026,Hambantota,5408.563393
1/19/2026,Hambantota,5445.731046
1/20/2026,Hambantota,5502.573319
1/21/2026,Hambantota,5518.468971
1/22/2026,Hambantota,5688.146973
1/23/2026,Hambantota,5724.705496
1/24/2026,Hambantota,5682.694933
1/25/2026,Hambantota,5704.83603
1/26/2026,Hambantota,5721.234702
1/27/2026,Hambantota,5755.28536
1/28/2026,Hambantota,5825.793814
1/29/2026,Hambantota,5897.309813
1/30/2026,Hambantota,5846.523759
1/31/2026,Hambantota,5750.079054
2/1/2026,Hambantota,5594.207953
2/2/2026,Hambantota,5435.578785
2/3/2026,Hambantota,5311.844067
2/4/2026,Hambantota,5166.394242
2/5/2026,Hambantota,5137.338929
2/6/2026,Hambantota,5139.667986
2/7/2026,Hambantota,5167.200322
2/8/2026,Hambantota,5166.28409
2/9/2026,Hambantota,5109.854418
2/10/2026,Hambantota,5157.463813
2/11/2026,Hambantota,5254.970151
2/12/2026,Hambantota,5258.590661
2/13/2026,Hambantota,5286.853772
2/14/2026,Hambantota,5384.14941
2/15/2026,Hambantota,5509.653009
2/16/2026,Hambantota,5595.797128
2/17/2026,Hambantota,5634.847668
2/18/2026,Hambantota,5631.658182
2/19/2026,Hambantota,5614.527785
2/20/2026,Hambantota,5644.515333
2/21/2026,Hambantota,5614.770514
2/22/2026,Hambantota,5564.519517
2/23/2026,Hambantota,5493.42777
2/24/2026,Hambantota,5503.928358
2/25/2026,Hambantota,5562.137409
2/26/2026,Hambantota,5574.06235
2/27/2026,Hambantota,5584.040184
2/28/2026,Hambantota,5547.582635
3/1/2026,Hambantota,5521.438983
3/2/2026,Hambantota,5606.965739
3/3/2026,Hambantota,5612.302662
3/4/2026,Hambantota,5618.08461
3/5/2026,Hambantota,5607.057713
3/6/2026,Hambantota,5588.253356
3/7/2026,Hambantota,5625.233107
3/8/2026,Hambantota,5569.959886
3/9/2026,Hambantota,5479.303574
3/10/2026,Hambantota,5458.531441
3/11/2026,Hambantota,5450.852758
3/12/2026,Hambantota,5460.844919
3/13/2026,Hambantota,5396.057439
3/14/2026,Hambantota,5416.243995
3/15/2026,Hambantota,5392.443226
3/16/2026,Hambantota,5386.624653
3/17/2026,Hambantota,5460.539856
3/18/2026,Hambantota,5483.24513
3/19/2026,Hambantota,5439.407805
3/20/2026,Hambantota,5441.091088
3/21/2026,Hambantota,5443.030941
3/22/2026,Hambantota,5432.462671
3/23/2026,Hambantota,5368.828792
3/24/2026,Hambantota,5301.839831
3/25/2026,Hambantota,5202.513913
3/26/2026,Hambantota,5144.44139
3/27/2026,Hambantota,5105.599623
3/28/2026,Hambantota,5010.826573
3/29/2026,Hambantota,4960.411918
3/30/2026,Hambantota,4990.990889
3/31/2026,Hambantota,4962.808019
4/1/2026,Hambantota,5089.731766
4/2/2026,Hambantota,5112.391123
4/3/2026,Hambantota,5232.367351
4/4/2026,Hambantota,5282.321137
4/5/2026,Hambantota,5312.527398
4/6/2026,Hambantota,5424.340903
4/7/2026,Hambantota,5425.666083
4/8/2026,Hambantota,5364.786166
4/9/2026,Hambantota,5384.80826
4/10/2026,Hambantota,5416.329006
4/11/2026,Hambantota,5367.921239
4/12/2026,Hambantota,5279.543814
4/13/2026,Hambantota,5188.017026
4/14/2026,Hambantota,5209.296617
4/15/2026,Hambantota,5239.797598
4/16/2026,Hambantota,5272.970111
4/17/2026,Hambantota,5339.104061
4/18/2026,Hambantota,5358.250109
4/19/2026,Hambantota,5409.503605
4/20/2026,Hambantota,5415.064581
4/21/2026,Hambantota,5476.900294
4/22/2026,Hambantota,5407.508552
4/23/2026,Hambantota,5365.88884
4/24/2026,Hambantota,5385.562605
4/25/2026,Hambantota,5315.847625
4/26/2026,Hambantota,5295.775
4/27/2026,Hambantota,5291.62002
4/28/2026,Hambantota,5216.649102
4/29/2026,Hambantota,5223.928743
4/30/2026,Hambantota,5296.199931
5/1/2026,Hambantota,5319.233065
5/2/2026,Hambantota,5371.078101
5/3/2026,Hambantota,5457.26336
5/4/2026,Hambantota,5694.125685
5/5/2026,Hambantota,5737.260085
5/6/2026,Hambantota,5889.282258
5/7/2026,Hambantota,5913.386809
5/8/2026,Hambantota,5890.008074
5/9/2026,Hambantota,5941.304897
5/10/2026,Hambantota,5992.024633
5/11/2026,Hambantota,5981.579864
5/12/2026,Hambantota,5955.701271
5/13/2026,Hambantota,5846.113501
5/14/2026,Hambantota,5766.200048
5/15/2026,Hambantota,5664.852353
5/16/2026,Hambantota,5545.54578
5/17/2026,Hambantota,5398.718537
5/18/2026,Hambantota,5208.901776
5/19/2026,Hambantota,5150.384692
5/20/2026,Hambantota,5016.017559
5/21/2026,Hambantota,4819.403766
5/22/2026,Hambantota,4738.1474
5/23/2026,Hambantota,4685.144409
5/24/2026,Hambantota,4664.166094
5/25/2026,Hambantota,4509.270539
5/26/2026,Hambantota,4541.623047
5/27/2026,Hambantota,4494.321613
5/28/2026,Hambantota,4561.060862
5/29/2026,Hambantota,4600.854631
5/30/2026,Hambantota,4654.137607
5/31/2026,Hambantota,4657.205443
6/1/2026,Hambantota,4746.012861
6/2/2026,Hambantota,4771.814655
6/3/2026,Hambantota,4846.437174
6/4/2026,Hambantota,4917.621464
6/5/2026,Hambantota,4884.606817
6/6/2026,Hambantota,4809.717686
6/7/2026,Hambantota,4769.574403
6/8/2026,Hambantota,4723.974997
6/9/2026,Hambantota,4635.687555
6/10/2026,Hambantota,4641.651456
6/11/2026,Hambantota,4713.763569
6/12/2026,Hambantota,4698.628394
6/13/2026,Hambantota,4704.009713
6/14/2026,Hambantota,4697.898894
6/15/2026,Hambantota,4721.217896
6/16/2026,Hambantota,4726.785161
6/17/2026,Hambantota,4741.057593
6/18/2026,Hambantota,4689.702804
6/19/2026,Hambantota,4694.4766
6/20/2026,Hambantota,4712.603975
6/21/2026,Hambantota,4828.214759
6/22/2026,Hambantota,4889.138373
6/23/2026,Hambantota,4885.469005
6/24/2026,Hambantota,4863.537534
6/25/2026,Hambantota,4925.520511
6/26/2026,Hambantota,4925.445494
6/27/2026,Hambantota,4978.176657
6/28/2026,Hambantota,5061.072483
6/29/2026,Hambantota,5087.988792
6/30/2026,Hambantota,5254.476595
7/1/2026,Hambantota,5319.889852
7/2/2026,Hambantota,5420.8004
7/3/2026,Hambantota,5508.581491
7/4/2026,Hambantota,5591.207077
7/5/2026,Hambantota,5559.024543
7/6/2026,Hambantota,5593.502157
7/7/2026,Hambantota,5589.982888
7/8/2026,Hambantota,5515.698532
7/9/2026,Hambantota,5377.860013
7/10/2026,Hambantota,5383.526149
7/11/2026,Hambantota,5387.012629
7/12/2026,Hambantota,5360.383601
7/13/2026,Hambantota,5261.04319
7/14/2026,Hambantota,5213.623885
7/15/2026,Hambantota,5221.876816
7/16/2026,Hambantota,5079.094929
7/17/2026,Hambantota,5000.389396
7/18/2026,Hambantota,4920.83855
7/19/2026,Hambantota,4794.648086
7/20/2026,Hambantota,4785.334407
7/21/2026,Hambantota,4737.157073
7/22/2026,Hambantota,4739.697037
7/23/2026,Hambantota,4717.347211
7/24/2026,Hambantota,4691.990513
7/25/2026,Hambantota,4651.348715
7/26/2026,Hambantota,4653.172217
7/27/2026,Hambantota,4676.872668
7/28/2026,Hambantota,4623.430961
7/29/2026,Hambantota,4630.592807
7/30/2026,Hambantota,4733.846766
7/31/2026,Hambantota,4704.158369
8/1/2026,Hambantota,4758.975562
8/2/2026,Hambantota,4765.920024
8/3/2026,Hambantota,4785.911991
8/4/2026,Hambantota,4768.539423
8/5/2026,Hambantota,4703.46346
8/6/2026,Hambantota,4719.877755
8/7/2026,Hambantota,4758.16493
8/8/2026,Hambantota,4774.373124
8/9/2026,Hambantota,4697.394091
8/10/2026,Hambantota,4675.677071
8/11/2026,Hambantota,4615.312366
8/12/2026,Hambantota,4593.620746
8/13/2026,Hambantota,4567.092269
8/14/2026,Hambantota,4596.888746
8/15/2026,Hambantota,4636.523043
8/16/2026,Hambantota,4719.243256
8/17/2026,Hambantota,4740.878654
8/18/2026,Hambantota,4767.796035
8/19/2026,Hambantota,4768.660809
8/20/2026,Hambantota,4739.923806
8/21/2026,Hambantota,4799.612873
8/22/2026,Hambantota,4801.910643
8/23/2026,Hambantota,4809.407146
8/24/2026,Hambantota,4838.918857
8/25/2026,Hambantota,4899.987604
8/26/2026,Hambantota,4914.571919
8/27/2026,Hambantota,4930.574229
8/28/2026,Hambantota,4863.728413
8/29/2026,Hambantota,4748.463361
8/30/2026,Hambantota,4719.119052
8/31/2026,Hambantota,4686.327664
9/1/2026,Hambantota,4655.733836
9/2/2026,Hambantota,4623.462903
9/3/2026,Hambantota,4634.132656
9/4/2026,Hambantota,4617.241696
9/5/2026,Hambantota,4683.547167
9/6/2026,Hambantota,4682.533102
9/7/2026,Hambantota,4673.391313
9/8/2026,Hambantota,4630.602579
9/9/2026,Hambantota,4626.963871
9/10/2026,Hambantota,4695.982465
9/11/2026,Hambantota,4678.392329
9/12/2026,Hambantota,4641.273215
9/13/2026,Hambantota,4646.480934
9/14/2026,Hambantota,4617.454787
9/15/2026,Hambantota,4531.002385
9/16/2026,Hambantota,4529.406409
9/17/2026,Hambantota,4478.638349
9/18/2026,Hambantota,4480.369537
9/19/2026,Hambantota,4419.678076
9/20/2026,Hambantota,4373.571373
9/21/2026,Hambantota,4329.86414
9/22/2026,Hambantota,4312.034199
9/23/2026,Hambantota,4291.010285
9/24/2026,Hambantota,4261.147971
9/25/2026,Hambantota,4225.705733
9/26/2026,Hambantota,4074.850201
9/27/2026,Hambantota,3961.519832
9/28/2026,Hambantota,3860.767469
9/29/2026,Hambantota,3812.831413
9/30/2026,Hambantota,3778.415719
10/1/2026,Hambantota,3695.963696
10/2/2026,Hambantota,3637.60075
10/3/2026,Hambantota,3627.924073
10/4/2026,Hambantota,3640.134994
10/5/2026,Hambantota,3675.97753
10/6/2026,Hambantota,3765.741155
10/7/2026,Hambantota,3832.35761
10/8/2026,Hambantota,3951.739264
10/9/2026,Hambantota,4106.773837
10/10/2026,Hambantota,4231.735441
10/11/2026,Hambantota,4275.466265
10/12/2026,Hambantota,4326.524432
10/13/2026,Hambantota,4341.980733
10/14/2026,Hambantota,4350.89559
10/15/2026,Hambantota,4265.130881
10/16/2026,Hambantota,4184.328101
10/17/2026,Hambantota,4176.607679
10/18/2026,Hambantota,4228.987957
10/19/2026,Hambantota,4171.57557
10/20/2026,Hambantota,4253.994092
10/21/2026,Hambantota,4253.726149
10/22/2026,Hambantota,4221.285387
10/23/2026,Hambantota,4204.292056
10/24/2026,Hambantota,4225.152659
10/25/2026,Hambantota,4198.491341
10/26/2026,Hambantota,4245.217356
10/27/2026,Hambantota,4304.744772
10/28/2026,Hambantota,4391.893479
10/29/2026,Hambantota,4407.377917
10/30/2026,Hambantota,4355.721227
10/31/2026,Hambantota,4253.788788
11/1/2026,Hambantota,4223.419755
11/2/2026,Hambantota,4192.216766
11/3/2026,Hambantota,4164.922282
11/4/2026,Hambantota,4159.09106
11/5/2026,Hambantota,4178.935628
11/6/2026,Hambantota,4220.63676
11/7/2026,Hambantota,4267.778915
11/8/2026,Hambantota,4241.449685
11/9/2026,Hambantota,4326.216431
11/10/2026,Hambantota,4258.138995
11/11/2026,Hambantota,4228.190397
11/12/2026,Hambantota,4181.451263
11/13/2026,Hambantota,4211.341475
11/14/2026,Hambantota,4206.051284
11/15/2026,Hambantota,4269.426597
11/16/2026,Hambantota,4283.687617
11/17/2026,Hambantota,4294.036832
11/18/2026,Hambantota,4257.04211
11/19/2026,Hambantota,4209.501454
11/20/2026,Hambantota,4186.164823
11/21/2026,Hambantota,4186.319405
11/22/2026,Hambantota,4145.178995
11/23/2026,Hambantota,4123.30374
11/24/2026,Hambantota,4075.726007
11/25/2026,Hambantota,3976.322858
11/26/2026,Hambantota,3929.772268
11/27/2026,Hambantota,3919.38019
11/28/2026,Hambantota,3905.236058
11/29/2026,Hambantota,3895.504681
11/30/2026,Hambantota,3912.257771
12/1/2026,Hambantota,3905.500797
12/2/2026,Hambantota,3990.938403
12/3/2026,Hambantota,4080.37896
12/4/2026,Hambantota,4129.334141
12/5/2026,Hambantota,4263.882768
12/6/2026,Hambantota,4385.448595
12/7/2026,Hambantota,4520.931258
12/8/2026,Hambantota,4570.063428
12/9/2026,Hambantota,4650.616045
12/10/2026,Hambantota,4797.090133
12/11/2026,Hambantota,4851.884139
12/12/2026,Hambantota,4922.921681
12/13/2026,Hambantota,4859.753282
12/14/2026,Hambantota,4872.584674
12/15/2026,Hambantota,4893.995532
12/16/2026,Hambantota,5066.653402
12/17/2026,Hambantota,5084.030959
12/18/2026,Hambantota,5040.120068
12/19/2026,Hambantota,5018.915507
12/20/2026,Hambantota,4984.698772
12/21/2026,Hambantota,4992.092384
12/22/2026,Hambantota,4981.034779
12/23/2026,Hambantota,4978.1191
12/24/2026,Hambantota,5041.913381
12/25/2026,Hambantota,5134.865286
12/26/2026,Hambantota,5148.684362
12/27/2026,Hambantota,5189.495802
12/28/2026,Hambantota,5158.745109
12/29/2026,Hambantota,5213.170479
12/30/2026,Hambantota,5210.955059
12/31/2026,Hambantota,5193.871229
1/1/2027,Hambantota,5267.109075
1/2/2027,Hambantota,5256.739244
1/3/2027,Hambantota,5494.722693
1/4/2027,Hambantota,5596.461185
1/5/2027,Hambantota,5688.907296
1/6/2027,Hambantota,5650.964245
1/7/2027,Hambantota,5591.08863
1/8/2027,Hambantota,5557.411605
1/9/2027,Hambantota,5537.239619
1/10/2027,Hambantota,5560.804888
1/11/2027,Hambantota,5544.15432
1/12/2027,Hambantota,5658.312674
1/13/2027,Hambantota,5707.429516
1/14/2027,Hambantota,5646.232325
1/15/2027,Hambantota,5555.530929
1/16/2027,Hambantota,5541.551437
1/17/2027,Hambantota,5471.337961
1/18/2027,Hambantota,5416.576944
1/19/2027,Hambantota,5333.257821
1/20/2027,Hambantota,5369.504696
1/21/2027,Hambantota,5403.614771
1/22/2027,Hambantota,5480.670393
1/23/2027,Hambantota,5471.09145
1/24/2027,Hambantota,5425.358242
1/25/2027,Hambantota,5484.877153
1/26/2027,Hambantota,5581.415785
1/27/2027,Hambantota,5543.974579
1/28/2027,Hambantota,5536.273854
1/29/2027,Hambantota,5597.737768
1/30/2027,Hambantota,5631.231369
1/31/2027,Hambantota,5647.945865
2/1/2027,Hambantota,5682.52861
2/2/2027,Hambantota,5692.444935
2/3/2027,Hambantota,5615.256319
2/4/2027,Hambantota,5619.92158
2/5/2027,Hambantota,5744.533322
2/6/2027,Hambantota,5800.710172
2/7/2027,Hambantota,5823.668152
2/8/2027,Hambantota,5895.224815
2/9/2027,Hambantota,6010.851245
2/10/2027,Hambantota,5987.348523
2/11/2027,Hambantota,6128.819272
2/12/2027,Hambantota,6186.393057
2/13/2027,Hambantota,6284.878208
2/14/2027,Hambantota,6350.086248
2/15/2027,Hambantota,6373.636742
2/16/2027,Hambantota,6267.107901
2/17/2027,Hambantota,6193.629557
2/18/2027,Hambantota,6108.348094
2/19/2027,Hambantota,5983.939577
2/20/2027,Hambantota,5880.296458
2/21/2027,Hambantota,5811.692962
2/22/2027,Hambantota,5790.518862
2/23/2027,Hambantota,5725.956669
2/24/2027,Hambantota,5685.657942
2/25/2027,Hambantota,5693.367756
2/26/2027,Hambantota,5635.366192
2/27/2027,Hambantota,5580.7271
2/28/2027,Hambantota,5650.76755
3/1/2027,Hambantota,5629.949976
3/2/2027,Hambantota,5606.095109
3/3/2027,Hambantota,5656.796732
3/4/2027,Hambantota,5611.1109
3/5/2027,Hambantota,5459.471811
3/6/2027,Hambantota,5355.335509
3/7/2027,Hambantota,5356.745945
3/8/2027,Hambantota,5349.992107
3/9/2027,Hambantota,5331.457731
3/10/2027,Hambantota,5341.601485
3/11/2027,Hambantota,5307.132198
3/12/2027,Hambantota,5323.284102
3/13/2027,Hambantota,5409.28915
3/14/2027,Hambantota,5503.574679
3/15/2027,Hambantota,5515.799188
3/16/2027,Hambantota,5500.133713
3/17/2027,Hambantota,5487.407664
3/18/2027,Hambantota,5425.281638
3/19/2027,Hambantota,5377.742765
3/20/2027,Hambantota,5300.589882
3/21/2027,Hambantota,5196.739113
3/22/2027,Hambantota,5167.291351
3/23/2027,Hambantota,5078.810434
3/24/2027,Hambantota,5021.170182
3/25/2027,Hambantota,4946.962565
3/26/2027,Hambantota,5001.957792
3/27/2027,Hambantota,5178.38907
3/28/2027,Hambantota,5271.945444
3/29/2027,Hambantota,5276.123678
3/30/2027,Hambantota,5338.355042
3/31/2027,Hambantota,5388.379874
4/1/2027,Hambantota,5502.598262
4/2/2027,Hambantota,5564.898745
4/3/2027,Hambantota,5614.317332
4/4/2027,Hambantota,5719.28334
4/5/2027,Hambantota,5795.044722
4/6/2027,Hambantota,5847.877354
4/7/2027,Hambantota,5834.598453
4/8/2027,Hambantota,5834.730981
4/9/2027,Hambantota,5810.596444
4/10/2027,Hambantota,5864.001942
4/11/2027,Hambantota,5860.427201
4/12/2027,Hambantota,5856.034989
4/13/2027,Hambantota,5889.198047
4/14/2027,Hambantota,5860.87213
4/15/2027,Hambantota,5864.776889
4/16/2027,Hambantota,5844.379584
4/17/2027,Hambantota,5756.11144
4/18/2027,Hambantota,5675.810667
4/19/2027,Hambantota,5578.893645
4/20/2027,Hambantota,5528.432593
4/21/2027,Hambantota,5539.095596
4/22/2027,Hambantota,5383.34896
4/23/2027,Hambantota,5430.058491
4/24/2027,Hambantota,5497.575824
4/25/2027,Hambantota,5515.933675
4/26/2027,Hambantota,5548.76829
4/27/2027,Hambantota,5497.497859
4/28/2027,Hambantota,5519.585323
4/29/2027,Hambantota,5555.327433
4/30/2027,Hambantota,5583.733859
5/1/2027,Hambantota,5623.963563
5/2/2027,Hambantota,5676.236464
5/3/2027,Hambantota,5654.37518
5/4/2027,Hambantota,5594.666403
5/5/2027,Hambantota,5557.26892
5/6/2027,Hambantota,5558.768177
5/7/2027,Hambantota,5624.496385
5/8/2027,Hambantota,5607.790519
5/9/2027,Hambantota,5626.052176
5/10/2027,Hambantota,5698.07222
5/11/2027,Hambantota,5784.182447
5/12/2027,Hambantota,5656.101966
5/13/2027,Hambantota,5636.901388
5/14/2027,Hambantota,5649.061015
5/15/2027,Hambantota,5577.38138
5/16/2027,Hambantota,5453.658313
5/17/2027,Hambantota,5360.370346
5/18/2027,Hambantota,5335.867275
5/19/2027,Hambantota,5284.939751
5/20/2027,Hambantota,5148.854913
5/21/2027,Hambantota,5010.103339
5/22/2027,Hambantota,4845.011665
5/23/2027,Hambantota,4760.271216
5/24/2027,Hambantota,4676.73398
5/25/2027,Hambantota,4546.699453
5/26/2027,Hambantota,4519.674193
5/27/2027,Hambantota,4534.644751
5/28/2027,Hambantota,4487.351767
5/29/2027,Hambantota,4549.243106
5/30/2027,Hambantota,4509.123052
5/31/2027,Hambantota,4486.280234
6/1/2027,Hambantota,4442.194306
6/2/2027,Hambantota,4450.347287
6/3/2027,Hambantota,4531.934463
6/4/2027,Hambantota,4523.461123
6/5/2027,Hambantota,4596.198924
6/6/2027,Hambantota,4699.517964
6/7/2027,Hambantota,4760.800285
6/8/2027,Hambantota,4820.014255
6/9/2027,Hambantota,4783.77218
6/10/2027,Hambantota,4798.052846
6/11/2027,Hambantota,4853.812565
6/12/2027,Hambantota,4909.65012
6/13/2027,Hambantota,4858.631172
6/14/2027,Hambantota,4753.846277
6/15/2027,Hambantota,4815.56707
6/16/2027,Hambantota,4901.690843
6/17/2027,Hambantota,4900.610963
6/18/2027,Hambantota,4904.635123
6/19/2027,Hambantota,4847.354018
6/20/2027,Hambantota,4930.119534
6/21/2027,Hambantota,4950.166136
6/22/2027,Hambantota,4965.044829
6/23/2027,Hambantota,5037.861033
6/24/2027,Hambantota,5095.385858
6/25/2027,Hambantota,5190.29891
6/26/2027,Hambantota,5202.250652
6/27/2027,Hambantota,5274.589092
6/28/2027,Hambantota,5307.480636
6/29/2027,Hambantota,5289.177558
6/30/2027,Hambantota,5319.046826
7/1/2027,Hambantota,5357.462409
7/2/2027,Hambantota,5335.809771
7/3/2027,Hambantota,5252.348682
7/4/2027,Hambantota,5193.857936
7/5/2027,Hambantota,5250.929853
7/6/2027,Hambantota,5244.11851
7/7/2027,Hambantota,5210.942976
7/8/2027,Hambantota,5170.155641
7/9/2027,Hambantota,5132.978822
7/10/2027,Hambantota,5150.001101
7/11/2027,Hambantota,5010.487337
7/12/2027,Hambantota,4925.649656
7/13/2027,Hambantota,4801.278004
7/14/2027,Hambantota,4668.019929
7/15/2027,Hambantota,4558.723124
7/16/2027,Hambantota,4514.301047
7/17/2027,Hambantota,4534.707758
7/18/2027,Hambantota,4489.546285
7/19/2027,Hambantota,4443.370693
7/20/2027,Hambantota,4467.369266
7/21/2027,Hambantota,4442.519212
7/22/2027,Hambantota,4418.692598
7/23/2027,Hambantota,4367.034582
7/24/2027,Hambantota,4360.026672
7/25/2027,Hambantota,4360.331307
7/26/2027,Hambantota,4417.898275
7/27/2027,Hambantota,4494.095249
7/28/2027,Hambantota,4525.076345
7/29/2027,Hambantota,4593.393953
7/30/2027,Hambantota,4569.257867
7/31/2027,Hambantota,4483.179943
8/1/2027,Hambantota,4427.777548
8/2/2027,Hambantota,4371.479419
8/3/2027,Hambantota,4406.141338
8/4/2027,Hambantota,4393.404404
8/5/2027,Hambantota,4443.167215
8/6/2027,Hambantota,4489.627751
8/7/2027,Hambantota,4500.089483
8/8/2027,Hambantota,4546.877676
8/9/2027,Hambantota,4618.758528
8/10/2027,Hambantota,4633.06544
8/11/2027,Hambantota,4725.602977
8/12/2027,Hambantota,4774.273789
8/13/2027,Hambantota,4780.262188
8/14/2027,Hambantota,4886.578461
8/15/2027,Hambantota,5001.042044
8/16/2027,Hambantota,5038.091004
8/17/2027,Hambantota,5061.055271
8/18/2027,Hambantota,5050.462028
8/19/2027,Hambantota,5003.172375
8/20/2027,Hambantota,5010.833999
8/21/2027,Hambantota,4970.282613
8/22/2027,Hambantota,4943.308365
8/23/2027,Hambantota,4868.691576
8/24/2027,Hambantota,4745.810891
8/25/2027,Hambantota,4682.907122
8/26/2027,Hambantota,4671.162426
8/27/2027,Hambantota,4640.044819
8/28/2027,Hambantota,4599.334766
8/29/2027,Hambantota,4594.182938
8/30/2027,Hambantota,4621.244156
8/31/2027,Hambantota,4675.868559
9/1/2027,Hambantota,4666.036469
9/2/2027,Hambantota,4612.528263
9/3/2027,Hambantota,4685.354338
9/4/2027,Hambantota,4651.670985
9/5/2027,Hambantota,4632.864694
9/6/2027,Hambantota,4649.51802
9/7/2027,Hambantota,4636.070097
9/8/2027,Hambantota,4624.340167
9/9/2027,Hambantota,4591.625226
9/10/2027,Hambantota,4563.24374
9/11/2027,Hambantota,4560.282781
9/12/2027,Hambantota,4475.683403
9/13/2027,Hambantota,4438.042766
9/14/2027,Hambantota,4383.047468
9/15/2027,Hambantota,4336.130728
9/16/2027,Hambantota,4281.131345
9/17/2027,Hambantota,4229.620078
9/18/2027,Hambantota,4255.615061
9/19/2027,Hambantota,4236.901698
9/20/2027,Hambantota,4164.276935
9/21/2027,Hambantota,4028.188397
9/22/2027,Hambantota,3907.467186
9/23/2027,Hambantota,3853.963951
9/24/2027,Hambantota,3770.266547
9/25/2027,Hambantota,3754.307818
9/26/2027,Hambantota,3714.695872
9/27/2027,Hambantota,3639.27346
9/28/2027,Hambantota,3671.418795
9/29/2027,Hambantota,3644.201923
9/30/2027,Hambantota,3748.969575
10/1/2027,Hambantota,3775.364189
10/2/2027,Hambantota,3831.312318
10/3/2027,Hambantota,3901.661215
10/4/2027,Hambantota,3971.688954
10/5/2027,Hambantota,4041.232812
10/6/2027,Hambantota,4070.480782
10/7/2027,Hambantota,4181.124077
10/8/2027,Hambantota,4224.936477
10/9/2027,Hambantota,4221.662996
10/10/2027,Hambantota,4148.180566
10/11/2027,Hambantota,4125.394072
10/12/2027,Hambantota,4124.92697
10/13/2027,Hambantota,4156.948963
10/14/2027,Hambantota,4180.417111
10/15/2027,Hambantota,4251.970891
10/16/2027,Hambantota,4252.988073
10/17/2027,Hambantota,4277.154799
10/18/2027,Hambantota,4370.177485
10/19/2027,Hambantota,4359.083703
10/20/2027,Hambantota,4462.29769
10/21/2027,Hambantota,4462.402021
10/22/2027,Hambantota,4538.447225
10/23/2027,Hambantota,4631.286994
10/24/2027,Hambantota,4688.629807
10/25/2027,Hambantota,4676.651792
10/26/2027,Hambantota,4573.859179
10/27/2027,Hambantota,4541.114642
10/28/2027,Hambantota,4362.014972
10/29/2027,Hambantota,4227.073529
10/30/2027,Hambantota,4179.972133
10/31/2027,Hambantota,4109.935445
11/1/2027,Hambantota,4022.90464
11/2/2027,Hambantota,4020.299864
11/3/2027,Hambantota,4042.277579
11/4/2027,Hambantota,4107.00678
11/5/2027,Hambantota,4072.046866
11/6/2027,Hambantota,4110.350044
11/7/2027,Hambantota,4184.483619
11/8/2027,Hambantota,4230.884106
11/9/2027,Hambantota,4374.933199
11/10/2027,Hambantota,4458.066312
11/11/2027,Hambantota,4567.090442
11/12/2027,Hambantota,4726.834866
11/13/2027,Hambantota,4716.968312
11/14/2027,Hambantota,4669.588958
11/15/2027,Hambantota,4567.215447
11/16/2027,Hambantota,4495.632253
11/17/2027,Hambantota,4363.231311
11/18/2027,Hambantota,4230.110531
11/19/2027,Hambantota,4135.854287
11/20/2027,Hambantota,3950.377023
11/21/2027,Hambantota,3868.779229
11/22/2027,Hambantota,3848.306355
11/23/2027,Hambantota,3791.03343
11/24/2027,Hambantota,3780.365873
11/25/2027,Hambantota,3714.632695
11/26/2027,Hambantota,3754.041852
11/27/2027,Hambantota,3838.070713
11/28/2027,Hambantota,3934.352988
11/29/2027,Hambantota,4023.571393
11/30/2027,Hambantota,4108.215771
12/1/2027,Hambantota,4185.233867
12/2/2027,Hambantota,4297.769535
12/3/2027,Hambantota,4302.560443
12/4/2027,Hambantota,4400.66966
12/5/2027,Hambantota,4427.695867
12/6/2027,Hambantota,4428.267466
12/7/2027,Hambantota,4355.644461
12/8/2027,Hambantota,4383.630992
12/9/2027,Hambantota,4430.618554
12/10/2027,Hambantota,4463.294781
12/11/2027,Hambantota,4580.437296
12/12/2027,Hambantota,4603.931615
12/13/2027,Hambantota,4555.347059
12/14/2027,Hambantota,4545.811132
12/15/2027,Hambantota,4570.076317
12/16/2027,Hambantota,4638.244046
12/17/2027,Hambantota,4777.908804
12/18/2027,Hambantota,4851.241388
12/19/2027,Hambantota,4854.98187
12/20/2027,Hambantota,5024.998361
12/21/2027,Hambantota,5058.18377
12/22/2027,Hambantota,5109.175087
12/23/2027,Hambantota,5159.001341
12/24/2027,Hambantota,5207.662531
12/25/2027,Hambantota,5255.158658
12/26/2027,Hambantota,5301.48972
12/27/2027,Hambantota,5346.655719
12/28/2027,Hambantota,5390.656654
12/29/2027,Hambantota,5433.492525
12/30/2027,Hambantota,5475.163333
12/31/2027,Hambantota,5515.669077
1/1/2025,Modarawana_Embilipitiya,4583.234506
1/2/2025,Modarawana_Embilipitiya,4430.30795
1/3/2025,Modarawana_Embilipitiya,4296.073133
1/4/2025,Modarawana_Embilipitiya,4180.530054
1/5/2025,Modarawana_Embilipitiya,4083.678713
1/6/2025,Modarawana_Embilipitiya,4005.51911
1/7/2025,Modarawana_Embilipitiya,3946.051246
1/8/2025,Modarawana_Embilipitiya,3905.27512
1/9/2025,Modarawana_Embilipitiya,3883.190732
1/10/2025,Modarawana_Embilipitiya,3879.798083
1/11/2025,Modarawana_Embilipitiya,3895.097171
1/12/2025,Modarawana_Embilipitiya,4024.865084
1/13/2025,Modarawana_Embilipitiya,4116.221867
1/14/2025,Modarawana_Embilipitiya,4199.331659
1/15/2025,Modarawana_Embilipitiya,4281.538591
1/16/2025,Modarawana_Embilipitiya,4347.33306
1/17/2025,Modarawana_Embilipitiya,4464.590999
1/18/2025,Modarawana_Embilipitiya,4514.398589
1/19/2025,Modarawana_Embilipitiya,4550.686602
1/20/2025,Modarawana_Embilipitiya,4537.315743
1/21/2025,Modarawana_Embilipitiya,4456.486313
1/22/2025,Modarawana_Embilipitiya,4447.125056
1/23/2025,Modarawana_Embilipitiya,4320.257231
1/24/2025,Modarawana_Embilipitiya,4158.13466
1/25/2025,Modarawana_Embilipitiya,4104.116902
1/26/2025,Modarawana_Embilipitiya,3956.9986
1/27/2025,Modarawana_Embilipitiya,3994.770675
1/28/2025,Modarawana_Embilipitiya,4035.480203
1/29/2025,Modarawana_Embilipitiya,4073.311077
1/30/2025,Modarawana_Embilipitiya,4101.120639
1/31/2025,Modarawana_Embilipitiya,4120.280842
2/1/2025,Modarawana_Embilipitiya,4178.696287
2/2/2025,Modarawana_Embilipitiya,4157.374497
2/3/2025,Modarawana_Embilipitiya,4108.688532
2/4/2025,Modarawana_Embilipitiya,4114.173847
2/5/2025,Modarawana_Embilipitiya,4171.770238
2/6/2025,Modarawana_Embilipitiya,4232.591858
2/7/2025,Modarawana_Embilipitiya,4203.225071
2/8/2025,Modarawana_Embilipitiya,4192.441338
2/9/2025,Modarawana_Embilipitiya,4247.554474
2/10/2025,Modarawana_Embilipitiya,4221.949938
2/11/2025,Modarawana_Embilipitiya,4272.658167
2/12/2025,Modarawana_Embilipitiya,4251.232494
2/13/2025,Modarawana_Embilipitiya,4354.409353
2/14/2025,Modarawana_Embilipitiya,4463.503698
2/15/2025,Modarawana_Embilipitiya,4608.547532
2/16/2025,Modarawana_Embilipitiya,4783.973747
2/17/2025,Modarawana_Embilipitiya,4796.802397
2/18/2025,Modarawana_Embilipitiya,4839.172732
2/19/2025,Modarawana_Embilipitiya,4766.225359
2/20/2025,Modarawana_Embilipitiya,4697.239649
2/21/2025,Modarawana_Embilipitiya,4679.032888
2/22/2025,Modarawana_Embilipitiya,4570.801329
2/23/2025,Modarawana_Embilipitiya,4484.887888
2/24/2025,Modarawana_Embilipitiya,4469.697988
2/25/2025,Modarawana_Embilipitiya,4413.215789
2/26/2025,Modarawana_Embilipitiya,4395.198514
2/27/2025,Modarawana_Embilipitiya,4293.971241
2/28/2025,Modarawana_Embilipitiya,4239.021151
3/1/2025,Modarawana_Embilipitiya,4217.374664
3/2/2025,Modarawana_Embilipitiya,4122.480985
3/3/2025,Modarawana_Embilipitiya,4144.805621
3/4/2025,Modarawana_Embilipitiya,4141.484061
3/5/2025,Modarawana_Embilipitiya,4156.041499
3/6/2025,Modarawana_Embilipitiya,4110.903807
3/7/2025,Modarawana_Embilipitiya,4124.301703
3/8/2025,Modarawana_Embilipitiya,4126.04179
3/9/2025,Modarawana_Embilipitiya,4087.084757
3/10/2025,Modarawana_Embilipitiya,4119.779264
3/11/2025,Modarawana_Embilipitiya,4096.408818
3/12/2025,Modarawana_Embilipitiya,4185.27601
3/13/2025,Modarawana_Embilipitiya,4289.137545
3/14/2025,Modarawana_Embilipitiya,4367.183833
3/15/2025,Modarawana_Embilipitiya,4482.059657
3/16/2025,Modarawana_Embilipitiya,4638.197587
3/17/2025,Modarawana_Embilipitiya,4777.435966
3/18/2025,Modarawana_Embilipitiya,4856.9608
3/19/2025,Modarawana_Embilipitiya,4906.490151
3/20/2025,Modarawana_Embilipitiya,4997.088932
3/21/2025,Modarawana_Embilipitiya,5113.372685
3/22/2025,Modarawana_Embilipitiya,5117.102383
3/23/2025,Modarawana_Embilipitiya,5254.086141
3/24/2025,Modarawana_Embilipitiya,5233.687716
3/25/2025,Modarawana_Embilipitiya,5204.349209
3/26/2025,Modarawana_Embilipitiya,5194.062546
3/27/2025,Modarawana_Embilipitiya,5197.655174
3/28/2025,Modarawana_Embilipitiya,5224.122764
3/29/2025,Modarawana_Embilipitiya,5092.89153
3/30/2025,Modarawana_Embilipitiya,4992.083356
3/31/2025,Modarawana_Embilipitiya,4838.872281
4/1/2025,Modarawana_Embilipitiya,4733.297676
4/2/2025,Modarawana_Embilipitiya,4617.659069
4/3/2025,Modarawana_Embilipitiya,4550.819621
4/4/2025,Modarawana_Embilipitiya,4426.639807
4/5/2025,Modarawana_Embilipitiya,4313.449387
4/6/2025,Modarawana_Embilipitiya,4233.978505
4/7/2025,Modarawana_Embilipitiya,4151.311219
4/8/2025,Modarawana_Embilipitiya,4114.977255
4/9/2025,Modarawana_Embilipitiya,4052.867749
4/10/2025,Modarawana_Embilipitiya,4053.930764
4/11/2025,Modarawana_Embilipitiya,4103.330641
4/12/2025,Modarawana_Embilipitiya,4211.570549
4/13/2025,Modarawana_Embilipitiya,4211.718568
4/14/2025,Modarawana_Embilipitiya,4316.916955
4/15/2025,Modarawana_Embilipitiya,4393.408382
4/16/2025,Modarawana_Embilipitiya,4571.948079
4/17/2025,Modarawana_Embilipitiya,4672.285827
4/18/2025,Modarawana_Embilipitiya,4621.65326
4/19/2025,Modarawana_Embilipitiya,4710.841671
4/20/2025,Modarawana_Embilipitiya,4781.647498
4/21/2025,Modarawana_Embilipitiya,4850.054767
4/22/2025,Modarawana_Embilipitiya,4953.282863
4/23/2025,Modarawana_Embilipitiya,5001.134445
4/24/2025,Modarawana_Embilipitiya,4953.938895
4/25/2025,Modarawana_Embilipitiya,4942.102169
4/26/2025,Modarawana_Embilipitiya,4914.061319
4/27/2025,Modarawana_Embilipitiya,4870.596553
4/28/2025,Modarawana_Embilipitiya,4694.528424
4/29/2025,Modarawana_Embilipitiya,4604.159327
4/30/2025,Modarawana_Embilipitiya,4553.652298
5/1/2025,Modarawana_Embilipitiya,4487.240097
5/2/2025,Modarawana_Embilipitiya,4373.723284
5/3/2025,Modarawana_Embilipitiya,4254.656211
5/4/2025,Modarawana_Embilipitiya,4165.044898
5/5/2025,Modarawana_Embilipitiya,4101.902903
5/6/2025,Modarawana_Embilipitiya,4062.041063
5/7/2025,Modarawana_Embilipitiya,3987.586499
5/8/2025,Modarawana_Embilipitiya,3940.640417
5/9/2025,Modarawana_Embilipitiya,3984.072325
5/10/2025,Modarawana_Embilipitiya,4002.69865
5/11/2025,Modarawana_Embilipitiya,4088.328718
5/12/2025,Modarawana_Embilipitiya,4281.331995
5/13/2025,Modarawana_Embilipitiya,4301.261396
5/14/2025,Modarawana_Embilipitiya,4317.618473
5/15/2025,Modarawana_Embilipitiya,4414.859392
5/16/2025,Modarawana_Embilipitiya,4520.166142
5/17/2025,Modarawana_Embilipitiya,4596.186914
5/18/2025,Modarawana_Embilipitiya,4553.419487
5/19/2025,Modarawana_Embilipitiya,4624.875373
5/20/2025,Modarawana_Embilipitiya,4657.767493
5/21/2025,Modarawana_Embilipitiya,4696.515587
5/22/2025,Modarawana_Embilipitiya,4779.378461
5/23/2025,Modarawana_Embilipitiya,4785.926121
5/24/2025,Modarawana_Embilipitiya,4765.51133
5/25/2025,Modarawana_Embilipitiya,4749.829491
5/26/2025,Modarawana_Embilipitiya,4686.964528
5/27/2025,Modarawana_Embilipitiya,4656.028443
5/28/2025,Modarawana_Embilipitiya,4530.038293
5/29/2025,Modarawana_Embilipitiya,4479.695785
5/30/2025,Modarawana_Embilipitiya,4398.281647
5/31/2025,Modarawana_Embilipitiya,4388.824152
6/1/2025,Modarawana_Embilipitiya,4305.348637
6/2/2025,Modarawana_Embilipitiya,4196.068539
6/3/2025,Modarawana_Embilipitiya,4122.344852
6/4/2025,Modarawana_Embilipitiya,4114.70702
6/5/2025,Modarawana_Embilipitiya,4045.864278
6/6/2025,Modarawana_Embilipitiya,3898.136178
6/7/2025,Modarawana_Embilipitiya,3816.512085
6/8/2025,Modarawana_Embilipitiya,3812.577289
6/9/2025,Modarawana_Embilipitiya,3805.892195
6/10/2025,Modarawana_Embilipitiya,3842.690911
6/11/2025,Modarawana_Embilipitiya,3923.894166
6/12/2025,Modarawana_Embilipitiya,3978.090464
6/13/2025,Modarawana_Embilipitiya,4047.861261
6/14/2025,Modarawana_Embilipitiya,4160.381908
6/15/2025,Modarawana_Embilipitiya,4318.999683
6/16/2025,Modarawana_Embilipitiya,4349.162175
6/17/2025,Modarawana_Embilipitiya,4412.92844
6/18/2025,Modarawana_Embilipitiya,4442.132115
6/19/2025,Modarawana_Embilipitiya,4451.703929
6/20/2025,Modarawana_Embilipitiya,4528.416157
6/21/2025,Modarawana_Embilipitiya,4578.630064
6/22/2025,Modarawana_Embilipitiya,4664.926137
6/23/2025,Modarawana_Embilipitiya,4614.391263
6/24/2025,Modarawana_Embilipitiya,4583.887499
6/25/2025,Modarawana_Embilipitiya,4480.974745
6/26/2025,Modarawana_Embilipitiya,4438.836989
6/27/2025,Modarawana_Embilipitiya,4355.819562
6/28/2025,Modarawana_Embilipitiya,4228.876556
6/29/2025,Modarawana_Embilipitiya,4126.644332
6/30/2025,Modarawana_Embilipitiya,4032.495003
7/1/2025,Modarawana_Embilipitiya,3946.949427
7/2/2025,Modarawana_Embilipitiya,3931.445569
7/3/2025,Modarawana_Embilipitiya,3884.083238
7/4/2025,Modarawana_Embilipitiya,3939.075468
7/5/2025,Modarawana_Embilipitiya,3962.775167
7/6/2025,Modarawana_Embilipitiya,3898.239616
7/7/2025,Modarawana_Embilipitiya,3948.016513
7/8/2025,Modarawana_Embilipitiya,3953.971197
7/9/2025,Modarawana_Embilipitiya,4051.652826
7/10/2025,Modarawana_Embilipitiya,4195.429941
7/11/2025,Modarawana_Embilipitiya,4255.183603
7/12/2025,Modarawana_Embilipitiya,4371.228495
7/13/2025,Modarawana_Embilipitiya,4421.972407
7/14/2025,Modarawana_Embilipitiya,4483.322297
7/15/2025,Modarawana_Embilipitiya,4545.398806
7/16/2025,Modarawana_Embilipitiya,4593.187627
7/17/2025,Modarawana_Embilipitiya,4551.655086
7/18/2025,Modarawana_Embilipitiya,4540.855267
7/19/2025,Modarawana_Embilipitiya,4530.686621
7/20/2025,Modarawana_Embilipitiya,4477.761262
7/21/2025,Modarawana_Embilipitiya,4413.519553
7/22/2025,Modarawana_Embilipitiya,4406.17703
7/23/2025,Modarawana_Embilipitiya,4319.245236
7/24/2025,Modarawana_Embilipitiya,4308.007035
7/25/2025,Modarawana_Embilipitiya,4258.560647
7/26/2025,Modarawana_Embilipitiya,4226.850341
7/27/2025,Modarawana_Embilipitiya,4143.243224
7/28/2025,Modarawana_Embilipitiya,4074.024792
7/29/2025,Modarawana_Embilipitiya,4022.608357
7/30/2025,Modarawana_Embilipitiya,3963.079712
7/31/2025,Modarawana_Embilipitiya,3852.573363
8/1/2025,Modarawana_Embilipitiya,3818.108373
8/2/2025,Modarawana_Embilipitiya,3685.846657
8/3/2025,Modarawana_Embilipitiya,3638.461779
8/4/2025,Modarawana_Embilipitiya,3570.898755
8/5/2025,Modarawana_Embilipitiya,3493.820755
8/6/2025,Modarawana_Embilipitiya,3454.750945
8/7/2025,Modarawana_Embilipitiya,3506.362843
8/8/2025,Modarawana_Embilipitiya,3518.563525
8/9/2025,Modarawana_Embilipitiya,3534.34569
8/10/2025,Modarawana_Embilipitiya,3554.526709
8/11/2025,Modarawana_Embilipitiya,3651.093926
8/12/2025,Modarawana_Embilipitiya,3720.214999
8/13/2025,Modarawana_Embilipitiya,3803.132235
8/14/2025,Modarawana_Embilipitiya,3963.894031
8/15/2025,Modarawana_Embilipitiya,4063.929978
8/16/2025,Modarawana_Embilipitiya,4094.368382
8/17/2025,Modarawana_Embilipitiya,4174.712165
8/18/2025,Modarawana_Embilipitiya,4232.288431
8/19/2025,Modarawana_Embilipitiya,4177.223472
8/20/2025,Modarawana_Embilipitiya,4155.34677
8/21/2025,Modarawana_Embilipitiya,4124.378243
8/22/2025,Modarawana_Embilipitiya,4022.364726
8/23/2025,Modarawana_Embilipitiya,3981.021018
8/24/2025,Modarawana_Embilipitiya,3918.430076
8/25/2025,Modarawana_Embilipitiya,3912.826094
8/26/2025,Modarawana_Embilipitiya,3869.663969
8/27/2025,Modarawana_Embilipitiya,3845.578598
8/28/2025,Modarawana_Embilipitiya,3727.221415
8/29/2025,Modarawana_Embilipitiya,3639.795518
8/30/2025,Modarawana_Embilipitiya,3579.082151
8/31/2025,Modarawana_Embilipitiya,3542.454342
9/1/2025,Modarawana_Embilipitiya,3433.789808
9/2/2025,Modarawana_Embilipitiya,3370.501359
9/3/2025,Modarawana_Embilipitiya,3400.732399
9/4/2025,Modarawana_Embilipitiya,3361.0288
9/5/2025,Modarawana_Embilipitiya,3345.555018
9/6/2025,Modarawana_Embilipitiya,3315.938837
9/7/2025,Modarawana_Embilipitiya,3290.661501
9/8/2025,Modarawana_Embilipitiya,3280.267559
9/9/2025,Modarawana_Embilipitiya,3377.627581
9/10/2025,Modarawana_Embilipitiya,3408.354614
9/11/2025,Modarawana_Embilipitiya,3393.531518
9/12/2025,Modarawana_Embilipitiya,3447.205275
9/13/2025,Modarawana_Embilipitiya,3532.859466
9/14/2025,Modarawana_Embilipitiya,3596.474481
9/15/2025,Modarawana_Embilipitiya,3629.636928
9/16/2025,Modarawana_Embilipitiya,3639.04347
9/17/2025,Modarawana_Embilipitiya,3702.498197
9/18/2025,Modarawana_Embilipitiya,3748.469019
9/19/2025,Modarawana_Embilipitiya,3801.764119
9/20/2025,Modarawana_Embilipitiya,3786.946977
9/21/2025,Modarawana_Embilipitiya,3773.463478
9/22/2025,Modarawana_Embilipitiya,3829.80115
9/23/2025,Modarawana_Embilipitiya,3852.726249
9/24/2025,Modarawana_Embilipitiya,3858.081442
9/25/2025,Modarawana_Embilipitiya,3830.629339
9/26/2025,Modarawana_Embilipitiya,3764.614108
9/27/2025,Modarawana_Embilipitiya,3723.142122
9/28/2025,Modarawana_Embilipitiya,3689.630538
9/29/2025,Modarawana_Embilipitiya,3613.268403
9/30/2025,Modarawana_Embilipitiya,3491.57657
10/1/2025,Modarawana_Embilipitiya,3312.321081
10/2/2025,Modarawana_Embilipitiya,3228.601595
10/3/2025,Modarawana_Embilipitiya,3192.216885
10/4/2025,Modarawana_Embilipitiya,3132.364182
10/5/2025,Modarawana_Embilipitiya,3142.592009
10/6/2025,Modarawana_Embilipitiya,3114.865208
10/7/2025,Modarawana_Embilipitiya,3140.476623
10/8/2025,Modarawana_Embilipitiya,3161.286273
10/9/2025,Modarawana_Embilipitiya,3238.479841
10/10/2025,Modarawana_Embilipitiya,3306.536616
10/11/2025,Modarawana_Embilipitiya,3395.579475
10/12/2025,Modarawana_Embilipitiya,3561.243688
10/13/2025,Modarawana_Embilipitiya,3673.540656
10/14/2025,Modarawana_Embilipitiya,3832.261562
10/15/2025,Modarawana_Embilipitiya,3853.535948
10/16/2025,Modarawana_Embilipitiya,3863.123295
10/17/2025,Modarawana_Embilipitiya,3919.398346
10/18/2025,Modarawana_Embilipitiya,3943.330413
10/19/2025,Modarawana_Embilipitiya,3950.500322
10/20/2025,Modarawana_Embilipitiya,3929.233559
10/21/2025,Modarawana_Embilipitiya,3843.988744
10/22/2025,Modarawana_Embilipitiya,3845.67629
10/23/2025,Modarawana_Embilipitiya,3805.807377
10/24/2025,Modarawana_Embilipitiya,3744.355212
10/25/2025,Modarawana_Embilipitiya,3642.059846
10/26/2025,Modarawana_Embilipitiya,3485.984928
10/27/2025,Modarawana_Embilipitiya,3369.914622
10/28/2025,Modarawana_Embilipitiya,3285.671202
10/29/2025,Modarawana_Embilipitiya,3262.209593
10/30/2025,Modarawana_Embilipitiya,3216.533552
10/31/2025,Modarawana_Embilipitiya,3130.136059
11/1/2025,Modarawana_Embilipitiya,3123.839586
11/2/2025,Modarawana_Embilipitiya,3107.516504
11/3/2025,Modarawana_Embilipitiya,3121.573337
11/4/2025,Modarawana_Embilipitiya,3082.241398
11/5/2025,Modarawana_Embilipitiya,3121.465905
11/6/2025,Modarawana_Embilipitiya,3204.072124
11/7/2025,Modarawana_Embilipitiya,3297.016846
11/8/2025,Modarawana_Embilipitiya,3395.269302
11/9/2025,Modarawana_Embilipitiya,3533.227954
11/10/2025,Modarawana_Embilipitiya,3618.579203
11/11/2025,Modarawana_Embilipitiya,3736.278253
11/12/2025,Modarawana_Embilipitiya,3894.90552
11/13/2025,Modarawana_Embilipitiya,3994.063877
11/14/2025,Modarawana_Embilipitiya,4015.554767
11/15/2025,Modarawana_Embilipitiya,4033.28326
11/16/2025,Modarawana_Embilipitiya,4048.089996
11/17/2025,Modarawana_Embilipitiya,4065.519036
11/18/2025,Modarawana_Embilipitiya,4129.424644
11/19/2025,Modarawana_Embilipitiya,4151.25313
11/20/2025,Modarawana_Embilipitiya,4078.17829
11/21/2025,Modarawana_Embilipitiya,4074.754723
11/22/2025,Modarawana_Embilipitiya,4045.63121
11/23/2025,Modarawana_Embilipitiya,4003.236433
11/24/2025,Modarawana_Embilipitiya,3921.650931
11/25/2025,Modarawana_Embilipitiya,3854.267468
11/26/2025,Modarawana_Embilipitiya,3799.106572
11/27/2025,Modarawana_Embilipitiya,3766.823512
11/28/2025,Modarawana_Embilipitiya,3719.128729
11/29/2025,Modarawana_Embilipitiya,3677.352195
11/30/2025,Modarawana_Embilipitiya,3527.930414
12/1/2025,Modarawana_Embilipitiya,3433.949269
12/2/2025,Modarawana_Embilipitiya,3392.629966
12/3/2025,Modarawana_Embilipitiya,3289.755017
12/4/2025,Modarawana_Embilipitiya,3253.331476
12/5/2025,Modarawana_Embilipitiya,3192.696899
12/6/2025,Modarawana_Embilipitiya,3247.2197
12/7/2025,Modarawana_Embilipitiya,3318.256461
12/8/2025,Modarawana_Embilipitiya,3411.541793
12/9/2025,Modarawana_Embilipitiya,3501.581115
12/10/2025,Modarawana_Embilipitiya,3556.442688
12/11/2025,Modarawana_Embilipitiya,3657.484541
12/12/2025,Modarawana_Embilipitiya,3787.064536
12/13/2025,Modarawana_Embilipitiya,3898.562216
12/14/2025,Modarawana_Embilipitiya,3938.498388
12/15/2025,Modarawana_Embilipitiya,3983.656994
12/16/2025,Modarawana_Embilipitiya,4036.669363
12/17/2025,Modarawana_Embilipitiya,4062.152508
12/18/2025,Modarawana_Embilipitiya,4125.531732
12/19/2025,Modarawana_Embilipitiya,4112.537492
12/20/2025,Modarawana_Embilipitiya,4020.431286
12/21/2025,Modarawana_Embilipitiya,4023.8255
12/22/2025,Modarawana_Embilipitiya,4055.767649
12/23/2025,Modarawana_Embilipitiya,4059.819321
12/24/2025,Modarawana_Embilipitiya,4016.136044
12/25/2025,Modarawana_Embilipitiya,3935.510873
12/26/2025,Modarawana_Embilipitiya,3907.529147
12/27/2025,Modarawana_Embilipitiya,3775.080327
12/28/2025,Modarawana_Embilipitiya,3719.576768
12/29/2025,Modarawana_Embilipitiya,3683.017128
12/30/2025,Modarawana_Embilipitiya,3592.047436
12/31/2025,Modarawana_Embilipitiya,3583.152811
1/1/2026,Modarawana_Embilipitiya,3570.436133
1/2/2026,Modarawana_Embilipitiya,3502.702066
1/3/2026,Modarawana_Embilipitiya,3460.383705
1/4/2026,Modarawana_Embilipitiya,3425.94346
1/5/2026,Modarawana_Embilipitiya,3487.159771
1/6/2026,Modarawana_Embilipitiya,3566.158129
1/7/2026,Modarawana_Embilipitiya,3732.333675
1/8/2026,Modarawana_Embilipitiya,3852.391357
1/9/2026,Modarawana_Embilipitiya,3992.081648
1/10/2026,Modarawana_Embilipitiya,4229.695846
1/11/2026,Modarawana_Embilipitiya,4448.768542
1/12/2026,Modarawana_Embilipitiya,4580.207929
1/13/2026,Modarawana_Embilipitiya,4623.651305
1/14/2026,Modarawana_Embilipitiya,4675.390924
1/15/2026,Modarawana_Embilipitiya,4683.667131
1/16/2026,Modarawana_Embilipitiya,4683.779171
1/17/2026,Modarawana_Embilipitiya,4765.992882
1/18/2026,Modarawana_Embilipitiya,4756.910884
1/19/2026,Modarawana_Embilipitiya,4657.074686
1/20/2026,Modarawana_Embilipitiya,4613.89365
1/21/2026,Modarawana_Embilipitiya,4486.009009
1/22/2026,Modarawana_Embilipitiya,4415.238546
1/23/2026,Modarawana_Embilipitiya,4286.635699
1/24/2026,Modarawana_Embilipitiya,4141.289628
1/25/2026,Modarawana_Embilipitiya,4062.98566
1/26/2026,Modarawana_Embilipitiya,4011.966687
1/27/2026,Modarawana_Embilipitiya,3987.194134
1/28/2026,Modarawana_Embilipitiya,3930.441955
1/29/2026,Modarawana_Embilipitiya,3877.23868
1/30/2026,Modarawana_Embilipitiya,3857.207354
1/31/2026,Modarawana_Embilipitiya,3850.000316
2/1/2026,Modarawana_Embilipitiya,3789.736165
2/2/2026,Modarawana_Embilipitiya,3750.482462
2/3/2026,Modarawana_Embilipitiya,3784.621491
2/4/2026,Modarawana_Embilipitiya,3826.230255
2/5/2026,Modarawana_Embilipitiya,3927.100014
2/6/2026,Modarawana_Embilipitiya,4029.916573
2/7/2026,Modarawana_Embilipitiya,4110.769208
2/8/2026,Modarawana_Embilipitiya,4185.111599
2/9/2026,Modarawana_Embilipitiya,4272.934511
2/10/2026,Modarawana_Embilipitiya,4415.868679
2/11/2026,Modarawana_Embilipitiya,4500.531184
2/12/2026,Modarawana_Embilipitiya,4553.229521
2/13/2026,Modarawana_Embilipitiya,4611.234492
2/14/2026,Modarawana_Embilipitiya,4699.593783
2/15/2026,Modarawana_Embilipitiya,4753.745924
2/16/2026,Modarawana_Embilipitiya,4824.638436
2/17/2026,Modarawana_Embilipitiya,4852.012683
2/18/2026,Modarawana_Embilipitiya,4860.240253
2/19/2026,Modarawana_Embilipitiya,4880.332831
2/20/2026,Modarawana_Embilipitiya,4832.16688
2/21/2026,Modarawana_Embilipitiya,4825.17064
2/22/2026,Modarawana_Embilipitiya,4741.153391
2/23/2026,Modarawana_Embilipitiya,4712.853356
2/24/2026,Modarawana_Embilipitiya,4620.745972
2/25/2026,Modarawana_Embilipitiya,4562.828497
2/26/2026,Modarawana_Embilipitiya,4511.485359
2/27/2026,Modarawana_Embilipitiya,4432.10982
2/28/2026,Modarawana_Embilipitiya,4291.593567
3/1/2026,Modarawana_Embilipitiya,4188.212172
3/2/2026,Modarawana_Embilipitiya,4126.902367
3/3/2026,Modarawana_Embilipitiya,4010.445596
3/4/2026,Modarawana_Embilipitiya,3939.69712
3/5/2026,Modarawana_Embilipitiya,3838.142534
3/6/2026,Modarawana_Embilipitiya,3875.955362
3/7/2026,Modarawana_Embilipitiya,3935.766653
3/8/2026,Modarawana_Embilipitiya,4055.520295
3/9/2026,Modarawana_Embilipitiya,4164.884043
3/10/2026,Modarawana_Embilipitiya,4291.827956
3/11/2026,Modarawana_Embilipitiya,4515.488648
3/12/2026,Modarawana_Embilipitiya,4663.366936
3/13/2026,Modarawana_Embilipitiya,4829.823354
3/14/2026,Modarawana_Embilipitiya,4925.484243
3/15/2026,Modarawana_Embilipitiya,5079.508809
3/16/2026,Modarawana_Embilipitiya,5138.459665
3/17/2026,Modarawana_Embilipitiya,5242.356667
3/18/2026,Modarawana_Embilipitiya,5313.151538
3/19/2026,Modarawana_Embilipitiya,5328.779405
3/20/2026,Modarawana_Embilipitiya,5328.309011
3/21/2026,Modarawana_Embilipitiya,5339.823554
3/22/2026,Modarawana_Embilipitiya,5303.482714
3/23/2026,Modarawana_Embilipitiya,5227.019911
3/24/2026,Modarawana_Embilipitiya,5087.997705
3/25/2026,Modarawana_Embilipitiya,4942.756987
3/26/2026,Modarawana_Embilipitiya,4837.832653
3/27/2026,Modarawana_Embilipitiya,4706.003934
3/28/2026,Modarawana_Embilipitiya,4620.399055
3/29/2026,Modarawana_Embilipitiya,4532.075996
3/30/2026,Modarawana_Embilipitiya,4410.762365
3/31/2026,Modarawana_Embilipitiya,4361.672041
4/1/2026,Modarawana_Embilipitiya,4252.064264
4/2/2026,Modarawana_Embilipitiya,4167.513216
4/3/2026,Modarawana_Embilipitiya,4085.992296
4/4/2026,Modarawana_Embilipitiya,4003.090622
4/5/2026,Modarawana_Embilipitiya,4009.46893
4/6/2026,Modarawana_Embilipitiya,4151.567577
4/7/2026,Modarawana_Embilipitiya,4201.345923
4/8/2026,Modarawana_Embilipitiya,4318.160438
4/9/2026,Modarawana_Embilipitiya,4439.535918
4/10/2026,Modarawana_Embilipitiya,4562.273289
4/11/2026,Modarawana_Embilipitiya,4716.115194
4/12/2026,Modarawana_Embilipitiya,4784.016861
4/13/2026,Modarawana_Embilipitiya,4841.896207
4/14/2026,Modarawana_Embilipitiya,4831.750001
4/15/2026,Modarawana_Embilipitiya,4898.195349
4/16/2026,Modarawana_Embilipitiya,4925.5232
4/17/2026,Modarawana_Embilipitiya,4960.603915
4/18/2026,Modarawana_Embilipitiya,4929.49151
4/19/2026,Modarawana_Embilipitiya,4835.599887
4/20/2026,Modarawana_Embilipitiya,4841.052083
4/21/2026,Modarawana_Embilipitiya,4793.692626
4/22/2026,Modarawana_Embilipitiya,4790.266888
4/23/2026,Modarawana_Embilipitiya,4700.198348
4/24/2026,Modarawana_Embilipitiya,4676.426259
4/25/2026,Modarawana_Embilipitiya,4666.286861
4/26/2026,Modarawana_Embilipitiya,4630.671835
4/27/2026,Modarawana_Embilipitiya,4502.85604
4/28/2026,Modarawana_Embilipitiya,4493.106511
4/29/2026,Modarawana_Embilipitiya,4393.373768
4/30/2026,Modarawana_Embilipitiya,4326.875112
5/1/2026,Modarawana_Embilipitiya,4261.149378
5/2/2026,Modarawana_Embilipitiya,4204.245306
5/3/2026,Modarawana_Embilipitiya,4140.134119
5/4/2026,Modarawana_Embilipitiya,4062.848053
5/5/2026,Modarawana_Embilipitiya,4018.039242
5/6/2026,Modarawana_Embilipitiya,3987.698953
5/7/2026,Modarawana_Embilipitiya,4032.906829
5/8/2026,Modarawana_Embilipitiya,4099.508797
5/9/2026,Modarawana_Embilipitiya,4128.868171
5/10/2026,Modarawana_Embilipitiya,4248.862469
5/11/2026,Modarawana_Embilipitiya,4378.318217
5/12/2026,Modarawana_Embilipitiya,4517.722721
5/13/2026,Modarawana_Embilipitiya,4580.914087
5/14/2026,Modarawana_Embilipitiya,4683.328283
5/15/2026,Modarawana_Embilipitiya,4705.460814
5/16/2026,Modarawana_Embilipitiya,4767.668017
5/17/2026,Modarawana_Embilipitiya,4825.357404
5/18/2026,Modarawana_Embilipitiya,4884.192755
5/19/2026,Modarawana_Embilipitiya,4830.065562
5/20/2026,Modarawana_Embilipitiya,4828.165432
5/21/2026,Modarawana_Embilipitiya,4784.549478
5/22/2026,Modarawana_Embilipitiya,4738.447738
5/23/2026,Modarawana_Embilipitiya,4554.850691
5/24/2026,Modarawana_Embilipitiya,4388.487971
5/25/2026,Modarawana_Embilipitiya,4225.873592
5/26/2026,Modarawana_Embilipitiya,4087.025903
5/27/2026,Modarawana_Embilipitiya,3984.514185
5/28/2026,Modarawana_Embilipitiya,3914.043996
5/29/2026,Modarawana_Embilipitiya,3728.158397
5/30/2026,Modarawana_Embilipitiya,3664.958743
5/31/2026,Modarawana_Embilipitiya,3662.964328
6/1/2026,Modarawana_Embilipitiya,3666.86303
6/2/2026,Modarawana_Embilipitiya,3698.790135
6/3/2026,Modarawana_Embilipitiya,3751.0801
6/4/2026,Modarawana_Embilipitiya,3861.703628
6/5/2026,Modarawana_Embilipitiya,3976.770255
6/6/2026,Modarawana_Embilipitiya,4127.468358
6/7/2026,Modarawana_Embilipitiya,4251.642805
6/8/2026,Modarawana_Embilipitiya,4306.30714
6/9/2026,Modarawana_Embilipitiya,4376.423941
6/10/2026,Modarawana_Embilipitiya,4456.073605
6/11/2026,Modarawana_Embilipitiya,4529.25096
6/12/2026,Modarawana_Embilipitiya,4498.272733
6/13/2026,Modarawana_Embilipitiya,4419.006786
6/14/2026,Modarawana_Embilipitiya,4313.860931
6/15/2026,Modarawana_Embilipitiya,4248.008134
6/16/2026,Modarawana_Embilipitiya,4258.465784
6/17/2026,Modarawana_Embilipitiya,4261.481688
6/18/2026,Modarawana_Embilipitiya,4179.343328
6/19/2026,Modarawana_Embilipitiya,4195.418935
6/20/2026,Modarawana_Embilipitiya,4239.812143
6/21/2026,Modarawana_Embilipitiya,4262.80552
6/22/2026,Modarawana_Embilipitiya,4261.699404
6/23/2026,Modarawana_Embilipitiya,4274.836935
6/24/2026,Modarawana_Embilipitiya,4286.638951
6/25/2026,Modarawana_Embilipitiya,4218.773582
6/26/2026,Modarawana_Embilipitiya,4206.983284
6/27/2026,Modarawana_Embilipitiya,4146.093806
6/28/2026,Modarawana_Embilipitiya,3970.889152
6/29/2026,Modarawana_Embilipitiya,3851.818401
6/30/2026,Modarawana_Embilipitiya,3780.732284
7/1/2026,Modarawana_Embilipitiya,3697.480743
7/2/2026,Modarawana_Embilipitiya,3587.421434
7/3/2026,Modarawana_Embilipitiya,3529.051218
7/4/2026,Modarawana_Embilipitiya,3526.796873
7/5/2026,Modarawana_Embilipitiya,3646.630045
7/6/2026,Modarawana_Embilipitiya,3728.434985
7/7/2026,Modarawana_Embilipitiya,3833.614768
7/8/2026,Modarawana_Embilipitiya,3939.195428
7/9/2026,Modarawana_Embilipitiya,4085.991618
7/10/2026,Modarawana_Embilipitiya,4280.927587
7/11/2026,Modarawana_Embilipitiya,4384.007209
7/12/2026,Modarawana_Embilipitiya,4480.615394
7/13/2026,Modarawana_Embilipitiya,4559.390539
7/14/2026,Modarawana_Embilipitiya,4613.287467
7/15/2026,Modarawana_Embilipitiya,4642.631591
7/16/2026,Modarawana_Embilipitiya,4626.594327
7/17/2026,Modarawana_Embilipitiya,4560.2583
7/18/2026,Modarawana_Embilipitiya,4457.213376
7/19/2026,Modarawana_Embilipitiya,4400.626504
7/20/2026,Modarawana_Embilipitiya,4349.50176
7/21/2026,Modarawana_Embilipitiya,4320.101733
7/22/2026,Modarawana_Embilipitiya,4211.430913
7/23/2026,Modarawana_Embilipitiya,4107.954406
7/24/2026,Modarawana_Embilipitiya,3958.224634
7/25/2026,Modarawana_Embilipitiya,3858.569301
7/26/2026,Modarawana_Embilipitiya,3723.253416
7/27/2026,Modarawana_Embilipitiya,3620.998456
7/28/2026,Modarawana_Embilipitiya,3551.466088
7/29/2026,Modarawana_Embilipitiya,3504.803731
7/30/2026,Modarawana_Embilipitiya,3443.789631
7/31/2026,Modarawana_Embilipitiya,3390.517396
8/1/2026,Modarawana_Embilipitiya,3349.0127
8/2/2026,Modarawana_Embilipitiya,3323.293623
8/3/2026,Modarawana_Embilipitiya,3258.417123
8/4/2026,Modarawana_Embilipitiya,3308.636778
8/5/2026,Modarawana_Embilipitiya,3426.19082
8/6/2026,Modarawana_Embilipitiya,3600.280911
8/7/2026,Modarawana_Embilipitiya,3779.216332
8/8/2026,Modarawana_Embilipitiya,3940.085884
8/9/2026,Modarawana_Embilipitiya,4103.338633
8/10/2026,Modarawana_Embilipitiya,4177.416227
8/11/2026,Modarawana_Embilipitiya,4233.39192
8/12/2026,Modarawana_Embilipitiya,4277.882977
8/13/2026,Modarawana_Embilipitiya,4331.864592
8/14/2026,Modarawana_Embilipitiya,4365.186504
8/15/2026,Modarawana_Embilipitiya,4348.70196
8/16/2026,Modarawana_Embilipitiya,4311.38681
8/17/2026,Modarawana_Embilipitiya,4266.919492
8/18/2026,Modarawana_Embilipitiya,4231.171239
8/19/2026,Modarawana_Embilipitiya,4111.561163
8/20/2026,Modarawana_Embilipitiya,4025.104666
8/21/2026,Modarawana_Embilipitiya,3828.793205
8/22/2026,Modarawana_Embilipitiya,3646.645811
8/23/2026,Modarawana_Embilipitiya,3516.005073
8/24/2026,Modarawana_Embilipitiya,3524.117805
8/25/2026,Modarawana_Embilipitiya,3522.588847
8/26/2026,Modarawana_Embilipitiya,3489.356893
8/27/2026,Modarawana_Embilipitiya,3426.456569
8/28/2026,Modarawana_Embilipitiya,3431.611561
8/29/2026,Modarawana_Embilipitiya,3415.543481
8/30/2026,Modarawana_Embilipitiya,3437.179295
8/31/2026,Modarawana_Embilipitiya,3500.321106
9/1/2026,Modarawana_Embilipitiya,3469.290006
9/2/2026,Modarawana_Embilipitiya,3509.600688
9/3/2026,Modarawana_Embilipitiya,3522.35194
9/4/2026,Modarawana_Embilipitiya,3548.725961
9/5/2026,Modarawana_Embilipitiya,3627.025884
9/6/2026,Modarawana_Embilipitiya,3666.851089
9/7/2026,Modarawana_Embilipitiya,3759.135091
9/8/2026,Modarawana_Embilipitiya,3816.825937
9/9/2026,Modarawana_Embilipitiya,3886.307582
9/10/2026,Modarawana_Embilipitiya,3856.725874
9/11/2026,Modarawana_Embilipitiya,3901.299643
9/12/2026,Modarawana_Embilipitiya,3934.485372
9/13/2026,Modarawana_Embilipitiya,3969.289876
9/14/2026,Modarawana_Embilipitiya,3976.859294
9/15/2026,Modarawana_Embilipitiya,3977.143032
9/16/2026,Modarawana_Embilipitiya,3947.118415
9/17/2026,Modarawana_Embilipitiya,3967.879427
9/18/2026,Modarawana_Embilipitiya,3950.647827
9/19/2026,Modarawana_Embilipitiya,3933.825992
9/20/2026,Modarawana_Embilipitiya,3788.067576
9/21/2026,Modarawana_Embilipitiya,3661.915638
9/22/2026,Modarawana_Embilipitiya,3567.608765
9/23/2026,Modarawana_Embilipitiya,3498.150339
9/24/2026,Modarawana_Embilipitiya,3451.540126
9/25/2026,Modarawana_Embilipitiya,3443.22301
9/26/2026,Modarawana_Embilipitiya,3346.420708
9/27/2026,Modarawana_Embilipitiya,3347.572097
9/28/2026,Modarawana_Embilipitiya,3351.723122
9/29/2026,Modarawana_Embilipitiya,3298.728831
9/30/2026,Modarawana_Embilipitiya,3229.378909
10/1/2026,Modarawana_Embilipitiya,3233.792778
10/2/2026,Modarawana_Embilipitiya,3225.620551
10/3/2026,Modarawana_Embilipitiya,3331.759919
10/4/2026,Modarawana_Embilipitiya,3437.170273
10/5/2026,Modarawana_Embilipitiya,3523.792352
10/6/2026,Modarawana_Embilipitiya,3545.27016
10/7/2026,Modarawana_Embilipitiya,3596.262496
10/8/2026,Modarawana_Embilipitiya,3691.494426
10/9/2026,Modarawana_Embilipitiya,3723.461393
10/10/2026,Modarawana_Embilipitiya,3743.461568
10/11/2026,Modarawana_Embilipitiya,3787.300709
10/12/2026,Modarawana_Embilipitiya,3839.037506
10/13/2026,Modarawana_Embilipitiya,3896.586537
10/14/2026,Modarawana_Embilipitiya,3938.335616
10/15/2026,Modarawana_Embilipitiya,3991.127218
10/16/2026,Modarawana_Embilipitiya,3981.984953
10/17/2026,Modarawana_Embilipitiya,4026.720667
10/18/2026,Modarawana_Embilipitiya,4027.304437
10/19/2026,Modarawana_Embilipitiya,3942.822447
10/20/2026,Modarawana_Embilipitiya,3837.573228
10/21/2026,Modarawana_Embilipitiya,3776.839478
10/22/2026,Modarawana_Embilipitiya,3711.973452
10/23/2026,Modarawana_Embilipitiya,3676.189234
10/24/2026,Modarawana_Embilipitiya,3622.056921
10/25/2026,Modarawana_Embilipitiya,3472.981494
10/26/2026,Modarawana_Embilipitiya,3314.00069
10/27/2026,Modarawana_Embilipitiya,3228.637891
10/28/2026,Modarawana_Embilipitiya,3181.325993
10/29/2026,Modarawana_Embilipitiya,3092.656572
10/30/2026,Modarawana_Embilipitiya,3093.894595
10/31/2026,Modarawana_Embilipitiya,3102.508506
11/1/2026,Modarawana_Embilipitiya,3140.176928
11/2/2026,Modarawana_Embilipitiya,3202.110558
11/3/2026,Modarawana_Embilipitiya,3315.906699
11/4/2026,Modarawana_Embilipitiya,3472.7537
11/5/2026,Modarawana_Embilipitiya,3581.511787
11/6/2026,Modarawana_Embilipitiya,3706.074613
11/7/2026,Modarawana_Embilipitiya,3819.877402
11/8/2026,Modarawana_Embilipitiya,3880.146129
11/9/2026,Modarawana_Embilipitiya,3915.723362
11/10/2026,Modarawana_Embilipitiya,3948.261916
11/11/2026,Modarawana_Embilipitiya,3948.613767
11/12/2026,Modarawana_Embilipitiya,3984.082006
11/13/2026,Modarawana_Embilipitiya,3972.82419
11/14/2026,Modarawana_Embilipitiya,3932.468509
11/15/2026,Modarawana_Embilipitiya,3900.033967
11/16/2026,Modarawana_Embilipitiya,3880.459191
11/17/2026,Modarawana_Embilipitiya,3833.750453
11/18/2026,Modarawana_Embilipitiya,3812.351372
11/19/2026,Modarawana_Embilipitiya,3781.66388
11/20/2026,Modarawana_Embilipitiya,3731.512025
11/21/2026,Modarawana_Embilipitiya,3659.823247
11/22/2026,Modarawana_Embilipitiya,3624.836379
11/23/2026,Modarawana_Embilipitiya,3592.226223
11/24/2026,Modarawana_Embilipitiya,3566.796072
11/25/2026,Modarawana_Embilipitiya,3476.662717
11/26/2026,Modarawana_Embilipitiya,3431.903908
11/27/2026,Modarawana_Embilipitiya,3433.610115
11/28/2026,Modarawana_Embilipitiya,3396.061655
11/29/2026,Modarawana_Embilipitiya,3390.264748
11/30/2026,Modarawana_Embilipitiya,3367.194148
12/1/2026,Modarawana_Embilipitiya,3424.201981
12/2/2026,Modarawana_Embilipitiya,3491.523351
12/3/2026,Modarawana_Embilipitiya,3569.08867
12/4/2026,Modarawana_Embilipitiya,3696.538144
12/5/2026,Modarawana_Embilipitiya,3801.835527
12/6/2026,Modarawana_Embilipitiya,3916.570649
12/7/2026,Modarawana_Embilipitiya,4029.546591
12/8/2026,Modarawana_Embilipitiya,4144.694151
12/9/2026,Modarawana_Embilipitiya,4153.351329
12/10/2026,Modarawana_Embilipitiya,4179.802849
12/11/2026,Modarawana_Embilipitiya,4202.723821
12/12/2026,Modarawana_Embilipitiya,4197.120493
12/13/2026,Modarawana_Embilipitiya,4190.772964
12/14/2026,Modarawana_Embilipitiya,4138.305536
12/15/2026,Modarawana_Embilipitiya,4034.941568
12/16/2026,Modarawana_Embilipitiya,3992.567
12/17/2026,Modarawana_Embilipitiya,3973.017254
12/18/2026,Modarawana_Embilipitiya,3945.078007
12/19/2026,Modarawana_Embilipitiya,3834.907268
12/20/2026,Modarawana_Embilipitiya,3782.166205
12/21/2026,Modarawana_Embilipitiya,3746.874462
12/22/2026,Modarawana_Embilipitiya,3661.841301
12/23/2026,Modarawana_Embilipitiya,3621.840687
12/24/2026,Modarawana_Embilipitiya,3607.139134
12/25/2026,Modarawana_Embilipitiya,3516.629933
12/26/2026,Modarawana_Embilipitiya,3535.067568
12/27/2026,Modarawana_Embilipitiya,3577.38717
12/28/2026,Modarawana_Embilipitiya,3609.970934
12/29/2026,Modarawana_Embilipitiya,3607.129362
12/30/2026,Modarawana_Embilipitiya,3732.645216
12/31/2026,Modarawana_Embilipitiya,3810.002937
1/1/2027,Modarawana_Embilipitiya,3873.469555
1/2/2027,Modarawana_Embilipitiya,4036.060873
1/3/2027,Modarawana_Embilipitiya,4129.605488
1/4/2027,Modarawana_Embilipitiya,4209.670222
1/5/2027,Modarawana_Embilipitiya,4302.422433
1/6/2027,Modarawana_Embilipitiya,4452.292408
1/7/2027,Modarawana_Embilipitiya,4534.346912
1/8/2027,Modarawana_Embilipitiya,4519.550725
1/9/2027,Modarawana_Embilipitiya,4567.305186
1/10/2027,Modarawana_Embilipitiya,4579.107365
1/11/2027,Modarawana_Embilipitiya,4483.424907
1/12/2027,Modarawana_Embilipitiya,4436.818033
1/13/2027,Modarawana_Embilipitiya,4397.534822
1/14/2027,Modarawana_Embilipitiya,4293.069915
1/15/2027,Modarawana_Embilipitiya,4314.043397
1/16/2027,Modarawana_Embilipitiya,4306.825283
1/17/2027,Modarawana_Embilipitiya,4317.565305
1/18/2027,Modarawana_Embilipitiya,4255.753802
1/19/2027,Modarawana_Embilipitiya,4247.662384
1/20/2027,Modarawana_Embilipitiya,4171.34341
1/21/2027,Modarawana_Embilipitiya,4130.835077
1/22/2027,Modarawana_Embilipitiya,4143.244275
1/23/2027,Modarawana_Embilipitiya,4058.136508
1/24/2027,Modarawana_Embilipitiya,3947.480233
1/25/2027,Modarawana_Embilipitiya,3933.031903
1/26/2027,Modarawana_Embilipitiya,3942.21835
1/27/2027,Modarawana_Embilipitiya,3890.428746
1/28/2027,Modarawana_Embilipitiya,3876.777288
1/29/2027,Modarawana_Embilipitiya,3877.868126
1/30/2027,Modarawana_Embilipitiya,3915.580513
1/31/2027,Modarawana_Embilipitiya,3834.793833
2/1/2027,Modarawana_Embilipitiya,3926.271774
2/2/2027,Modarawana_Embilipitiya,4017.517746
2/3/2027,Modarawana_Embilipitiya,4041.326094
2/4/2027,Modarawana_Embilipitiya,4105.576316
2/5/2027,Modarawana_Embilipitiya,4229.27594
2/6/2027,Modarawana_Embilipitiya,4250.722765
2/7/2027,Modarawana_Embilipitiya,4206.396253
2/8/2027,Modarawana_Embilipitiya,4237.067318
2/9/2027,Modarawana_Embilipitiya,4280.325009
2/10/2027,Modarawana_Embilipitiya,4287.24489
2/11/2027,Modarawana_Embilipitiya,4340.865978
2/12/2027,Modarawana_Embilipitiya,4388.165513
2/13/2027,Modarawana_Embilipitiya,4413.602374
2/14/2027,Modarawana_Embilipitiya,4453.434345
2/15/2027,Modarawana_Embilipitiya,4446.657377
2/16/2027,Modarawana_Embilipitiya,4420.81183
2/17/2027,Modarawana_Embilipitiya,4339.851786
2/18/2027,Modarawana_Embilipitiya,4265.646736
2/19/2027,Modarawana_Embilipitiya,4138.136371
2/20/2027,Modarawana_Embilipitiya,4006.314236
2/21/2027,Modarawana_Embilipitiya,4002.23052
2/22/2027,Modarawana_Embilipitiya,3953.255387
2/23/2027,Modarawana_Embilipitiya,3856.054596
2/24/2027,Modarawana_Embilipitiya,3790.218108
2/25/2027,Modarawana_Embilipitiya,3777.106321
2/26/2027,Modarawana_Embilipitiya,3725.352051
2/27/2027,Modarawana_Embilipitiya,3716.800943
2/28/2027,Modarawana_Embilipitiya,3805.038917
3/1/2027,Modarawana_Embilipitiya,3874.721607
3/2/2027,Modarawana_Embilipitiya,3943.935914
3/3/2027,Modarawana_Embilipitiya,4017.96283
3/4/2027,Modarawana_Embilipitiya,4163.091028
3/5/2027,Modarawana_Embilipitiya,4231.090789
3/6/2027,Modarawana_Embilipitiya,4331.55682
3/7/2027,Modarawana_Embilipitiya,4445.158693
3/8/2027,Modarawana_Embilipitiya,4454.264374
3/9/2027,Modarawana_Embilipitiya,4454.372095
3/10/2027,Modarawana_Embilipitiya,4467.927291
3/11/2027,Modarawana_Embilipitiya,4415.898289
3/12/2027,Modarawana_Embilipitiya,4428.249396
3/13/2027,Modarawana_Embilipitiya,4580.288534
3/14/2027,Modarawana_Embilipitiya,4671.213314
3/15/2027,Modarawana_Embilipitiya,4756.845753
3/16/2027,Modarawana_Embilipitiya,4764.123404
3/17/2027,Modarawana_Embilipitiya,4811.853868
3/18/2027,Modarawana_Embilipitiya,4842.147711
3/19/2027,Modarawana_Embilipitiya,4780.202857
3/20/2027,Modarawana_Embilipitiya,4710.535604
3/21/2027,Modarawana_Embilipitiya,4623.405166
3/22/2027,Modarawana_Embilipitiya,4503.333934
3/23/2027,Modarawana_Embilipitiya,4420.032468
3/24/2027,Modarawana_Embilipitiya,4427.758827
3/25/2027,Modarawana_Embilipitiya,4278.448207
3/26/2027,Modarawana_Embilipitiya,4253.486885
3/27/2027,Modarawana_Embilipitiya,4170.23468
3/28/2027,Modarawana_Embilipitiya,4081.423367
3/29/2027,Modarawana_Embilipitiya,4007.003764
3/30/2027,Modarawana_Embilipitiya,3918.176213
3/31/2027,Modarawana_Embilipitiya,3926.153293
4/1/2027,Modarawana_Embilipitiya,3981.357485
4/2/2027,Modarawana_Embilipitiya,4222.009704
4/3/2027,Modarawana_Embilipitiya,4374.170686
4/4/2027,Modarawana_Embilipitiya,4534.49497
4/5/2027,Modarawana_Embilipitiya,4647.038945
4/6/2027,Modarawana_Embilipitiya,4865.329958
4/7/2027,Modarawana_Embilipitiya,4969.755495
4/8/2027,Modarawana_Embilipitiya,5029.818443
4/9/2027,Modarawana_Embilipitiya,5083.073819
4/10/2027,Modarawana_Embilipitiya,5126.041052
4/11/2027,Modarawana_Embilipitiya,5088.411026
4/12/2027,Modarawana_Embilipitiya,5092.108604
4/13/2027,Modarawana_Embilipitiya,5089.07398
4/14/2027,Modarawana_Embilipitiya,4942.118941
4/15/2027,Modarawana_Embilipitiya,4877.359106
4/16/2027,Modarawana_Embilipitiya,4744.270218
4/17/2027,Modarawana_Embilipitiya,4607.396396
4/18/2027,Modarawana_Embilipitiya,4391.598315
4/19/2027,Modarawana_Embilipitiya,4226.801003
4/20/2027,Modarawana_Embilipitiya,4121.835862
4/21/2027,Modarawana_Embilipitiya,3998.077394
4/22/2027,Modarawana_Embilipitiya,3965.437751
4/23/2027,Modarawana_Embilipitiya,3922.430555
4/24/2027,Modarawana_Embilipitiya,3861.916525
4/25/2027,Modarawana_Embilipitiya,3847.347136
4/26/2027,Modarawana_Embilipitiya,3842.223858
4/27/2027,Modarawana_Embilipitiya,3831.886098
4/28/2027,Modarawana_Embilipitiya,3857.564734
4/29/2027,Modarawana_Embilipitiya,3842.694086
4/30/2027,Modarawana_Embilipitiya,3834.05042
5/1/2027,Modarawana_Embilipitiya,3896.571896
5/2/2027,Modarawana_Embilipitiya,4009.931359
5/3/2027,Modarawana_Embilipitiya,4136.30914
5/4/2027,Modarawana_Embilipitiya,4183.111922
5/5/2027,Modarawana_Embilipitiya,4289.564162
5/6/2027,Modarawana_Embilipitiya,4407.207064
5/7/2027,Modarawana_Embilipitiya,4459.262764
5/8/2027,Modarawana_Embilipitiya,4472.355072
5/9/2027,Modarawana_Embilipitiya,4567.855917
5/10/2027,Modarawana_Embilipitiya,4644.981801
5/11/2027,Modarawana_Embilipitiya,4706.328755
5/12/2027,Modarawana_Embilipitiya,4752.321599
5/13/2027,Modarawana_Embilipitiya,4766.682909
5/14/2027,Modarawana_Embilipitiya,4732.577332
5/15/2027,Modarawana_Embilipitiya,4707.298047
5/16/2027,Modarawana_Embilipitiya,4607.625214
5/17/2027,Modarawana_Embilipitiya,4613.268429
5/18/2027,Modarawana_Embilipitiya,4480.306701
5/19/2027,Modarawana_Embilipitiya,4361.638014
5/20/2027,Modarawana_Embilipitiya,4261.833059
5/21/2027,Modarawana_Embilipitiya,4170.502536
5/22/2027,Modarawana_Embilipitiya,4123.787869
5/23/2027,Modarawana_Embilipitiya,4019.328927
5/24/2027,Modarawana_Embilipitiya,3895.769082
5/25/2027,Modarawana_Embilipitiya,3853.963022
5/26/2027,Modarawana_Embilipitiya,3792.516696
5/27/2027,Modarawana_Embilipitiya,3725.286914
5/28/2027,Modarawana_Embilipitiya,3737.359975
5/29/2027,Modarawana_Embilipitiya,3748.272357
5/30/2027,Modarawana_Embilipitiya,3752.796134
5/31/2027,Modarawana_Embilipitiya,3810.434047
6/1/2027,Modarawana_Embilipitiya,3882.020791
6/2/2027,Modarawana_Embilipitiya,4014.879626
6/3/2027,Modarawana_Embilipitiya,4141.149185
6/4/2027,Modarawana_Embilipitiya,4274.165856
6/5/2027,Modarawana_Embilipitiya,4375.544746
6/6/2027,Modarawana_Embilipitiya,4529.588217
6/7/2027,Modarawana_Embilipitiya,4548.094427
6/8/2027,Modarawana_Embilipitiya,4587.608522
6/9/2027,Modarawana_Embilipitiya,4635.422115
6/10/2027,Modarawana_Embilipitiya,4592.72411
6/11/2027,Modarawana_Embilipitiya,4606.202023
6/12/2027,Modarawana_Embilipitiya,4573.925563
6/13/2027,Modarawana_Embilipitiya,4541.28177
6/14/2027,Modarawana_Embilipitiya,4546.066867
6/15/2027,Modarawana_Embilipitiya,4486.56706
6/16/2027,Modarawana_Embilipitiya,4452.027513
6/17/2027,Modarawana_Embilipitiya,4337.281976
6/18/2027,Modarawana_Embilipitiya,4184.14956
6/19/2027,Modarawana_Embilipitiya,4095.847102
6/20/2027,Modarawana_Embilipitiya,4048.306626
6/21/2027,Modarawana_Embilipitiya,3996.103037
6/22/2027,Modarawana_Embilipitiya,3977.825206
6/23/2027,Modarawana_Embilipitiya,3845.293089
6/24/2027,Modarawana_Embilipitiya,3790.941625
6/25/2027,Modarawana_Embilipitiya,3648.416791
6/26/2027,Modarawana_Embilipitiya,3560.948307
6/27/2027,Modarawana_Embilipitiya,3441.365994
6/28/2027,Modarawana_Embilipitiya,3431.314658
6/29/2027,Modarawana_Embilipitiya,3402.014608
6/30/2027,Modarawana_Embilipitiya,3379.194254
7/1/2027,Modarawana_Embilipitiya,3508.802706
7/2/2027,Modarawana_Embilipitiya,3675.45082
7/3/2027,Modarawana_Embilipitiya,3772.650864
7/4/2027,Modarawana_Embilipitiya,3912.307582
7/5/2027,Modarawana_Embilipitiya,4044.763105
7/6/2027,Modarawana_Embilipitiya,4153.198507
7/7/2027,Modarawana_Embilipitiya,4157.33587
7/8/2027,Modarawana_Embilipitiya,4201.30961
7/9/2027,Modarawana_Embilipitiya,4218.205367
7/10/2027,Modarawana_Embilipitiya,4195.89934
7/11/2027,Modarawana_Embilipitiya,4205.937607
7/12/2027,Modarawana_Embilipitiya,4198.02989
7/13/2027,Modarawana_Embilipitiya,4117.832724
7/14/2027,Modarawana_Embilipitiya,4092.914461
7/15/2027,Modarawana_Embilipitiya,4002.569345
7/16/2027,Modarawana_Embilipitiya,3963.038837
7/17/2027,Modarawana_Embilipitiya,3873.068613
7/18/2027,Modarawana_Embilipitiya,3845.078661
7/19/2027,Modarawana_Embilipitiya,3747.710757
7/20/2027,Modarawana_Embilipitiya,3724.818524
7/21/2027,Modarawana_Embilipitiya,3758.606996
7/22/2027,Modarawana_Embilipitiya,3718.260541
7/23/2027,Modarawana_Embilipitiya,3561.289502
7/24/2027,Modarawana_Embilipitiya,3542.70335
7/25/2027,Modarawana_Embilipitiya,3513.878285
7/26/2027,Modarawana_Embilipitiya,3504.594513
7/27/2027,Modarawana_Embilipitiya,3434.39871
7/28/2027,Modarawana_Embilipitiya,3444.330807
7/29/2027,Modarawana_Embilipitiya,3426.626152
7/30/2027,Modarawana_Embilipitiya,3473.828704
7/31/2027,Modarawana_Embilipitiya,3616.07614
8/1/2027,Modarawana_Embilipitiya,3724.183848
8/2/2027,Modarawana_Embilipitiya,3774.864482
8/3/2027,Modarawana_Embilipitiya,3880.424693
8/4/2027,Modarawana_Embilipitiya,3997.897444
8/5/2027,Modarawana_Embilipitiya,4047.686517
8/6/2027,Modarawana_Embilipitiya,4075.765842
8/7/2027,Modarawana_Embilipitiya,4114.681606
8/8/2027,Modarawana_Embilipitiya,4114.690402
8/9/2027,Modarawana_Embilipitiya,4149.057462
8/10/2027,Modarawana_Embilipitiya,4163.993719
8/11/2027,Modarawana_Embilipitiya,4091.677306
8/12/2027,Modarawana_Embilipitiya,4020.893544
8/13/2027,Modarawana_Embilipitiya,4045.975623
8/14/2027,Modarawana_Embilipitiya,4042.599218
8/15/2027,Modarawana_Embilipitiya,4058.260478
8/16/2027,Modarawana_Embilipitiya,3961.143961
8/17/2027,Modarawana_Embilipitiya,3925.437222
8/18/2027,Modarawana_Embilipitiya,3845.608857
8/19/2027,Modarawana_Embilipitiya,3827.188427
8/20/2027,Modarawana_Embilipitiya,3795.432981
8/21/2027,Modarawana_Embilipitiya,3710.146357
8/22/2027,Modarawana_Embilipitiya,3562.897629
8/23/2027,Modarawana_Embilipitiya,3484.575404
8/24/2027,Modarawana_Embilipitiya,3407.931564
8/25/2027,Modarawana_Embilipitiya,3314.63037
8/26/2027,Modarawana_Embilipitiya,3281.958144
8/27/2027,Modarawana_Embilipitiya,3249.273442
8/28/2027,Modarawana_Embilipitiya,3267.800295
8/29/2027,Modarawana_Embilipitiya,3351.695158
8/30/2027,Modarawana_Embilipitiya,3394.347962
8/31/2027,Modarawana_Embilipitiya,3486.300096
9/1/2027,Modarawana_Embilipitiya,3606.755394
9/2/2027,Modarawana_Embilipitiya,3754.865239
9/3/2027,Modarawana_Embilipitiya,3876.705983
9/4/2027,Modarawana_Embilipitiya,3949.039178
9/5/2027,Modarawana_Embilipitiya,3944.065602
9/6/2027,Modarawana_Embilipitiya,3960.40304
9/7/2027,Modarawana_Embilipitiya,3966.814169
9/8/2027,Modarawana_Embilipitiya,3967.081466
9/9/2027,Modarawana_Embilipitiya,3988.704246
9/10/2027,Modarawana_Embilipitiya,3998.627395
9/11/2027,Modarawana_Embilipitiya,3970.224455
9/12/2027,Modarawana_Embilipitiya,3968.319074
9/13/2027,Modarawana_Embilipitiya,3905.98921
9/14/2027,Modarawana_Embilipitiya,3897.821045
9/15/2027,Modarawana_Embilipitiya,3830.479328
9/16/2027,Modarawana_Embilipitiya,3746.134085
9/17/2027,Modarawana_Embilipitiya,3672.566529
9/18/2027,Modarawana_Embilipitiya,3584.086102
9/19/2027,Modarawana_Embilipitiya,3494.049372
9/20/2027,Modarawana_Embilipitiya,3445.35562
9/21/2027,Modarawana_Embilipitiya,3314.800695
9/22/2027,Modarawana_Embilipitiya,3266.980656
9/23/2027,Modarawana_Embilipitiya,3181.269419
9/24/2027,Modarawana_Embilipitiya,3118.190212
9/25/2027,Modarawana_Embilipitiya,3100.859243
9/26/2027,Modarawana_Embilipitiya,3115.020619
9/27/2027,Modarawana_Embilipitiya,3215.176497
9/28/2027,Modarawana_Embilipitiya,3333.898873
9/29/2027,Modarawana_Embilipitiya,3514.005238
9/30/2027,Modarawana_Embilipitiya,3655.313473
10/1/2027,Modarawana_Embilipitiya,3741.242861
10/2/2027,Modarawana_Embilipitiya,3828.158901
10/3/2027,Modarawana_Embilipitiya,3966.068872
10/4/2027,Modarawana_Embilipitiya,4052.753457
10/5/2027,Modarawana_Embilipitiya,4080.787601
10/6/2027,Modarawana_Embilipitiya,4086.702858
10/7/2027,Modarawana_Embilipitiya,4077.031672
10/8/2027,Modarawana_Embilipitiya,4036.196617
10/9/2027,Modarawana_Embilipitiya,4009.356764
10/10/2027,Modarawana_Embilipitiya,3958.884033
10/11/2027,Modarawana_Embilipitiya,3860.33428
10/12/2027,Modarawana_Embilipitiya,3886.315171
10/13/2027,Modarawana_Embilipitiya,3907.128099
10/14/2027,Modarawana_Embilipitiya,3937.050001
10/15/2027,Modarawana_Embilipitiya,3934.230433
10/16/2027,Modarawana_Embilipitiya,3913.491499
10/17/2027,Modarawana_Embilipitiya,3886.656226
10/18/2027,Modarawana_Embilipitiya,3819.942795
10/19/2027,Modarawana_Embilipitiya,3781.382578
10/20/2027,Modarawana_Embilipitiya,3683.888632
10/21/2027,Modarawana_Embilipitiya,3547.278207
10/22/2027,Modarawana_Embilipitiya,3489.635752
10/23/2027,Modarawana_Embilipitiya,3504.536042
10/24/2027,Modarawana_Embilipitiya,3471.300039
10/25/2027,Modarawana_Embilipitiya,3459.301389
10/26/2027,Modarawana_Embilipitiya,3418.116236
10/27/2027,Modarawana_Embilipitiya,3428.56575
10/28/2027,Modarawana_Embilipitiya,3430.687688
10/29/2027,Modarawana_Embilipitiya,3518.385565
10/30/2027,Modarawana_Embilipitiya,3585.909236
10/31/2027,Modarawana_Embilipitiya,3631.154517
11/1/2027,Modarawana_Embilipitiya,3728.777883
11/2/2027,Modarawana_Embilipitiya,3869.840882
11/3/2027,Modarawana_Embilipitiya,3945.522065
11/4/2027,Modarawana_Embilipitiya,3922.944656
11/5/2027,Modarawana_Embilipitiya,3902.449031
11/6/2027,Modarawana_Embilipitiya,3939.529901
11/7/2027,Modarawana_Embilipitiya,3923.253917
11/8/2027,Modarawana_Embilipitiya,3972.870606
11/9/2027,Modarawana_Embilipitiya,3936.483514
11/10/2027,Modarawana_Embilipitiya,3904.473062
11/11/2027,Modarawana_Embilipitiya,3906.866442
11/12/2027,Modarawana_Embilipitiya,3930.21022
11/13/2027,Modarawana_Embilipitiya,3964.165175
11/14/2027,Modarawana_Embilipitiya,3861.128574
11/15/2027,Modarawana_Embilipitiya,3783.410385
11/16/2027,Modarawana_Embilipitiya,3738.19538
11/17/2027,Modarawana_Embilipitiya,3676.509223
11/18/2027,Modarawana_Embilipitiya,3645.554205
11/19/2027,Modarawana_Embilipitiya,3563.708253
11/20/2027,Modarawana_Embilipitiya,3429.668708
11/21/2027,Modarawana_Embilipitiya,3360.385377
11/22/2027,Modarawana_Embilipitiya,3352.699541
11/23/2027,Modarawana_Embilipitiya,3323.9184
11/24/2027,Modarawana_Embilipitiya,3248.828645
11/25/2027,Modarawana_Embilipitiya,3297.095331
11/26/2027,Modarawana_Embilipitiya,3358.170789
11/27/2027,Modarawana_Embilipitiya,3400.836794
11/28/2027,Modarawana_Embilipitiya,3548.000219
11/29/2027,Modarawana_Embilipitiya,3667.811049
11/30/2027,Modarawana_Embilipitiya,3789.324962
12/1/2027,Modarawana_Embilipitiya,3864.747978
12/2/2027,Modarawana_Embilipitiya,3967.617906
12/3/2027,Modarawana_Embilipitiya,4009.691759
12/4/2027,Modarawana_Embilipitiya,4010.31967
12/5/2027,Modarawana_Embilipitiya,4039.733278
12/6/2027,Modarawana_Embilipitiya,4050.917754
12/7/2027,Modarawana_Embilipitiya,4029.979274
12/8/2027,Modarawana_Embilipitiya,4054.611124
12/9/2027,Modarawana_Embilipitiya,4025.60842
12/10/2027,Modarawana_Embilipitiya,3999.971922
12/11/2027,Modarawana_Embilipitiya,4035.306683
12/12/2027,Modarawana_Embilipitiya,4043.549122
12/13/2027,Modarawana_Embilipitiya,4059.85667
12/14/2027,Modarawana_Embilipitiya,4011.756365
12/15/2027,Modarawana_Embilipitiya,3989.428702
12/16/2027,Modarawana_Embilipitiya,3942.221293
12/17/2027,Modarawana_Embilipitiya,3957.404927
12/18/2027,Modarawana_Embilipitiya,3957.475403
12/19/2027,Modarawana_Embilipitiya,3949.026418
12/20/2027,Modarawana_Embilipitiya,3872.070838
12/21/2027,Modarawana_Embilipitiya,3814.62801
12/22/2027,Modarawana_Embilipitiya,3789.898191
12/23/2027,Modarawana_Embilipitiya,3765.688878
12/24/2027,Modarawana_Embilipitiya,3742.000071
12/25/2027,Modarawana_Embilipitiya,3718.83177
12/26/2027,Modarawana_Embilipitiya,3696.183976
12/27/2027,Modarawana_Embilipitiya,3674.056687
12/28/2027,Modarawana_Embilipitiya,3652.449905
12/29/2027,Modarawana_Embilipitiya,3631.363629
12/30/2027,Modarawana_Embilipitiya,3610.797859
12/31/2027,Modarawana_Embilipitiya,3590.752595
1/1/2025,Monaragala,4096.177464
1/2/2025,Monaragala,4044.023882
1/3/2025,Monaragala,3997.961011
1/4/2025,Monaragala,3957.988851
1/5/2025,Monaragala,3924.107403
1/6/2025,Monaragala,3896.316665
1/7/2025,Monaragala,3874.616638
1/8/2025,Monaragala,3859.007322
1/9/2025,Monaragala,3849.488717
1/10/2025,Monaragala,3846.060824
1/11/2025,Monaragala,3848.723641
1/12/2025,Monaragala,3865.308997
1/13/2025,Monaragala,3900.52636
1/14/2025,Monaragala,3904.088869
1/15/2025,Monaragala,3860.837157
1/16/2025,Monaragala,3903.614932
1/17/2025,Monaragala,3961.048168
1/18/2025,Monaragala,4045.234621
1/19/2025,Monaragala,4083.859366
1/20/2025,Monaragala,4127.05831
1/21/2025,Monaragala,4180.583943
1/22/2025,Monaragala,4275.32478
1/23/2025,Monaragala,4322.68275
1/24/2025,Monaragala,4335.548497
1/25/2025,Monaragala,4340.127377
1/26/2025,Monaragala,4378.315074
1/27/2025,Monaragala,4494.468411
1/28/2025,Monaragala,4558.944592
1/29/2025,Monaragala,4636.30972
1/30/2025,Monaragala,4628.758114
1/31/2025,Monaragala,4635.99444
2/1/2025,Monaragala,4645.52743
2/2/2025,Monaragala,4650.871722
2/3/2025,Monaragala,4619.928953
2/4/2025,Monaragala,4551.224651
2/5/2025,Monaragala,4532.066654
2/6/2025,Monaragala,4497.453578
2/7/2025,Monaragala,4578.471215
2/8/2025,Monaragala,4556.556512
2/9/2025,Monaragala,4604.467326
2/10/2025,Monaragala,4577.514563
2/11/2025,Monaragala,4587.308281
2/12/2025,Monaragala,4531.108999
2/13/2025,Monaragala,4493.368755
2/14/2025,Monaragala,4497.989823
2/15/2025,Monaragala,4553.276851
2/16/2025,Monaragala,4665.629177
2/17/2025,Monaragala,4696.404999
2/18/2025,Monaragala,4737.643056
2/19/2025,Monaragala,4662.897909
2/20/2025,Monaragala,4690.059362
2/21/2025,Monaragala,4823.67869
2/22/2025,Monaragala,4936.779076
2/23/2025,Monaragala,5003.892499
2/24/2025,Monaragala,4959.171535
2/25/2025,Monaragala,5043.458194
2/26/2025,Monaragala,5152.490941
2/27/2025,Monaragala,5316.633805
2/28/2025,Monaragala,5341.550054
3/1/2025,Monaragala,5330.004937
3/2/2025,Monaragala,5426.884277
3/3/2025,Monaragala,5544.993547
3/4/2025,Monaragala,5624.9747
3/5/2025,Monaragala,5642.079538
3/6/2025,Monaragala,5754.329606
3/7/2025,Monaragala,5738.108064
3/8/2025,Monaragala,5723.553379
3/9/2025,Monaragala,5709.023597
3/10/2025,Monaragala,5647.116048
3/11/2025,Monaragala,5552.447659
3/12/2025,Monaragala,5627.339157
3/13/2025,Monaragala,5708.733942
3/14/2025,Monaragala,5756.407626
3/15/2025,Monaragala,5714.727711
3/16/2025,Monaragala,5684.354878
3/17/2025,Monaragala,5707.788147
3/18/2025,Monaragala,5726.018994
3/19/2025,Monaragala,5726.30639
3/20/2025,Monaragala,5716.207755
3/21/2025,Monaragala,5738.691698
3/22/2025,Monaragala,5924.630197
3/23/2025,Monaragala,6026.956923
3/24/2025,Monaragala,6085.960517
3/25/2025,Monaragala,6084.348137
3/26/2025,Monaragala,6082.427191
3/27/2025,Monaragala,5986.733637
3/28/2025,Monaragala,5944.711142
3/29/2025,Monaragala,5943.580299
3/30/2025,Monaragala,5898.149075
3/31/2025,Monaragala,5860.695489
4/1/2025,Monaragala,5879.874905
4/2/2025,Monaragala,5779.834604
4/3/2025,Monaragala,5773.13884
4/4/2025,Monaragala,5718.599284
4/5/2025,Monaragala,5723.440821
4/6/2025,Monaragala,5693.874619
4/7/2025,Monaragala,5741.218676
4/8/2025,Monaragala,5728.822981
4/9/2025,Monaragala,5691.520693
4/10/2025,Monaragala,5647.340265
4/11/2025,Monaragala,5741.850435
4/12/2025,Monaragala,5797.700181
4/13/2025,Monaragala,5765.061817
4/14/2025,Monaragala,5763.495531
4/15/2025,Monaragala,5691.954521
4/16/2025,Monaragala,5709.106457
4/17/2025,Monaragala,5712.481821
4/18/2025,Monaragala,5675.041399
4/19/2025,Monaragala,5691.646804
4/20/2025,Monaragala,5706.118226
4/21/2025,Monaragala,5728.603571
4/22/2025,Monaragala,5688.80841
4/23/2025,Monaragala,5737.470146
4/24/2025,Monaragala,5681.946624
4/25/2025,Monaragala,5679.286792
4/26/2025,Monaragala,5637.057229
4/27/2025,Monaragala,5611.436117
4/28/2025,Monaragala,5480.014001
4/29/2025,Monaragala,5370.790508
4/30/2025,Monaragala,5332.707378
5/1/2025,Monaragala,5303.958263
5/2/2025,Monaragala,5291.922894
5/3/2025,Monaragala,5297.03257
5/4/2025,Monaragala,5326.326585
5/5/2025,Monaragala,5233.462379
5/6/2025,Monaragala,5245.755747
5/7/2025,Monaragala,5201.335918
5/8/2025,Monaragala,5180.582501
5/9/2025,Monaragala,5227.874661
5/10/2025,Monaragala,5183.070223
5/11/2025,Monaragala,5168.430908
5/12/2025,Monaragala,5127.35924
5/13/2025,Monaragala,5130.429406
5/14/2025,Monaragala,5169.232427
5/15/2025,Monaragala,5208.713959
5/16/2025,Monaragala,5200.892854
5/17/2025,Monaragala,5216.240976
5/18/2025,Monaragala,5197.78782
5/19/2025,Monaragala,5192.890613
5/20/2025,Monaragala,5243.143344
5/21/2025,Monaragala,5342.781469
5/22/2025,Monaragala,5430.253326
5/23/2025,Monaragala,5506.528331
5/24/2025,Monaragala,5495.181262
5/25/2025,Monaragala,5395.601703
5/26/2025,Monaragala,5354.538427
5/27/2025,Monaragala,5256.209356
5/28/2025,Monaragala,5151.111039
5/29/2025,Monaragala,5052.433914
5/30/2025,Monaragala,4940.610769
5/31/2025,Monaragala,4848.177464
6/1/2025,Monaragala,4741.758664
6/2/2025,Monaragala,4691.49929
6/3/2025,Monaragala,4700.796986
6/4/2025,Monaragala,4645.89974
6/5/2025,Monaragala,4683.233288
6/6/2025,Monaragala,4737.257993
6/7/2025,Monaragala,4786.238266
6/8/2025,Monaragala,4890.72694
6/9/2025,Monaragala,4982.558982
6/10/2025,Monaragala,5052.062837
6/11/2025,Monaragala,5119.945527
6/12/2025,Monaragala,5148.993492
6/13/2025,Monaragala,5163.188802
6/14/2025,Monaragala,5158.331721
6/15/2025,Monaragala,5202.730566
6/16/2025,Monaragala,5223.368564
6/17/2025,Monaragala,5281.743577
6/18/2025,Monaragala,5268.096551
6/19/2025,Monaragala,5172.806765
6/20/2025,Monaragala,5100.535492
6/21/2025,Monaragala,5052.232285
6/22/2025,Monaragala,5091.366313
6/23/2025,Monaragala,5126.925612
6/24/2025,Monaragala,5044.307076
6/25/2025,Monaragala,5066.42173
6/26/2025,Monaragala,5051.311195
6/27/2025,Monaragala,5005.925424
6/28/2025,Monaragala,5032.630849
6/29/2025,Monaragala,4978.063604
6/30/2025,Monaragala,4983.503793
7/1/2025,Monaragala,5031.253861
7/2/2025,Monaragala,4946.709364
7/3/2025,Monaragala,4972.957832
7/4/2025,Monaragala,4970.128484
7/5/2025,Monaragala,5013.611341
7/6/2025,Monaragala,5118.746521
7/7/2025,Monaragala,5116.736217
7/8/2025,Monaragala,5047.457488
7/9/2025,Monaragala,5065.786589
7/10/2025,Monaragala,5049.650381
7/11/2025,Monaragala,5025.461689
7/12/2025,Monaragala,5036.613386
7/13/2025,Monaragala,5038.420168
7/14/2025,Monaragala,4971.751529
7/15/2025,Monaragala,5033.409547
7/16/2025,Monaragala,5048.516493
7/17/2025,Monaragala,4995.334784
7/18/2025,Monaragala,5000.662075
7/19/2025,Monaragala,4932.040519
7/20/2025,Monaragala,4876.359278
7/21/2025,Monaragala,4862.09543
7/22/2025,Monaragala,4790.097386
7/23/2025,Monaragala,4763.297418
7/24/2025,Monaragala,4721.684113
7/25/2025,Monaragala,4709.763432
7/26/2025,Monaragala,4681.286005
7/27/2025,Monaragala,4493.526648
7/28/2025,Monaragala,4402.875633
7/29/2025,Monaragala,4395.449554
7/30/2025,Monaragala,4319.983796
7/31/2025,Monaragala,4307.253415
8/1/2025,Monaragala,4340.907394
8/2/2025,Monaragala,4339.628822
8/3/2025,Monaragala,4326.671464
8/4/2025,Monaragala,4380.305179
8/5/2025,Monaragala,4360.936732
8/6/2025,Monaragala,4280.814764
8/7/2025,Monaragala,4237.57193
8/8/2025,Monaragala,4201.198251
8/9/2025,Monaragala,4211.957677
8/10/2025,Monaragala,4269.077419
8/11/2025,Monaragala,4334.575849
8/12/2025,Monaragala,4265.663036
8/13/2025,Monaragala,4256.166071
8/14/2025,Monaragala,4217.475121
8/15/2025,Monaragala,4201.407824
8/16/2025,Monaragala,4187.656381
8/17/2025,Monaragala,4216.240686
8/18/2025,Monaragala,4303.901271
8/19/2025,Monaragala,4352.769481
8/20/2025,Monaragala,4359.502574
8/21/2025,Monaragala,4395.885902
8/22/2025,Monaragala,4376.260269
8/23/2025,Monaragala,4380.141649
8/24/2025,Monaragala,4362.29281
8/25/2025,Monaragala,4327.940474
8/26/2025,Monaragala,4328.176819
8/27/2025,Monaragala,4409.270622
8/28/2025,Monaragala,4454.392319
8/29/2025,Monaragala,4543.37452
8/30/2025,Monaragala,4629.836443
8/31/2025,Monaragala,4682.644886
9/1/2025,Monaragala,4609.384976
9/2/2025,Monaragala,4668.592699
9/3/2025,Monaragala,4719.715338
9/4/2025,Monaragala,4769.366637
9/5/2025,Monaragala,4775.19769
9/6/2025,Monaragala,4765.681549
9/7/2025,Monaragala,4834.318998
9/8/2025,Monaragala,4760.856984
9/9/2025,Monaragala,4692.821786
9/10/2025,Monaragala,4649.470723
9/11/2025,Monaragala,4579.790349
9/12/2025,Monaragala,4559.746304
9/13/2025,Monaragala,4528.931989
9/14/2025,Monaragala,4499.76475
9/15/2025,Monaragala,4548.332523
9/16/2025,Monaragala,4596.375643
9/17/2025,Monaragala,4532.715275
9/18/2025,Monaragala,4549.609014
9/19/2025,Monaragala,4487.216848
9/20/2025,Monaragala,4437.649377
9/21/2025,Monaragala,4380.580698
9/22/2025,Monaragala,4369.472189
9/23/2025,Monaragala,4346.835106
9/24/2025,Monaragala,4276.853171
9/25/2025,Monaragala,4194.359026
9/26/2025,Monaragala,4214.227202
9/27/2025,Monaragala,4121.970732
9/28/2025,Monaragala,4072.336009
9/29/2025,Monaragala,4126.265151
9/30/2025,Monaragala,4209.143883
10/1/2025,Monaragala,4274.777728
10/2/2025,Monaragala,4320.656205
10/3/2025,Monaragala,4372.559775
10/4/2025,Monaragala,4383.691486
10/5/2025,Monaragala,4397.886782
10/6/2025,Monaragala,4402.583942
10/7/2025,Monaragala,4340.568783
10/8/2025,Monaragala,4239.715282
10/9/2025,Monaragala,4150.974353
10/10/2025,Monaragala,4148.076163
10/11/2025,Monaragala,4091.790375
10/12/2025,Monaragala,4070.042995
10/13/2025,Monaragala,4036.340346
10/14/2025,Monaragala,4020.624443
10/15/2025,Monaragala,3999.832808
10/16/2025,Monaragala,3987.059929
10/17/2025,Monaragala,3952.05518
10/18/2025,Monaragala,4114.633269
10/19/2025,Monaragala,4174.458269
10/20/2025,Monaragala,4257.919557
10/21/2025,Monaragala,4306.606312
10/22/2025,Monaragala,4301.03264
10/23/2025,Monaragala,4434.729143
10/24/2025,Monaragala,4507.415335
10/25/2025,Monaragala,4497.589974
10/26/2025,Monaragala,4541.352747
10/27/2025,Monaragala,4499.544493
10/28/2025,Monaragala,4533.504606
10/29/2025,Monaragala,4628.274521
10/30/2025,Monaragala,4691.612387
10/31/2025,Monaragala,4698.543721
11/1/2025,Monaragala,4704.058426
11/2/2025,Monaragala,4729.312837
11/3/2025,Monaragala,4719.219703
11/4/2025,Monaragala,4683.712336
11/5/2025,Monaragala,4724.150989
11/6/2025,Monaragala,4793.523524
11/7/2025,Monaragala,4830.211214
11/8/2025,Monaragala,4811.816029
11/9/2025,Monaragala,4810.243711
11/10/2025,Monaragala,4784.192201
11/11/2025,Monaragala,4708.486222
11/12/2025,Monaragala,4720.754339
11/13/2025,Monaragala,4660.836384
11/14/2025,Monaragala,4544.005721
11/15/2025,Monaragala,4521.750379
11/16/2025,Monaragala,4464.63733
11/17/2025,Monaragala,4406.076444
11/18/2025,Monaragala,4254.039506
11/19/2025,Monaragala,4096.042022
11/20/2025,Monaragala,3955.420196
11/21/2025,Monaragala,3761.003581
11/22/2025,Monaragala,3678.950403
11/23/2025,Monaragala,3608.91669
11/24/2025,Monaragala,3568.417971
11/25/2025,Monaragala,3535.21764
11/26/2025,Monaragala,3435.202827
11/27/2025,Monaragala,3380.735101
11/28/2025,Monaragala,3362.021214
11/29/2025,Monaragala,3345.869311
11/30/2025,Monaragala,3335.777039
12/1/2025,Monaragala,3258.291184
12/2/2025,Monaragala,3226.400835
12/3/2025,Monaragala,3164.171948
12/4/2025,Monaragala,3120.589417
12/5/2025,Monaragala,3075.601846
12/6/2025,Monaragala,3006.505601
12/7/2025,Monaragala,2899.770353
12/8/2025,Monaragala,2822.435055
12/9/2025,Monaragala,2835.747491
12/10/2025,Monaragala,2871.962966
12/11/2025,Monaragala,2838.366106
12/12/2025,Monaragala,2951.426078
12/13/2025,Monaragala,3000.037456
12/14/2025,Monaragala,3112.999658
12/15/2025,Monaragala,3174.997009
12/16/2025,Monaragala,3290.476351
12/17/2025,Monaragala,3479.215588
12/18/2025,Monaragala,3624.823799
12/19/2025,Monaragala,3712.870986
12/20/2025,Monaragala,3776.99708
12/21/2025,Monaragala,3831.801838
12/22/2025,Monaragala,3925.609117
12/23/2025,Monaragala,3945.335064
12/24/2025,Monaragala,4044.05551
12/25/2025,Monaragala,4211.69667
12/26/2025,Monaragala,4296.577015
12/27/2025,Monaragala,4431.023764
12/28/2025,Monaragala,4411.287854
12/29/2025,Monaragala,4486.202366
12/30/2025,Monaragala,4511.753727
12/31/2025,Monaragala,4567.993734
1/1/2026,Monaragala,4664.729773
1/2/2026,Monaragala,4703.391329
1/3/2026,Monaragala,4767.648672
1/4/2026,Monaragala,4689.767225
1/5/2026,Monaragala,4578.473625
1/6/2026,Monaragala,4370.137458
1/7/2026,Monaragala,4101.392959
1/8/2026,Monaragala,3924.609777
1/9/2026,Monaragala,3823.586295
1/10/2026,Monaragala,3736.233556
1/11/2026,Monaragala,3672.405367
1/12/2026,Monaragala,3645.982308
1/13/2026,Monaragala,3711.472106
1/14/2026,Monaragala,3736.836146
1/15/2026,Monaragala,3723.056958
1/16/2026,Monaragala,3739.495344
1/17/2026,Monaragala,3618.952848
1/18/2026,Monaragala,3649.34004
1/19/2026,Monaragala,3659.271687
1/20/2026,Monaragala,3719.58355
1/21/2026,Monaragala,3780.785241
1/22/2026,Monaragala,3825.232011
1/23/2026,Monaragala,3784.500396
1/24/2026,Monaragala,3689.50628
1/25/2026,Monaragala,3526.102617
1/26/2026,Monaragala,3379.201204
1/27/2026,Monaragala,3321.59574
1/28/2026,Monaragala,3342.06717
1/29/2026,Monaragala,3324.512141
1/30/2026,Monaragala,3342.60278
1/31/2026,Monaragala,3399.329889
2/1/2026,Monaragala,3391.4691
2/2/2026,Monaragala,3432.162585
2/3/2026,Monaragala,3463.379487
2/4/2026,Monaragala,3527.887261
2/5/2026,Monaragala,3531.898338
2/6/2026,Monaragala,3546.933209
2/7/2026,Monaragala,3644.844293
2/8/2026,Monaragala,3739.538935
2/9/2026,Monaragala,3856.469679
2/10/2026,Monaragala,4040.526935
2/11/2026,Monaragala,4091.826288
2/12/2026,Monaragala,4078.598952
2/13/2026,Monaragala,4035.639476
2/14/2026,Monaragala,3973.45813
2/15/2026,Monaragala,3942.428174
2/16/2026,Monaragala,3884.929359
2/17/2026,Monaragala,3872.831659
2/18/2026,Monaragala,3871.081087
2/19/2026,Monaragala,3909.2594
2/20/2026,Monaragala,3866.951406
2/21/2026,Monaragala,3816.361765
2/22/2026,Monaragala,3914.086154
2/23/2026,Monaragala,3949.236902
2/24/2026,Monaragala,3965.492689
2/25/2026,Monaragala,3964.271227
2/26/2026,Monaragala,3962.319896
2/27/2026,Monaragala,4023.4127
2/28/2026,Monaragala,3979.489586
3/1/2026,Monaragala,4001.274347
3/2/2026,Monaragala,4014.993798
3/3/2026,Monaragala,3867.745787
3/4/2026,Monaragala,3838.467342
3/5/2026,Monaragala,3754.572965
3/6/2026,Monaragala,3761.238381
3/7/2026,Monaragala,3749.886583
3/8/2026,Monaragala,3761.139123
3/9/2026,Monaragala,3836.345719
3/10/2026,Monaragala,3912.015309
3/11/2026,Monaragala,3929.031312
3/12/2026,Monaragala,3907.123826
3/13/2026,Monaragala,4031.330252
3/14/2026,Monaragala,4220.314927
3/15/2026,Monaragala,4287.011768
3/16/2026,Monaragala,4293.555668
3/17/2026,Monaragala,4241.722424
3/18/2026,Monaragala,4229.140518
3/19/2026,Monaragala,4275.077134
3/20/2026,Monaragala,4183.482581
3/21/2026,Monaragala,4187.273609
3/22/2026,Monaragala,4150.998259
3/23/2026,Monaragala,4114.245673
3/24/2026,Monaragala,4216.345735
3/25/2026,Monaragala,4242.561289
3/26/2026,Monaragala,4299.772955
3/27/2026,Monaragala,4253.351616
3/28/2026,Monaragala,4285.596493
3/29/2026,Monaragala,4372.615347
3/30/2026,Monaragala,4397.52005
3/31/2026,Monaragala,4304.446751
4/1/2026,Monaragala,4318.603402
4/2/2026,Monaragala,4422.099896
4/3/2026,Monaragala,4494.060738
4/4/2026,Monaragala,4494.429938
4/5/2026,Monaragala,4512.476615
4/6/2026,Monaragala,4507.101602
4/7/2026,Monaragala,4543.683646
4/8/2026,Monaragala,4659.684481
4/9/2026,Monaragala,4718.612334
4/10/2026,Monaragala,4822.78031
4/11/2026,Monaragala,4930.386739
4/12/2026,Monaragala,5021.146808
4/13/2026,Monaragala,5136.666386
4/14/2026,Monaragala,5187.176416
4/15/2026,Monaragala,5154.126806
4/16/2026,Monaragala,5165.434319
4/17/2026,Monaragala,5243.983686
4/18/2026,Monaragala,5362.941821
4/19/2026,Monaragala,5356.800754
4/20/2026,Monaragala,5346.555147
4/21/2026,Monaragala,5389.925705
4/22/2026,Monaragala,5402.012705
4/23/2026,Monaragala,5452.885577
4/24/2026,Monaragala,5478.587949
4/25/2026,Monaragala,5513.821925
4/26/2026,Monaragala,5522.760491
4/27/2026,Monaragala,5509.956606
4/28/2026,Monaragala,5605.515081
4/29/2026,Monaragala,5613.489896
4/30/2026,Monaragala,5591.370554
5/1/2026,Monaragala,5602.324075
5/2/2026,Monaragala,5554.432447
5/3/2026,Monaragala,5569.877297
5/4/2026,Monaragala,5554.280105
5/5/2026,Monaragala,5458.234752
5/6/2026,Monaragala,5436.465418
5/7/2026,Monaragala,5501.496893
5/8/2026,Monaragala,5611.986748
5/9/2026,Monaragala,5639.432323
5/10/2026,Monaragala,5643.329228
5/11/2026,Monaragala,5694.67296
5/12/2026,Monaragala,5745.825089
5/13/2026,Monaragala,5748.691035
5/14/2026,Monaragala,5677.431105
5/15/2026,Monaragala,5607.507093
5/16/2026,Monaragala,5535.833106
5/17/2026,Monaragala,5445.993883
5/18/2026,Monaragala,5408.594447
5/19/2026,Monaragala,5375.183484
5/20/2026,Monaragala,5309.232331
5/21/2026,Monaragala,5253.796745
5/22/2026,Monaragala,5194.985416
5/23/2026,Monaragala,5198.441889
5/24/2026,Monaragala,5133.804935
5/25/2026,Monaragala,5085.321679
5/26/2026,Monaragala,5080.438112
5/27/2026,Monaragala,5102.500649
5/28/2026,Monaragala,5126.21014
5/29/2026,Monaragala,5123.437053
5/30/2026,Monaragala,5101.635742
5/31/2026,Monaragala,5147.817129
6/1/2026,Monaragala,5151.600915
6/2/2026,Monaragala,5114.338823
6/3/2026,Monaragala,5107.855387
6/4/2026,Monaragala,5060.131724
6/5/2026,Monaragala,5097.526289
6/6/2026,Monaragala,5131.301437
6/7/2026,Monaragala,5091.379854
6/8/2026,Monaragala,5101.928152
6/9/2026,Monaragala,5087.919511
6/10/2026,Monaragala,5155.730886
6/11/2026,Monaragala,5174.968079
6/12/2026,Monaragala,5230.56749
6/13/2026,Monaragala,5262.783027
6/14/2026,Monaragala,5257.765206
6/15/2026,Monaragala,5260.695707
6/16/2026,Monaragala,5279.646937
6/17/2026,Monaragala,5359.890724
6/18/2026,Monaragala,5313.170407
6/19/2026,Monaragala,5308.64495
6/20/2026,Monaragala,5378.168759
6/21/2026,Monaragala,5387.54688
6/22/2026,Monaragala,5364.480897
6/23/2026,Monaragala,5307.338616
6/24/2026,Monaragala,5188.278286
6/25/2026,Monaragala,5125.580556
6/26/2026,Monaragala,5091.875352
6/27/2026,Monaragala,4972.208001
6/28/2026,Monaragala,4870.683668
6/29/2026,Monaragala,4816.339608
6/30/2026,Monaragala,4751.76279
7/1/2026,Monaragala,4665.974157
7/2/2026,Monaragala,4608.728936
7/3/2026,Monaragala,4608.421976
7/4/2026,Monaragala,4571.788862
7/5/2026,Monaragala,4593.514933
7/6/2026,Monaragala,4639.139738
7/7/2026,Monaragala,4699.277208
7/8/2026,Monaragala,4637.590187
7/9/2026,Monaragala,4696.542175
7/10/2026,Monaragala,4710.743305
7/11/2026,Monaragala,4769.621969
7/12/2026,Monaragala,4801.129301
7/13/2026,Monaragala,4867.284069
7/14/2026,Monaragala,4831.937078
7/15/2026,Monaragala,4865.683794
7/16/2026,Monaragala,4915.811702
7/17/2026,Monaragala,4890.319569
7/18/2026,Monaragala,4856.544599
7/19/2026,Monaragala,4862.030586
7/20/2026,Monaragala,4791.264145
7/21/2026,Monaragala,4753.673996
7/22/2026,Monaragala,4655.621454
7/23/2026,Monaragala,4598.113402
7/24/2026,Monaragala,4459.677672
7/25/2026,Monaragala,4362.067207
7/26/2026,Monaragala,4316.354058
7/27/2026,Monaragala,4246.91869
7/28/2026,Monaragala,4171.505321
7/29/2026,Monaragala,4142.375878
7/30/2026,Monaragala,4171.106876
7/31/2026,Monaragala,4248.329456
8/1/2026,Monaragala,4246.148706
8/2/2026,Monaragala,4326.779322
8/3/2026,Monaragala,4259.275186
8/4/2026,Monaragala,4278.666431
8/5/2026,Monaragala,4321.345832
8/6/2026,Monaragala,4390.931145
8/7/2026,Monaragala,4518.294439
8/8/2026,Monaragala,4587.55055
8/9/2026,Monaragala,4606.311985
8/10/2026,Monaragala,4644.460923
8/11/2026,Monaragala,4727.129639
8/12/2026,Monaragala,4802.747525
8/13/2026,Monaragala,4861.614934
8/14/2026,Monaragala,4946.960007
8/15/2026,Monaragala,5029.393679
8/16/2026,Monaragala,5046.441004
8/17/2026,Monaragala,5129.93563
8/18/2026,Monaragala,5113.574458
8/19/2026,Monaragala,5161.74168
8/20/2026,Monaragala,5060.362063
8/21/2026,Monaragala,4988.884234
8/22/2026,Monaragala,4882.934526
8/23/2026,Monaragala,4665.807357
8/24/2026,Monaragala,4561.85597
8/25/2026,Monaragala,4519.532992
8/26/2026,Monaragala,4469.802707
8/27/2026,Monaragala,4526.300535
8/28/2026,Monaragala,4426.413035
8/29/2026,Monaragala,4371.276609
8/30/2026,Monaragala,4391.917535
8/31/2026,Monaragala,4411.11192
9/1/2026,Monaragala,4405.212104
9/2/2026,Monaragala,4340.1034
9/3/2026,Monaragala,4370.413872
9/4/2026,Monaragala,4383.416143
9/5/2026,Monaragala,4430.178494
9/6/2026,Monaragala,4545.946687
9/7/2026,Monaragala,4555.187118
9/8/2026,Monaragala,4567.534669
9/9/2026,Monaragala,4536.414389
9/10/2026,Monaragala,4521.586992
9/11/2026,Monaragala,4507.286406
9/12/2026,Monaragala,4518.914125
9/13/2026,Monaragala,4597.758801
9/14/2026,Monaragala,4639.780848
9/15/2026,Monaragala,4656.638526
9/16/2026,Monaragala,4701.868783
9/17/2026,Monaragala,4663.068139
9/18/2026,Monaragala,4624.450928
9/19/2026,Monaragala,4602.365027
9/20/2026,Monaragala,4480.194435
9/21/2026,Monaragala,4383.9729
9/22/2026,Monaragala,4272.009597
9/23/2026,Monaragala,4224.2399
9/24/2026,Monaragala,4109.519343
9/25/2026,Monaragala,4117.375753
9/26/2026,Monaragala,4080.373795
9/27/2026,Monaragala,4012.712451
9/28/2026,Monaragala,3984.190612
9/29/2026,Monaragala,3922.209964
9/30/2026,Monaragala,3841.410527
10/1/2026,Monaragala,3880.089861
10/2/2026,Monaragala,3895.446902
10/3/2026,Monaragala,3963.02009
10/4/2026,Monaragala,3980.488285
10/5/2026,Monaragala,3995.046511
10/6/2026,Monaragala,4053.397762
10/7/2026,Monaragala,4130.575698
10/8/2026,Monaragala,4138.150857
10/9/2026,Monaragala,4167.083129
10/10/2026,Monaragala,4174.543775
10/11/2026,Monaragala,4156.844874
10/12/2026,Monaragala,4183.576821
10/13/2026,Monaragala,4155.241682
10/14/2026,Monaragala,4123.459416
10/15/2026,Monaragala,4182.627824
10/16/2026,Monaragala,4177.71729
10/17/2026,Monaragala,4169.855521
10/18/2026,Monaragala,4196.91153
10/19/2026,Monaragala,4180.726313
10/20/2026,Monaragala,4183.85475
10/21/2026,Monaragala,4247.769084
10/22/2026,Monaragala,4270.220709
10/23/2026,Monaragala,4292.126631
10/24/2026,Monaragala,4280.89222
10/25/2026,Monaragala,4385.890085
10/26/2026,Monaragala,4458.208313
10/27/2026,Monaragala,4454.187703
10/28/2026,Monaragala,4492.3412
10/29/2026,Monaragala,4527.987639
10/30/2026,Monaragala,4545.98805
10/31/2026,Monaragala,4541.436448
11/1/2026,Monaragala,4650.32711
11/2/2026,Monaragala,4665.432815
11/3/2026,Monaragala,4673.753453
11/4/2026,Monaragala,4755.640764
11/5/2026,Monaragala,4811.196851
11/6/2026,Monaragala,4871.82713
11/7/2026,Monaragala,4928.504482
11/8/2026,Monaragala,4864.199064
11/9/2026,Monaragala,4818.402968
11/10/2026,Monaragala,4831.762169
11/11/2026,Monaragala,4755.290524
11/12/2026,Monaragala,4733.896213
11/13/2026,Monaragala,4677.196256
11/14/2026,Monaragala,4672.933116
11/15/2026,Monaragala,4487.443761
11/16/2026,Monaragala,4288.169915
11/17/2026,Monaragala,4237.219464
11/18/2026,Monaragala,4148.879076
11/19/2026,Monaragala,4078.146097
11/20/2026,Monaragala,4038.101709
11/21/2026,Monaragala,4043.055844
11/22/2026,Monaragala,4020.817871
11/23/2026,Monaragala,4108.534942
11/24/2026,Monaragala,4135.897255
11/25/2026,Monaragala,4148.422647
11/26/2026,Monaragala,4192.275475
11/27/2026,Monaragala,4160.607585
11/28/2026,Monaragala,4160.779364
11/29/2026,Monaragala,4189.315643
11/30/2026,Monaragala,4218.726575
12/1/2026,Monaragala,4141.385425
12/2/2026,Monaragala,4113.96462
12/3/2026,Monaragala,4017.600213
12/4/2026,Monaragala,3939.109112
12/5/2026,Monaragala,3856.433491
12/6/2026,Monaragala,3827.471776
12/7/2026,Monaragala,3882.49802
12/8/2026,Monaragala,3939.771038
12/9/2026,Monaragala,3956.979993
12/10/2026,Monaragala,3983.141016
12/11/2026,Monaragala,4101.546397
12/12/2026,Monaragala,4273.126632
12/13/2026,Monaragala,4469.938757
12/14/2026,Monaragala,4580.558339
12/15/2026,Monaragala,4798.147422
12/16/2026,Monaragala,4958.154744
12/17/2026,Monaragala,5061.341146
12/18/2026,Monaragala,5233.074119
12/19/2026,Monaragala,5275.72837
12/20/2026,Monaragala,5337.662613
12/21/2026,Monaragala,5322.023841
12/22/2026,Monaragala,5267.445355
12/23/2026,Monaragala,5194.969763
12/24/2026,Monaragala,5201.519328
12/25/2026,Monaragala,5224.886427
12/26/2026,Monaragala,5107.054458
12/27/2026,Monaragala,4961.401516
12/28/2026,Monaragala,4875.864918
12/29/2026,Monaragala,4784.171372
12/30/2026,Monaragala,4723.334127
12/31/2026,Monaragala,4796.931934
1/1/2027,Monaragala,4867.168477
1/2/2027,Monaragala,4892.807728
1/3/2027,Monaragala,4897.476257
1/4/2027,Monaragala,4989.886312
1/5/2027,Monaragala,4986.707555
1/6/2027,Monaragala,4975.212252
1/7/2027,Monaragala,4957.807822
1/8/2027,Monaragala,4889.256834
1/9/2027,Monaragala,4891.489219
1/10/2027,Monaragala,4754.507145
1/11/2027,Monaragala,4625.197499
1/12/2027,Monaragala,4501.608671
1/13/2027,Monaragala,4404.830111
1/14/2027,Monaragala,4211.67002
1/15/2027,Monaragala,3995.337208
1/16/2027,Monaragala,3897.932054
1/17/2027,Monaragala,3881.458069
1/18/2027,Monaragala,3828.803279
1/19/2027,Monaragala,3800.357333
1/20/2027,Monaragala,3809.56933
1/21/2027,Monaragala,3803.182135
1/22/2027,Monaragala,3790.767334
1/23/2027,Monaragala,3837.187889
1/24/2027,Monaragala,3854.695028
1/25/2027,Monaragala,3818.328693
1/26/2027,Monaragala,3797.831856
1/27/2027,Monaragala,3768.165818
1/28/2027,Monaragala,3745.129281
1/29/2027,Monaragala,3703.442662
1/30/2027,Monaragala,3556.617183
1/31/2027,Monaragala,3504.204847
2/1/2027,Monaragala,3351.411919
2/2/2027,Monaragala,3235.916617
2/3/2027,Monaragala,3196.749603
2/4/2027,Monaragala,3177.222882
2/5/2027,Monaragala,3284.710769
2/6/2027,Monaragala,3394.539311
2/7/2027,Monaragala,3494.747469
2/8/2027,Monaragala,3654.470055
2/9/2027,Monaragala,3784.12101
2/10/2027,Monaragala,3929.610621
2/11/2027,Monaragala,4004.992083
2/12/2027,Monaragala,3995.528691
2/13/2027,Monaragala,4071.660389
2/14/2027,Monaragala,4182.031734
2/15/2027,Monaragala,4273.870816
2/16/2027,Monaragala,4290.337087
2/17/2027,Monaragala,4325.215396
2/18/2027,Monaragala,4421.776576
2/19/2027,Monaragala,4393.277862
2/20/2027,Monaragala,4411.320916
2/21/2027,Monaragala,4308.291346
2/22/2027,Monaragala,4298.536495
2/23/2027,Monaragala,4354.060094
2/24/2027,Monaragala,4458.199182
2/25/2027,Monaragala,4612.797398
2/26/2027,Monaragala,4719.4517
2/27/2027,Monaragala,4810.932357
2/28/2027,Monaragala,4824.287539
3/1/2027,Monaragala,4724.756298
3/2/2027,Monaragala,4531.632077
3/3/2027,Monaragala,4383.913793
3/4/2027,Monaragala,4290.303614
3/5/2027,Monaragala,4278.986877
3/6/2027,Monaragala,4169.59293
3/7/2027,Monaragala,4118.349375
3/8/2027,Monaragala,4094.265336
3/9/2027,Monaragala,4080.116694
3/10/2027,Monaragala,4093.549538
3/11/2027,Monaragala,4075.763943
3/12/2027,Monaragala,4155.610122
3/13/2027,Monaragala,4088.856809
3/14/2027,Monaragala,4132.239983
3/15/2027,Monaragala,4139.062668
3/16/2027,Monaragala,4170.832793
3/17/2027,Monaragala,4239.209332
3/18/2027,Monaragala,4319.262697
3/19/2027,Monaragala,4321.569449
3/20/2027,Monaragala,4247.768658
3/21/2027,Monaragala,4151.585736
3/22/2027,Monaragala,4031.218003
3/23/2027,Monaragala,4021.221563
3/24/2027,Monaragala,3942.975189
3/25/2027,Monaragala,3803.588944
3/26/2027,Monaragala,3732.883086
3/27/2027,Monaragala,3648.673786
3/28/2027,Monaragala,3591.119188
3/29/2027,Monaragala,3527.122497
3/30/2027,Monaragala,3526.028476
3/31/2027,Monaragala,3537.302119
4/1/2027,Monaragala,3528.741951
4/2/2027,Monaragala,3443.923497
4/3/2027,Monaragala,3508.682123
4/4/2027,Monaragala,3537.877322
4/5/2027,Monaragala,3628.217403
4/6/2027,Monaragala,3839.266501
4/7/2027,Monaragala,3921.925068
4/8/2027,Monaragala,3947.057647
4/9/2027,Monaragala,3937.699694
4/10/2027,Monaragala,3961.223637
4/11/2027,Monaragala,3985.592554
4/12/2027,Monaragala,3998.183468
4/13/2027,Monaragala,3910.792789
4/14/2027,Monaragala,3850.832519
4/15/2027,Monaragala,3850.397555
4/16/2027,Monaragala,3756.752457
4/17/2027,Monaragala,3792.015595
4/18/2027,Monaragala,3854.111182
4/19/2027,Monaragala,3882.536114
4/20/2027,Monaragala,3859.823637
4/21/2027,Monaragala,3868.489584
4/22/2027,Monaragala,3872.923646
4/23/2027,Monaragala,3961.831228
4/24/2027,Monaragala,3994.138529
4/25/2027,Monaragala,4040.530666
4/26/2027,Monaragala,4104.842865
4/27/2027,Monaragala,4053.783667
4/28/2027,Monaragala,4062.796359
4/29/2027,Monaragala,3987.270708
4/30/2027,Monaragala,4020.812593
5/1/2027,Monaragala,4056.773122
5/2/2027,Monaragala,4078.360651
5/3/2027,Monaragala,4092.94689
5/4/2027,Monaragala,4168.336883
5/5/2027,Monaragala,4266.960985
5/6/2027,Monaragala,4254.227622
5/7/2027,Monaragala,4367.025206
5/8/2027,Monaragala,4525.241473
5/9/2027,Monaragala,4529.667223
5/10/2027,Monaragala,4530.91027
5/11/2027,Monaragala,4571.406433
5/12/2027,Monaragala,4637.12725
5/13/2027,Monaragala,4713.244868
5/14/2027,Monaragala,4742.781846
5/15/2027,Monaragala,4820.735315
5/16/2027,Monaragala,4865.235784
5/17/2027,Monaragala,4882.963358
5/18/2027,Monaragala,4934.562036
5/19/2027,Monaragala,4895.35331
5/20/2027,Monaragala,4952.343771
5/21/2027,Monaragala,4980.911743
5/22/2027,Monaragala,4981.752549
5/23/2027,Monaragala,4954.5088
5/24/2027,Monaragala,4859.379742
5/25/2027,Monaragala,4710.724056
5/26/2027,Monaragala,4648.872395
5/27/2027,Monaragala,4686.165839
5/28/2027,Monaragala,4749.527939
5/29/2027,Monaragala,4711.126034
5/30/2027,Monaragala,4703.003306
5/31/2027,Monaragala,4643.176458
6/1/2027,Monaragala,4588.438608
6/2/2027,Monaragala,4609.785516
6/3/2027,Monaragala,4607.381568
6/4/2027,Monaragala,4620.612901
6/5/2027,Monaragala,4604.972047
6/6/2027,Monaragala,4625.998105
6/7/2027,Monaragala,4668.224778
6/8/2027,Monaragala,4668.51829
6/9/2027,Monaragala,4756.943375
6/10/2027,Monaragala,4760.153798
6/11/2027,Monaragala,4798.287405
6/12/2027,Monaragala,4891.714571
6/13/2027,Monaragala,4956.027572
6/14/2027,Monaragala,5024.564215
6/15/2027,Monaragala,5172.682883
6/16/2027,Monaragala,5253.708614
6/17/2027,Monaragala,5309.946316
6/18/2027,Monaragala,5352.460479
6/19/2027,Monaragala,5282.833184
6/20/2027,Monaragala,5206.323795
6/21/2027,Monaragala,5224.126449
6/22/2027,Monaragala,5269.553603
6/23/2027,Monaragala,5211.757367
6/24/2027,Monaragala,5107.580039
6/25/2027,Monaragala,5046.671317
6/26/2027,Monaragala,4952.054111
6/27/2027,Monaragala,4924.551111
6/28/2027,Monaragala,4857.008714
6/29/2027,Monaragala,4824.010541
6/30/2027,Monaragala,4721.436385
7/1/2027,Monaragala,4770.179094
7/2/2027,Monaragala,4934.956062
7/3/2027,Monaragala,5013.919584
7/4/2027,Monaragala,4986.69467
7/5/2027,Monaragala,5010.358916
7/6/2027,Monaragala,5008.341064
7/7/2027,Monaragala,4962.644543
7/8/2027,Monaragala,4990.150028
7/9/2027,Monaragala,4985.361861
7/10/2027,Monaragala,5019.956459
7/11/2027,Monaragala,5067.579668
7/12/2027,Monaragala,5023.09275
7/13/2027,Monaragala,5012.506929
7/14/2027,Monaragala,5007.068279
7/15/2027,Monaragala,4979.745812
7/16/2027,Monaragala,4948.187275
7/17/2027,Monaragala,4897.12014
7/18/2027,Monaragala,4803.981913
7/19/2027,Monaragala,4775.577224
7/20/2027,Monaragala,4790.825929
7/21/2027,Monaragala,4864.202249
7/22/2027,Monaragala,4987.180013
7/23/2027,Monaragala,4990.811742
7/24/2027,Monaragala,4950.748753
7/25/2027,Monaragala,4950.196909
7/26/2027,Monaragala,4907.558511
7/27/2027,Monaragala,4887.691792
7/28/2027,Monaragala,4883.531567
7/29/2027,Monaragala,4918.379787
7/30/2027,Monaragala,4947.236076
7/31/2027,Monaragala,4955.640997
8/1/2027,Monaragala,4992.431727
8/2/2027,Monaragala,5037.592548
8/3/2027,Monaragala,5034.124414
8/4/2027,Monaragala,4979.824709
8/5/2027,Monaragala,4994.137678
8/6/2027,Monaragala,4915.541705
8/7/2027,Monaragala,4918.03772
8/8/2027,Monaragala,4938.923207
8/9/2027,Monaragala,4922.306423
8/10/2027,Monaragala,4873.608089
8/11/2027,Monaragala,4902.202778
8/12/2027,Monaragala,4796.845889
8/13/2027,Monaragala,4783.91534
8/14/2027,Monaragala,4788.591506
8/15/2027,Monaragala,4745.644203
8/16/2027,Monaragala,4704.826998
8/17/2027,Monaragala,4677.007692
8/18/2027,Monaragala,4665.451142
8/19/2027,Monaragala,4581.37248
8/20/2027,Monaragala,4503.563839
8/21/2027,Monaragala,4478.34664
8/22/2027,Monaragala,4356.502611
8/23/2027,Monaragala,4313.201549
8/24/2027,Monaragala,4244.451963
8/25/2027,Monaragala,4159.702841
8/26/2027,Monaragala,4098.622774
8/27/2027,Monaragala,4065.571452
8/28/2027,Monaragala,4007.15455
8/29/2027,Monaragala,3946.865583
8/30/2027,Monaragala,3949.597862
8/31/2027,Monaragala,4024.220363
9/1/2027,Monaragala,4036.778231
9/2/2027,Monaragala,4092.366222
9/3/2027,Monaragala,4101.615272
9/4/2027,Monaragala,4143.608308
9/5/2027,Monaragala,4214.43739
9/6/2027,Monaragala,4249.663966
9/7/2027,Monaragala,4259.951625
9/8/2027,Monaragala,4291.703706
9/9/2027,Monaragala,4387.615788
9/10/2027,Monaragala,4424.348481
9/11/2027,Monaragala,4410.491316
9/12/2027,Monaragala,4447.120727
9/13/2027,Monaragala,4393.736665
9/14/2027,Monaragala,4325.316132
9/15/2027,Monaragala,4314.120529
9/16/2027,Monaragala,4224.314785
9/17/2027,Monaragala,4114.557947
9/18/2027,Monaragala,4107.703578
9/19/2027,Monaragala,4087.848599
9/20/2027,Monaragala,4048.791779
9/21/2027,Monaragala,3986.174984
9/22/2027,Monaragala,3952.637418
9/23/2027,Monaragala,3958.66153
9/24/2027,Monaragala,3962.961372
9/25/2027,Monaragala,3994.169827
9/26/2027,Monaragala,3967.724435
9/27/2027,Monaragala,3984.004713
9/28/2027,Monaragala,3986.455575
9/29/2027,Monaragala,3983.004188
9/30/2027,Monaragala,4052.111307
10/1/2027,Monaragala,4122.02752
10/2/2027,Monaragala,4182.080659
10/3/2027,Monaragala,4195.486278
10/4/2027,Monaragala,4231.830341
10/5/2027,Monaragala,4296.033618
10/6/2027,Monaragala,4343.818836
10/7/2027,Monaragala,4369.537829
10/8/2027,Monaragala,4479.65805
10/9/2027,Monaragala,4495.893015
10/10/2027,Monaragala,4510.753408
10/11/2027,Monaragala,4602.352582
10/12/2027,Monaragala,4678.092009
10/13/2027,Monaragala,4655.264934
10/14/2027,Monaragala,4614.391446
10/15/2027,Monaragala,4616.462559
10/16/2027,Monaragala,4556.450998
10/17/2027,Monaragala,4503.801414
10/18/2027,Monaragala,4424.655788
10/19/2027,Monaragala,4380.500046
10/20/2027,Monaragala,4382.939788
10/21/2027,Monaragala,4376.423904
10/22/2027,Monaragala,4396.462491
10/23/2027,Monaragala,4407.550769
10/24/2027,Monaragala,4438.392623
10/25/2027,Monaragala,4495.363239
10/26/2027,Monaragala,4557.592975
10/27/2027,Monaragala,4567.228262
10/28/2027,Monaragala,4590.086877
10/29/2027,Monaragala,4530.233004
10/30/2027,Monaragala,4531.104841
10/31/2027,Monaragala,4584.5388
11/1/2027,Monaragala,4569.527172
11/2/2027,Monaragala,4546.805475
11/3/2027,Monaragala,4473.9334
11/4/2027,Monaragala,4436.346204
11/5/2027,Monaragala,4436.882697
11/6/2027,Monaragala,4316.378655
11/7/2027,Monaragala,4300.281128
11/8/2027,Monaragala,4307.719739
11/9/2027,Monaragala,4308.913332
11/10/2027,Monaragala,4399.98119
11/11/2027,Monaragala,4429.767502
11/12/2027,Monaragala,4424.06774
11/13/2027,Monaragala,4426.413598
11/14/2027,Monaragala,4481.954456
11/15/2027,Monaragala,4537.168693
11/16/2027,Monaragala,4535.714941
11/17/2027,Monaragala,4558.30985
11/18/2027,Monaragala,4534.865816
11/19/2027,Monaragala,4582.6734
11/20/2027,Monaragala,4544.690962
11/21/2027,Monaragala,4471.372719
11/22/2027,Monaragala,4422.989588
11/23/2027,Monaragala,4299.184162
11/24/2027,Monaragala,4253.393631
11/25/2027,Monaragala,4211.207496
11/26/2027,Monaragala,4115.688587
11/27/2027,Monaragala,4164.646304
11/28/2027,Monaragala,4141.661186
11/29/2027,Monaragala,4158.084402
11/30/2027,Monaragala,4175.644647
12/1/2027,Monaragala,4207.995764
12/2/2027,Monaragala,4282.181164
12/3/2027,Monaragala,4355.021276
12/4/2027,Monaragala,4477.625039
12/5/2027,Monaragala,4596.683195
12/6/2027,Monaragala,4717.366808
12/7/2027,Monaragala,4820.814771
12/8/2027,Monaragala,4858.392883
12/9/2027,Monaragala,4862.407394
12/10/2027,Monaragala,4803.011593
12/11/2027,Monaragala,4725.316747
12/12/2027,Monaragala,4693.215208
12/13/2027,Monaragala,4588.74694
12/14/2027,Monaragala,4522.411749
12/15/2027,Monaragala,4475.209746
12/16/2027,Monaragala,4464.948488
12/17/2027,Monaragala,4413.801776
12/18/2027,Monaragala,4446.385888
12/19/2027,Monaragala,4535.290821
12/20/2027,Monaragala,4568.977321
12/21/2027,Monaragala,4691.535108
12/22/2027,Monaragala,4766.353247
12/23/2027,Monaragala,4853.035725
12/24/2027,Monaragala,4951.582544
12/25/2027,Monaragala,5061.993702
12/26/2027,Monaragala,5184.2692
12/27/2027,Monaragala,5318.409038
12/28/2027,Monaragala,5464.413216
12/29/2027,Monaragala,5622.281734
12/30/2027,Monaragala,5792.014592
12/31/2027,Monaragala,5973.61179
1/1/2025,Sampur_Trncomalee,3988.20362
1/2/2025,Sampur_Trncomalee,3992.193715
1/3/2025,Sampur_Trncomalee,3997.324775
1/4/2025,Sampur_Trncomalee,4003.5968
1/5/2025,Sampur_Trncomalee,4011.009792
1/6/2025,Sampur_Trncomalee,4019.563749
1/7/2025,Sampur_Trncomalee,4029.258671
1/8/2025,Sampur_Trncomalee,4040.094559
1/9/2025,Sampur_Trncomalee,4052.071413
1/10/2025,Sampur_Trncomalee,4065.189233
1/11/2025,Sampur_Trncomalee,4079.448018
1/12/2025,Sampur_Trncomalee,4102.764642
1/13/2025,Sampur_Trncomalee,4090.469523
1/14/2025,Sampur_Trncomalee,4071.247535
1/15/2025,Sampur_Trncomalee,4115.679284
1/16/2025,Sampur_Trncomalee,4167.772606
1/17/2025,Sampur_Trncomalee,4235.434695
1/18/2025,Sampur_Trncomalee,4202.347126
1/19/2025,Sampur_Trncomalee,4230.111485
1/20/2025,Sampur_Trncomalee,4349.302643
1/21/2025,Sampur_Trncomalee,4514.518728
1/22/2025,Sampur_Trncomalee,4544.426799
1/23/2025,Sampur_Trncomalee,4468.425245
1/24/2025,Sampur_Trncomalee,4398.543433
1/25/2025,Sampur_Trncomalee,4365.621942
1/26/2025,Sampur_Trncomalee,4400.2407
1/27/2025,Sampur_Trncomalee,4355.6269
1/28/2025,Sampur_Trncomalee,4245.761923
1/29/2025,Sampur_Trncomalee,4207.54607
1/30/2025,Sampur_Trncomalee,4111.544942
1/31/2025,Sampur_Trncomalee,4036.162484
2/1/2025,Sampur_Trncomalee,3980.945125
2/2/2025,Sampur_Trncomalee,3996.148888
2/3/2025,Sampur_Trncomalee,3934.877901
2/4/2025,Sampur_Trncomalee,3921.119605
2/5/2025,Sampur_Trncomalee,3939.244987
2/6/2025,Sampur_Trncomalee,4001.111286
2/7/2025,Sampur_Trncomalee,4111.697325
2/8/2025,Sampur_Trncomalee,4219.223
2/9/2025,Sampur_Trncomalee,4397.032288
2/10/2025,Sampur_Trncomalee,4495.667141
2/11/2025,Sampur_Trncomalee,4537.06178
2/12/2025,Sampur_Trncomalee,4566.403878
2/13/2025,Sampur_Trncomalee,4638.340223
2/14/2025,Sampur_Trncomalee,4730.242722
2/15/2025,Sampur_Trncomalee,4812.644115
2/16/2025,Sampur_Trncomalee,4839.705635
2/17/2025,Sampur_Trncomalee,4799.21482
2/18/2025,Sampur_Trncomalee,4779.527346
2/19/2025,Sampur_Trncomalee,4760.982382
2/20/2025,Sampur_Trncomalee,4821.047204
2/21/2025,Sampur_Trncomalee,4903.399693
2/22/2025,Sampur_Trncomalee,4922.087253
2/23/2025,Sampur_Trncomalee,4879.096725
2/24/2025,Sampur_Trncomalee,4865.844391
2/25/2025,Sampur_Trncomalee,4883.430341
2/26/2025,Sampur_Trncomalee,4806.140857
2/27/2025,Sampur_Trncomalee,4814.080491
2/28/2025,Sampur_Trncomalee,4836.142229
3/1/2025,Sampur_Trncomalee,4883.571006
3/2/2025,Sampur_Trncomalee,4930.801306
3/3/2025,Sampur_Trncomalee,5033.383499
3/4/2025,Sampur_Trncomalee,5072.186082
3/5/2025,Sampur_Trncomalee,5153.390277
3/6/2025,Sampur_Trncomalee,5207.534744
3/7/2025,Sampur_Trncomalee,5186.048006
3/8/2025,Sampur_Trncomalee,5129.868559
3/9/2025,Sampur_Trncomalee,4996.085321
3/10/2025,Sampur_Trncomalee,4953.109701
3/11/2025,Sampur_Trncomalee,4964.893488
3/12/2025,Sampur_Trncomalee,5066.152654
3/13/2025,Sampur_Trncomalee,5058.129143
3/14/2025,Sampur_Trncomalee,5095.580221
3/15/2025,Sampur_Trncomalee,5086.653247
3/16/2025,Sampur_Trncomalee,5140.460095
3/17/2025,Sampur_Trncomalee,5181.791985
3/18/2025,Sampur_Trncomalee,5269.716007
3/19/2025,Sampur_Trncomalee,5455.574101
3/20/2025,Sampur_Trncomalee,5546.361497
3/21/2025,Sampur_Trncomalee,5657.199357
3/22/2025,Sampur_Trncomalee,5794.060257
3/23/2025,Sampur_Trncomalee,5880.367931
3/24/2025,Sampur_Trncomalee,5878.381566
3/25/2025,Sampur_Trncomalee,5964.075137
3/26/2025,Sampur_Trncomalee,5934.020682
3/27/2025,Sampur_Trncomalee,5926.016545
3/28/2025,Sampur_Trncomalee,5972.043344
3/29/2025,Sampur_Trncomalee,5900.758471
3/30/2025,Sampur_Trncomalee,5854.422537
3/31/2025,Sampur_Trncomalee,5816.367621
4/1/2025,Sampur_Trncomalee,5834.817292
4/2/2025,Sampur_Trncomalee,5754.532179
4/3/2025,Sampur_Trncomalee,5682.724314
4/4/2025,Sampur_Trncomalee,5568.562493
4/5/2025,Sampur_Trncomalee,5571.630773
4/6/2025,Sampur_Trncomalee,5578.86631
4/7/2025,Sampur_Trncomalee,5517.409761
4/8/2025,Sampur_Trncomalee,5382.662321
4/9/2025,Sampur_Trncomalee,5274.795386
4/10/2025,Sampur_Trncomalee,5297.709673
4/11/2025,Sampur_Trncomalee,5274.346004
4/12/2025,Sampur_Trncomalee,5247.037034
4/13/2025,Sampur_Trncomalee,5250.552482
4/14/2025,Sampur_Trncomalee,5296.91276
4/15/2025,Sampur_Trncomalee,5353.918304
4/16/2025,Sampur_Trncomalee,5487.90784
4/17/2025,Sampur_Trncomalee,5563.050141
4/18/2025,Sampur_Trncomalee,5547.711533
4/19/2025,Sampur_Trncomalee,5556.084057
4/20/2025,Sampur_Trncomalee,5652.705724
4/21/2025,Sampur_Trncomalee,5755.446117
4/22/2025,Sampur_Trncomalee,5804.125851
4/23/2025,Sampur_Trncomalee,5838.965802
4/24/2025,Sampur_Trncomalee,5946.657494
4/25/2025,Sampur_Trncomalee,6055.581804
4/26/2025,Sampur_Trncomalee,6164.506269
4/27/2025,Sampur_Trncomalee,6122.375915
4/28/2025,Sampur_Trncomalee,6104.201056
4/29/2025,Sampur_Trncomalee,6175.088599
4/30/2025,Sampur_Trncomalee,6228.466818
5/1/2025,Sampur_Trncomalee,6234.562938
5/2/2025,Sampur_Trncomalee,6062.538401
5/3/2025,Sampur_Trncomalee,6004.136321
5/4/2025,Sampur_Trncomalee,5949.746284
5/5/2025,Sampur_Trncomalee,5883.054813
5/6/2025,Sampur_Trncomalee,5749.070679
5/7/2025,Sampur_Trncomalee,5575.510792
5/8/2025,Sampur_Trncomalee,5493.325783
5/9/2025,Sampur_Trncomalee,5361.628884
5/10/2025,Sampur_Trncomalee,5405.122452
5/11/2025,Sampur_Trncomalee,5393.22798
5/12/2025,Sampur_Trncomalee,5339.358881
5/13/2025,Sampur_Trncomalee,5362.015761
5/14/2025,Sampur_Trncomalee,5334.936319
5/15/2025,Sampur_Trncomalee,5353.554997
5/16/2025,Sampur_Trncomalee,5340.043012
5/17/2025,Sampur_Trncomalee,5372.249444
5/18/2025,Sampur_Trncomalee,5396.822043
5/19/2025,Sampur_Trncomalee,5485.16341
5/20/2025,Sampur_Trncomalee,5523.193525
5/21/2025,Sampur_Trncomalee,5544.093126
5/22/2025,Sampur_Trncomalee,5458.310558
5/23/2025,Sampur_Trncomalee,5469.727788
5/24/2025,Sampur_Trncomalee,5346.006931
5/25/2025,Sampur_Trncomalee,5148.269324
5/26/2025,Sampur_Trncomalee,4957.52773
5/27/2025,Sampur_Trncomalee,4869.745981
5/28/2025,Sampur_Trncomalee,4785.082488
5/29/2025,Sampur_Trncomalee,4672.270463
5/30/2025,Sampur_Trncomalee,4672.07608
5/31/2025,Sampur_Trncomalee,4562.129718
6/1/2025,Sampur_Trncomalee,4440.02153
6/2/2025,Sampur_Trncomalee,4400.201064
6/3/2025,Sampur_Trncomalee,4336.599745
6/4/2025,Sampur_Trncomalee,4372.007534
6/5/2025,Sampur_Trncomalee,4405.640734
6/6/2025,Sampur_Trncomalee,4533.825383
6/7/2025,Sampur_Trncomalee,4508.257192
6/8/2025,Sampur_Trncomalee,4505.950417
6/9/2025,Sampur_Trncomalee,4486.403088
6/10/2025,Sampur_Trncomalee,4524.432758
6/11/2025,Sampur_Trncomalee,4509.859568
6/12/2025,Sampur_Trncomalee,4477.921905
6/13/2025,Sampur_Trncomalee,4527.224795
6/14/2025,Sampur_Trncomalee,4480.057659
6/15/2025,Sampur_Trncomalee,4484.301472
6/16/2025,Sampur_Trncomalee,4568.960617
6/17/2025,Sampur_Trncomalee,4597.390047
6/18/2025,Sampur_Trncomalee,4637.388299
6/19/2025,Sampur_Trncomalee,4676.115035
6/20/2025,Sampur_Trncomalee,4637.162196
6/21/2025,Sampur_Trncomalee,4644.799118
6/22/2025,Sampur_Trncomalee,4696.662717
6/23/2025,Sampur_Trncomalee,4685.501404
6/24/2025,Sampur_Trncomalee,4715.515355
6/25/2025,Sampur_Trncomalee,4756.447475
6/26/2025,Sampur_Trncomalee,4622.803559
6/27/2025,Sampur_Trncomalee,4531.772829
6/28/2025,Sampur_Trncomalee,4533.545931
6/29/2025,Sampur_Trncomalee,4551.744875
6/30/2025,Sampur_Trncomalee,4622.79137
7/1/2025,Sampur_Trncomalee,4692.240501
7/2/2025,Sampur_Trncomalee,4727.449801
7/3/2025,Sampur_Trncomalee,4755.392323
7/4/2025,Sampur_Trncomalee,4692.057274
7/5/2025,Sampur_Trncomalee,4776.467795
7/6/2025,Sampur_Trncomalee,4870.868245
7/7/2025,Sampur_Trncomalee,4879.758299
7/8/2025,Sampur_Trncomalee,4814.349623
7/9/2025,Sampur_Trncomalee,4713.900525
7/10/2025,Sampur_Trncomalee,4711.688298
7/11/2025,Sampur_Trncomalee,4735.519868
7/12/2025,Sampur_Trncomalee,4655.23898
7/13/2025,Sampur_Trncomalee,4527.528112
7/14/2025,Sampur_Trncomalee,4530.874391
7/15/2025,Sampur_Trncomalee,4460.706924
7/16/2025,Sampur_Trncomalee,4362.049007
7/17/2025,Sampur_Trncomalee,4411.537103
7/18/2025,Sampur_Trncomalee,4462.021057
7/19/2025,Sampur_Trncomalee,4458.640329
7/20/2025,Sampur_Trncomalee,4586.629068
7/21/2025,Sampur_Trncomalee,4637.097191
7/22/2025,Sampur_Trncomalee,4659.203798
7/23/2025,Sampur_Trncomalee,4709.767491
7/24/2025,Sampur_Trncomalee,4752.052479
7/25/2025,Sampur_Trncomalee,4776.736659
7/26/2025,Sampur_Trncomalee,4769.399804
7/27/2025,Sampur_Trncomalee,4713.741562
7/28/2025,Sampur_Trncomalee,4691.470919
7/29/2025,Sampur_Trncomalee,4675.163049
7/30/2025,Sampur_Trncomalee,4731.046071
7/31/2025,Sampur_Trncomalee,4689.936698
8/1/2025,Sampur_Trncomalee,4566.82397
8/2/2025,Sampur_Trncomalee,4456.827545
8/3/2025,Sampur_Trncomalee,4478.375698
8/4/2025,Sampur_Trncomalee,4467.132335
8/5/2025,Sampur_Trncomalee,4455.50935
8/6/2025,Sampur_Trncomalee,4469.535713
8/7/2025,Sampur_Trncomalee,4494.540746
8/8/2025,Sampur_Trncomalee,4535.346724
8/9/2025,Sampur_Trncomalee,4561.668739
8/10/2025,Sampur_Trncomalee,4438.496918
8/11/2025,Sampur_Trncomalee,4402.726542
8/12/2025,Sampur_Trncomalee,4371.315466
8/13/2025,Sampur_Trncomalee,4316.587769
8/14/2025,Sampur_Trncomalee,4294.194863
8/15/2025,Sampur_Trncomalee,4327.835349
8/16/2025,Sampur_Trncomalee,4337.140892
8/17/2025,Sampur_Trncomalee,4364.834856
8/18/2025,Sampur_Trncomalee,4367.5035
8/19/2025,Sampur_Trncomalee,4373.457302
8/20/2025,Sampur_Trncomalee,4395.994208
8/21/2025,Sampur_Trncomalee,4412.825886
8/22/2025,Sampur_Trncomalee,4432.554083
8/23/2025,Sampur_Trncomalee,4539.935379
8/24/2025,Sampur_Trncomalee,4585.788611
8/25/2025,Sampur_Trncomalee,4605.519172
8/26/2025,Sampur_Trncomalee,4595.808147
8/27/2025,Sampur_Trncomalee,4538.660686
8/28/2025,Sampur_Trncomalee,4506.787039
8/29/2025,Sampur_Trncomalee,4420.412835
8/30/2025,Sampur_Trncomalee,4374.210356
8/31/2025,Sampur_Trncomalee,4428.611398
9/1/2025,Sampur_Trncomalee,4390.241031
9/2/2025,Sampur_Trncomalee,4395.233134
9/3/2025,Sampur_Trncomalee,4332.230263
9/4/2025,Sampur_Trncomalee,4367.923596
9/5/2025,Sampur_Trncomalee,4368.774024
9/6/2025,Sampur_Trncomalee,4434.899444
9/7/2025,Sampur_Trncomalee,4474.295751
9/8/2025,Sampur_Trncomalee,4507.836618
9/9/2025,Sampur_Trncomalee,4528.414184
9/10/2025,Sampur_Trncomalee,4541.630689
9/11/2025,Sampur_Trncomalee,4608.327975
9/12/2025,Sampur_Trncomalee,4613.461439
9/13/2025,Sampur_Trncomalee,4615.056612
9/14/2025,Sampur_Trncomalee,4619.473529
9/15/2025,Sampur_Trncomalee,4547.88761
9/16/2025,Sampur_Trncomalee,4483.310569
9/17/2025,Sampur_Trncomalee,4506.948618
9/18/2025,Sampur_Trncomalee,4506.362218
9/19/2025,Sampur_Trncomalee,4411.912666
9/20/2025,Sampur_Trncomalee,4353.563247
9/21/2025,Sampur_Trncomalee,4214.539535
9/22/2025,Sampur_Trncomalee,4164.182458
9/23/2025,Sampur_Trncomalee,4047.162955
9/24/2025,Sampur_Trncomalee,4111.09914
9/25/2025,Sampur_Trncomalee,4118.960696
9/26/2025,Sampur_Trncomalee,4130.269345
9/27/2025,Sampur_Trncomalee,4073.016124
9/28/2025,Sampur_Trncomalee,4050.05583
9/29/2025,Sampur_Trncomalee,3997.358059
9/30/2025,Sampur_Trncomalee,3999.276266
10/1/2025,Sampur_Trncomalee,3995.493545
10/2/2025,Sampur_Trncomalee,3978.872006
10/3/2025,Sampur_Trncomalee,3955.02386
10/4/2025,Sampur_Trncomalee,3904.730272
10/5/2025,Sampur_Trncomalee,3847.809886
10/6/2025,Sampur_Trncomalee,3870.510709
10/7/2025,Sampur_Trncomalee,3872.394283
10/8/2025,Sampur_Trncomalee,3811.831321
10/9/2025,Sampur_Trncomalee,3695.946038
10/10/2025,Sampur_Trncomalee,3726.610747
10/11/2025,Sampur_Trncomalee,3723.587508
10/12/2025,Sampur_Trncomalee,3816.310619
10/13/2025,Sampur_Trncomalee,3896.609669
10/14/2025,Sampur_Trncomalee,4001.900188
10/15/2025,Sampur_Trncomalee,3968.846196
10/16/2025,Sampur_Trncomalee,3992.172591
10/17/2025,Sampur_Trncomalee,3943.856812
10/18/2025,Sampur_Trncomalee,3977.066487
10/19/2025,Sampur_Trncomalee,3917.756115
10/20/2025,Sampur_Trncomalee,3939.335001
10/21/2025,Sampur_Trncomalee,3924.509584
10/22/2025,Sampur_Trncomalee,3923.959014
10/23/2025,Sampur_Trncomalee,3832.960412
10/24/2025,Sampur_Trncomalee,3836.301151
10/25/2025,Sampur_Trncomalee,3871.521797
10/26/2025,Sampur_Trncomalee,3881.744082
10/27/2025,Sampur_Trncomalee,3800.92503
10/28/2025,Sampur_Trncomalee,3740.667136
10/29/2025,Sampur_Trncomalee,3771.56734
10/30/2025,Sampur_Trncomalee,3836.724097
10/31/2025,Sampur_Trncomalee,3824.807653
11/1/2025,Sampur_Trncomalee,3817.898883
11/2/2025,Sampur_Trncomalee,3813.866768
11/3/2025,Sampur_Trncomalee,3782.719289
11/4/2025,Sampur_Trncomalee,3705.878634
11/5/2025,Sampur_Trncomalee,3773.377181
11/6/2025,Sampur_Trncomalee,3760.189777
11/7/2025,Sampur_Trncomalee,3769.815319
11/8/2025,Sampur_Trncomalee,3632.009488
11/9/2025,Sampur_Trncomalee,3671.550476
11/10/2025,Sampur_Trncomalee,3657.921905
11/11/2025,Sampur_Trncomalee,3642.511778
11/12/2025,Sampur_Trncomalee,3608.146716
11/13/2025,Sampur_Trncomalee,3662.01641
11/14/2025,Sampur_Trncomalee,3674.513681
11/15/2025,Sampur_Trncomalee,3738.673061
11/16/2025,Sampur_Trncomalee,3770.447374
11/17/2025,Sampur_Trncomalee,3877.568606
11/18/2025,Sampur_Trncomalee,3951.748462
11/19/2025,Sampur_Trncomalee,3972.296404
11/20/2025,Sampur_Trncomalee,3951.128564
11/21/2025,Sampur_Trncomalee,3964.699527
11/22/2025,Sampur_Trncomalee,4004.842142
11/23/2025,Sampur_Trncomalee,3961.066613
11/24/2025,Sampur_Trncomalee,3927.265233
11/25/2025,Sampur_Trncomalee,3913.105
11/26/2025,Sampur_Trncomalee,3767.373045
11/27/2025,Sampur_Trncomalee,3591.533585
11/28/2025,Sampur_Trncomalee,3458.807847
11/29/2025,Sampur_Trncomalee,3397.629173
11/30/2025,Sampur_Trncomalee,3252.961999
12/1/2025,Sampur_Trncomalee,3102.225969
12/2/2025,Sampur_Trncomalee,2986.574785
12/3/2025,Sampur_Trncomalee,2947.370622
12/4/2025,Sampur_Trncomalee,2951.984313
12/5/2025,Sampur_Trncomalee,3020.144664
12/6/2025,Sampur_Trncomalee,3011.495667
12/7/2025,Sampur_Trncomalee,3062.893797
12/8/2025,Sampur_Trncomalee,3025.049883
12/9/2025,Sampur_Trncomalee,3047.827501
12/10/2025,Sampur_Trncomalee,3053.86391
12/11/2025,Sampur_Trncomalee,3087.199323
12/12/2025,Sampur_Trncomalee,3081.19116
12/13/2025,Sampur_Trncomalee,3191.356935
12/14/2025,Sampur_Trncomalee,3312.010495
12/15/2025,Sampur_Trncomalee,3274.269933
12/16/2025,Sampur_Trncomalee,3249.541021
12/17/2025,Sampur_Trncomalee,3234.365962
12/18/2025,Sampur_Trncomalee,3256.15813
12/19/2025,Sampur_Trncomalee,3225.514209
12/20/2025,Sampur_Trncomalee,3213.966897
12/21/2025,Sampur_Trncomalee,3271.00527
12/22/2025,Sampur_Trncomalee,3386.982948
12/23/2025,Sampur_Trncomalee,3498.505137
12/24/2025,Sampur_Trncomalee,3606.712717
12/25/2025,Sampur_Trncomalee,3682.305616
12/26/2025,Sampur_Trncomalee,3764.477784
12/27/2025,Sampur_Trncomalee,3824.856802
12/28/2025,Sampur_Trncomalee,3773.500901
12/29/2025,Sampur_Trncomalee,3800.427963
12/30/2025,Sampur_Trncomalee,3840.817666
12/31/2025,Sampur_Trncomalee,3882.668071
1/1/2026,Sampur_Trncomalee,3873.585024
1/2/2026,Sampur_Trncomalee,3901.26982
1/3/2026,Sampur_Trncomalee,3845.128285
1/4/2026,Sampur_Trncomalee,3654.411895
1/5/2026,Sampur_Trncomalee,3504.403142
1/6/2026,Sampur_Trncomalee,3337.268551
1/7/2026,Sampur_Trncomalee,3325.608085
1/8/2026,Sampur_Trncomalee,3305.154359
1/9/2026,Sampur_Trncomalee,3203.292177
1/10/2026,Sampur_Trncomalee,3113.6098
1/11/2026,Sampur_Trncomalee,3042.437746
1/12/2026,Sampur_Trncomalee,3027.148043
1/13/2026,Sampur_Trncomalee,2970.912404
1/14/2026,Sampur_Trncomalee,2950.217287
1/15/2026,Sampur_Trncomalee,3019.29951
1/16/2026,Sampur_Trncomalee,3080.105055
1/17/2026,Sampur_Trncomalee,3122.072365
1/18/2026,Sampur_Trncomalee,3214.847105
1/19/2026,Sampur_Trncomalee,3256.214536
1/20/2026,Sampur_Trncomalee,3342.705622
1/21/2026,Sampur_Trncomalee,3399.453341
1/22/2026,Sampur_Trncomalee,3535.941067
1/23/2026,Sampur_Trncomalee,3692.66008
1/24/2026,Sampur_Trncomalee,3684.263632
1/25/2026,Sampur_Trncomalee,3677.3396
1/26/2026,Sampur_Trncomalee,3635.377572
1/27/2026,Sampur_Trncomalee,3647.85145
1/28/2026,Sampur_Trncomalee,3471.300139
1/29/2026,Sampur_Trncomalee,3282.828742
1/30/2026,Sampur_Trncomalee,3198.30371
1/31/2026,Sampur_Trncomalee,3258.456131
2/1/2026,Sampur_Trncomalee,3244.453395
2/2/2026,Sampur_Trncomalee,3168.459838
2/3/2026,Sampur_Trncomalee,3136.600524
2/4/2026,Sampur_Trncomalee,3157.536192
2/5/2026,Sampur_Trncomalee,3213.364671
2/6/2026,Sampur_Trncomalee,3291.781603
2/7/2026,Sampur_Trncomalee,3354.958561
2/8/2026,Sampur_Trncomalee,3436.121922
2/9/2026,Sampur_Trncomalee,3599.23475
2/10/2026,Sampur_Trncomalee,3790.81721
2/11/2026,Sampur_Trncomalee,3865.830075
2/12/2026,Sampur_Trncomalee,3844.098861
2/13/2026,Sampur_Trncomalee,3752.09929
2/14/2026,Sampur_Trncomalee,3709.843165
2/15/2026,Sampur_Trncomalee,3638.672381
2/16/2026,Sampur_Trncomalee,3667.215494
2/17/2026,Sampur_Trncomalee,3660.899211
2/18/2026,Sampur_Trncomalee,3688.025407
2/19/2026,Sampur_Trncomalee,3746.654044
2/20/2026,Sampur_Trncomalee,3723.445362
2/21/2026,Sampur_Trncomalee,3684.107698
2/22/2026,Sampur_Trncomalee,3694.186204
2/23/2026,Sampur_Trncomalee,3704.37066
2/24/2026,Sampur_Trncomalee,3697.60855
2/25/2026,Sampur_Trncomalee,3822.308933
2/26/2026,Sampur_Trncomalee,3940.690136
2/27/2026,Sampur_Trncomalee,3969.854575
2/28/2026,Sampur_Trncomalee,3955.159228
3/1/2026,Sampur_Trncomalee,3921.443578
3/2/2026,Sampur_Trncomalee,3870.695818
3/3/2026,Sampur_Trncomalee,3734.339293
3/4/2026,Sampur_Trncomalee,3684.313777
3/5/2026,Sampur_Trncomalee,3707.325078
3/6/2026,Sampur_Trncomalee,3727.419486
3/7/2026,Sampur_Trncomalee,3770.016335
3/8/2026,Sampur_Trncomalee,3826.347176
3/9/2026,Sampur_Trncomalee,3824.93756
3/10/2026,Sampur_Trncomalee,3802.172512
3/11/2026,Sampur_Trncomalee,3856.086967
3/12/2026,Sampur_Trncomalee,3935.195807
3/13/2026,Sampur_Trncomalee,4161.969946
3/14/2026,Sampur_Trncomalee,4261.85673
3/15/2026,Sampur_Trncomalee,4293.794374
3/16/2026,Sampur_Trncomalee,4365.899675
3/17/2026,Sampur_Trncomalee,4538.712144
3/18/2026,Sampur_Trncomalee,4627.436918
3/19/2026,Sampur_Trncomalee,4583.97186
3/20/2026,Sampur_Trncomalee,4497.376706
3/21/2026,Sampur_Trncomalee,4419.468445
3/22/2026,Sampur_Trncomalee,4393.912757
3/23/2026,Sampur_Trncomalee,4373.585874
3/24/2026,Sampur_Trncomalee,4286.027409
3/25/2026,Sampur_Trncomalee,4187.726541
3/26/2026,Sampur_Trncomalee,4077.002874
3/27/2026,Sampur_Trncomalee,4020.514053
3/28/2026,Sampur_Trncomalee,3962.063119
3/29/2026,Sampur_Trncomalee,3902.726981
3/30/2026,Sampur_Trncomalee,3854.597897
3/31/2026,Sampur_Trncomalee,3832.135157
4/1/2026,Sampur_Trncomalee,3897.623255
4/2/2026,Sampur_Trncomalee,3921.598939
4/3/2026,Sampur_Trncomalee,3911.940807
4/4/2026,Sampur_Trncomalee,3931.785986
4/5/2026,Sampur_Trncomalee,4025.005741
4/6/2026,Sampur_Trncomalee,4118.262822
4/7/2026,Sampur_Trncomalee,4193.043999
4/8/2026,Sampur_Trncomalee,4269.217014
4/9/2026,Sampur_Trncomalee,4370.212238
4/10/2026,Sampur_Trncomalee,4540.65256
4/11/2026,Sampur_Trncomalee,4683.174219
4/12/2026,Sampur_Trncomalee,4779.16158
4/13/2026,Sampur_Trncomalee,4873.7721
4/14/2026,Sampur_Trncomalee,4927.277232
4/15/2026,Sampur_Trncomalee,5030.820621
4/16/2026,Sampur_Trncomalee,5147.18865
4/17/2026,Sampur_Trncomalee,5204.199651
4/18/2026,Sampur_Trncomalee,5196.065564
4/19/2026,Sampur_Trncomalee,5198.218317
4/20/2026,Sampur_Trncomalee,5110.237947
4/21/2026,Sampur_Trncomalee,5028.675365
4/22/2026,Sampur_Trncomalee,4916.306426
4/23/2026,Sampur_Trncomalee,4856.812617
4/24/2026,Sampur_Trncomalee,4817.68879
4/25/2026,Sampur_Trncomalee,4788.405478
4/26/2026,Sampur_Trncomalee,4834.90847
4/27/2026,Sampur_Trncomalee,4925.735033
4/28/2026,Sampur_Trncomalee,5000.096078
4/29/2026,Sampur_Trncomalee,5035.747655
4/30/2026,Sampur_Trncomalee,5033.297477
5/1/2026,Sampur_Trncomalee,4978.748063
5/2/2026,Sampur_Trncomalee,4942.205628
5/3/2026,Sampur_Trncomalee,4993.054952
5/4/2026,Sampur_Trncomalee,5035.866435
5/5/2026,Sampur_Trncomalee,5077.079716
5/6/2026,Sampur_Trncomalee,5091.303793
5/7/2026,Sampur_Trncomalee,5051.769603
5/8/2026,Sampur_Trncomalee,5087.516778
5/9/2026,Sampur_Trncomalee,5097.089897
5/10/2026,Sampur_Trncomalee,5018.787631
5/11/2026,Sampur_Trncomalee,5067.133202
5/12/2026,Sampur_Trncomalee,5162.489806
5/13/2026,Sampur_Trncomalee,5271.632958
5/14/2026,Sampur_Trncomalee,5343.942464
5/15/2026,Sampur_Trncomalee,5376.334334
5/16/2026,Sampur_Trncomalee,5466.065385
5/17/2026,Sampur_Trncomalee,5524.261808
5/18/2026,Sampur_Trncomalee,5498.160649
5/19/2026,Sampur_Trncomalee,5423.169077
5/20/2026,Sampur_Trncomalee,5338.342305
5/21/2026,Sampur_Trncomalee,5297.814977
5/22/2026,Sampur_Trncomalee,5351.201478
5/23/2026,Sampur_Trncomalee,5370.840065
5/24/2026,Sampur_Trncomalee,5366.73472
5/25/2026,Sampur_Trncomalee,5285.184931
5/26/2026,Sampur_Trncomalee,5218.925392
5/27/2026,Sampur_Trncomalee,5187.13192
5/28/2026,Sampur_Trncomalee,5149.194237
5/29/2026,Sampur_Trncomalee,5148.15298
5/30/2026,Sampur_Trncomalee,5144.184176
5/31/2026,Sampur_Trncomalee,5242.932195
6/1/2026,Sampur_Trncomalee,5228.501099
6/2/2026,Sampur_Trncomalee,5158.134022
6/3/2026,Sampur_Trncomalee,5098.992483
6/4/2026,Sampur_Trncomalee,4983.077352
6/5/2026,Sampur_Trncomalee,4985.921746
6/6/2026,Sampur_Trncomalee,4993.548793
6/7/2026,Sampur_Trncomalee,5013.917265
6/8/2026,Sampur_Trncomalee,5084.868704
6/9/2026,Sampur_Trncomalee,5217.285514
6/10/2026,Sampur_Trncomalee,5357.027679
6/11/2026,Sampur_Trncomalee,5465.495085
6/12/2026,Sampur_Trncomalee,5572.629299
6/13/2026,Sampur_Trncomalee,5649.103197
6/14/2026,Sampur_Trncomalee,5660.416788
6/15/2026,Sampur_Trncomalee,5665.888681
6/16/2026,Sampur_Trncomalee,5727.112041
6/17/2026,Sampur_Trncomalee,5720.167305
6/18/2026,Sampur_Trncomalee,5843.372776
6/19/2026,Sampur_Trncomalee,5820.889219
6/20/2026,Sampur_Trncomalee,5953.545516
6/21/2026,Sampur_Trncomalee,5908.484535
6/22/2026,Sampur_Trncomalee,5907.3172
6/23/2026,Sampur_Trncomalee,5882.519164
6/24/2026,Sampur_Trncomalee,5850.233316
6/25/2026,Sampur_Trncomalee,5844.243955
6/26/2026,Sampur_Trncomalee,5839.923057
6/27/2026,Sampur_Trncomalee,5858.702937
6/28/2026,Sampur_Trncomalee,5878.607656
6/29/2026,Sampur_Trncomalee,5879.597524
6/30/2026,Sampur_Trncomalee,5865.719149
7/1/2026,Sampur_Trncomalee,5774.373026
7/2/2026,Sampur_Trncomalee,5660.992793
7/3/2026,Sampur_Trncomalee,5504.421377
7/4/2026,Sampur_Trncomalee,5418.264981
7/5/2026,Sampur_Trncomalee,5274.360465
7/6/2026,Sampur_Trncomalee,5149.847063
7/7/2026,Sampur_Trncomalee,5032.19078
7/8/2026,Sampur_Trncomalee,4950.888284
7/9/2026,Sampur_Trncomalee,4922.914107
7/10/2026,Sampur_Trncomalee,4961.762388
7/11/2026,Sampur_Trncomalee,4903.667341
7/12/2026,Sampur_Trncomalee,4876.592776
7/13/2026,Sampur_Trncomalee,4766.453729
7/14/2026,Sampur_Trncomalee,4705.473517
7/15/2026,Sampur_Trncomalee,4637.892705
7/16/2026,Sampur_Trncomalee,4661.833855
7/17/2026,Sampur_Trncomalee,4658.054684
7/18/2026,Sampur_Trncomalee,4608.298121
7/19/2026,Sampur_Trncomalee,4471.71479
7/20/2026,Sampur_Trncomalee,4341.555663
7/21/2026,Sampur_Trncomalee,4289.016666
7/22/2026,Sampur_Trncomalee,4265.72475
7/23/2026,Sampur_Trncomalee,4276.081905
7/24/2026,Sampur_Trncomalee,4317.901553
7/25/2026,Sampur_Trncomalee,4238.506999
7/26/2026,Sampur_Trncomalee,4171.742047
7/27/2026,Sampur_Trncomalee,4164.810657
7/28/2026,Sampur_Trncomalee,4131.818798
7/29/2026,Sampur_Trncomalee,4166.129314
7/30/2026,Sampur_Trncomalee,4204.652874
7/31/2026,Sampur_Trncomalee,4242.96861
8/1/2026,Sampur_Trncomalee,4219.296844
8/2/2026,Sampur_Trncomalee,4083.721218
8/3/2026,Sampur_Trncomalee,4073.717976
8/4/2026,Sampur_Trncomalee,4107.287777
8/5/2026,Sampur_Trncomalee,4050.425189
8/6/2026,Sampur_Trncomalee,4013.710318
8/7/2026,Sampur_Trncomalee,4036.510972
8/8/2026,Sampur_Trncomalee,3967.62595
8/9/2026,Sampur_Trncomalee,3976.635392
8/10/2026,Sampur_Trncomalee,4052.520225
8/11/2026,Sampur_Trncomalee,4124.167186
8/12/2026,Sampur_Trncomalee,4136.690639
8/13/2026,Sampur_Trncomalee,4285.532521
8/14/2026,Sampur_Trncomalee,4304.591276
8/15/2026,Sampur_Trncomalee,4314.690981
8/16/2026,Sampur_Trncomalee,4367.657478
8/17/2026,Sampur_Trncomalee,4397.480209
8/18/2026,Sampur_Trncomalee,4465.882481
8/19/2026,Sampur_Trncomalee,4483.525159
8/20/2026,Sampur_Trncomalee,4443.897748
8/21/2026,Sampur_Trncomalee,4430.034828
8/22/2026,Sampur_Trncomalee,4346.809807
8/23/2026,Sampur_Trncomalee,4374.218725
8/24/2026,Sampur_Trncomalee,4424.264078
8/25/2026,Sampur_Trncomalee,4462.90993
8/26/2026,Sampur_Trncomalee,4560.173446
8/27/2026,Sampur_Trncomalee,4609.126272
8/28/2026,Sampur_Trncomalee,4576.555634
8/29/2026,Sampur_Trncomalee,4553.93419
8/30/2026,Sampur_Trncomalee,4645.335786
8/31/2026,Sampur_Trncomalee,4801.918482
9/1/2026,Sampur_Trncomalee,4805.536522
9/2/2026,Sampur_Trncomalee,4841.086203
9/3/2026,Sampur_Trncomalee,4823.485533
9/4/2026,Sampur_Trncomalee,4816.040218
9/5/2026,Sampur_Trncomalee,4720.8832
9/6/2026,Sampur_Trncomalee,4599.975944
9/7/2026,Sampur_Trncomalee,4533.26899
9/8/2026,Sampur_Trncomalee,4352.926066
9/9/2026,Sampur_Trncomalee,4242.509872
9/10/2026,Sampur_Trncomalee,4149.513789
9/11/2026,Sampur_Trncomalee,4086.232776
9/12/2026,Sampur_Trncomalee,4072.273007
9/13/2026,Sampur_Trncomalee,4152.001237
9/14/2026,Sampur_Trncomalee,4171.3428
9/15/2026,Sampur_Trncomalee,4190.092201
9/16/2026,Sampur_Trncomalee,4227.275911
9/17/2026,Sampur_Trncomalee,4300.815988
9/18/2026,Sampur_Trncomalee,4332.234866
9/19/2026,Sampur_Trncomalee,4521.56574
9/20/2026,Sampur_Trncomalee,4608.453761
9/21/2026,Sampur_Trncomalee,4581.928855
9/22/2026,Sampur_Trncomalee,4619.086188
9/23/2026,Sampur_Trncomalee,4668.117819
9/24/2026,Sampur_Trncomalee,4634.609412
9/25/2026,Sampur_Trncomalee,4486.938857
9/26/2026,Sampur_Trncomalee,4428.084703
9/27/2026,Sampur_Trncomalee,4430.719241
9/28/2026,Sampur_Trncomalee,4319.138333
9/29/2026,Sampur_Trncomalee,4195.471905
9/30/2026,Sampur_Trncomalee,4116.611935
10/1/2026,Sampur_Trncomalee,4085.596815
10/2/2026,Sampur_Trncomalee,4079.748338
10/3/2026,Sampur_Trncomalee,4103.019578
10/4/2026,Sampur_Trncomalee,3994.263526
10/5/2026,Sampur_Trncomalee,3912.46406
10/6/2026,Sampur_Trncomalee,3881.411786
10/7/2026,Sampur_Trncomalee,3901.012373
10/8/2026,Sampur_Trncomalee,3903.899208
10/9/2026,Sampur_Trncomalee,3979.614444
10/10/2026,Sampur_Trncomalee,3968.721421
10/11/2026,Sampur_Trncomalee,3943.211478
10/12/2026,Sampur_Trncomalee,3990.502399
10/13/2026,Sampur_Trncomalee,3938.20455
10/14/2026,Sampur_Trncomalee,3914.87711
10/15/2026,Sampur_Trncomalee,3960.028767
10/16/2026,Sampur_Trncomalee,3989.480374
10/17/2026,Sampur_Trncomalee,4073.139389
10/18/2026,Sampur_Trncomalee,4106.635912
10/19/2026,Sampur_Trncomalee,4091.174932
10/20/2026,Sampur_Trncomalee,4162.993933
10/21/2026,Sampur_Trncomalee,4266.182042
10/22/2026,Sampur_Trncomalee,4359.370567
10/23/2026,Sampur_Trncomalee,4365.9344
10/24/2026,Sampur_Trncomalee,4397.796611
10/25/2026,Sampur_Trncomalee,4490.335802
10/26/2026,Sampur_Trncomalee,4596.216024
10/27/2026,Sampur_Trncomalee,4627.482267
10/28/2026,Sampur_Trncomalee,4693.349381
10/29/2026,Sampur_Trncomalee,4812.698587
10/30/2026,Sampur_Trncomalee,4848.577577
10/31/2026,Sampur_Trncomalee,4879.160217
11/1/2026,Sampur_Trncomalee,4874.06282
11/2/2026,Sampur_Trncomalee,4751.140218
11/3/2026,Sampur_Trncomalee,4704.164419
11/4/2026,Sampur_Trncomalee,4714.451733
11/5/2026,Sampur_Trncomalee,4686.346822
11/6/2026,Sampur_Trncomalee,4695.711194
11/7/2026,Sampur_Trncomalee,4656.097438
11/8/2026,Sampur_Trncomalee,4564.298557
11/9/2026,Sampur_Trncomalee,4448.732927
11/10/2026,Sampur_Trncomalee,4369.398409
11/11/2026,Sampur_Trncomalee,4354.202842
11/12/2026,Sampur_Trncomalee,4339.846402
11/13/2026,Sampur_Trncomalee,4328.090803
11/14/2026,Sampur_Trncomalee,4310.493012
11/15/2026,Sampur_Trncomalee,4305.844402
11/16/2026,Sampur_Trncomalee,4246.5891
11/17/2026,Sampur_Trncomalee,4265.921208
11/18/2026,Sampur_Trncomalee,4302.647562
11/19/2026,Sampur_Trncomalee,4303.9993
11/20/2026,Sampur_Trncomalee,4304.457624
11/21/2026,Sampur_Trncomalee,4222.919447
11/22/2026,Sampur_Trncomalee,4135.827555
11/23/2026,Sampur_Trncomalee,4124.025623
11/24/2026,Sampur_Trncomalee,4136.898694
11/25/2026,Sampur_Trncomalee,4123.104708
11/26/2026,Sampur_Trncomalee,4039.338043
11/27/2026,Sampur_Trncomalee,3946.609212
11/28/2026,Sampur_Trncomalee,3845.34357
11/29/2026,Sampur_Trncomalee,3765.991258
11/30/2026,Sampur_Trncomalee,3839.210318
12/1/2026,Sampur_Trncomalee,3927.353309
12/2/2026,Sampur_Trncomalee,3951.816017
12/3/2026,Sampur_Trncomalee,3959.21772
12/4/2026,Sampur_Trncomalee,4103.131703
12/5/2026,Sampur_Trncomalee,4169.472353
12/6/2026,Sampur_Trncomalee,4218.577956
12/7/2026,Sampur_Trncomalee,4336.954436
12/8/2026,Sampur_Trncomalee,4497.864431
12/9/2026,Sampur_Trncomalee,4561.267691
12/10/2026,Sampur_Trncomalee,4519.106558
12/11/2026,Sampur_Trncomalee,4452.646018
12/12/2026,Sampur_Trncomalee,4438.463181
12/13/2026,Sampur_Trncomalee,4391.605784
12/14/2026,Sampur_Trncomalee,4367.060981
12/15/2026,Sampur_Trncomalee,4314.680605
12/16/2026,Sampur_Trncomalee,4202.004386
12/17/2026,Sampur_Trncomalee,4079.695889
12/18/2026,Sampur_Trncomalee,4026.619388
12/19/2026,Sampur_Trncomalee,4029.002521
12/20/2026,Sampur_Trncomalee,4056.059854
12/21/2026,Sampur_Trncomalee,4025.347601
12/22/2026,Sampur_Trncomalee,3986.721685
12/23/2026,Sampur_Trncomalee,4051.150776
12/24/2026,Sampur_Trncomalee,4088.51302
12/25/2026,Sampur_Trncomalee,4118.343735
12/26/2026,Sampur_Trncomalee,4149.505323
12/27/2026,Sampur_Trncomalee,4188.871218
12/28/2026,Sampur_Trncomalee,4189.355065
12/29/2026,Sampur_Trncomalee,4109.148401
12/30/2026,Sampur_Trncomalee,4172.09837
12/31/2026,Sampur_Trncomalee,4314.489177
1/1/2027,Sampur_Trncomalee,4364.226792
1/2/2027,Sampur_Trncomalee,4380.529897
1/3/2027,Sampur_Trncomalee,4401.554774
1/4/2027,Sampur_Trncomalee,4367.528571
1/5/2027,Sampur_Trncomalee,4370.465891
1/6/2027,Sampur_Trncomalee,4337.245472
1/7/2027,Sampur_Trncomalee,4307.495153
1/8/2027,Sampur_Trncomalee,4296.906554
1/9/2027,Sampur_Trncomalee,4278.506227
1/10/2027,Sampur_Trncomalee,4240.299031
1/11/2027,Sampur_Trncomalee,4238.824462
1/12/2027,Sampur_Trncomalee,4266.157627
1/13/2027,Sampur_Trncomalee,4174.251461
1/14/2027,Sampur_Trncomalee,4201.130376
1/15/2027,Sampur_Trncomalee,4164.229937
1/16/2027,Sampur_Trncomalee,4126.652038
1/17/2027,Sampur_Trncomalee,4055.205374
1/18/2027,Sampur_Trncomalee,4029.739731
1/19/2027,Sampur_Trncomalee,4055.522825
1/20/2027,Sampur_Trncomalee,4043.622784
1/21/2027,Sampur_Trncomalee,3851.999817
1/22/2027,Sampur_Trncomalee,3812.979235
1/23/2027,Sampur_Trncomalee,3703.120581
1/24/2027,Sampur_Trncomalee,3666.33607
1/25/2027,Sampur_Trncomalee,3656.486225
1/26/2027,Sampur_Trncomalee,3596.767595
1/27/2027,Sampur_Trncomalee,3538.700628
1/28/2027,Sampur_Trncomalee,3579.515404
1/29/2027,Sampur_Trncomalee,3634.031467
1/30/2027,Sampur_Trncomalee,3682.285682
1/31/2027,Sampur_Trncomalee,3705.055698
2/1/2027,Sampur_Trncomalee,3653.569247
2/2/2027,Sampur_Trncomalee,3622.819305
2/3/2027,Sampur_Trncomalee,3656.677347
2/4/2027,Sampur_Trncomalee,3585.98519
2/5/2027,Sampur_Trncomalee,3553.788382
2/6/2027,Sampur_Trncomalee,3626.97192
2/7/2027,Sampur_Trncomalee,3705.744007
2/8/2027,Sampur_Trncomalee,3667.684823
2/9/2027,Sampur_Trncomalee,3661.358461
2/10/2027,Sampur_Trncomalee,3525.643705
2/11/2027,Sampur_Trncomalee,3501.900249
2/12/2027,Sampur_Trncomalee,3426.352624
2/13/2027,Sampur_Trncomalee,3501.204785
2/14/2027,Sampur_Trncomalee,3595.876526
2/15/2027,Sampur_Trncomalee,3644.981954
2/16/2027,Sampur_Trncomalee,3671.375292
2/17/2027,Sampur_Trncomalee,3776.262407
2/18/2027,Sampur_Trncomalee,3914.691045
2/19/2027,Sampur_Trncomalee,4006.526557
2/20/2027,Sampur_Trncomalee,4077.510808
2/21/2027,Sampur_Trncomalee,4017.5104
2/22/2027,Sampur_Trncomalee,4038.044195
2/23/2027,Sampur_Trncomalee,4065.110001
2/24/2027,Sampur_Trncomalee,4107.880106
2/25/2027,Sampur_Trncomalee,4177.149295
2/26/2027,Sampur_Trncomalee,4240.946091
2/27/2027,Sampur_Trncomalee,4178.855786
2/28/2027,Sampur_Trncomalee,3941.743654
3/1/2027,Sampur_Trncomalee,3723.07484
3/2/2027,Sampur_Trncomalee,3458.557745
3/3/2027,Sampur_Trncomalee,3431.228549
3/4/2027,Sampur_Trncomalee,3446.937188
3/5/2027,Sampur_Trncomalee,3413.649579
3/6/2027,Sampur_Trncomalee,3306.330938
3/7/2027,Sampur_Trncomalee,3182.908606
3/8/2027,Sampur_Trncomalee,3141.606667
3/9/2027,Sampur_Trncomalee,3119.192857
3/10/2027,Sampur_Trncomalee,3187.600841
3/11/2027,Sampur_Trncomalee,3272.280519
3/12/2027,Sampur_Trncomalee,3323.392248
3/13/2027,Sampur_Trncomalee,3274.146802
3/14/2027,Sampur_Trncomalee,3341.099907
3/15/2027,Sampur_Trncomalee,3417.484054
3/16/2027,Sampur_Trncomalee,3501.665215
3/17/2027,Sampur_Trncomalee,3569.978547
3/18/2027,Sampur_Trncomalee,3656.521441
3/19/2027,Sampur_Trncomalee,3721.783941
3/20/2027,Sampur_Trncomalee,3608.10708
3/21/2027,Sampur_Trncomalee,3570.086379
3/22/2027,Sampur_Trncomalee,3523.526433
3/23/2027,Sampur_Trncomalee,3561.148531
3/24/2027,Sampur_Trncomalee,3467.155804
3/25/2027,Sampur_Trncomalee,3290.994515
3/26/2027,Sampur_Trncomalee,3250.867592
3/27/2027,Sampur_Trncomalee,3341.393431
3/28/2027,Sampur_Trncomalee,3362.637432
3/29/2027,Sampur_Trncomalee,3333.517183
3/30/2027,Sampur_Trncomalee,3354.297104
3/31/2027,Sampur_Trncomalee,3474.318276
4/1/2027,Sampur_Trncomalee,3516.688846
4/2/2027,Sampur_Trncomalee,3591.478638
4/3/2027,Sampur_Trncomalee,3748.424033
4/4/2027,Sampur_Trncomalee,3891.113868
4/5/2027,Sampur_Trncomalee,4025.485746
4/6/2027,Sampur_Trncomalee,4201.698874
4/7/2027,Sampur_Trncomalee,4191.825562
4/8/2027,Sampur_Trncomalee,4132.719775
4/9/2027,Sampur_Trncomalee,3932.271
4/10/2027,Sampur_Trncomalee,3836.484918
4/11/2027,Sampur_Trncomalee,3711.976034
4/12/2027,Sampur_Trncomalee,3707.278711
4/13/2027,Sampur_Trncomalee,3677.522262
4/14/2027,Sampur_Trncomalee,3678.560828
4/15/2027,Sampur_Trncomalee,3758.499445
4/16/2027,Sampur_Trncomalee,3815.803218
4/17/2027,Sampur_Trncomalee,3837.981123
4/18/2027,Sampur_Trncomalee,3903.185234
4/19/2027,Sampur_Trncomalee,3935.811983
4/20/2027,Sampur_Trncomalee,4031.316248
4/21/2027,Sampur_Trncomalee,4114.749857
4/22/2027,Sampur_Trncomalee,4271.235259
4/23/2027,Sampur_Trncomalee,4368.599217
4/24/2027,Sampur_Trncomalee,4341.925159
4/25/2027,Sampur_Trncomalee,4279.73567
4/26/2027,Sampur_Trncomalee,4241.620256
4/27/2027,Sampur_Trncomalee,4075.22045
4/28/2027,Sampur_Trncomalee,4065.549817
4/29/2027,Sampur_Trncomalee,4044.415694
4/30/2027,Sampur_Trncomalee,4071.286933
5/1/2027,Sampur_Trncomalee,4078.099339
5/2/2027,Sampur_Trncomalee,4103.073093
5/3/2027,Sampur_Trncomalee,4036.016283
5/4/2027,Sampur_Trncomalee,4032.024102
5/5/2027,Sampur_Trncomalee,4105.369858
5/6/2027,Sampur_Trncomalee,4218.843713
5/7/2027,Sampur_Trncomalee,4341.457248
5/8/2027,Sampur_Trncomalee,4376.416398
5/9/2027,Sampur_Trncomalee,4380.783049
5/10/2027,Sampur_Trncomalee,4486.452324
5/11/2027,Sampur_Trncomalee,4602.762711
5/12/2027,Sampur_Trncomalee,4654.821205
5/13/2027,Sampur_Trncomalee,4567.610537
5/14/2027,Sampur_Trncomalee,4471.138997
5/15/2027,Sampur_Trncomalee,4401.466552
5/16/2027,Sampur_Trncomalee,4440.109617
5/17/2027,Sampur_Trncomalee,4416.14223
5/18/2027,Sampur_Trncomalee,4380.483583
5/19/2027,Sampur_Trncomalee,4299.605087
5/20/2027,Sampur_Trncomalee,4180.11572
5/21/2027,Sampur_Trncomalee,4070.890154
5/22/2027,Sampur_Trncomalee,3985.694306
5/23/2027,Sampur_Trncomalee,3961.248745
5/24/2027,Sampur_Trncomalee,3937.854316
5/25/2027,Sampur_Trncomalee,3896.792691
5/26/2027,Sampur_Trncomalee,3857.221291
5/27/2027,Sampur_Trncomalee,3809.235243
5/28/2027,Sampur_Trncomalee,3834.441382
5/29/2027,Sampur_Trncomalee,3927.799258
5/30/2027,Sampur_Trncomalee,4058.442629
5/31/2027,Sampur_Trncomalee,4140.015913
6/1/2027,Sampur_Trncomalee,4185.160063
6/2/2027,Sampur_Trncomalee,4252.323844
6/3/2027,Sampur_Trncomalee,4307.22294
6/4/2027,Sampur_Trncomalee,4383.431064
6/5/2027,Sampur_Trncomalee,4461.127143
6/6/2027,Sampur_Trncomalee,4430.425716
6/7/2027,Sampur_Trncomalee,4396.636611
6/8/2027,Sampur_Trncomalee,4428.964019
6/9/2027,Sampur_Trncomalee,4449.512684
6/10/2027,Sampur_Trncomalee,4465.071588
6/11/2027,Sampur_Trncomalee,4559.050039
6/12/2027,Sampur_Trncomalee,4616.207339
6/13/2027,Sampur_Trncomalee,4575.286154
6/14/2027,Sampur_Trncomalee,4584.834609
6/15/2027,Sampur_Trncomalee,4555.063748
6/16/2027,Sampur_Trncomalee,4580.877136
6/17/2027,Sampur_Trncomalee,4698.872501
6/18/2027,Sampur_Trncomalee,4762.474838
6/19/2027,Sampur_Trncomalee,4819.557107
6/20/2027,Sampur_Trncomalee,4859.850311
6/21/2027,Sampur_Trncomalee,4920.826268
6/22/2027,Sampur_Trncomalee,5041.934098
6/23/2027,Sampur_Trncomalee,5023.984416
6/24/2027,Sampur_Trncomalee,5010.50681
6/25/2027,Sampur_Trncomalee,4874.532964
6/26/2027,Sampur_Trncomalee,4751.809689
6/27/2027,Sampur_Trncomalee,4603.570377
6/28/2027,Sampur_Trncomalee,4516.838401
6/29/2027,Sampur_Trncomalee,4419.545073
6/30/2027,Sampur_Trncomalee,4344.21298
7/1/2027,Sampur_Trncomalee,4328.699555
7/2/2027,Sampur_Trncomalee,4277.777723
7/3/2027,Sampur_Trncomalee,4246.300388
7/4/2027,Sampur_Trncomalee,4216.44182
7/5/2027,Sampur_Trncomalee,4171.700321
7/6/2027,Sampur_Trncomalee,4233.072252
7/7/2027,Sampur_Trncomalee,4271.82251
7/8/2027,Sampur_Trncomalee,4259.908232
7/9/2027,Sampur_Trncomalee,4352.065522
7/10/2027,Sampur_Trncomalee,4465.660097
7/11/2027,Sampur_Trncomalee,4565.86497
7/12/2027,Sampur_Trncomalee,4680.821727
7/13/2027,Sampur_Trncomalee,4616.141606
7/14/2027,Sampur_Trncomalee,4572.678805
7/15/2027,Sampur_Trncomalee,4488.428394
7/16/2027,Sampur_Trncomalee,4478.48926
7/17/2027,Sampur_Trncomalee,4377.316123
7/18/2027,Sampur_Trncomalee,4378.276373
7/19/2027,Sampur_Trncomalee,4406.145498
7/20/2027,Sampur_Trncomalee,4405.590793
7/21/2027,Sampur_Trncomalee,4348.946816
7/22/2027,Sampur_Trncomalee,4363.186703
7/23/2027,Sampur_Trncomalee,4363.232209
7/24/2027,Sampur_Trncomalee,4377.775199
7/25/2027,Sampur_Trncomalee,4400.659105
7/26/2027,Sampur_Trncomalee,4406.004471
7/27/2027,Sampur_Trncomalee,4382.354908
7/28/2027,Sampur_Trncomalee,4382.219205
7/29/2027,Sampur_Trncomalee,4463.0247
7/30/2027,Sampur_Trncomalee,4528.817569
7/31/2027,Sampur_Trncomalee,4535.399424
8/1/2027,Sampur_Trncomalee,4622.834526
8/2/2027,Sampur_Trncomalee,4656.209357
8/3/2027,Sampur_Trncomalee,4785.123565
8/4/2027,Sampur_Trncomalee,4910.08171
8/5/2027,Sampur_Trncomalee,4948.006201
8/6/2027,Sampur_Trncomalee,4952.181921
8/7/2027,Sampur_Trncomalee,4941.946067
8/8/2027,Sampur_Trncomalee,4911.47823
8/9/2027,Sampur_Trncomalee,4816.235846
8/10/2027,Sampur_Trncomalee,4800.863778
8/11/2027,Sampur_Trncomalee,4825.555365
8/12/2027,Sampur_Trncomalee,4803.566342
8/13/2027,Sampur_Trncomalee,4801.86159
8/14/2027,Sampur_Trncomalee,4832.203248
8/15/2027,Sampur_Trncomalee,4829.478811
8/16/2027,Sampur_Trncomalee,4769.182847
8/17/2027,Sampur_Trncomalee,4756.479871
8/18/2027,Sampur_Trncomalee,4738.237214
8/19/2027,Sampur_Trncomalee,4718.321612
8/20/2027,Sampur_Trncomalee,4646.369637
8/21/2027,Sampur_Trncomalee,4638.656264
8/22/2027,Sampur_Trncomalee,4622.31233
8/23/2027,Sampur_Trncomalee,4638.173275
8/24/2027,Sampur_Trncomalee,4555.841361
8/25/2027,Sampur_Trncomalee,4447.570603
8/26/2027,Sampur_Trncomalee,4373.483376
8/27/2027,Sampur_Trncomalee,4257.732197
8/28/2027,Sampur_Trncomalee,4226.719661
8/29/2027,Sampur_Trncomalee,4243.972466
8/30/2027,Sampur_Trncomalee,4294.092426
8/31/2027,Sampur_Trncomalee,4296.821311
9/1/2027,Sampur_Trncomalee,4297.317018
9/2/2027,Sampur_Trncomalee,4384.372534
9/3/2027,Sampur_Trncomalee,4447.447029
9/4/2027,Sampur_Trncomalee,4405.590823
9/5/2027,Sampur_Trncomalee,4355.682934
9/6/2027,Sampur_Trncomalee,4339.277254
9/7/2027,Sampur_Trncomalee,4211.535154
9/8/2027,Sampur_Trncomalee,4175.033364
9/9/2027,Sampur_Trncomalee,4120.523671
9/10/2027,Sampur_Trncomalee,4076.571807
9/11/2027,Sampur_Trncomalee,4040.449851
9/12/2027,Sampur_Trncomalee,4026.700252
9/13/2027,Sampur_Trncomalee,3948.471066
9/14/2027,Sampur_Trncomalee,3965.092461
9/15/2027,Sampur_Trncomalee,3927.380789
9/16/2027,Sampur_Trncomalee,3987.919071
9/17/2027,Sampur_Trncomalee,4125.454559
9/18/2027,Sampur_Trncomalee,4194.561396
9/19/2027,Sampur_Trncomalee,4229.181257
9/20/2027,Sampur_Trncomalee,4248.629801
9/21/2027,Sampur_Trncomalee,4227.100734
9/22/2027,Sampur_Trncomalee,4327.2896
9/23/2027,Sampur_Trncomalee,4314.297768
9/24/2027,Sampur_Trncomalee,4333.273792
9/25/2027,Sampur_Trncomalee,4279.528331
9/26/2027,Sampur_Trncomalee,4172.21941
9/27/2027,Sampur_Trncomalee,4035.530802
9/28/2027,Sampur_Trncomalee,4062.081797
9/29/2027,Sampur_Trncomalee,3973.358244
9/30/2027,Sampur_Trncomalee,3908.858592
10/1/2027,Sampur_Trncomalee,3899.933406
10/2/2027,Sampur_Trncomalee,3836.875458
10/3/2027,Sampur_Trncomalee,3817.318553
10/4/2027,Sampur_Trncomalee,3802.44755
10/5/2027,Sampur_Trncomalee,3834.418662
10/6/2027,Sampur_Trncomalee,3968.938323
10/7/2027,Sampur_Trncomalee,4048.487159
10/8/2027,Sampur_Trncomalee,4065.408749
10/9/2027,Sampur_Trncomalee,4093.230815
10/10/2027,Sampur_Trncomalee,4157.278808
10/11/2027,Sampur_Trncomalee,4248.822674
10/12/2027,Sampur_Trncomalee,4391.21161
10/13/2027,Sampur_Trncomalee,4446.094331
10/14/2027,Sampur_Trncomalee,4521.035917
10/15/2027,Sampur_Trncomalee,4481.217423
10/16/2027,Sampur_Trncomalee,4476.845382
10/17/2027,Sampur_Trncomalee,4502.349195
10/18/2027,Sampur_Trncomalee,4537.777072
10/19/2027,Sampur_Trncomalee,4542.142256
10/20/2027,Sampur_Trncomalee,4628.164217
10/21/2027,Sampur_Trncomalee,4708.082839
10/22/2027,Sampur_Trncomalee,4687.04557
10/23/2027,Sampur_Trncomalee,4793.518645
10/24/2027,Sampur_Trncomalee,4826.616681
10/25/2027,Sampur_Trncomalee,4901.32085
10/26/2027,Sampur_Trncomalee,4846.966031
10/27/2027,Sampur_Trncomalee,4724.674487
10/28/2027,Sampur_Trncomalee,4705.790087
10/29/2027,Sampur_Trncomalee,4781.554406
10/30/2027,Sampur_Trncomalee,4774.450828
10/31/2027,Sampur_Trncomalee,4697.554541
11/1/2027,Sampur_Trncomalee,4641.077782
11/2/2027,Sampur_Trncomalee,4624.812538
11/3/2027,Sampur_Trncomalee,4591.324675
11/4/2027,Sampur_Trncomalee,4565.813964
11/5/2027,Sampur_Trncomalee,4549.8621
11/6/2027,Sampur_Trncomalee,4493.505023
11/7/2027,Sampur_Trncomalee,4548.958812
11/8/2027,Sampur_Trncomalee,4606.357198
11/9/2027,Sampur_Trncomalee,4634.826096
11/10/2027,Sampur_Trncomalee,4651.362768
11/11/2027,Sampur_Trncomalee,4704.485408
11/12/2027,Sampur_Trncomalee,4789.734284
11/13/2027,Sampur_Trncomalee,4762.377007
11/14/2027,Sampur_Trncomalee,4741.982179
11/15/2027,Sampur_Trncomalee,4657.91014
11/16/2027,Sampur_Trncomalee,4604.659232
11/17/2027,Sampur_Trncomalee,4713.864644
11/18/2027,Sampur_Trncomalee,4716.537737
11/19/2027,Sampur_Trncomalee,4596.336986
11/20/2027,Sampur_Trncomalee,4503.513656
11/21/2027,Sampur_Trncomalee,4484.886689
11/22/2027,Sampur_Trncomalee,4545.240394
11/23/2027,Sampur_Trncomalee,4480.036342
11/24/2027,Sampur_Trncomalee,4431.396507
11/25/2027,Sampur_Trncomalee,4354.111032
11/26/2027,Sampur_Trncomalee,4378.113183
11/27/2027,Sampur_Trncomalee,4460.07761
11/28/2027,Sampur_Trncomalee,4374.74829
11/29/2027,Sampur_Trncomalee,4324.806451
11/30/2027,Sampur_Trncomalee,4261.584769
12/1/2027,Sampur_Trncomalee,4267.713801
12/2/2027,Sampur_Trncomalee,4169.638071
12/3/2027,Sampur_Trncomalee,4100.86302
12/4/2027,Sampur_Trncomalee,4096.736951
12/5/2027,Sampur_Trncomalee,4106.947001
12/6/2027,Sampur_Trncomalee,4093.612198
12/7/2027,Sampur_Trncomalee,4110.689024
12/8/2027,Sampur_Trncomalee,4070.318277
12/9/2027,Sampur_Trncomalee,4140.157273
12/10/2027,Sampur_Trncomalee,4192.0954
12/11/2027,Sampur_Trncomalee,4293.327086
12/12/2027,Sampur_Trncomalee,4400.501992
12/13/2027,Sampur_Trncomalee,4441.507026
12/14/2027,Sampur_Trncomalee,4538.85973
12/15/2027,Sampur_Trncomalee,4606.961239
12/16/2027,Sampur_Trncomalee,4749.175028
12/17/2027,Sampur_Trncomalee,4825.685563
12/18/2027,Sampur_Trncomalee,4819.067155
12/19/2027,Sampur_Trncomalee,4856.73677
12/20/2027,Sampur_Trncomalee,4884.212485
12/21/2027,Sampur_Trncomalee,4940.206293
12/22/2027,Sampur_Trncomalee,4963.378659
12/23/2027,Sampur_Trncomalee,4979.992853
12/24/2027,Sampur_Trncomalee,4990.048877
12/25/2027,Sampur_Trncomalee,4993.546728
12/26/2027,Sampur_Trncomalee,4990.486408
12/27/2027,Sampur_Trncomalee,4980.867917
12/28/2027,Sampur_Trncomalee,4964.691254
12/29/2027,Sampur_Trncomalee,4941.95642
12/30/2027,Sampur_Trncomalee,4912.663414
12/31/2027,Sampur_Trncomalee,4876.812236
